date,lat,lon,rainfall_mm
2023-01-01,25.75,91.50,0.00
2023-01-01,25.75,91.75,0.00
2023-01-01,25.75,92.00,0.00
2023-01-01,25.75,92.25,0.00
2023-01-01,25.75,92.50,0.00
2023-01-01,25.75,92.75,0.00
2023-01-01,25.75,93.00,0.00
2023-01-01,26.00,91.50,0.00
2023-01-01,26.00,91.75,0.00
2023-01-01,26.00,92.00,0.00
2023-01-01,26.00,92.25,0.00
2023-01-01,26.00,92.50,0.00
2023-01-01,26.00,92.75,0.00
2023-01-01,26.00,93.00,0.00
2023-01-01,26.25,91.50,0.00
2023-01-01,26.25,91.75,0.00
2023-01-01,26.25,92.00,0.00
2023-01-01,26.25,92.25,0.00
2023-01-01,26.25,92.50,0.00
2023-01-01,26.25,92.75,0.00
2023-01-01,26.25,93.00,0.00
2023-01-01,26.50,91.50,0.00
2023-01-01,26.50,91.75,0.00
2023-01-01,26.50,92.00,0.00
2023-01-01,26.50,92.25,0.00
2023-01-01,26.50,92.50,0.00
2023-01-01,26.50,92.75,0.00
2023-01-01,26.50,93.00,0.00
2023-01-01,26.75,91.50,0.00
2023-01-01,26.75,91.75,0.00
2023-01-01,26.75,92.00,0.00
2023-01-01,26.75,92.25,0.00
2023-01-01,26.75,92.50,0.00
2023-01-01,26.75,92.75,0.00
2023-01-01,26.75,93.00,0.00
2023-01-01,27.00,91.50,0.00
2023-01-01,27.00,91.75,0.00
2023-01-01,27.00,92.00,0.00
2023-01-01,27.00,92.25,0.00
2023-01-01,27.00,92.50,0.00
2023-01-01,27.00,92.75,0.00
2023-01-01,27.00,93.00,0.00
2023-01-01,27.25,91.50,
2023-01-01,27.25,91.75,
2023-01-01,27.25,92.00,0.00
2023-01-01,27.25,92.25,0.00
2023-01-01,27.25,92.50,0.00
2023-01-01,27.25,92.75,0.00
2023-01-01,27.25,93.00,0.00
2023-01-01,27.50,91.50,
2023-01-01,27.50,91.75,0.00
2023-01-01,27.50,92.00,0.00
2023-01-01,27.50,92.25,0.00
2023-01-01,27.50,92.50,0.00
2023-01-01,27.50,92.75,0.00
2023-01-01,27.50,93.00,0.00
2023-01-01,27.75,91.50,0.00
2023-01-01,27.75,91.75,0.00
2023-01-01,27.75,92.00,0.00
2023-01-01,27.75,92.25,0.00
2023-01-01,27.75,92.50,0.00
2023-01-01,27.75,92.75,0.00
2023-01-01,27.75,93.00,0.00
2023-01-01,28.00,91.50,0.00
2023-01-01,28.00,91.75,0.00
2023-01-01,28.00,92.00,0.00
2023-01-01,28.00,92.25,0.00
2023-01-01,28.00,92.50,0.00
2023-01-01,28.00,92.75,0.00
2023-01-01,28.00,93.00,0.00
2023-01-02,25.75,91.50,0.00
2023-01-02,25.75,91.75,0.00
2023-01-02,25.75,92.00,0.00
2023-01-02,25.75,92.25,0.00
2023-01-02,25.75,92.50,0.00
2023-01-02,25.75,92.75,0.00
2023-01-02,25.75,93.00,0.00
2023-01-02,26.00,91.50,0.00
2023-01-02,26.00,91.75,0.00
2023-01-02,26.00,92.00,0.00
2023-01-02,26.00,92.25,0.00
2023-01-02,26.00,92.50,0.00
2023-01-02,26.00,92.75,0.00
2023-01-02,26.00,93.00,0.00
2023-01-02,26.25,91.50,0.00
2023-01-02,26.25,91.75,0.00
2023-01-02,26.25,92.00,0.00
2023-01-02,26.25,92.25,0.00
2023-01-02,26.25,92.50,0.00
2023-01-02,26.25,92.75,0.00
2023-01-02,26.25,93.00,0.00
2023-01-02,26.50,91.50,0.00
2023-01-02,26.50,91.75,0.00
2023-01-02,26.50,92.00,0.00
2023-01-02,26.50,92.25,0.00
2023-01-02,26.50,92.50,0.00
2023-01-02,26.50,92.75,0.00
2023-01-02,26.50,93.00,0.00
2023-01-02,26.75,91.50,0.00
2023-01-02,26.75,91.75,0.00
2023-01-02,26.75,92.00,0.00
2023-01-02,26.75,92.25,0.00
2023-01-02,26.75,92.50,0.00
2023-01-02,26.75,92.75,0.00
2023-01-02,26.75,93.00,0.00
2023-01-02,27.00,91.50,0.00
2023-01-02,27.00,91.75,0.00
2023-01-02,27.00,92.00,0.00
2023-01-02,27.00,92.25,0.00
2023-01-02,27.00,92.50,0.00
2023-01-02,27.00,92.75,0.00
2023-01-02,27.00,93.00,0.00
2023-01-02,27.25,91.50,
2023-01-02,27.25,91.75,
2023-01-02,27.25,92.00,0.00
2023-01-02,27.25,92.25,0.00
2023-01-02,27.25,92.50,0.00
2023-01-02,27.25,92.75,0.00
2023-01-02,27.25,93.00,0.00
2023-01-02,27.50,91.50,
2023-01-02,27.50,91.75,0.00
2023-01-02,27.50,92.00,0.00
2023-01-02,27.50,92.25,0.00
2023-01-02,27.50,92.50,0.00
2023-01-02,27.50,92.75,0.00
2023-01-02,27.50,93.00,0.00
2023-01-02,27.75,91.50,0.00
2023-01-02,27.75,91.75,0.00
2023-01-02,27.75,92.00,0.00
2023-01-02,27.75,92.25,0.00
2023-01-02,27.75,92.50,0.00
2023-01-02,27.75,92.75,0.00
2023-01-02,27.75,93.00,0.00
2023-01-02,28.00,91.50,0.00
2023-01-02,28.00,91.75,0.00
2023-01-02,28.00,92.00,0.00
2023-01-02,28.00,92.25,0.00
2023-01-02,28.00,92.50,0.00
2023-01-02,28.00,92.75,0.00
2023-01-02,28.00,93.00,0.00
2023-01-03,25.75,91.50,0.00
2023-01-03,25.75,91.75,0.00
2023-01-03,25.75,92.00,0.00
2023-01-03,25.75,92.25,0.00
2023-01-03,25.75,92.50,0.00
2023-01-03,25.75,92.75,0.00
2023-01-03,25.75,93.00,0.00
2023-01-03,26.00,91.50,0.00
2023-01-03,26.00,91.75,0.00
2023-01-03,26.00,92.00,0.00
2023-01-03,26.00,92.25,0.00
2023-01-03,26.00,92.50,0.00
2023-01-03,26.00,92.75,0.00
2023-01-03,26.00,93.00,0.00
2023-01-03,26.25,91.50,0.00
2023-01-03,26.25,91.75,0.00
2023-01-03,26.25,92.00,0.00
2023-01-03,26.25,92.25,0.00
2023-01-03,26.25,92.50,0.00
2023-01-03,26.25,92.75,0.00
2023-01-03,26.25,93.00,0.00
2023-01-03,26.50,91.50,0.00
2023-01-03,26.50,91.75,0.00
2023-01-03,26.50,92.00,0.00
2023-01-03,26.50,92.25,0.00
2023-01-03,26.50,92.50,0.00
2023-01-03,26.50,92.75,0.00
2023-01-03,26.50,93.00,0.00
2023-01-03,26.75,91.50,0.00
2023-01-03,26.75,91.75,0.00
2023-01-03,26.75,92.00,0.00
2023-01-03,26.75,92.25,0.00
2023-01-03,26.75,92.50,0.00
2023-01-03,26.75,92.75,0.00
2023-01-03,26.75,93.00,0.00
2023-01-03,27.00,91.50,0.00
2023-01-03,27.00,91.75,0.00
2023-01-03,27.00,92.00,0.00
2023-01-03,27.00,92.25,0.00
2023-01-03,27.00,92.50,0.00
2023-01-03,27.00,92.75,0.00
2023-01-03,27.00,93.00,0.00
2023-01-03,27.25,91.50,
2023-01-03,27.25,91.75,
2023-01-03,27.25,92.00,0.00
2023-01-03,27.25,92.25,0.00
2023-01-03,27.25,92.50,0.00
2023-01-03,27.25,92.75,0.00
2023-01-03,27.25,93.00,0.00
2023-01-03,27.50,91.50,
2023-01-03,27.50,91.75,0.00
2023-01-03,27.50,92.00,0.00
2023-01-03,27.50,92.25,0.00
2023-01-03,27.50,92.50,0.00
2023-01-03,27.50,92.75,0.00
2023-01-03,27.50,93.00,0.00
2023-01-03,27.75,91.50,0.00
2023-01-03,27.75,91.75,0.00
2023-01-03,27.75,92.00,0.00
2023-01-03,27.75,92.25,0.00
2023-01-03,27.75,92.50,0.00
2023-01-03,27.75,92.75,0.00
2023-01-03,27.75,93.00,0.00
2023-01-03,28.00,91.50,0.00
2023-01-03,28.00,91.75,0.00
2023-01-03,28.00,92.00,0.00
2023-01-03,28.00,92.25,0.00
2023-01-03,28.00,92.50,0.00
2023-01-03,28.00,92.75,0.00
2023-01-03,28.00,93.00,0.00
2023-01-04,25.75,91.50,0.00
2023-01-04,25.75,91.75,0.00
2023-01-04,25.75,92.00,0.00
2023-01-04,25.75,92.25,0.00
2023-01-04,25.75,92.50,0.00
2023-01-04,25.75,92.75,0.00
2023-01-04,25.75,93.00,0.00
2023-01-04,26.00,91.50,0.00
2023-01-04,26.00,91.75,0.00
2023-01-04,26.00,92.00,0.00
2023-01-04,26.00,92.25,0.00
2023-01-04,26.00,92.50,0.00
2023-01-04,26.00,92.75,0.00
2023-01-04,26.00,93.00,0.00
2023-01-04,26.25,91.50,0.00
2023-01-04,26.25,91.75,0.00
2023-01-04,26.25,92.00,0.00
2023-01-04,26.25,92.25,0.00
2023-01-04,26.25,92.50,0.00
2023-01-04,26.25,92.75,0.00
2023-01-04,26.25,93.00,0.00
2023-01-04,26.50,91.50,0.00
2023-01-04,26.50,91.75,0.00
2023-01-04,26.50,92.00,0.00
2023-01-04,26.50,92.25,0.00
2023-01-04,26.50,92.50,0.00
2023-01-04,26.50,92.75,0.00
2023-01-04,26.50,93.00,0.00
2023-01-04,26.75,91.50,0.00
2023-01-04,26.75,91.75,0.00
2023-01-04,26.75,92.00,0.00
2023-01-04,26.75,92.25,0.00
2023-01-04,26.75,92.50,0.00
2023-01-04,26.75,92.75,0.00
2023-01-04,26.75,93.00,0.00
2023-01-04,27.00,91.50,0.00
2023-01-04,27.00,91.75,0.00
2023-01-04,27.00,92.00,0.00
2023-01-04,27.00,92.25,0.00
2023-01-04,27.00,92.50,0.00
2023-01-04,27.00,92.75,0.00
2023-01-04,27.00,93.00,0.00
2023-01-04,27.25,91.50,
2023-01-04,27.25,91.75,
2023-01-04,27.25,92.00,0.00
2023-01-04,27.25,92.25,0.00
2023-01-04,27.25,92.50,0.00
2023-01-04,27.25,92.75,0.00
2023-01-04,27.25,93.00,0.00
2023-01-04,27.50,91.50,
2023-01-04,27.50,91.75,0.00
2023-01-04,27.50,92.00,0.00
2023-01-04,27.50,92.25,0.00
2023-01-04,27.50,92.50,0.00
2023-01-04,27.50,92.75,0.00
2023-01-04,27.50,93.00,0.00
2023-01-04,27.75,91.50,0.00
2023-01-04,27.75,91.75,0.00
2023-01-04,27.75,92.00,0.00
2023-01-04,27.75,92.25,0.00
2023-01-04,27.75,92.50,0.00
2023-01-04,27.75,92.75,0.00
2023-01-04,27.75,93.00,0.00
2023-01-04,28.00,91.50,0.00
2023-01-04,28.00,91.75,0.00
2023-01-04,28.00,92.00,0.00
2023-01-04,28.00,92.25,0.00
2023-01-04,28.00,92.50,0.00
2023-01-04,28.00,92.75,0.00
2023-01-04,28.00,93.00,0.00
2023-01-05,25.75,91.50,0.00
2023-01-05,25.75,91.75,0.00
2023-01-05,25.75,92.00,0.00
2023-01-05,25.75,92.25,0.00
2023-01-05,25.75,92.50,0.00
2023-01-05,25.75,92.75,0.00
2023-01-05,25.75,93.00,0.00
2023-01-05,26.00,91.50,0.00
2023-01-05,26.00,91.75,0.00
2023-01-05,26.00,92.00,0.00
2023-01-05,26.00,92.25,0.00
2023-01-05,26.00,92.50,0.00
2023-01-05,26.00,92.75,0.00
2023-01-05,26.00,93.00,0.00
2023-01-05,26.25,91.50,0.00
2023-01-05,26.25,91.75,0.00
2023-01-05,26.25,92.00,0.00
2023-01-05,26.25,92.25,0.00
2023-01-05,26.25,92.50,0.00
2023-01-05,26.25,92.75,0.00
2023-01-05,26.25,93.00,0.00
2023-01-05,26.50,91.50,0.00
2023-01-05,26.50,91.75,0.00
2023-01-05,26.50,92.00,0.00
2023-01-05,26.50,92.25,0.00
2023-01-05,26.50,92.50,0.00
2023-01-05,26.50,92.75,0.00
2023-01-05,26.50,93.00,0.00
2023-01-05,26.75,91.50,0.00
2023-01-05,26.75,91.75,0.00
2023-01-05,26.75,92.00,0.00
2023-01-05,26.75,92.25,0.00
2023-01-05,26.75,92.50,0.00
2023-01-05,26.75,92.75,0.00
2023-01-05,26.75,93.00,0.00
2023-01-05,27.00,91.50,0.00
2023-01-05,27.00,91.75,0.00
2023-01-05,27.00,92.00,0.00
2023-01-05,27.00,92.25,0.00
2023-01-05,27.00,92.50,0.00
2023-01-05,27.00,92.75,0.00
2023-01-05,27.00,93.00,0.00
2023-01-05,27.25,91.50,
2023-01-05,27.25,91.75,
2023-01-05,27.25,92.00,0.00
2023-01-05,27.25,92.25,0.00
2023-01-05,27.25,92.50,0.00
2023-01-05,27.25,92.75,0.00
2023-01-05,27.25,93.00,0.00
2023-01-05,27.50,91.50,
2023-01-05,27.50,91.75,0.00
2023-01-05,27.50,92.00,0.00
2023-01-05,27.50,92.25,0.00
2023-01-05,27.50,92.50,0.00
2023-01-05,27.50,92.75,0.00
2023-01-05,27.50,93.00,0.00
2023-01-05,27.75,91.50,0.00
2023-01-05,27.75,91.75,0.00
2023-01-05,27.75,92.00,0.00
2023-01-05,27.75,92.25,0.00
2023-01-05,27.75,92.50,0.00
2023-01-05,27.75,92.75,0.00
2023-01-05,27.75,93.00,0.00
2023-01-05,28.00,91.50,0.00
2023-01-05,28.00,91.75,0.00
2023-01-05,28.00,92.00,0.00
2023-01-05,28.00,92.25,0.00
2023-01-05,28.00,92.50,0.00
2023-01-05,28.00,92.75,0.00
2023-01-05,28.00,93.00,0.00
2023-01-06,25.75,91.50,0.00
2023-01-06,25.75,91.75,0.00
2023-01-06,25.75,92.00,0.00
2023-01-06,25.75,92.25,0.00
2023-01-06,25.75,92.50,0.00
2023-01-06,25.75,92.75,0.00
2023-01-06,25.75,93.00,0.00
2023-01-06,26.00,91.50,0.00
2023-01-06,26.00,91.75,0.00
2023-01-06,26.00,92.00,0.00
2023-01-06,26.00,92.25,0.00
2023-01-06,26.00,92.50,0.00
2023-01-06,26.00,92.75,0.00
2023-01-06,26.00,93.00,0.00
2023-01-06,26.25,91.50,0.00
2023-01-06,26.25,91.75,0.00
2023-01-06,26.25,92.00,0.00
2023-01-06,26.25,92.25,0.00
2023-01-06,26.25,92.50,0.00
2023-01-06,26.25,92.75,0.00
2023-01-06,26.25,93.00,0.00
2023-01-06,26.50,91.50,0.00
2023-01-06,26.50,91.75,0.00
2023-01-06,26.50,92.00,0.00
2023-01-06,26.50,92.25,0.00
2023-01-06,26.50,92.50,0.00
2023-01-06,26.50,92.75,0.00
2023-01-06,26.50,93.00,0.00
2023-01-06,26.75,91.50,0.00
2023-01-06,26.75,91.75,0.00
2023-01-06,26.75,92.00,0.00
2023-01-06,26.75,92.25,0.00
2023-01-06,26.75,92.50,0.00
2023-01-06,26.75,92.75,0.00
2023-01-06,26.75,93.00,0.00
2023-01-06,27.00,91.50,0.00
2023-01-06,27.00,91.75,0.00
2023-01-06,27.00,92.00,0.00
2023-01-06,27.00,92.25,0.00
2023-01-06,27.00,92.50,0.00
2023-01-06,27.00,92.75,0.00
2023-01-06,27.00,93.00,0.00
2023-01-06,27.25,91.50,
2023-01-06,27.25,91.75,
2023-01-06,27.25,92.00,0.00
2023-01-06,27.25,92.25,0.00
2023-01-06,27.25,92.50,0.00
2023-01-06,27.25,92.75,0.00
2023-01-06,27.25,93.00,0.00
2023-01-06,27.50,91.50,
2023-01-06,27.50,91.75,0.00
2023-01-06,27.50,92.00,0.00
2023-01-06,27.50,92.25,0.00
2023-01-06,27.50,92.50,0.00
2023-01-06,27.50,92.75,0.00
2023-01-06,27.50,93.00,0.00
2023-01-06,27.75,91.50,0.00
2023-01-06,27.75,91.75,0.00
2023-01-06,27.75,92.00,0.00
2023-01-06,27.75,92.25,0.00
2023-01-06,27.75,92.50,0.00
2023-01-06,27.75,92.75,0.00
2023-01-06,27.75,93.00,0.00
2023-01-06,28.00,91.50,0.00
2023-01-06,28.00,91.75,0.00
2023-01-06,28.00,92.00,0.00
2023-01-06,28.00,92.25,0.00
2023-01-06,28.00,92.50,0.00
2023-01-06,28.00,92.75,0.00
2023-01-06,28.00,93.00,0.00
2023-01-07,25.75,91.50,0.00
2023-01-07,25.75,91.75,0.00
2023-01-07,25.75,92.00,0.00
2023-01-07,25.75,92.25,0.00
2023-01-07,25.75,92.50,0.00
2023-01-07,25.75,92.75,0.00
2023-01-07,25.75,93.00,0.00
2023-01-07,26.00,91.50,0.00
2023-01-07,26.00,91.75,0.00
2023-01-07,26.00,92.00,0.00
2023-01-07,26.00,92.25,0.00
2023-01-07,26.00,92.50,0.00
2023-01-07,26.00,92.75,0.00
2023-01-07,26.00,93.00,0.00
2023-01-07,26.25,91.50,0.00
2023-01-07,26.25,91.75,0.00
2023-01-07,26.25,92.00,0.00
2023-01-07,26.25,92.25,0.00
2023-01-07,26.25,92.50,0.00
2023-01-07,26.25,92.75,0.00
2023-01-07,26.25,93.00,0.00
2023-01-07,26.50,91.50,0.00
2023-01-07,26.50,91.75,0.00
2023-01-07,26.50,92.00,0.00
2023-01-07,26.50,92.25,0.00
2023-01-07,26.50,92.50,0.00
2023-01-07,26.50,92.75,0.00
2023-01-07,26.50,93.00,0.00
2023-01-07,26.75,91.50,0.00
2023-01-07,26.75,91.75,0.00
2023-01-07,26.75,92.00,0.00
2023-01-07,26.75,92.25,0.00
2023-01-07,26.75,92.50,0.00
2023-01-07,26.75,92.75,0.00
2023-01-07,26.75,93.00,0.00
2023-01-07,27.00,91.50,0.00
2023-01-07,27.00,91.75,0.00
2023-01-07,27.00,92.00,0.00
2023-01-07,27.00,92.25,0.00
2023-01-07,27.00,92.50,0.00
2023-01-07,27.00,92.75,0.00
2023-01-07,27.00,93.00,0.00
2023-01-07,27.25,91.50,
2023-01-07,27.25,91.75,
2023-01-07,27.25,92.00,0.00
2023-01-07,27.25,92.25,0.00
2023-01-07,27.25,92.50,0.00
2023-01-07,27.25,92.75,0.00
2023-01-07,27.25,93.00,0.00
2023-01-07,27.50,91.50,
2023-01-07,27.50,91.75,0.00
2023-01-07,27.50,92.00,0.00
2023-01-07,27.50,92.25,0.00
2023-01-07,27.50,92.50,0.00
2023-01-07,27.50,92.75,0.00
2023-01-07,27.50,93.00,0.00
2023-01-07,27.75,91.50,0.00
2023-01-07,27.75,91.75,0.00
2023-01-07,27.75,92.00,0.00
2023-01-07,27.75,92.25,0.00
2023-01-07,27.75,92.50,0.00
2023-01-07,27.75,92.75,0.00
2023-01-07,27.75,93.00,0.00
2023-01-07,28.00,91.50,0.00
2023-01-07,28.00,91.75,0.00
2023-01-07,28.00,92.00,0.00
2023-01-07,28.00,92.25,0.00
2023-01-07,28.00,92.50,0.00
2023-01-07,28.00,92.75,0.00
2023-01-07,28.00,93.00,0.00
2023-01-08,25.75,91.50,0.00
2023-01-08,25.75,91.75,0.00
2023-01-08,25.75,92.00,0.00
2023-01-08,25.75,92.25,0.00
2023-01-08,25.75,92.50,0.00
2023-01-08,25.75,92.75,0.00
2023-01-08,25.75,93.00,0.00
2023-01-08,26.00,91.50,0.00
2023-01-08,26.00,91.75,0.00
2023-01-08,26.00,92.00,0.00
2023-01-08,26.00,92.25,0.00
2023-01-08,26.00,92.50,0.00
2023-01-08,26.00,92.75,0.00
2023-01-08,26.00,93.00,0.00
2023-01-08,26.25,91.50,0.00
2023-01-08,26.25,91.75,0.00
2023-01-08,26.25,92.00,0.00
2023-01-08,26.25,92.25,0.00
2023-01-08,26.25,92.50,0.00
2023-01-08,26.25,92.75,0.00
2023-01-08,26.25,93.00,0.00
2023-01-08,26.50,91.50,0.00
2023-01-08,26.50,91.75,0.00
2023-01-08,26.50,92.00,0.00
2023-01-08,26.50,92.25,0.00
2023-01-08,26.50,92.50,0.00
2023-01-08,26.50,92.75,0.00
2023-01-08,26.50,93.00,0.00
2023-01-08,26.75,91.50,0.00
2023-01-08,26.75,91.75,0.00
2023-01-08,26.75,92.00,0.00
2023-01-08,26.75,92.25,0.00
2023-01-08,26.75,92.50,0.00
2023-01-08,26.75,92.75,0.00
2023-01-08,26.75,93.00,0.00
2023-01-08,27.00,91.50,0.00
2023-01-08,27.00,91.75,0.00
2023-01-08,27.00,92.00,0.00
2023-01-08,27.00,92.25,0.00
2023-01-08,27.00,92.50,0.00
2023-01-08,27.00,92.75,0.00
2023-01-08,27.00,93.00,0.00
2023-01-08,27.25,91.50,
2023-01-08,27.25,91.75,
2023-01-08,27.25,92.00,0.00
2023-01-08,27.25,92.25,0.00
2023-01-08,27.25,92.50,0.00
2023-01-08,27.25,92.75,0.00
2023-01-08,27.25,93.00,0.00
2023-01-08,27.50,91.50,
2023-01-08,27.50,91.75,0.00
2023-01-08,27.50,92.00,0.00
2023-01-08,27.50,92.25,0.00
2023-01-08,27.50,92.50,0.00
2023-01-08,27.50,92.75,0.00
2023-01-08,27.50,93.00,0.00
2023-01-08,27.75,91.50,0.00
2023-01-08,27.75,91.75,0.00
2023-01-08,27.75,92.00,0.00
2023-01-08,27.75,92.25,0.00
2023-01-08,27.75,92.50,0.00
2023-01-08,27.75,92.75,0.00
2023-01-08,27.75,93.00,0.00
2023-01-08,28.00,91.50,0.00
2023-01-08,28.00,91.75,0.00
2023-01-08,28.00,92.00,0.00
2023-01-08,28.00,92.25,0.00
2023-01-08,28.00,92.50,0.00
2023-01-08,28.00,92.75,0.00
2023-01-08,28.00,93.00,0.00
2023-01-09,25.75,91.50,0.00
2023-01-09,25.75,91.75,0.00
2023-01-09,25.75,92.00,0.00
2023-01-09,25.75,92.25,0.00
2023-01-09,25.75,92.50,0.00
2023-01-09,25.75,92.75,0.00
2023-01-09,25.75,93.00,0.00
2023-01-09,26.00,91.50,0.00
2023-01-09,26.00,91.75,0.00
2023-01-09,26.00,92.00,0.00
2023-01-09,26.00,92.25,0.00
2023-01-09,26.00,92.50,0.00
2023-01-09,26.00,92.75,0.00
2023-01-09,26.00,93.00,0.00
2023-01-09,26.25,91.50,0.00
2023-01-09,26.25,91.75,0.00
2023-01-09,26.25,92.00,0.00
2023-01-09,26.25,92.25,0.00
2023-01-09,26.25,92.50,0.00
2023-01-09,26.25,92.75,0.00
2023-01-09,26.25,93.00,0.00
2023-01-09,26.50,91.50,0.00
2023-01-09,26.50,91.75,0.00
2023-01-09,26.50,92.00,0.00
2023-01-09,26.50,92.25,0.00
2023-01-09,26.50,92.50,0.00
2023-01-09,26.50,92.75,0.00
2023-01-09,26.50,93.00,0.00
2023-01-09,26.75,91.50,0.00
2023-01-09,26.75,91.75,0.00
2023-01-09,26.75,92.00,0.00
2023-01-09,26.75,92.25,0.00
2023-01-09,26.75,92.50,0.00
2023-01-09,26.75,92.75,0.00
2023-01-09,26.75,93.00,0.00
2023-01-09,27.00,91.50,0.00
2023-01-09,27.00,91.75,0.00
2023-01-09,27.00,92.00,0.00
2023-01-09,27.00,92.25,0.00
2023-01-09,27.00,92.50,0.00
2023-01-09,27.00,92.75,0.00
2023-01-09,27.00,93.00,0.00
2023-01-09,27.25,91.50,
2023-01-09,27.25,91.75,
2023-01-09,27.25,92.00,0.00
2023-01-09,27.25,92.25,0.00
2023-01-09,27.25,92.50,0.00
2023-01-09,27.25,92.75,0.00
2023-01-09,27.25,93.00,0.00
2023-01-09,27.50,91.50,
2023-01-09,27.50,91.75,0.00
2023-01-09,27.50,92.00,0.00
2023-01-09,27.50,92.25,0.00
2023-01-09,27.50,92.50,0.00
2023-01-09,27.50,92.75,0.00
2023-01-09,27.50,93.00,0.00
2023-01-09,27.75,91.50,0.00
2023-01-09,27.75,91.75,0.00
2023-01-09,27.75,92.00,0.00
2023-01-09,27.75,92.25,0.00
2023-01-09,27.75,92.50,0.00
2023-01-09,27.75,92.75,0.00
2023-01-09,27.75,93.00,0.00
2023-01-09,28.00,91.50,0.00
2023-01-09,28.00,91.75,0.00
2023-01-09,28.00,92.00,0.00
2023-01-09,28.00,92.25,0.00
2023-01-09,28.00,92.50,0.00
2023-01-09,28.00,92.75,0.00
2023-01-09,28.00,93.00,0.00
2023-01-10,25.75,91.50,0.00
2023-01-10,25.75,91.75,0.00
2023-01-10,25.75,92.00,0.00
2023-01-10,25.75,92.25,0.00
2023-01-10,25.75,92.50,0.00
2023-01-10,25.75,92.75,0.00
2023-01-10,25.75,93.00,0.00
2023-01-10,26.00,91.50,0.00
2023-01-10,26.00,91.75,0.00
2023-01-10,26.00,92.00,0.00
2023-01-10,26.00,92.25,0.00
2023-01-10,26.00,92.50,0.00
2023-01-10,26.00,92.75,0.00
2023-01-10,26.00,93.00,0.00
2023-01-10,26.25,91.50,0.00
2023-01-10,26.25,91.75,0.00
2023-01-10,26.25,92.00,0.00
2023-01-10,26.25,92.25,0.00
2023-01-10,26.25,92.50,0.00
2023-01-10,26.25,92.75,0.00
2023-01-10,26.25,93.00,0.00
2023-01-10,26.50,91.50,0.00
2023-01-10,26.50,91.75,0.00
2023-01-10,26.50,92.00,0.00
2023-01-10,26.50,92.25,0.00
2023-01-10,26.50,92.50,0.00
2023-01-10,26.50,92.75,0.00
2023-01-10,26.50,93.00,0.00
2023-01-10,26.75,91.50,0.00
2023-01-10,26.75,91.75,0.00
2023-01-10,26.75,92.00,0.00
2023-01-10,26.75,92.25,0.00
2023-01-10,26.75,92.50,0.00
2023-01-10,26.75,92.75,0.00
2023-01-10,26.75,93.00,0.00
2023-01-10,27.00,91.50,0.00
2023-01-10,27.00,91.75,0.00
2023-01-10,27.00,92.00,0.00
2023-01-10,27.00,92.25,0.00
2023-01-10,27.00,92.50,0.00
2023-01-10,27.00,92.75,0.00
2023-01-10,27.00,93.00,0.00
2023-01-10,27.25,91.50,
2023-01-10,27.25,91.75,
2023-01-10,27.25,92.00,0.00
2023-01-10,27.25,92.25,0.00
2023-01-10,27.25,92.50,0.00
2023-01-10,27.25,92.75,0.00
2023-01-10,27.25,93.00,0.00
2023-01-10,27.50,91.50,
2023-01-10,27.50,91.75,0.00
2023-01-10,27.50,92.00,0.00
2023-01-10,27.50,92.25,0.00
2023-01-10,27.50,92.50,0.00
2023-01-10,27.50,92.75,0.00
2023-01-10,27.50,93.00,0.00
2023-01-10,27.75,91.50,0.00
2023-01-10,27.75,91.75,0.00
2023-01-10,27.75,92.00,0.00
2023-01-10,27.75,92.25,0.00
2023-01-10,27.75,92.50,0.00
2023-01-10,27.75,92.75,0.00
2023-01-10,27.75,93.00,0.00
2023-01-10,28.00,91.50,0.00
2023-01-10,28.00,91.75,0.00
2023-01-10,28.00,92.00,0.00
2023-01-10,28.00,92.25,0.00
2023-01-10,28.00,92.50,0.00
2023-01-10,28.00,92.75,0.00
2023-01-10,28.00,93.00,0.00
2023-01-11,25.75,91.50,0.00
2023-01-11,25.75,91.75,0.00
2023-01-11,25.75,92.00,0.00
2023-01-11,25.75,92.25,0.00
2023-01-11,25.75,92.50,0.00
2023-01-11,25.75,92.75,0.00
2023-01-11,25.75,93.00,0.00
2023-01-11,26.00,91.50,0.00
2023-01-11,26.00,91.75,0.00
2023-01-11,26.00,92.00,0.00
2023-01-11,26.00,92.25,0.00
2023-01-11,26.00,92.50,0.00
2023-01-11,26.00,92.75,0.00
2023-01-11,26.00,93.00,0.00
2023-01-11,26.25,91.50,0.00
2023-01-11,26.25,91.75,0.00
2023-01-11,26.25,92.00,0.00
2023-01-11,26.25,92.25,0.00
2023-01-11,26.25,92.50,0.00
2023-01-11,26.25,92.75,0.00
2023-01-11,26.25,93.00,0.00
2023-01-11,26.50,91.50,0.00
2023-01-11,26.50,91.75,0.00
2023-01-11,26.50,92.00,0.00
2023-01-11,26.50,92.25,0.00
2023-01-11,26.50,92.50,0.00
2023-01-11,26.50,92.75,0.00
2023-01-11,26.50,93.00,0.00
2023-01-11,26.75,91.50,0.00
2023-01-11,26.75,91.75,0.00
2023-01-11,26.75,92.00,0.00
2023-01-11,26.75,92.25,0.00
2023-01-11,26.75,92.50,0.00
2023-01-11,26.75,92.75,0.00
2023-01-11,26.75,93.00,0.00
2023-01-11,27.00,91.50,0.00
2023-01-11,27.00,91.75,0.00
2023-01-11,27.00,92.00,0.00
2023-01-11,27.00,92.25,0.00
2023-01-11,27.00,92.50,0.00
2023-01-11,27.00,92.75,0.00
2023-01-11,27.00,93.00,0.00
2023-01-11,27.25,91.50,
2023-01-11,27.25,91.75,
2023-01-11,27.25,92.00,0.00
2023-01-11,27.25,92.25,0.00
2023-01-11,27.25,92.50,0.00
2023-01-11,27.25,92.75,0.00
2023-01-11,27.25,93.00,0.00
2023-01-11,27.50,91.50,
2023-01-11,27.50,91.75,0.00
2023-01-11,27.50,92.00,0.00
2023-01-11,27.50,92.25,0.00
2023-01-11,27.50,92.50,0.00
2023-01-11,27.50,92.75,0.00
2023-01-11,27.50,93.00,0.00
2023-01-11,27.75,91.50,0.00
2023-01-11,27.75,91.75,0.00
2023-01-11,27.75,92.00,0.00
2023-01-11,27.75,92.25,0.00
2023-01-11,27.75,92.50,0.00
2023-01-11,27.75,92.75,0.00
2023-01-11,27.75,93.00,0.00
2023-01-11,28.00,91.50,0.00
2023-01-11,28.00,91.75,0.00
2023-01-11,28.00,92.00,0.00
2023-01-11,28.00,92.25,0.00
2023-01-11,28.00,92.50,0.00
2023-01-11,28.00,92.75,0.00
2023-01-11,28.00,93.00,0.00
2023-01-12,25.75,91.50,0.00
2023-01-12,25.75,91.75,0.00
2023-01-12,25.75,92.00,0.00
2023-01-12,25.75,92.25,0.00
2023-01-12,25.75,92.50,0.00
2023-01-12,25.75,92.75,0.00
2023-01-12,25.75,93.00,0.00
2023-01-12,26.00,91.50,0.00
2023-01-12,26.00,91.75,0.00
2023-01-12,26.00,92.00,0.00
2023-01-12,26.00,92.25,0.00
2023-01-12,26.00,92.50,0.00
2023-01-12,26.00,92.75,0.00
2023-01-12,26.00,93.00,0.00
2023-01-12,26.25,91.50,0.00
2023-01-12,26.25,91.75,0.00
2023-01-12,26.25,92.00,0.00
2023-01-12,26.25,92.25,0.00
2023-01-12,26.25,92.50,0.00
2023-01-12,26.25,92.75,0.00
2023-01-12,26.25,93.00,0.00
2023-01-12,26.50,91.50,0.00
2023-01-12,26.50,91.75,0.00
2023-01-12,26.50,92.00,0.00
2023-01-12,26.50,92.25,0.00
2023-01-12,26.50,92.50,0.00
2023-01-12,26.50,92.75,0.00
2023-01-12,26.50,93.00,0.00
2023-01-12,26.75,91.50,0.00
2023-01-12,26.75,91.75,0.00
2023-01-12,26.75,92.00,0.00
2023-01-12,26.75,92.25,0.00
2023-01-12,26.75,92.50,0.00
2023-01-12,26.75,92.75,0.00
2023-01-12,26.75,93.00,0.00
2023-01-12,27.00,91.50,0.00
2023-01-12,27.00,91.75,0.00
2023-01-12,27.00,92.00,0.00
2023-01-12,27.00,92.25,0.00
2023-01-12,27.00,92.50,0.00
2023-01-12,27.00,92.75,0.00
2023-01-12,27.00,93.00,0.00
2023-01-12,27.25,91.50,
2023-01-12,27.25,91.75,
2023-01-12,27.25,92.00,0.00
2023-01-12,27.25,92.25,0.00
2023-01-12,27.25,92.50,0.00
2023-01-12,27.25,92.75,0.00
2023-01-12,27.25,93.00,0.00
2023-01-12,27.50,91.50,
2023-01-12,27.50,91.75,0.00
2023-01-12,27.50,92.00,0.00
2023-01-12,27.50,92.25,0.00
2023-01-12,27.50,92.50,0.00
2023-01-12,27.50,92.75,0.00
2023-01-12,27.50,93.00,0.00
2023-01-12,27.75,91.50,0.00
2023-01-12,27.75,91.75,0.00
2023-01-12,27.75,92.00,0.00
2023-01-12,27.75,92.25,0.00
2023-01-12,27.75,92.50,0.00
2023-01-12,27.75,92.75,0.00
2023-01-12,27.75,93.00,0.00
2023-01-12,28.00,91.50,0.00
2023-01-12,28.00,91.75,0.00
2023-01-12,28.00,92.00,0.00
2023-01-12,28.00,92.25,0.00
2023-01-12,28.00,92.50,0.00
2023-01-12,28.00,92.75,0.00
2023-01-12,28.00,93.00,0.00
2023-01-13,25.75,91.50,0.00
2023-01-13,25.75,91.75,0.00
2023-01-13,25.75,92.00,0.00
2023-01-13,25.75,92.25,0.00
2023-01-13,25.75,92.50,0.00
2023-01-13,25.75,92.75,0.00
2023-01-13,25.75,93.00,0.00
2023-01-13,26.00,91.50,0.00
2023-01-13,26.00,91.75,0.00
2023-01-13,26.00,92.00,0.00
2023-01-13,26.00,92.25,0.00
2023-01-13,26.00,92.50,0.00
2023-01-13,26.00,92.75,0.00
2023-01-13,26.00,93.00,0.00
2023-01-13,26.25,91.50,0.00
2023-01-13,26.25,91.75,0.00
2023-01-13,26.25,92.00,0.00
2023-01-13,26.25,92.25,0.00
2023-01-13,26.25,92.50,0.00
2023-01-13,26.25,92.75,0.00
2023-01-13,26.25,93.00,0.00
2023-01-13,26.50,91.50,0.00
2023-01-13,26.50,91.75,0.00
2023-01-13,26.50,92.00,0.00
2023-01-13,26.50,92.25,0.00
2023-01-13,26.50,92.50,0.00
2023-01-13,26.50,92.75,0.00
2023-01-13,26.50,93.00,0.01
2023-01-13,26.75,91.50,0.00
2023-01-13,26.75,91.75,0.00
2023-01-13,26.75,92.00,0.00
2023-01-13,26.75,92.25,0.00
2023-01-13,26.75,92.50,0.00
2023-01-13,26.75,92.75,0.03
2023-01-13,26.75,93.00,0.03
2023-01-13,27.00,91.50,0.00
2023-01-13,27.00,91.75,0.00
2023-01-13,27.00,92.00,0.00
2023-01-13,27.00,92.25,0.00
2023-01-13,27.00,92.50,0.00
2023-01-13,27.00,92.75,0.03
2023-01-13,27.00,93.00,0.05
2023-01-13,27.25,91.50,
2023-01-13,27.25,91.75,
2023-01-13,27.25,92.00,0.00
2023-01-13,27.25,92.25,0.00
2023-01-13,27.25,92.50,0.00
2023-01-13,27.25,92.75,0.00
2023-01-13,27.25,93.00,0.03
2023-01-13,27.50,91.50,
2023-01-13,27.50,91.75,0.00
2023-01-13,27.50,92.00,0.00
2023-01-13,27.50,92.25,0.00
2023-01-13,27.50,92.50,0.00
2023-01-13,27.50,92.75,0.01
2023-01-13,27.50,93.00,0.13
2023-01-13,27.75,91.50,0.00
2023-01-13,27.75,91.75,0.00
2023-01-13,27.75,92.00,0.00
2023-01-13,27.75,92.25,0.00
2023-01-13,27.75,92.50,0.00
2023-01-13,27.75,92.75,0.01
2023-01-13,27.75,93.00,0.01
2023-01-13,28.00,91.50,0.00
2023-01-13,28.00,91.75,0.00
2023-01-13,28.00,92.00,0.00
2023-01-13,28.00,92.25,0.00
2023-01-13,28.00,92.50,0.00
2023-01-13,28.00,92.75,2.57
2023-01-13,28.00,93.00,6.95
2023-01-14,25.75,91.50,0.00
2023-01-14,25.75,91.75,0.00
2023-01-14,25.75,92.00,0.00
2023-01-14,25.75,92.25,0.00
2023-01-14,25.75,92.50,0.00
2023-01-14,25.75,92.75,0.00
2023-01-14,25.75,93.00,0.00
2023-01-14,26.00,91.50,0.00
2023-01-14,26.00,91.75,0.00
2023-01-14,26.00,92.00,0.00
2023-01-14,26.00,92.25,0.00
2023-01-14,26.00,92.50,0.00
2023-01-14,26.00,92.75,0.00
2023-01-14,26.00,93.00,0.00
2023-01-14,26.25,91.50,0.00
2023-01-14,26.25,91.75,0.00
2023-01-14,26.25,92.00,0.00
2023-01-14,26.25,92.25,0.00
2023-01-14,26.25,92.50,0.00
2023-01-14,26.25,92.75,0.00
2023-01-14,26.25,93.00,0.00
2023-01-14,26.50,91.50,0.00
2023-01-14,26.50,91.75,0.00
2023-01-14,26.50,92.00,0.00
2023-01-14,26.50,92.25,0.00
2023-01-14,26.50,92.50,0.00
2023-01-14,26.50,92.75,0.00
2023-01-14,26.50,93.00,0.00
2023-01-14,26.75,91.50,0.00
2023-01-14,26.75,91.75,0.00
2023-01-14,26.75,92.00,0.00
2023-01-14,26.75,92.25,0.00
2023-01-14,26.75,92.50,0.00
2023-01-14,26.75,92.75,0.63
2023-01-14,26.75,93.00,0.97
2023-01-14,27.00,91.50,0.00
2023-01-14,27.00,91.75,0.00
2023-01-14,27.00,92.00,0.00
2023-01-14,27.00,92.25,0.00
2023-01-14,27.00,92.50,0.05
2023-01-14,27.00,92.75,0.75
2023-01-14,27.00,93.00,1.58
2023-01-14,27.25,91.50,
2023-01-14,27.25,91.75,
2023-01-14,27.25,92.00,0.00
2023-01-14,27.25,92.25,0.03
2023-01-14,27.25,92.50,0.16
2023-01-14,27.25,92.75,0.27
2023-01-14,27.25,93.00,1.38
2023-01-14,27.50,91.50,
2023-01-14,27.50,91.75,0.00
2023-01-14,27.50,92.00,0.00
2023-01-14,27.50,92.25,0.06
2023-01-14,27.50,92.50,0.17
2023-01-14,27.50,92.75,0.39
2023-01-14,27.50,93.00,1.03
2023-01-14,27.75,91.50,0.00
2023-01-14,27.75,91.75,0.00
2023-01-14,27.75,92.00,0.00
2023-01-14,27.75,92.25,0.07
2023-01-14,27.75,92.50,0.17
2023-01-14,27.75,92.75,0.52
2023-01-14,27.75,93.00,0.61
2023-01-14,28.00,91.50,0.00
2023-01-14,28.00,91.75,0.00
2023-01-14,28.00,92.00,0.02
2023-01-14,28.00,92.25,0.08
2023-01-14,28.00,92.50,0.13
2023-01-14,28.00,92.75,0.25
2023-01-14,28.00,93.00,0.32
2023-01-15,25.75,91.50,0.00
2023-01-15,25.75,91.75,0.00
2023-01-15,25.75,92.00,0.00
2023-01-15,25.75,92.25,0.00
2023-01-15,25.75,92.50,0.00
2023-01-15,25.75,92.75,0.00
2023-01-15,25.75,93.00,0.00
2023-01-15,26.00,91.50,0.00
2023-01-15,26.00,91.75,0.00
2023-01-15,26.00,92.00,0.00
2023-01-15,26.00,92.25,0.00
2023-01-15,26.00,92.50,0.00
2023-01-15,26.00,92.75,0.00
2023-01-15,26.00,93.00,0.00
2023-01-15,26.25,91.50,0.00
2023-01-15,26.25,91.75,0.00
2023-01-15,26.25,92.00,0.00
2023-01-15,26.25,92.25,0.00
2023-01-15,26.25,92.50,0.00
2023-01-15,26.25,92.75,0.00
2023-01-15,26.25,93.00,0.00
2023-01-15,26.50,91.50,0.00
2023-01-15,26.50,91.75,0.00
2023-01-15,26.50,92.00,0.00
2023-01-15,26.50,92.25,0.00
2023-01-15,26.50,92.50,0.00
2023-01-15,26.50,92.75,0.00
2023-01-15,26.50,93.00,0.00
2023-01-15,26.75,91.50,0.00
2023-01-15,26.75,91.75,0.00
2023-01-15,26.75,92.00,0.00
2023-01-15,26.75,92.25,0.00
2023-01-15,26.75,92.50,0.00
2023-01-15,26.75,92.75,0.03
2023-01-15,26.75,93.00,0.03
2023-01-15,27.00,91.50,0.00
2023-01-15,27.00,91.75,0.00
2023-01-15,27.00,92.00,0.00
2023-01-15,27.00,92.25,0.00
2023-01-15,27.00,92.50,0.00
2023-01-15,27.00,92.75,0.03
2023-01-15,27.00,93.00,0.05
2023-01-15,27.25,91.50,
2023-01-15,27.25,91.75,
2023-01-15,27.25,92.00,0.00
2023-01-15,27.25,92.25,0.00
2023-01-15,27.25,92.50,0.00
2023-01-15,27.25,92.75,0.00
2023-01-15,27.25,93.00,0.03
2023-01-15,27.50,91.50,
2023-01-15,27.50,91.75,0.00
2023-01-15,27.50,92.00,0.00
2023-01-15,27.50,92.25,0.00
2023-01-15,27.50,92.50,0.00
2023-01-15,27.50,92.75,0.01
2023-01-15,27.50,93.00,0.02
2023-01-15,27.75,91.50,0.00
2023-01-15,27.75,91.75,0.00
2023-01-15,27.75,92.00,0.00
2023-01-15,27.75,92.25,0.00
2023-01-15,27.75,92.50,0.00
2023-01-15,27.75,92.75,0.01
2023-01-15,27.75,93.00,0.01
2023-01-15,28.00,91.50,0.00
2023-01-15,28.00,91.75,0.00
2023-01-15,28.00,92.00,0.00
2023-01-15,28.00,92.25,0.00
2023-01-15,28.00,92.50,0.00
2023-01-15,28.00,92.75,0.79
2023-01-15,28.00,93.00,2.15
2023-01-16,25.75,91.50,0.00
2023-01-16,25.75,91.75,0.00
2023-01-16,25.75,92.00,0.00
2023-01-16,25.75,92.25,0.00
2023-01-16,25.75,92.50,0.00
2023-01-16,25.75,92.75,0.00
2023-01-16,25.75,93.00,0.00
2023-01-16,26.00,91.50,0.00
2023-01-16,26.00,91.75,0.00
2023-01-16,26.00,92.00,0.00
2023-01-16,26.00,92.25,0.00
2023-01-16,26.00,92.50,0.00
2023-01-16,26.00,92.75,0.00
2023-01-16,26.00,93.00,0.00
2023-01-16,26.25,91.50,0.00
2023-01-16,26.25,91.75,0.00
2023-01-16,26.25,92.00,0.00
2023-01-16,26.25,92.25,0.00
2023-01-16,26.25,92.50,0.00
2023-01-16,26.25,92.75,0.00
2023-01-16,26.25,93.00,0.00
2023-01-16,26.50,91.50,0.00
2023-01-16,26.50,91.75,0.00
2023-01-16,26.50,92.00,0.00
2023-01-16,26.50,92.25,0.00
2023-01-16,26.50,92.50,0.00
2023-01-16,26.50,92.75,0.00
2023-01-16,26.50,93.00,0.00
2023-01-16,26.75,91.50,0.00
2023-01-16,26.75,91.75,0.00
2023-01-16,26.75,92.00,0.00
2023-01-16,26.75,92.25,0.00
2023-01-16,26.75,92.50,0.00
2023-01-16,26.75,92.75,0.00
2023-01-16,26.75,93.00,0.00
2023-01-16,27.00,91.50,0.00
2023-01-16,27.00,91.75,0.00
2023-01-16,27.00,92.00,0.00
2023-01-16,27.00,92.25,0.00
2023-01-16,27.00,92.50,0.00
2023-01-16,27.00,92.75,0.00
2023-01-16,27.00,93.00,0.00
2023-01-16,27.25,91.50,
2023-01-16,27.25,91.75,
2023-01-16,27.25,92.00,0.00
2023-01-16,27.25,92.25,0.00
2023-01-16,27.25,92.50,0.00
2023-01-16,27.25,92.75,0.00
2023-01-16,27.25,93.00,0.00
2023-01-16,27.50,91.50,
2023-01-16,27.50,91.75,0.00
2023-01-16,27.50,92.00,0.00
2023-01-16,27.50,92.25,0.00
2023-01-16,27.50,92.50,0.00
2023-01-16,27.50,92.75,0.00
2023-01-16,27.50,93.00,0.00
2023-01-16,27.75,91.50,0.00
2023-01-16,27.75,91.75,0.00
2023-01-16,27.75,92.00,0.00
2023-01-16,27.75,92.25,0.00
2023-01-16,27.75,92.50,0.00
2023-01-16,27.75,92.75,0.00
2023-01-16,27.75,93.00,0.00
2023-01-16,28.00,91.50,0.00
2023-01-16,28.00,91.75,0.00
2023-01-16,28.00,92.00,0.00
2023-01-16,28.00,92.25,0.00
2023-01-16,28.00,92.50,0.00
2023-01-16,28.00,92.75,0.46
2023-01-16,28.00,93.00,1.25
2023-01-17,25.75,91.50,0.00
2023-01-17,25.75,91.75,0.00
2023-01-17,25.75,92.00,0.00
2023-01-17,25.75,92.25,0.00
2023-01-17,25.75,92.50,0.00
2023-01-17,25.75,92.75,0.00
2023-01-17,25.75,93.00,0.00
2023-01-17,26.00,91.50,0.00
2023-01-17,26.00,91.75,0.00
2023-01-17,26.00,92.00,0.00
2023-01-17,26.00,92.25,0.00
2023-01-17,26.00,92.50,0.00
2023-01-17,26.00,92.75,0.00
2023-01-17,26.00,93.00,0.00
2023-01-17,26.25,91.50,0.00
2023-01-17,26.25,91.75,0.00
2023-01-17,26.25,92.00,0.00
2023-01-17,26.25,92.25,0.00
2023-01-17,26.25,92.50,0.00
2023-01-17,26.25,92.75,0.00
2023-01-17,26.25,93.00,0.00
2023-01-17,26.50,91.50,0.00
2023-01-17,26.50,91.75,0.00
2023-01-17,26.50,92.00,0.00
2023-01-17,26.50,92.25,0.00
2023-01-17,26.50,92.50,0.00
2023-01-17,26.50,92.75,0.00
2023-01-17,26.50,93.00,0.00
2023-01-17,26.75,91.50,0.00
2023-01-17,26.75,91.75,0.00
2023-01-17,26.75,92.00,0.00
2023-01-17,26.75,92.25,0.00
2023-01-17,26.75,92.50,0.00
2023-01-17,26.75,92.75,0.00
2023-01-17,26.75,93.00,0.00
2023-01-17,27.00,91.50,0.00
2023-01-17,27.00,91.75,0.00
2023-01-17,27.00,92.00,0.00
2023-01-17,27.00,92.25,0.00
2023-01-17,27.00,92.50,0.00
2023-01-17,27.00,92.75,0.00
2023-01-17,27.00,93.00,0.00
2023-01-17,27.25,91.50,
2023-01-17,27.25,91.75,
2023-01-17,27.25,92.00,0.00
2023-01-17,27.25,92.25,0.00
2023-01-17,27.25,92.50,0.00
2023-01-17,27.25,92.75,0.00
2023-01-17,27.25,93.00,0.00
2023-01-17,27.50,91.50,
2023-01-17,27.50,91.75,0.00
2023-01-17,27.50,92.00,0.00
2023-01-17,27.50,92.25,0.00
2023-01-17,27.50,92.50,0.00
2023-01-17,27.50,92.75,0.00
2023-01-17,27.50,93.00,0.00
2023-01-17,27.75,91.50,0.00
2023-01-17,27.75,91.75,0.00
2023-01-17,27.75,92.00,0.00
2023-01-17,27.75,92.25,0.00
2023-01-17,27.75,92.50,0.00
2023-01-17,27.75,92.75,0.00
2023-01-17,27.75,93.00,0.00
2023-01-17,28.00,91.50,0.00
2023-01-17,28.00,91.75,0.00
2023-01-17,28.00,92.00,0.00
2023-01-17,28.00,92.25,0.00
2023-01-17,28.00,92.50,0.00
2023-01-17,28.00,92.75,0.49
2023-01-17,28.00,93.00,1.33
2023-01-18,25.75,91.50,0.00
2023-01-18,25.75,91.75,0.00
2023-01-18,25.75,92.00,0.00
2023-01-18,25.75,92.25,0.00
2023-01-18,25.75,92.50,0.00
2023-01-18,25.75,92.75,0.00
2023-01-18,25.75,93.00,0.00
2023-01-18,26.00,91.50,0.00
2023-01-18,26.00,91.75,0.00
2023-01-18,26.00,92.00,0.00
2023-01-18,26.00,92.25,0.00
2023-01-18,26.00,92.50,0.00
2023-01-18,26.00,92.75,0.00
2023-01-18,26.00,93.00,0.00
2023-01-18,26.25,91.50,0.00
2023-01-18,26.25,91.75,0.00
2023-01-18,26.25,92.00,0.00
2023-01-18,26.25,92.25,0.00
2023-01-18,26.25,92.50,0.00
2023-01-18,26.25,92.75,0.00
2023-01-18,26.25,93.00,0.00
2023-01-18,26.50,91.50,0.00
2023-01-18,26.50,91.75,0.00
2023-01-18,26.50,92.00,0.00
2023-01-18,26.50,92.25,0.00
2023-01-18,26.50,92.50,0.00
2023-01-18,26.50,92.75,0.00
2023-01-18,26.50,93.00,0.00
2023-01-18,26.75,91.50,0.00
2023-01-18,26.75,91.75,0.00
2023-01-18,26.75,92.00,0.00
2023-01-18,26.75,92.25,0.00
2023-01-18,26.75,92.50,0.00
2023-01-18,26.75,92.75,0.00
2023-01-18,26.75,93.00,0.00
2023-01-18,27.00,91.50,0.00
2023-01-18,27.00,91.75,0.00
2023-01-18,27.00,92.00,0.00
2023-01-18,27.00,92.25,0.00
2023-01-18,27.00,92.50,0.00
2023-01-18,27.00,92.75,0.00
2023-01-18,27.00,93.00,0.00
2023-01-18,27.25,91.50,
2023-01-18,27.25,91.75,
2023-01-18,27.25,92.00,0.00
2023-01-18,27.25,92.25,0.00
2023-01-18,27.25,92.50,0.00
2023-01-18,27.25,92.75,0.00
2023-01-18,27.25,93.00,0.00
2023-01-18,27.50,91.50,
2023-01-18,27.50,91.75,0.00
2023-01-18,27.50,92.00,0.00
2023-01-18,27.50,92.25,0.00
2023-01-18,27.50,92.50,0.00
2023-01-18,27.50,92.75,0.00
2023-01-18,27.50,93.00,0.01
2023-01-18,27.75,91.50,0.00
2023-01-18,27.75,91.75,0.00
2023-01-18,27.75,92.00,0.00
2023-01-18,27.75,92.25,0.00
2023-01-18,27.75,92.50,0.00
2023-01-18,27.75,92.75,0.00
2023-01-18,27.75,93.00,0.00
2023-01-18,28.00,91.50,0.00
2023-01-18,28.00,91.75,0.00
2023-01-18,28.00,92.00,0.00
2023-01-18,28.00,92.25,0.00
2023-01-18,28.00,92.50,0.00
2023-01-18,28.00,92.75,0.30
2023-01-18,28.00,93.00,0.81
2023-01-19,25.75,91.50,0.00
2023-01-19,25.75,91.75,0.00
2023-01-19,25.75,92.00,0.00
2023-01-19,25.75,92.25,0.00
2023-01-19,25.75,92.50,0.00
2023-01-19,25.75,92.75,0.00
2023-01-19,25.75,93.00,0.00
2023-01-19,26.00,91.50,0.00
2023-01-19,26.00,91.75,0.00
2023-01-19,26.00,92.00,0.00
2023-01-19,26.00,92.25,0.00
2023-01-19,26.00,92.50,0.00
2023-01-19,26.00,92.75,0.00
2023-01-19,26.00,93.00,0.00
2023-01-19,26.25,91.50,0.00
2023-01-19,26.25,91.75,0.00
2023-01-19,26.25,92.00,0.00
2023-01-19,26.25,92.25,0.00
2023-01-19,26.25,92.50,0.00
2023-01-19,26.25,92.75,0.00
2023-01-19,26.25,93.00,0.00
2023-01-19,26.50,91.50,0.00
2023-01-19,26.50,91.75,0.00
2023-01-19,26.50,92.00,0.00
2023-01-19,26.50,92.25,0.00
2023-01-19,26.50,92.50,0.00
2023-01-19,26.50,92.75,0.00
2023-01-19,26.50,93.00,0.00
2023-01-19,26.75,91.50,0.00
2023-01-19,26.75,91.75,0.00
2023-01-19,26.75,92.00,0.00
2023-01-19,26.75,92.25,0.00
2023-01-19,26.75,92.50,0.00
2023-01-19,26.75,92.75,0.00
2023-01-19,26.75,93.00,0.00
2023-01-19,27.00,91.50,0.00
2023-01-19,27.00,91.75,0.00
2023-01-19,27.00,92.00,0.00
2023-01-19,27.00,92.25,0.00
2023-01-19,27.00,92.50,0.00
2023-01-19,27.00,92.75,0.00
2023-01-19,27.00,93.00,0.00
2023-01-19,27.25,91.50,
2023-01-19,27.25,91.75,
2023-01-19,27.25,92.00,0.00
2023-01-19,27.25,92.25,0.00
2023-01-19,27.25,92.50,0.00
2023-01-19,27.25,92.75,0.00
2023-01-19,27.25,93.00,0.00
2023-01-19,27.50,91.50,
2023-01-19,27.50,91.75,0.00
2023-01-19,27.50,92.00,0.00
2023-01-19,27.50,92.25,0.00
2023-01-19,27.50,92.50,0.00
2023-01-19,27.50,92.75,0.00
2023-01-19,27.50,93.00,0.00
2023-01-19,27.75,91.50,0.00
2023-01-19,27.75,91.75,0.00
2023-01-19,27.75,92.00,0.00
2023-01-19,27.75,92.25,0.00
2023-01-19,27.75,92.50,0.00
2023-01-19,27.75,92.75,0.00
2023-01-19,27.75,93.00,0.00
2023-01-19,28.00,91.50,0.00
2023-01-19,28.00,91.75,0.00
2023-01-19,28.00,92.00,0.00
2023-01-19,28.00,92.25,0.00
2023-01-19,28.00,92.50,0.00
2023-01-19,28.00,92.75,0.00
2023-01-19,28.00,93.00,0.00
2023-01-20,25.75,91.50,0.00
2023-01-20,25.75,91.75,0.00
2023-01-20,25.75,92.00,0.00
2023-01-20,25.75,92.25,0.00
2023-01-20,25.75,92.50,0.00
2023-01-20,25.75,92.75,0.00
2023-01-20,25.75,93.00,0.00
2023-01-20,26.00,91.50,0.00
2023-01-20,26.00,91.75,0.00
2023-01-20,26.00,92.00,0.00
2023-01-20,26.00,92.25,0.00
2023-01-20,26.00,92.50,0.00
2023-01-20,26.00,92.75,0.00
2023-01-20,26.00,93.00,0.00
2023-01-20,26.25,91.50,0.00
2023-01-20,26.25,91.75,0.00
2023-01-20,26.25,92.00,0.00
2023-01-20,26.25,92.25,0.00
2023-01-20,26.25,92.50,0.00
2023-01-20,26.25,92.75,0.00
2023-01-20,26.25,93.00,0.00
2023-01-20,26.50,91.50,0.00
2023-01-20,26.50,91.75,0.00
2023-01-20,26.50,92.00,0.00
2023-01-20,26.50,92.25,0.00
2023-01-20,26.50,92.50,0.00
2023-01-20,26.50,92.75,0.00
2023-01-20,26.50,93.00,0.00
2023-01-20,26.75,91.50,0.00
2023-01-20,26.75,91.75,0.00
2023-01-20,26.75,92.00,0.00
2023-01-20,26.75,92.25,0.00
2023-01-20,26.75,92.50,0.00
2023-01-20,26.75,92.75,0.00
2023-01-20,26.75,93.00,0.00
2023-01-20,27.00,91.50,0.00
2023-01-20,27.00,91.75,0.00
2023-01-20,27.00,92.00,0.00
2023-01-20,27.00,92.25,0.00
2023-01-20,27.00,92.50,0.00
2023-01-20,27.00,92.75,0.00
2023-01-20,27.00,93.00,0.00
2023-01-20,27.25,91.50,
2023-01-20,27.25,91.75,
2023-01-20,27.25,92.00,0.00
2023-01-20,27.25,92.25,0.00
2023-01-20,27.25,92.50,0.00
2023-01-20,27.25,92.75,0.00
2023-01-20,27.25,93.00,0.00
2023-01-20,27.50,91.50,
2023-01-20,27.50,91.75,0.00
2023-01-20,27.50,92.00,0.00
2023-01-20,27.50,92.25,0.00
2023-01-20,27.50,92.50,0.00
2023-01-20,27.50,92.75,0.00
2023-01-20,27.50,93.00,0.00
2023-01-20,27.75,91.50,0.00
2023-01-20,27.75,91.75,0.00
2023-01-20,27.75,92.00,0.00
2023-01-20,27.75,92.25,0.00
2023-01-20,27.75,92.50,0.00
2023-01-20,27.75,92.75,0.00
2023-01-20,27.75,93.00,0.00
2023-01-20,28.00,91.50,0.00
2023-01-20,28.00,91.75,0.00
2023-01-20,28.00,92.00,0.00
2023-01-20,28.00,92.25,0.00
2023-01-20,28.00,92.50,0.00
2023-01-20,28.00,92.75,0.00
2023-01-20,28.00,93.00,0.00
2023-01-21,25.75,91.50,0.00
2023-01-21,25.75,91.75,0.00
2023-01-21,25.75,92.00,0.00
2023-01-21,25.75,92.25,0.00
2023-01-21,25.75,92.50,0.00
2023-01-21,25.75,92.75,0.00
2023-01-21,25.75,93.00,0.00
2023-01-21,26.00,91.50,0.00
2023-01-21,26.00,91.75,0.00
2023-01-21,26.00,92.00,0.00
2023-01-21,26.00,92.25,0.00
2023-01-21,26.00,92.50,0.00
2023-01-21,26.00,92.75,0.00
2023-01-21,26.00,93.00,0.00
2023-01-21,26.25,91.50,0.00
2023-01-21,26.25,91.75,0.00
2023-01-21,26.25,92.00,0.00
2023-01-21,26.25,92.25,0.00
2023-01-21,26.25,92.50,0.00
2023-01-21,26.25,92.75,0.00
2023-01-21,26.25,93.00,0.00
2023-01-21,26.50,91.50,0.00
2023-01-21,26.50,91.75,0.00
2023-01-21,26.50,92.00,0.00
2023-01-21,26.50,92.25,0.00
2023-01-21,26.50,92.50,0.00
2023-01-21,26.50,92.75,0.00
2023-01-21,26.50,93.00,0.00
2023-01-21,26.75,91.50,0.00
2023-01-21,26.75,91.75,0.00
2023-01-21,26.75,92.00,0.00
2023-01-21,26.75,92.25,0.00
2023-01-21,26.75,92.50,0.00
2023-01-21,26.75,92.75,0.00
2023-01-21,26.75,93.00,0.00
2023-01-21,27.00,91.50,0.00
2023-01-21,27.00,91.75,0.00
2023-01-21,27.00,92.00,0.00
2023-01-21,27.00,92.25,0.00
2023-01-21,27.00,92.50,0.00
2023-01-21,27.00,92.75,0.00
2023-01-21,27.00,93.00,0.00
2023-01-21,27.25,91.50,
2023-01-21,27.25,91.75,
2023-01-21,27.25,92.00,0.00
2023-01-21,27.25,92.25,0.00
2023-01-21,27.25,92.50,0.00
2023-01-21,27.25,92.75,0.00
2023-01-21,27.25,93.00,0.00
2023-01-21,27.50,91.50,
2023-01-21,27.50,91.75,0.00
2023-01-21,27.50,92.00,0.00
2023-01-21,27.50,92.25,0.00
2023-01-21,27.50,92.50,0.00
2023-01-21,27.50,92.75,0.00
2023-01-21,27.50,93.00,0.00
2023-01-21,27.75,91.50,0.00
2023-01-21,27.75,91.75,0.00
2023-01-21,27.75,92.00,0.00
2023-01-21,27.75,92.25,0.00
2023-01-21,27.75,92.50,0.00
2023-01-21,27.75,92.75,0.00
2023-01-21,27.75,93.00,0.00
2023-01-21,28.00,91.50,0.00
2023-01-21,28.00,91.75,0.00
2023-01-21,28.00,92.00,0.00
2023-01-21,28.00,92.25,0.00
2023-01-21,28.00,92.50,0.00
2023-01-21,28.00,92.75,0.00
2023-01-21,28.00,93.00,0.00
2023-01-22,25.75,91.50,0.00
2023-01-22,25.75,91.75,0.00
2023-01-22,25.75,92.00,0.00
2023-01-22,25.75,92.25,0.00
2023-01-22,25.75,92.50,0.00
2023-01-22,25.75,92.75,0.00
2023-01-22,25.75,93.00,0.00
2023-01-22,26.00,91.50,0.00
2023-01-22,26.00,91.75,0.00
2023-01-22,26.00,92.00,0.00
2023-01-22,26.00,92.25,0.00
2023-01-22,26.00,92.50,0.00
2023-01-22,26.00,92.75,0.00
2023-01-22,26.00,93.00,0.00
2023-01-22,26.25,91.50,0.00
2023-01-22,26.25,91.75,0.00
2023-01-22,26.25,92.00,0.00
2023-01-22,26.25,92.25,0.00
2023-01-22,26.25,92.50,0.00
2023-01-22,26.25,92.75,0.00
2023-01-22,26.25,93.00,0.00
2023-01-22,26.50,91.50,0.00
2023-01-22,26.50,91.75,0.00
2023-01-22,26.50,92.00,0.00
2023-01-22,26.50,92.25,0.00
2023-01-22,26.50,92.50,0.00
2023-01-22,26.50,92.75,0.00
2023-01-22,26.50,93.00,0.00
2023-01-22,26.75,91.50,0.00
2023-01-22,26.75,91.75,0.00
2023-01-22,26.75,92.00,0.00
2023-01-22,26.75,92.25,0.00
2023-01-22,26.75,92.50,0.00
2023-01-22,26.75,92.75,0.00
2023-01-22,26.75,93.00,0.00
2023-01-22,27.00,91.50,0.00
2023-01-22,27.00,91.75,0.00
2023-01-22,27.00,92.00,0.00
2023-01-22,27.00,92.25,0.00
2023-01-22,27.00,92.50,0.00
2023-01-22,27.00,92.75,0.00
2023-01-22,27.00,93.00,0.00
2023-01-22,27.25,91.50,
2023-01-22,27.25,91.75,
2023-01-22,27.25,92.00,0.00
2023-01-22,27.25,92.25,0.00
2023-01-22,27.25,92.50,0.00
2023-01-22,27.25,92.75,0.00
2023-01-22,27.25,93.00,0.00
2023-01-22,27.50,91.50,
2023-01-22,27.50,91.75,0.00
2023-01-22,27.50,92.00,0.00
2023-01-22,27.50,92.25,0.00
2023-01-22,27.50,92.50,0.00
2023-01-22,27.50,92.75,0.00
2023-01-22,27.50,93.00,0.00
2023-01-22,27.75,91.50,0.00
2023-01-22,27.75,91.75,0.00
2023-01-22,27.75,92.00,0.00
2023-01-22,27.75,92.25,0.00
2023-01-22,27.75,92.50,0.00
2023-01-22,27.75,92.75,0.00
2023-01-22,27.75,93.00,0.00
2023-01-22,28.00,91.50,0.00
2023-01-22,28.00,91.75,0.00
2023-01-22,28.00,92.00,0.00
2023-01-22,28.00,92.25,0.00
2023-01-22,28.00,92.50,0.00
2023-01-22,28.00,92.75,0.00
2023-01-22,28.00,93.00,0.00
2023-01-23,25.75,91.50,0.00
2023-01-23,25.75,91.75,0.00
2023-01-23,25.75,92.00,0.00
2023-01-23,25.75,92.25,0.00
2023-01-23,25.75,92.50,0.00
2023-01-23,25.75,92.75,0.00
2023-01-23,25.75,93.00,0.00
2023-01-23,26.00,91.50,0.00
2023-01-23,26.00,91.75,0.00
2023-01-23,26.00,92.00,0.00
2023-01-23,26.00,92.25,0.00
2023-01-23,26.00,92.50,0.00
2023-01-23,26.00,92.75,0.00
2023-01-23,26.00,93.00,0.00
2023-01-23,26.25,91.50,0.00
2023-01-23,26.25,91.75,0.00
2023-01-23,26.25,92.00,0.00
2023-01-23,26.25,92.25,0.00
2023-01-23,26.25,92.50,0.00
2023-01-23,26.25,92.75,0.00
2023-01-23,26.25,93.00,0.00
2023-01-23,26.50,91.50,0.00
2023-01-23,26.50,91.75,0.00
2023-01-23,26.50,92.00,0.00
2023-01-23,26.50,92.25,0.00
2023-01-23,26.50,92.50,0.00
2023-01-23,26.50,92.75,0.00
2023-01-23,26.50,93.00,0.00
2023-01-23,26.75,91.50,0.00
2023-01-23,26.75,91.75,0.00
2023-01-23,26.75,92.00,0.00
2023-01-23,26.75,92.25,0.00
2023-01-23,26.75,92.50,0.00
2023-01-23,26.75,92.75,0.00
2023-01-23,26.75,93.00,0.00
2023-01-23,27.00,91.50,0.00
2023-01-23,27.00,91.75,0.00
2023-01-23,27.00,92.00,0.00
2023-01-23,27.00,92.25,0.00
2023-01-23,27.00,92.50,0.00
2023-01-23,27.00,92.75,0.00
2023-01-23,27.00,93.00,0.00
2023-01-23,27.25,91.50,
2023-01-23,27.25,91.75,
2023-01-23,27.25,92.00,0.00
2023-01-23,27.25,92.25,0.00
2023-01-23,27.25,92.50,0.00
2023-01-23,27.25,92.75,0.00
2023-01-23,27.25,93.00,0.00
2023-01-23,27.50,91.50,
2023-01-23,27.50,91.75,0.00
2023-01-23,27.50,92.00,0.00
2023-01-23,27.50,92.25,0.00
2023-01-23,27.50,92.50,0.00
2023-01-23,27.50,92.75,0.00
2023-01-23,27.50,93.00,0.00
2023-01-23,27.75,91.50,0.00
2023-01-23,27.75,91.75,0.00
2023-01-23,27.75,92.00,0.00
2023-01-23,27.75,92.25,0.00
2023-01-23,27.75,92.50,0.00
2023-01-23,27.75,92.75,0.00
2023-01-23,27.75,93.00,0.00
2023-01-23,28.00,91.50,0.00
2023-01-23,28.00,91.75,0.00
2023-01-23,28.00,92.00,0.00
2023-01-23,28.00,92.25,0.00
2023-01-23,28.00,92.50,0.00
2023-01-23,28.00,92.75,0.00
2023-01-23,28.00,93.00,0.00
2023-01-24,25.75,91.50,0.00
2023-01-24,25.75,91.75,0.00
2023-01-24,25.75,92.00,0.00
2023-01-24,25.75,92.25,0.00
2023-01-24,25.75,92.50,0.00
2023-01-24,25.75,92.75,0.00
2023-01-24,25.75,93.00,0.00
2023-01-24,26.00,91.50,0.00
2023-01-24,26.00,91.75,0.00
2023-01-24,26.00,92.00,0.00
2023-01-24,26.00,92.25,0.00
2023-01-24,26.00,92.50,0.00
2023-01-24,26.00,92.75,0.00
2023-01-24,26.00,93.00,0.00
2023-01-24,26.25,91.50,0.00
2023-01-24,26.25,91.75,0.00
2023-01-24,26.25,92.00,0.00
2023-01-24,26.25,92.25,0.00
2023-01-24,26.25,92.50,0.00
2023-01-24,26.25,92.75,0.00
2023-01-24,26.25,93.00,0.00
2023-01-24,26.50,91.50,0.00
2023-01-24,26.50,91.75,0.00
2023-01-24,26.50,92.00,0.00
2023-01-24,26.50,92.25,0.00
2023-01-24,26.50,92.50,0.00
2023-01-24,26.50,92.75,0.00
2023-01-24,26.50,93.00,0.00
2023-01-24,26.75,91.50,0.00
2023-01-24,26.75,91.75,0.00
2023-01-24,26.75,92.00,0.00
2023-01-24,26.75,92.25,0.00
2023-01-24,26.75,92.50,0.00
2023-01-24,26.75,92.75,0.00
2023-01-24,26.75,93.00,0.00
2023-01-24,27.00,91.50,0.00
2023-01-24,27.00,91.75,0.00
2023-01-24,27.00,92.00,0.00
2023-01-24,27.00,92.25,0.00
2023-01-24,27.00,92.50,0.00
2023-01-24,27.00,92.75,0.00
2023-01-24,27.00,93.00,0.00
2023-01-24,27.25,91.50,
2023-01-24,27.25,91.75,
2023-01-24,27.25,92.00,0.00
2023-01-24,27.25,92.25,0.00
2023-01-24,27.25,92.50,0.00
2023-01-24,27.25,92.75,0.00
2023-01-24,27.25,93.00,0.00
2023-01-24,27.50,91.50,
2023-01-24,27.50,91.75,0.00
2023-01-24,27.50,92.00,0.00
2023-01-24,27.50,92.25,0.00
2023-01-24,27.50,92.50,0.00
2023-01-24,27.50,92.75,0.00
2023-01-24,27.50,93.00,0.00
2023-01-24,27.75,91.50,0.00
2023-01-24,27.75,91.75,0.00
2023-01-24,27.75,92.00,0.00
2023-01-24,27.75,92.25,0.00
2023-01-24,27.75,92.50,0.00
2023-01-24,27.75,92.75,0.00
2023-01-24,27.75,93.00,0.00
2023-01-24,28.00,91.50,0.00
2023-01-24,28.00,91.75,0.00
2023-01-24,28.00,92.00,0.00
2023-01-24,28.00,92.25,0.00
2023-01-24,28.00,92.50,0.00
2023-01-24,28.00,92.75,0.00
2023-01-24,28.00,93.00,0.00
2023-01-25,25.75,91.50,0.00
2023-01-25,25.75,91.75,0.00
2023-01-25,25.75,92.00,0.00
2023-01-25,25.75,92.25,0.00
2023-01-25,25.75,92.50,0.00
2023-01-25,25.75,92.75,0.00
2023-01-25,25.75,93.00,0.00
2023-01-25,26.00,91.50,0.00
2023-01-25,26.00,91.75,0.00
2023-01-25,26.00,92.00,0.00
2023-01-25,26.00,92.25,0.00
2023-01-25,26.00,92.50,0.00
2023-01-25,26.00,92.75,0.00
2023-01-25,26.00,93.00,0.00
2023-01-25,26.25,91.50,0.00
2023-01-25,26.25,91.75,0.00
2023-01-25,26.25,92.00,0.00
2023-01-25,26.25,92.25,0.00
2023-01-25,26.25,92.50,0.00
2023-01-25,26.25,92.75,0.00
2023-01-25,26.25,93.00,0.00
2023-01-25,26.50,91.50,0.00
2023-01-25,26.50,91.75,0.00
2023-01-25,26.50,92.00,0.00
2023-01-25,26.50,92.25,0.00
2023-01-25,26.50,92.50,0.00
2023-01-25,26.50,92.75,0.00
2023-01-25,26.50,93.00,0.00
2023-01-25,26.75,91.50,0.00
2023-01-25,26.75,91.75,0.00
2023-01-25,26.75,92.00,0.00
2023-01-25,26.75,92.25,0.00
2023-01-25,26.75,92.50,0.00
2023-01-25,26.75,92.75,0.00
2023-01-25,26.75,93.00,0.00
2023-01-25,27.00,91.50,0.00
2023-01-25,27.00,91.75,0.00
2023-01-25,27.00,92.00,0.00
2023-01-25,27.00,92.25,0.00
2023-01-25,27.00,92.50,0.00
2023-01-25,27.00,92.75,0.00
2023-01-25,27.00,93.00,0.00
2023-01-25,27.25,91.50,
2023-01-25,27.25,91.75,
2023-01-25,27.25,92.00,0.00
2023-01-25,27.25,92.25,0.00
2023-01-25,27.25,92.50,0.00
2023-01-25,27.25,92.75,0.00
2023-01-25,27.25,93.00,0.00
2023-01-25,27.50,91.50,
2023-01-25,27.50,91.75,0.00
2023-01-25,27.50,92.00,0.00
2023-01-25,27.50,92.25,0.00
2023-01-25,27.50,92.50,0.00
2023-01-25,27.50,92.75,0.00
2023-01-25,27.50,93.00,0.00
2023-01-25,27.75,91.50,0.00
2023-01-25,27.75,91.75,0.00
2023-01-25,27.75,92.00,0.00
2023-01-25,27.75,92.25,0.00
2023-01-25,27.75,92.50,0.00
2023-01-25,27.75,92.75,0.00
2023-01-25,27.75,93.00,0.00
2023-01-25,28.00,91.50,0.00
2023-01-25,28.00,91.75,0.00
2023-01-25,28.00,92.00,0.00
2023-01-25,28.00,92.25,0.00
2023-01-25,28.00,92.50,0.00
2023-01-25,28.00,92.75,0.00
2023-01-25,28.00,93.00,0.00
2023-01-26,25.75,91.50,0.00
2023-01-26,25.75,91.75,0.00
2023-01-26,25.75,92.00,0.00
2023-01-26,25.75,92.25,0.00
2023-01-26,25.75,92.50,0.00
2023-01-26,25.75,92.75,0.00
2023-01-26,25.75,93.00,0.00
2023-01-26,26.00,91.50,0.00
2023-01-26,26.00,91.75,0.00
2023-01-26,26.00,92.00,0.00
2023-01-26,26.00,92.25,0.00
2023-01-26,26.00,92.50,0.00
2023-01-26,26.00,92.75,0.00
2023-01-26,26.00,93.00,0.00
2023-01-26,26.25,91.50,0.00
2023-01-26,26.25,91.75,0.00
2023-01-26,26.25,92.00,0.00
2023-01-26,26.25,92.25,0.00
2023-01-26,26.25,92.50,0.00
2023-01-26,26.25,92.75,0.00
2023-01-26,26.25,93.00,0.00
2023-01-26,26.50,91.50,0.00
2023-01-26,26.50,91.75,0.00
2023-01-26,26.50,92.00,0.00
2023-01-26,26.50,92.25,0.00
2023-01-26,26.50,92.50,0.00
2023-01-26,26.50,92.75,0.00
2023-01-26,26.50,93.00,0.00
2023-01-26,26.75,91.50,0.00
2023-01-26,26.75,91.75,0.00
2023-01-26,26.75,92.00,0.00
2023-01-26,26.75,92.25,0.00
2023-01-26,26.75,92.50,0.00
2023-01-26,26.75,92.75,0.00
2023-01-26,26.75,93.00,0.00
2023-01-26,27.00,91.50,0.00
2023-01-26,27.00,91.75,0.00
2023-01-26,27.00,92.00,0.00
2023-01-26,27.00,92.25,0.00
2023-01-26,27.00,92.50,0.00
2023-01-26,27.00,92.75,0.00
2023-01-26,27.00,93.00,0.00
2023-01-26,27.25,91.50,
2023-01-26,27.25,91.75,
2023-01-26,27.25,92.00,0.00
2023-01-26,27.25,92.25,0.00
2023-01-26,27.25,92.50,0.00
2023-01-26,27.25,92.75,0.00
2023-01-26,27.25,93.00,0.00
2023-01-26,27.50,91.50,
2023-01-26,27.50,91.75,0.00
2023-01-26,27.50,92.00,0.00
2023-01-26,27.50,92.25,0.00
2023-01-26,27.50,92.50,0.00
2023-01-26,27.50,92.75,0.00
2023-01-26,27.50,93.00,0.00
2023-01-26,27.75,91.50,0.00
2023-01-26,27.75,91.75,0.00
2023-01-26,27.75,92.00,0.00
2023-01-26,27.75,92.25,0.00
2023-01-26,27.75,92.50,0.00
2023-01-26,27.75,92.75,0.00
2023-01-26,27.75,93.00,0.00
2023-01-26,28.00,91.50,0.00
2023-01-26,28.00,91.75,0.00
2023-01-26,28.00,92.00,0.00
2023-01-26,28.00,92.25,0.00
2023-01-26,28.00,92.50,0.00
2023-01-26,28.00,92.75,0.00
2023-01-26,28.00,93.00,0.00
2023-01-27,25.75,91.50,0.00
2023-01-27,25.75,91.75,0.00
2023-01-27,25.75,92.00,0.00
2023-01-27,25.75,92.25,0.00
2023-01-27,25.75,92.50,0.00
2023-01-27,25.75,92.75,0.00
2023-01-27,25.75,93.00,0.00
2023-01-27,26.00,91.50,0.00
2023-01-27,26.00,91.75,0.00
2023-01-27,26.00,92.00,0.00
2023-01-27,26.00,92.25,0.00
2023-01-27,26.00,92.50,0.00
2023-01-27,26.00,92.75,0.00
2023-01-27,26.00,93.00,0.00
2023-01-27,26.25,91.50,0.00
2023-01-27,26.25,91.75,0.00
2023-01-27,26.25,92.00,0.00
2023-01-27,26.25,92.25,0.00
2023-01-27,26.25,92.50,0.00
2023-01-27,26.25,92.75,0.00
2023-01-27,26.25,93.00,0.00
2023-01-27,26.50,91.50,0.00
2023-01-27,26.50,91.75,0.00
2023-01-27,26.50,92.00,0.00
2023-01-27,26.50,92.25,0.00
2023-01-27,26.50,92.50,0.00
2023-01-27,26.50,92.75,0.00
2023-01-27,26.50,93.00,0.00
2023-01-27,26.75,91.50,0.00
2023-01-27,26.75,91.75,0.00
2023-01-27,26.75,92.00,0.00
2023-01-27,26.75,92.25,0.00
2023-01-27,26.75,92.50,0.00
2023-01-27,26.75,92.75,0.00
2023-01-27,26.75,93.00,0.00
2023-01-27,27.00,91.50,0.00
2023-01-27,27.00,91.75,0.00
2023-01-27,27.00,92.00,0.00
2023-01-27,27.00,92.25,0.00
2023-01-27,27.00,92.50,0.00
2023-01-27,27.00,92.75,0.00
2023-01-27,27.00,93.00,0.00
2023-01-27,27.25,91.50,
2023-01-27,27.25,91.75,
2023-01-27,27.25,92.00,0.00
2023-01-27,27.25,92.25,0.00
2023-01-27,27.25,92.50,0.00
2023-01-27,27.25,92.75,0.00
2023-01-27,27.25,93.00,0.00
2023-01-27,27.50,91.50,
2023-01-27,27.50,91.75,0.00
2023-01-27,27.50,92.00,0.00
2023-01-27,27.50,92.25,0.00
2023-01-27,27.50,92.50,0.00
2023-01-27,27.50,92.75,0.00
2023-01-27,27.50,93.00,0.00
2023-01-27,27.75,91.50,0.00
2023-01-27,27.75,91.75,0.00
2023-01-27,27.75,92.00,0.00
2023-01-27,27.75,92.25,0.00
2023-01-27,27.75,92.50,0.00
2023-01-27,27.75,92.75,0.00
2023-01-27,27.75,93.00,0.00
2023-01-27,28.00,91.50,0.00
2023-01-27,28.00,91.75,0.00
2023-01-27,28.00,92.00,0.00
2023-01-27,28.00,92.25,0.00
2023-01-27,28.00,92.50,0.00
2023-01-27,28.00,92.75,0.00
2023-01-27,28.00,93.00,0.00
2023-01-28,25.75,91.50,0.00
2023-01-28,25.75,91.75,0.00
2023-01-28,25.75,92.00,0.00
2023-01-28,25.75,92.25,0.00
2023-01-28,25.75,92.50,0.00
2023-01-28,25.75,92.75,0.00
2023-01-28,25.75,93.00,0.00
2023-01-28,26.00,91.50,0.00
2023-01-28,26.00,91.75,0.00
2023-01-28,26.00,92.00,0.00
2023-01-28,26.00,92.25,0.00
2023-01-28,26.00,92.50,0.00
2023-01-28,26.00,92.75,0.00
2023-01-28,26.00,93.00,0.00
2023-01-28,26.25,91.50,0.00
2023-01-28,26.25,91.75,0.00
2023-01-28,26.25,92.00,0.00
2023-01-28,26.25,92.25,0.00
2023-01-28,26.25,92.50,0.00
2023-01-28,26.25,92.75,0.00
2023-01-28,26.25,93.00,0.00
2023-01-28,26.50,91.50,0.00
2023-01-28,26.50,91.75,0.00
2023-01-28,26.50,92.00,0.00
2023-01-28,26.50,92.25,0.00
2023-01-28,26.50,92.50,0.00
2023-01-28,26.50,92.75,0.00
2023-01-28,26.50,93.00,0.00
2023-01-28,26.75,91.50,0.00
2023-01-28,26.75,91.75,0.00
2023-01-28,26.75,92.00,0.00
2023-01-28,26.75,92.25,0.00
2023-01-28,26.75,92.50,0.00
2023-01-28,26.75,92.75,0.00
2023-01-28,26.75,93.00,0.00
2023-01-28,27.00,91.50,0.00
2023-01-28,27.00,91.75,0.00
2023-01-28,27.00,92.00,0.00
2023-01-28,27.00,92.25,0.00
2023-01-28,27.00,92.50,0.00
2023-01-28,27.00,92.75,0.00
2023-01-28,27.00,93.00,0.00
2023-01-28,27.25,91.50,
2023-01-28,27.25,91.75,
2023-01-28,27.25,92.00,0.00
2023-01-28,27.25,92.25,0.00
2023-01-28,27.25,92.50,0.00
2023-01-28,27.25,92.75,0.00
2023-01-28,27.25,93.00,0.00
2023-01-28,27.50,91.50,
2023-01-28,27.50,91.75,0.00
2023-01-28,27.50,92.00,0.00
2023-01-28,27.50,92.25,0.00
2023-01-28,27.50,92.50,0.00
2023-01-28,27.50,92.75,0.00
2023-01-28,27.50,93.00,0.00
2023-01-28,27.75,91.50,0.00
2023-01-28,27.75,91.75,0.00
2023-01-28,27.75,92.00,0.00
2023-01-28,27.75,92.25,0.00
2023-01-28,27.75,92.50,0.00
2023-01-28,27.75,92.75,0.00
2023-01-28,27.75,93.00,0.00
2023-01-28,28.00,91.50,0.00
2023-01-28,28.00,91.75,0.00
2023-01-28,28.00,92.00,0.00
2023-01-28,28.00,92.25,0.00
2023-01-28,28.00,92.50,0.00
2023-01-28,28.00,92.75,0.00
2023-01-28,28.00,93.00,0.00
2023-01-29,25.75,91.50,0.00
2023-01-29,25.75,91.75,0.00
2023-01-29,25.75,92.00,0.00
2023-01-29,25.75,92.25,0.00
2023-01-29,25.75,92.50,0.00
2023-01-29,25.75,92.75,0.00
2023-01-29,25.75,93.00,0.00
2023-01-29,26.00,91.50,0.00
2023-01-29,26.00,91.75,0.00
2023-01-29,26.00,92.00,0.00
2023-01-29,26.00,92.25,0.00
2023-01-29,26.00,92.50,0.00
2023-01-29,26.00,92.75,0.00
2023-01-29,26.00,93.00,0.00
2023-01-29,26.25,91.50,0.00
2023-01-29,26.25,91.75,0.00
2023-01-29,26.25,92.00,0.00
2023-01-29,26.25,92.25,0.00
2023-01-29,26.25,92.50,0.00
2023-01-29,26.25,92.75,0.00
2023-01-29,26.25,93.00,0.00
2023-01-29,26.50,91.50,0.00
2023-01-29,26.50,91.75,0.00
2023-01-29,26.50,92.00,0.00
2023-01-29,26.50,92.25,0.00
2023-01-29,26.50,92.50,0.00
2023-01-29,26.50,92.75,0.00
2023-01-29,26.50,93.00,0.00
2023-01-29,26.75,91.50,0.00
2023-01-29,26.75,91.75,0.00
2023-01-29,26.75,92.00,0.00
2023-01-29,26.75,92.25,0.00
2023-01-29,26.75,92.50,0.00
2023-01-29,26.75,92.75,0.00
2023-01-29,26.75,93.00,0.00
2023-01-29,27.00,91.50,0.00
2023-01-29,27.00,91.75,0.00
2023-01-29,27.00,92.00,0.00
2023-01-29,27.00,92.25,0.00
2023-01-29,27.00,92.50,0.00
2023-01-29,27.00,92.75,0.00
2023-01-29,27.00,93.00,0.00
2023-01-29,27.25,91.50,
2023-01-29,27.25,91.75,
2023-01-29,27.25,92.00,0.00
2023-01-29,27.25,92.25,0.00
2023-01-29,27.25,92.50,0.00
2023-01-29,27.25,92.75,0.00
2023-01-29,27.25,93.00,0.00
2023-01-29,27.50,91.50,
2023-01-29,27.50,91.75,0.00
2023-01-29,27.50,92.00,0.00
2023-01-29,27.50,92.25,0.00
2023-01-29,27.50,92.50,0.00
2023-01-29,27.50,92.75,0.00
2023-01-29,27.50,93.00,0.00
2023-01-29,27.75,91.50,0.00
2023-01-29,27.75,91.75,0.00
2023-01-29,27.75,92.00,0.00
2023-01-29,27.75,92.25,0.00
2023-01-29,27.75,92.50,0.00
2023-01-29,27.75,92.75,0.00
2023-01-29,27.75,93.00,0.00
2023-01-29,28.00,91.50,0.00
2023-01-29,28.00,91.75,0.00
2023-01-29,28.00,92.00,0.00
2023-01-29,28.00,92.25,0.00
2023-01-29,28.00,92.50,0.00
2023-01-29,28.00,92.75,0.00
2023-01-29,28.00,93.00,0.00
2023-01-30,25.75,91.50,0.00
2023-01-30,25.75,91.75,0.00
2023-01-30,25.75,92.00,0.00
2023-01-30,25.75,92.25,0.00
2023-01-30,25.75,92.50,0.00
2023-01-30,25.75,92.75,0.00
2023-01-30,25.75,93.00,0.00
2023-01-30,26.00,91.50,0.00
2023-01-30,26.00,91.75,0.00
2023-01-30,26.00,92.00,0.00
2023-01-30,26.00,92.25,0.00
2023-01-30,26.00,92.50,0.00
2023-01-30,26.00,92.75,0.00
2023-01-30,26.00,93.00,0.00
2023-01-30,26.25,91.50,0.00
2023-01-30,26.25,91.75,0.00
2023-01-30,26.25,92.00,0.00
2023-01-30,26.25,92.25,0.00
2023-01-30,26.25,92.50,0.00
2023-01-30,26.25,92.75,0.00
2023-01-30,26.25,93.00,0.00
2023-01-30,26.50,91.50,0.00
2023-01-30,26.50,91.75,0.00
2023-01-30,26.50,92.00,0.00
2023-01-30,26.50,92.25,0.00
2023-01-30,26.50,92.50,0.00
2023-01-30,26.50,92.75,0.00
2023-01-30,26.50,93.00,0.00
2023-01-30,26.75,91.50,0.00
2023-01-30,26.75,91.75,0.00
2023-01-30,26.75,92.00,0.00
2023-01-30,26.75,92.25,0.00
2023-01-30,26.75,92.50,0.00
2023-01-30,26.75,92.75,0.00
2023-01-30,26.75,93.00,0.00
2023-01-30,27.00,91.50,0.00
2023-01-30,27.00,91.75,0.00
2023-01-30,27.00,92.00,0.00
2023-01-30,27.00,92.25,0.00
2023-01-30,27.00,92.50,0.00
2023-01-30,27.00,92.75,0.00
2023-01-30,27.00,93.00,0.00
2023-01-30,27.25,91.50,
2023-01-30,27.25,91.75,
2023-01-30,27.25,92.00,0.00
2023-01-30,27.25,92.25,0.00
2023-01-30,27.25,92.50,0.00
2023-01-30,27.25,92.75,0.00
2023-01-30,27.25,93.00,0.00
2023-01-30,27.50,91.50,
2023-01-30,27.50,91.75,0.00
2023-01-30,27.50,92.00,0.00
2023-01-30,27.50,92.25,0.00
2023-01-30,27.50,92.50,0.00
2023-01-30,27.50,92.75,0.00
2023-01-30,27.50,93.00,0.00
2023-01-30,27.75,91.50,0.00
2023-01-30,27.75,91.75,0.00
2023-01-30,27.75,92.00,0.00
2023-01-30,27.75,92.25,0.00
2023-01-30,27.75,92.50,0.00
2023-01-30,27.75,92.75,0.00
2023-01-30,27.75,93.00,0.00
2023-01-30,28.00,91.50,0.00
2023-01-30,28.00,91.75,0.00
2023-01-30,28.00,92.00,0.00
2023-01-30,28.00,92.25,0.00
2023-01-30,28.00,92.50,0.00
2023-01-30,28.00,92.75,0.00
2023-01-30,28.00,93.00,0.00
2023-01-31,25.75,91.50,0.00
2023-01-31,25.75,91.75,0.00
2023-01-31,25.75,92.00,0.00
2023-01-31,25.75,92.25,0.00
2023-01-31,25.75,92.50,0.00
2023-01-31,25.75,92.75,0.00
2023-01-31,25.75,93.00,0.00
2023-01-31,26.00,91.50,0.00
2023-01-31,26.00,91.75,0.00
2023-01-31,26.00,92.00,0.00
2023-01-31,26.00,92.25,0.00
2023-01-31,26.00,92.50,0.00
2023-01-31,26.00,92.75,0.00
2023-01-31,26.00,93.00,0.00
2023-01-31,26.25,91.50,0.00
2023-01-31,26.25,91.75,0.00
2023-01-31,26.25,92.00,0.00
2023-01-31,26.25,92.25,0.00
2023-01-31,26.25,92.50,0.00
2023-01-31,26.25,92.75,0.00
2023-01-31,26.25,93.00,0.00
2023-01-31,26.50,91.50,0.00
2023-01-31,26.50,91.75,0.00
2023-01-31,26.50,92.00,0.00
2023-01-31,26.50,92.25,0.00
2023-01-31,26.50,92.50,0.00
2023-01-31,26.50,92.75,0.00
2023-01-31,26.50,93.00,0.00
2023-01-31,26.75,91.50,0.00
2023-01-31,26.75,91.75,0.00
2023-01-31,26.75,92.00,0.00
2023-01-31,26.75,92.25,0.00
2023-01-31,26.75,92.50,0.00
2023-01-31,26.75,92.75,0.00
2023-01-31,26.75,93.00,0.00
2023-01-31,27.00,91.50,0.00
2023-01-31,27.00,91.75,0.00
2023-01-31,27.00,92.00,0.00
2023-01-31,27.00,92.25,0.00
2023-01-31,27.00,92.50,0.00
2023-01-31,27.00,92.75,0.00
2023-01-31,27.00,93.00,0.00
2023-01-31,27.25,91.50,
2023-01-31,27.25,91.75,
2023-01-31,27.25,92.00,0.00
2023-01-31,27.25,92.25,0.00
2023-01-31,27.25,92.50,0.00
2023-01-31,27.25,92.75,0.00
2023-01-31,27.25,93.00,0.00
2023-01-31,27.50,91.50,
2023-01-31,27.50,91.75,0.00
2023-01-31,27.50,92.00,0.00
2023-01-31,27.50,92.25,0.00
2023-01-31,27.50,92.50,0.00
2023-01-31,27.50,92.75,0.00
2023-01-31,27.50,93.00,0.00
2023-01-31,27.75,91.50,0.00
2023-01-31,27.75,91.75,0.00
2023-01-31,27.75,92.00,0.00
2023-01-31,27.75,92.25,0.00
2023-01-31,27.75,92.50,0.00
2023-01-31,27.75,92.75,0.00
2023-01-31,27.75,93.00,0.00
2023-01-31,28.00,91.50,0.00
2023-01-31,28.00,91.75,0.00
2023-01-31,28.00,92.00,0.00
2023-01-31,28.00,92.25,0.00
2023-01-31,28.00,92.50,0.00
2023-01-31,28.00,92.75,0.00
2023-01-31,28.00,93.00,0.00
2023-02-01,25.75,91.50,0.00
2023-02-01,25.75,91.75,0.00
2023-02-01,25.75,92.00,0.00
2023-02-01,25.75,92.25,0.00
2023-02-01,25.75,92.50,0.00
2023-02-01,25.75,92.75,0.00
2023-02-01,25.75,93.00,0.00
2023-02-01,26.00,91.50,0.00
2023-02-01,26.00,91.75,0.00
2023-02-01,26.00,92.00,0.00
2023-02-01,26.00,92.25,0.00
2023-02-01,26.00,92.50,0.00
2023-02-01,26.00,92.75,0.00
2023-02-01,26.00,93.00,0.00
2023-02-01,26.25,91.50,0.00
2023-02-01,26.25,91.75,0.00
2023-02-01,26.25,92.00,0.00
2023-02-01,26.25,92.25,0.00
2023-02-01,26.25,92.50,0.00
2023-02-01,26.25,92.75,0.00
2023-02-01,26.25,93.00,0.00
2023-02-01,26.50,91.50,0.00
2023-02-01,26.50,91.75,0.00
2023-02-01,26.50,92.00,0.00
2023-02-01,26.50,92.25,0.00
2023-02-01,26.50,92.50,0.00
2023-02-01,26.50,92.75,0.00
2023-02-01,26.50,93.00,0.00
2023-02-01,26.75,91.50,0.00
2023-02-01,26.75,91.75,0.00
2023-02-01,26.75,92.00,0.00
2023-02-01,26.75,92.25,0.00
2023-02-01,26.75,92.50,0.00
2023-02-01,26.75,92.75,0.00
2023-02-01,26.75,93.00,0.00
2023-02-01,27.00,91.50,0.00
2023-02-01,27.00,91.75,0.00
2023-02-01,27.00,92.00,0.00
2023-02-01,27.00,92.25,0.00
2023-02-01,27.00,92.50,0.00
2023-02-01,27.00,92.75,0.00
2023-02-01,27.00,93.00,0.00
2023-02-01,27.25,91.50,
2023-02-01,27.25,91.75,
2023-02-01,27.25,92.00,0.00
2023-02-01,27.25,92.25,0.00
2023-02-01,27.25,92.50,0.00
2023-02-01,27.25,92.75,0.00
2023-02-01,27.25,93.00,0.00
2023-02-01,27.50,91.50,
2023-02-01,27.50,91.75,0.00
2023-02-01,27.50,92.00,0.00
2023-02-01,27.50,92.25,0.00
2023-02-01,27.50,92.50,0.00
2023-02-01,27.50,92.75,0.00
2023-02-01,27.50,93.00,0.00
2023-02-01,27.75,91.50,0.00
2023-02-01,27.75,91.75,0.00
2023-02-01,27.75,92.00,0.00
2023-02-01,27.75,92.25,0.00
2023-02-01,27.75,92.50,0.00
2023-02-01,27.75,92.75,0.00
2023-02-01,27.75,93.00,0.00
2023-02-01,28.00,91.50,0.00
2023-02-01,28.00,91.75,0.00
2023-02-01,28.00,92.00,0.00
2023-02-01,28.00,92.25,0.00
2023-02-01,28.00,92.50,0.00
2023-02-01,28.00,92.75,0.00
2023-02-01,28.00,93.00,0.00
2023-02-02,25.75,91.50,0.00
2023-02-02,25.75,91.75,0.00
2023-02-02,25.75,92.00,0.00
2023-02-02,25.75,92.25,0.00
2023-02-02,25.75,92.50,0.00
2023-02-02,25.75,92.75,0.00
2023-02-02,25.75,93.00,0.00
2023-02-02,26.00,91.50,0.00
2023-02-02,26.00,91.75,0.00
2023-02-02,26.00,92.00,0.00
2023-02-02,26.00,92.25,0.00
2023-02-02,26.00,92.50,0.00
2023-02-02,26.00,92.75,0.00
2023-02-02,26.00,93.00,0.00
2023-02-02,26.25,91.50,0.00
2023-02-02,26.25,91.75,0.00
2023-02-02,26.25,92.00,0.00
2023-02-02,26.25,92.25,0.00
2023-02-02,26.25,92.50,0.00
2023-02-02,26.25,92.75,0.00
2023-02-02,26.25,93.00,0.00
2023-02-02,26.50,91.50,0.00
2023-02-02,26.50,91.75,0.00
2023-02-02,26.50,92.00,0.00
2023-02-02,26.50,92.25,0.00
2023-02-02,26.50,92.50,0.00
2023-02-02,26.50,92.75,0.00
2023-02-02,26.50,93.00,0.00
2023-02-02,26.75,91.50,0.00
2023-02-02,26.75,91.75,0.00
2023-02-02,26.75,92.00,0.00
2023-02-02,26.75,92.25,0.00
2023-02-02,26.75,92.50,0.00
2023-02-02,26.75,92.75,0.00
2023-02-02,26.75,93.00,0.00
2023-02-02,27.00,91.50,0.00
2023-02-02,27.00,91.75,0.00
2023-02-02,27.00,92.00,0.00
2023-02-02,27.00,92.25,0.00
2023-02-02,27.00,92.50,0.00
2023-02-02,27.00,92.75,0.00
2023-02-02,27.00,93.00,0.00
2023-02-02,27.25,91.50,
2023-02-02,27.25,91.75,
2023-02-02,27.25,92.00,0.00
2023-02-02,27.25,92.25,0.00
2023-02-02,27.25,92.50,0.00
2023-02-02,27.25,92.75,0.00
2023-02-02,27.25,93.00,0.00
2023-02-02,27.50,91.50,
2023-02-02,27.50,91.75,0.00
2023-02-02,27.50,92.00,0.00
2023-02-02,27.50,92.25,0.00
2023-02-02,27.50,92.50,0.00
2023-02-02,27.50,92.75,0.00
2023-02-02,27.50,93.00,0.00
2023-02-02,27.75,91.50,0.00
2023-02-02,27.75,91.75,0.00
2023-02-02,27.75,92.00,0.00
2023-02-02,27.75,92.25,0.00
2023-02-02,27.75,92.50,0.00
2023-02-02,27.75,92.75,0.00
2023-02-02,27.75,93.00,0.00
2023-02-02,28.00,91.50,0.00
2023-02-02,28.00,91.75,0.00
2023-02-02,28.00,92.00,0.00
2023-02-02,28.00,92.25,0.00
2023-02-02,28.00,92.50,0.00
2023-02-02,28.00,92.75,0.00
2023-02-02,28.00,93.00,0.00
2023-02-03,25.75,91.50,0.00
2023-02-03,25.75,91.75,0.00
2023-02-03,25.75,92.00,0.00
2023-02-03,25.75,92.25,0.00
2023-02-03,25.75,92.50,0.00
2023-02-03,25.75,92.75,0.00
2023-02-03,25.75,93.00,0.00
2023-02-03,26.00,91.50,0.00
2023-02-03,26.00,91.75,0.00
2023-02-03,26.00,92.00,0.00
2023-02-03,26.00,92.25,0.00
2023-02-03,26.00,92.50,0.00
2023-02-03,26.00,92.75,0.00
2023-02-03,26.00,93.00,0.00
2023-02-03,26.25,91.50,0.00
2023-02-03,26.25,91.75,0.00
2023-02-03,26.25,92.00,0.00
2023-02-03,26.25,92.25,0.00
2023-02-03,26.25,92.50,0.00
2023-02-03,26.25,92.75,0.00
2023-02-03,26.25,93.00,0.00
2023-02-03,26.50,91.50,0.00
2023-02-03,26.50,91.75,0.00
2023-02-03,26.50,92.00,0.00
2023-02-03,26.50,92.25,0.00
2023-02-03,26.50,92.50,0.00
2023-02-03,26.50,92.75,0.00
2023-02-03,26.50,93.00,0.00
2023-02-03,26.75,91.50,0.00
2023-02-03,26.75,91.75,0.00
2023-02-03,26.75,92.00,0.00
2023-02-03,26.75,92.25,0.00
2023-02-03,26.75,92.50,0.00
2023-02-03,26.75,92.75,0.00
2023-02-03,26.75,93.00,0.00
2023-02-03,27.00,91.50,0.00
2023-02-03,27.00,91.75,0.00
2023-02-03,27.00,92.00,0.00
2023-02-03,27.00,92.25,0.00
2023-02-03,27.00,92.50,0.00
2023-02-03,27.00,92.75,0.00
2023-02-03,27.00,93.00,0.00
2023-02-03,27.25,91.50,
2023-02-03,27.25,91.75,
2023-02-03,27.25,92.00,0.00
2023-02-03,27.25,92.25,0.00
2023-02-03,27.25,92.50,0.00
2023-02-03,27.25,92.75,0.00
2023-02-03,27.25,93.00,0.00
2023-02-03,27.50,91.50,
2023-02-03,27.50,91.75,0.00
2023-02-03,27.50,92.00,0.00
2023-02-03,27.50,92.25,0.00
2023-02-03,27.50,92.50,0.00
2023-02-03,27.50,92.75,0.00
2023-02-03,27.50,93.00,0.00
2023-02-03,27.75,91.50,0.00
2023-02-03,27.75,91.75,0.00
2023-02-03,27.75,92.00,0.00
2023-02-03,27.75,92.25,0.00
2023-02-03,27.75,92.50,0.00
2023-02-03,27.75,92.75,0.00
2023-02-03,27.75,93.00,0.00
2023-02-03,28.00,91.50,0.00
2023-02-03,28.00,91.75,0.00
2023-02-03,28.00,92.00,0.00
2023-02-03,28.00,92.25,0.00
2023-02-03,28.00,92.50,0.00
2023-02-03,28.00,92.75,0.00
2023-02-03,28.00,93.00,0.00
2023-02-04,25.75,91.50,0.00
2023-02-04,25.75,91.75,0.00
2023-02-04,25.75,92.00,0.00
2023-02-04,25.75,92.25,0.00
2023-02-04,25.75,92.50,0.00
2023-02-04,25.75,92.75,0.00
2023-02-04,25.75,93.00,0.00
2023-02-04,26.00,91.50,0.00
2023-02-04,26.00,91.75,0.00
2023-02-04,26.00,92.00,0.00
2023-02-04,26.00,92.25,0.00
2023-02-04,26.00,92.50,0.00
2023-02-04,26.00,92.75,0.00
2023-02-04,26.00,93.00,0.00
2023-02-04,26.25,91.50,0.00
2023-02-04,26.25,91.75,0.00
2023-02-04,26.25,92.00,0.00
2023-02-04,26.25,92.25,0.00
2023-02-04,26.25,92.50,0.00
2023-02-04,26.25,92.75,0.00
2023-02-04,26.25,93.00,0.00
2023-02-04,26.50,91.50,0.00
2023-02-04,26.50,91.75,0.00
2023-02-04,26.50,92.00,0.00
2023-02-04,26.50,92.25,0.00
2023-02-04,26.50,92.50,0.00
2023-02-04,26.50,92.75,0.00
2023-02-04,26.50,93.00,0.00
2023-02-04,26.75,91.50,0.00
2023-02-04,26.75,91.75,0.00
2023-02-04,26.75,92.00,0.00
2023-02-04,26.75,92.25,0.00
2023-02-04,26.75,92.50,0.00
2023-02-04,26.75,92.75,0.00
2023-02-04,26.75,93.00,0.00
2023-02-04,27.00,91.50,0.00
2023-02-04,27.00,91.75,0.00
2023-02-04,27.00,92.00,0.00
2023-02-04,27.00,92.25,0.00
2023-02-04,27.00,92.50,0.00
2023-02-04,27.00,92.75,0.00
2023-02-04,27.00,93.00,0.00
2023-02-04,27.25,91.50,
2023-02-04,27.25,91.75,
2023-02-04,27.25,92.00,0.00
2023-02-04,27.25,92.25,0.00
2023-02-04,27.25,92.50,0.00
2023-02-04,27.25,92.75,0.00
2023-02-04,27.25,93.00,0.00
2023-02-04,27.50,91.50,
2023-02-04,27.50,91.75,0.00
2023-02-04,27.50,92.00,0.00
2023-02-04,27.50,92.25,0.00
2023-02-04,27.50,92.50,0.00
2023-02-04,27.50,92.75,0.00
2023-02-04,27.50,93.00,0.00
2023-02-04,27.75,91.50,0.00
2023-02-04,27.75,91.75,0.00
2023-02-04,27.75,92.00,0.00
2023-02-04,27.75,92.25,0.00
2023-02-04,27.75,92.50,0.00
2023-02-04,27.75,92.75,0.00
2023-02-04,27.75,93.00,0.00
2023-02-04,28.00,91.50,0.00
2023-02-04,28.00,91.75,0.00
2023-02-04,28.00,92.00,0.00
2023-02-04,28.00,92.25,0.00
2023-02-04,28.00,92.50,0.00
2023-02-04,28.00,92.75,0.00
2023-02-04,28.00,93.00,0.00
2023-02-05,25.75,91.50,0.00
2023-02-05,25.75,91.75,0.00
2023-02-05,25.75,92.00,0.00
2023-02-05,25.75,92.25,0.00
2023-02-05,25.75,92.50,0.00
2023-02-05,25.75,92.75,0.00
2023-02-05,25.75,93.00,0.00
2023-02-05,26.00,91.50,0.00
2023-02-05,26.00,91.75,0.00
2023-02-05,26.00,92.00,0.00
2023-02-05,26.00,92.25,0.00
2023-02-05,26.00,92.50,0.00
2023-02-05,26.00,92.75,0.00
2023-02-05,26.00,93.00,0.00
2023-02-05,26.25,91.50,0.00
2023-02-05,26.25,91.75,0.00
2023-02-05,26.25,92.00,0.00
2023-02-05,26.25,92.25,0.00
2023-02-05,26.25,92.50,0.00
2023-02-05,26.25,92.75,0.00
2023-02-05,26.25,93.00,0.00
2023-02-05,26.50,91.50,0.00
2023-02-05,26.50,91.75,0.00
2023-02-05,26.50,92.00,0.00
2023-02-05,26.50,92.25,0.00
2023-02-05,26.50,92.50,0.00
2023-02-05,26.50,92.75,0.00
2023-02-05,26.50,93.00,0.00
2023-02-05,26.75,91.50,0.00
2023-02-05,26.75,91.75,0.00
2023-02-05,26.75,92.00,0.00
2023-02-05,26.75,92.25,0.00
2023-02-05,26.75,92.50,0.00
2023-02-05,26.75,92.75,0.00
2023-02-05,26.75,93.00,0.00
2023-02-05,27.00,91.50,0.00
2023-02-05,27.00,91.75,0.00
2023-02-05,27.00,92.00,0.00
2023-02-05,27.00,92.25,0.00
2023-02-05,27.00,92.50,0.00
2023-02-05,27.00,92.75,0.00
2023-02-05,27.00,93.00,0.00
2023-02-05,27.25,91.50,
2023-02-05,27.25,91.75,
2023-02-05,27.25,92.00,0.00
2023-02-05,27.25,92.25,0.00
2023-02-05,27.25,92.50,0.00
2023-02-05,27.25,92.75,0.00
2023-02-05,27.25,93.00,0.00
2023-02-05,27.50,91.50,
2023-02-05,27.50,91.75,0.00
2023-02-05,27.50,92.00,0.00
2023-02-05,27.50,92.25,0.00
2023-02-05,27.50,92.50,0.00
2023-02-05,27.50,92.75,0.00
2023-02-05,27.50,93.00,0.00
2023-02-05,27.75,91.50,0.00
2023-02-05,27.75,91.75,0.00
2023-02-05,27.75,92.00,0.00
2023-02-05,27.75,92.25,0.00
2023-02-05,27.75,92.50,0.00
2023-02-05,27.75,92.75,0.00
2023-02-05,27.75,93.00,0.00
2023-02-05,28.00,91.50,0.00
2023-02-05,28.00,91.75,0.00
2023-02-05,28.00,92.00,0.00
2023-02-05,28.00,92.25,0.00
2023-02-05,28.00,92.50,0.00
2023-02-05,28.00,92.75,0.00
2023-02-05,28.00,93.00,0.00
2023-02-06,25.75,91.50,0.00
2023-02-06,25.75,91.75,0.00
2023-02-06,25.75,92.00,0.00
2023-02-06,25.75,92.25,0.00
2023-02-06,25.75,92.50,0.00
2023-02-06,25.75,92.75,0.00
2023-02-06,25.75,93.00,0.00
2023-02-06,26.00,91.50,0.00
2023-02-06,26.00,91.75,0.00
2023-02-06,26.00,92.00,0.00
2023-02-06,26.00,92.25,0.00
2023-02-06,26.00,92.50,0.00
2023-02-06,26.00,92.75,0.00
2023-02-06,26.00,93.00,0.00
2023-02-06,26.25,91.50,0.00
2023-02-06,26.25,91.75,0.00
2023-02-06,26.25,92.00,0.00
2023-02-06,26.25,92.25,0.00
2023-02-06,26.25,92.50,0.00
2023-02-06,26.25,92.75,0.00
2023-02-06,26.25,93.00,0.00
2023-02-06,26.50,91.50,0.00
2023-02-06,26.50,91.75,0.00
2023-02-06,26.50,92.00,0.00
2023-02-06,26.50,92.25,0.00
2023-02-06,26.50,92.50,0.00
2023-02-06,26.50,92.75,0.00
2023-02-06,26.50,93.00,0.00
2023-02-06,26.75,91.50,0.00
2023-02-06,26.75,91.75,0.00
2023-02-06,26.75,92.00,0.00
2023-02-06,26.75,92.25,0.00
2023-02-06,26.75,92.50,0.00
2023-02-06,26.75,92.75,0.00
2023-02-06,26.75,93.00,0.00
2023-02-06,27.00,91.50,0.00
2023-02-06,27.00,91.75,0.00
2023-02-06,27.00,92.00,0.00
2023-02-06,27.00,92.25,0.00
2023-02-06,27.00,92.50,1.81
2023-02-06,27.00,92.75,2.76
2023-02-06,27.00,93.00,0.45
2023-02-06,27.25,91.50,
2023-02-06,27.25,91.75,
2023-02-06,27.25,92.00,0.00
2023-02-06,27.25,92.25,1.11
2023-02-06,27.25,92.50,5.67
2023-02-06,27.25,92.75,6.29
2023-02-06,27.25,93.00,2.07
2023-02-06,27.50,91.50,
2023-02-06,27.50,91.75,0.00
2023-02-06,27.50,92.00,0.00
2023-02-06,27.50,92.25,2.02
2023-02-06,27.50,92.50,4.60
2023-02-06,27.50,92.75,5.18
2023-02-06,27.50,93.00,2.75
2023-02-06,27.75,91.50,0.00
2023-02-06,27.75,91.75,0.00
2023-02-06,27.75,92.00,0.00
2023-02-06,27.75,92.25,1.89
2023-02-06,27.75,92.50,2.56
2023-02-06,27.75,92.75,1.47
2023-02-06,27.75,93.00,0.34
2023-02-06,28.00,91.50,0.00
2023-02-06,28.00,91.75,0.00
2023-02-06,28.00,92.00,0.80
2023-02-06,28.00,92.25,2.16
2023-02-06,28.00,92.50,1.31
2023-02-06,28.00,92.75,0.61
2023-02-06,28.00,93.00,0.12
2023-02-07,25.75,91.50,0.00
2023-02-07,25.75,91.75,0.00
2023-02-07,25.75,92.00,0.00
2023-02-07,25.75,92.25,0.10
2023-02-07,25.75,92.50,0.00
2023-02-07,25.75,92.75,0.00
2023-02-07,25.75,93.00,0.00
2023-02-07,26.00,91.50,0.00
2023-02-07,26.00,91.75,0.00
2023-02-07,26.00,92.00,0.00
2023-02-07,26.00,92.25,0.21
2023-02-07,26.00,92.50,0.39
2023-02-07,26.00,92.75,0.00
2023-02-07,26.00,93.00,0.00
2023-02-07,26.25,91.50,0.00
2023-02-07,26.25,91.75,0.00
2023-02-07,26.25,92.00,0.02
2023-02-07,26.25,92.25,1.58
2023-02-07,26.25,92.50,0.89
2023-02-07,26.25,92.75,0.01
2023-02-07,26.25,93.00,0.00
2023-02-07,26.50,91.50,0.00
2023-02-07,26.50,91.75,0.00
2023-02-07,26.50,92.00,0.00
2023-02-07,26.50,92.25,0.00
2023-02-07,26.50,92.50,0.05
2023-02-07,26.50,92.75,0.13
2023-02-07,26.50,93.00,0.00
2023-02-07,26.75,91.50,0.00
2023-02-07,26.75,91.75,0.00
2023-02-07,26.75,92.00,0.00
2023-02-07,26.75,92.25,0.00
2023-02-07,26.75,92.50,0.00
2023-02-07,26.75,92.75,0.00
2023-02-07,26.75,93.00,0.00
2023-02-07,27.00,91.50,0.00
2023-02-07,27.00,91.75,0.00
2023-02-07,27.00,92.00,0.00
2023-02-07,27.00,92.25,0.00
2023-02-07,27.00,92.50,0.53
2023-02-07,27.00,92.75,0.81
2023-02-07,27.00,93.00,0.13
2023-02-07,27.25,91.50,
2023-02-07,27.25,91.75,
2023-02-07,27.25,92.00,0.00
2023-02-07,27.25,92.25,0.32
2023-02-07,27.25,92.50,1.65
2023-02-07,27.25,92.75,1.84
2023-02-07,27.25,93.00,0.69
2023-02-07,27.50,91.50,
2023-02-07,27.50,91.75,0.00
2023-02-07,27.50,92.00,0.00
2023-02-07,27.50,92.25,0.59
2023-02-07,27.50,92.50,1.43
2023-02-07,27.50,92.75,1.70
2023-02-07,27.50,93.00,1.46
2023-02-07,27.75,91.50,0.00
2023-02-07,27.75,91.75,0.00
2023-02-07,27.75,92.00,0.00
2023-02-07,27.75,92.25,0.77
2023-02-07,27.75,92.50,1.16
2023-02-07,27.75,92.75,1.68
2023-02-07,27.75,93.00,1.53
2023-02-07,28.00,91.50,0.00
2023-02-07,28.00,91.75,0.00
2023-02-07,28.00,92.00,0.23
2023-02-07,28.00,92.25,0.81
2023-02-07,28.00,92.50,1.27
2023-02-07,28.00,92.75,1.76
2023-02-07,28.00,93.00,1.64
2023-02-08,25.75,91.50,0.00
2023-02-08,25.75,91.75,0.00
2023-02-08,25.75,92.00,0.00
2023-02-08,25.75,92.25,0.00
2023-02-08,25.75,92.50,0.00
2023-02-08,25.75,92.75,0.00
2023-02-08,25.75,93.00,0.00
2023-02-08,26.00,91.50,0.00
2023-02-08,26.00,91.75,0.00
2023-02-08,26.00,92.00,0.00
2023-02-08,26.00,92.25,0.00
2023-02-08,26.00,92.50,0.03
2023-02-08,26.00,92.75,0.22
2023-02-08,26.00,93.00,0.07
2023-02-08,26.25,91.50,0.00
2023-02-08,26.25,91.75,0.00
2023-02-08,26.25,92.00,0.00
2023-02-08,26.25,92.25,2.11
2023-02-08,26.25,92.50,1.96
2023-02-08,26.25,92.75,0.50
2023-02-08,26.25,93.00,0.25
2023-02-08,26.50,91.50,0.00
2023-02-08,26.50,91.75,0.19
2023-02-08,26.50,92.00,0.76
2023-02-08,26.50,92.25,4.10
2023-02-08,26.50,92.50,2.95
2023-02-08,26.50,92.75,1.82
2023-02-08,26.50,93.00,0.27
2023-02-08,26.75,91.50,0.00
2023-02-08,26.75,91.75,0.05
2023-02-08,26.75,92.00,1.88
2023-02-08,26.75,92.25,1.71
2023-02-08,26.75,92.50,6.84
2023-02-08,26.75,92.75,15.83
2023-02-08,26.75,93.00,15.50
2023-02-08,27.00,91.50,0.00
2023-02-08,27.00,91.75,0.12
2023-02-08,27.00,92.00,0.67
2023-02-08,27.00,92.25,51.13
2023-02-08,27.00,92.50,34.76
2023-02-08,27.00,92.75,22.42
2023-02-08,27.00,93.00,20.35
2023-02-08,27.25,91.50,
2023-02-08,27.25,91.75,
2023-02-08,27.25,92.00,0.67
2023-02-08,27.25,92.25,20.72
2023-02-08,27.25,92.50,7.91
2023-02-08,27.25,92.75,6.57
2023-02-08,27.25,93.00,18.34
2023-02-08,27.50,91.50,
2023-02-08,27.50,91.75,1.35
2023-02-08,27.50,92.00,3.85
2023-02-08,27.50,92.25,11.76
2023-02-08,27.50,92.50,8.72
2023-02-08,27.50,92.75,6.32
2023-02-08,27.50,93.00,7.54
2023-02-08,27.75,91.50,0.00
2023-02-08,27.75,91.75,1.08
2023-02-08,27.75,92.00,4.25
2023-02-08,27.75,92.25,14.14
2023-02-08,27.75,92.50,8.83
2023-02-08,27.75,92.75,8.46
2023-02-08,27.75,93.00,9.66
2023-02-08,28.00,91.50,0.00
2023-02-08,28.00,91.75,0.72
2023-02-08,28.00,92.00,0.11
2023-02-08,28.00,92.25,4.45
2023-02-08,28.00,92.50,9.20
2023-02-08,28.00,92.75,9.07
2023-02-08,28.00,93.00,9.95
2023-02-09,25.75,91.50,0.00
2023-02-09,25.75,91.75,0.00
2023-02-09,25.75,92.00,0.00
2023-02-09,25.75,92.25,0.00
2023-02-09,25.75,92.50,0.00
2023-02-09,25.75,92.75,0.00
2023-02-09,25.75,93.00,0.09
2023-02-09,26.00,91.50,0.00
2023-02-09,26.00,91.75,0.00
2023-02-09,26.00,92.00,0.00
2023-02-09,26.00,92.25,0.00
2023-02-09,26.00,92.50,0.00
2023-02-09,26.00,92.75,0.02
2023-02-09,26.00,93.00,0.11
2023-02-09,26.25,91.50,0.00
2023-02-09,26.25,91.75,0.00
2023-02-09,26.25,92.00,0.00
2023-02-09,26.25,92.25,4.59
2023-02-09,26.25,92.50,3.70
2023-02-09,26.25,92.75,0.19
2023-02-09,26.25,93.00,0.13
2023-02-09,26.50,91.50,0.00
2023-02-09,26.50,91.75,0.00
2023-02-09,26.50,92.00,0.00
2023-02-09,26.50,92.25,6.23
2023-02-09,26.50,92.50,1.36
2023-02-09,26.50,92.75,1.07
2023-02-09,26.50,93.00,0.08
2023-02-09,26.75,91.50,0.00
2023-02-09,26.75,91.75,0.00
2023-02-09,26.75,92.00,0.00
2023-02-09,26.75,92.25,0.00
2023-02-09,26.75,92.50,0.00
2023-02-09,26.75,92.75,0.00
2023-02-09,26.75,93.00,1.90
2023-02-09,27.00,91.50,0.46
2023-02-09,27.00,91.75,0.98
2023-02-09,27.00,92.00,0.36
2023-02-09,27.00,92.25,0.00
2023-02-09,27.00,92.50,0.78
2023-02-09,27.00,92.75,2.26
2023-02-09,27.00,93.00,2.76
2023-02-09,27.25,91.50,
2023-02-09,27.25,91.75,
2023-02-09,27.25,92.00,0.12
2023-02-09,27.25,92.25,0.55
2023-02-09,27.25,92.50,2.45
2023-02-09,27.25,92.75,2.87
2023-02-09,27.25,93.00,3.10
2023-02-09,27.50,91.50,
2023-02-09,27.50,91.75,0.20
2023-02-09,27.50,92.00,0.23
2023-02-09,27.50,92.25,0.98
2023-02-09,27.50,92.50,2.17
2023-02-09,27.50,92.75,3.26
2023-02-09,27.50,93.00,3.13
2023-02-09,27.75,91.50,0.06
2023-02-09,27.75,91.75,0.13
2023-02-09,27.75,92.00,0.21
2023-02-09,27.75,92.25,1.25
2023-02-09,27.75,92.50,3.18
2023-02-09,27.75,92.75,3.84
2023-02-09,27.75,93.00,3.94
2023-02-09,28.00,91.50,0.08
2023-02-09,28.00,91.75,0.11
2023-02-09,28.00,92.00,0.45
2023-02-09,28.00,92.25,2.66
2023-02-09,28.00,92.50,3.65
2023-02-09,28.00,92.75,3.91
2023-02-09,28.00,93.00,4.09
2023-02-10,25.75,91.50,0.00
2023-02-10,25.75,91.75,0.00
2023-02-10,25.75,92.00,0.00
2023-02-10,25.75,92.25,0.00
2023-02-10,25.75,92.50,0.00
2023-02-10,25.75,92.75,0.00
2023-02-10,25.75,93.00,0.00
2023-02-10,26.00,91.50,0.00
2023-02-10,26.00,91.75,0.00
2023-02-10,26.00,92.00,0.00
2023-02-10,26.00,92.25,0.00
2023-02-10,26.00,92.50,0.00
2023-02-10,26.00,92.75,0.00
2023-02-10,26.00,93.00,0.00
2023-02-10,26.25,91.50,0.00
2023-02-10,26.25,91.75,0.00
2023-02-10,26.25,92.00,0.00
2023-02-10,26.25,92.25,0.00
2023-02-10,26.25,92.50,0.00
2023-02-10,26.25,92.75,0.00
2023-02-10,26.25,93.00,0.00
2023-02-10,26.50,91.50,0.00
2023-02-10,26.50,91.75,0.00
2023-02-10,26.50,92.00,0.00
2023-02-10,26.50,92.25,0.00
2023-02-10,26.50,92.50,0.00
2023-02-10,26.50,92.75,0.00
2023-02-10,26.50,93.00,0.00
2023-02-10,26.75,91.50,0.00
2023-02-10,26.75,91.75,0.00
2023-02-10,26.75,92.00,0.00
2023-02-10,26.75,92.25,0.00
2023-02-10,26.75,92.50,0.00
2023-02-10,26.75,92.75,0.00
2023-02-10,26.75,93.00,0.06
2023-02-10,27.00,91.50,0.00
2023-02-10,27.00,91.75,0.00
2023-02-10,27.00,92.00,0.00
2023-02-10,27.00,92.25,0.00
2023-02-10,27.00,92.50,0.00
2023-02-10,27.00,92.75,0.00
2023-02-10,27.00,93.00,0.06
2023-02-10,27.25,91.50,
2023-02-10,27.25,91.75,
2023-02-10,27.25,92.00,0.00
2023-02-10,27.25,92.25,0.00
2023-02-10,27.25,92.50,0.00
2023-02-10,27.25,92.75,0.00
2023-02-10,27.25,93.00,0.21
2023-02-10,27.50,91.50,
2023-02-10,27.50,91.75,0.00
2023-02-10,27.50,92.00,0.00
2023-02-10,27.50,92.25,0.00
2023-02-10,27.50,92.50,0.00
2023-02-10,27.50,92.75,0.09
2023-02-10,27.50,93.00,0.78
2023-02-10,27.75,91.50,0.00
2023-02-10,27.75,91.75,0.00
2023-02-10,27.75,92.00,0.00
2023-02-10,27.75,92.25,0.00
2023-02-10,27.75,92.50,0.07
2023-02-10,27.75,92.75,0.59
2023-02-10,27.75,93.00,1.39
2023-02-10,28.00,91.50,0.00
2023-02-10,28.00,91.75,0.00
2023-02-10,28.00,92.00,0.00
2023-02-10,28.00,92.25,0.00
2023-02-10,28.00,92.50,0.13
2023-02-10,28.00,92.75,0.91
2023-02-10,28.00,93.00,1.68
2023-02-11,25.75,91.50,0.00
2023-02-11,25.75,91.75,0.00
2023-02-11,25.75,92.00,0.00
2023-02-11,25.75,92.25,0.00
2023-02-11,25.75,92.50,0.00
2023-02-11,25.75,92.75,0.00
2023-02-11,25.75,93.00,0.00
2023-02-11,26.00,91.50,0.00
2023-02-11,26.00,91.75,0.00
2023-02-11,26.00,92.00,0.00
2023-02-11,26.00,92.25,0.00
2023-02-11,26.00,92.50,0.00
2023-02-11,26.00,92.75,0.00
2023-02-11,26.00,93.00,0.00
2023-02-11,26.25,91.50,0.00
2023-02-11,26.25,91.75,0.00
2023-02-11,26.25,92.00,0.00
2023-02-11,26.25,92.25,0.00
2023-02-11,26.25,92.50,0.00
2023-02-11,26.25,92.75,0.00
2023-02-11,26.25,93.00,0.00
2023-02-11,26.50,91.50,0.00
2023-02-11,26.50,91.75,0.00
2023-02-11,26.50,92.00,0.00
2023-02-11,26.50,92.25,0.00
2023-02-11,26.50,92.50,0.00
2023-02-11,26.50,92.75,0.00
2023-02-11,26.50,93.00,0.00
2023-02-11,26.75,91.50,0.00
2023-02-11,26.75,91.75,0.00
2023-02-11,26.75,92.00,0.00
2023-02-11,26.75,92.25,0.00
2023-02-11,26.75,92.50,0.00
2023-02-11,26.75,92.75,0.00
2023-02-11,26.75,93.00,0.16
2023-02-11,27.00,91.50,0.00
2023-02-11,27.00,91.75,0.00
2023-02-11,27.00,92.00,0.00
2023-02-11,27.00,92.25,0.00
2023-02-11,27.00,92.50,0.00
2023-02-11,27.00,92.75,0.16
2023-02-11,27.00,93.00,0.27
2023-02-11,27.25,91.50,
2023-02-11,27.25,91.75,
2023-02-11,27.25,92.00,0.00
2023-02-11,27.25,92.25,0.00
2023-02-11,27.25,92.50,0.00
2023-02-11,27.25,92.75,0.02
2023-02-11,27.25,93.00,0.23
2023-02-11,27.50,91.50,
2023-02-11,27.50,91.75,0.00
2023-02-11,27.50,92.00,0.00
2023-02-11,27.50,92.25,0.00
2023-02-11,27.50,92.50,0.49
2023-02-11,27.50,92.75,2.22
2023-02-11,27.50,93.00,4.15
2023-02-11,27.75,91.50,0.00
2023-02-11,27.75,91.75,0.00
2023-02-11,27.75,92.00,0.00
2023-02-11,27.75,92.25,1.13
2023-02-11,27.75,92.50,5.91
2023-02-11,27.75,92.75,8.91
2023-02-11,27.75,93.00,10.60
2023-02-11,28.00,91.50,0.00
2023-02-11,28.00,91.75,0.00
2023-02-11,28.00,92.00,0.00
2023-02-11,28.00,92.25,4.88
2023-02-11,28.00,92.50,8.79
2023-02-11,28.00,92.75,10.34
2023-02-11,28.00,93.00,11.45
2023-02-12,25.75,91.50,0.00
2023-02-12,25.75,91.75,0.00
2023-02-12,25.75,92.00,0.00
2023-02-12,25.75,92.25,0.00
2023-02-12,25.75,92.50,0.00
2023-02-12,25.75,92.75,0.00
2023-02-12,25.75,93.00,0.00
2023-02-12,26.00,91.50,0.00
2023-02-12,26.00,91.75,0.00
2023-02-12,26.00,92.00,0.00
2023-02-12,26.00,92.25,0.00
2023-02-12,26.00,92.50,0.00
2023-02-12,26.00,92.75,0.00
2023-02-12,26.00,93.00,0.00
2023-02-12,26.25,91.50,0.00
2023-02-12,26.25,91.75,0.00
2023-02-12,26.25,92.00,0.00
2023-02-12,26.25,92.25,0.00
2023-02-12,26.25,92.50,0.00
2023-02-12,26.25,92.75,0.00
2023-02-12,26.25,93.00,0.00
2023-02-12,26.50,91.50,0.00
2023-02-12,26.50,91.75,0.00
2023-02-12,26.50,92.00,0.00
2023-02-12,26.50,92.25,0.00
2023-02-12,26.50,92.50,0.00
2023-02-12,26.50,92.75,0.00
2023-02-12,26.50,93.00,0.00
2023-02-12,26.75,91.50,0.00
2023-02-12,26.75,91.75,0.00
2023-02-12,26.75,92.00,0.00
2023-02-12,26.75,92.25,0.00
2023-02-12,26.75,92.50,0.00
2023-02-12,26.75,92.75,0.00
2023-02-12,26.75,93.00,0.00
2023-02-12,27.00,91.50,0.00
2023-02-12,27.00,91.75,0.00
2023-02-12,27.00,92.00,0.00
2023-02-12,27.00,92.25,0.00
2023-02-12,27.00,92.50,0.00
2023-02-12,27.00,92.75,0.00
2023-02-12,27.00,93.00,0.00
2023-02-12,27.25,91.50,
2023-02-12,27.25,91.75,
2023-02-12,27.25,92.00,0.00
2023-02-12,27.25,92.25,0.00
2023-02-12,27.25,92.50,0.00
2023-02-12,27.25,92.75,0.44
2023-02-12,27.25,93.00,0.23
2023-02-12,27.50,91.50,
2023-02-12,27.50,91.75,0.00
2023-02-12,27.50,92.00,0.00
2023-02-12,27.50,92.25,0.00
2023-02-12,27.50,92.50,1.08
2023-02-12,27.50,92.75,3.04
2023-02-12,27.50,93.00,3.30
2023-02-12,27.75,91.50,0.00
2023-02-12,27.75,91.75,0.00
2023-02-12,27.75,92.00,0.00
2023-02-12,27.75,92.25,1.76
2023-02-12,27.75,92.50,3.81
2023-02-12,27.75,92.75,5.36
2023-02-12,27.75,93.00,5.73
2023-02-12,28.00,91.50,0.00
2023-02-12,28.00,91.75,0.00
2023-02-12,28.00,92.00,0.29
2023-02-12,28.00,92.25,3.32
2023-02-12,28.00,92.50,5.11
2023-02-12,28.00,92.75,5.74
2023-02-12,28.00,93.00,5.96
2023-02-13,25.75,91.50,0.00
2023-02-13,25.75,91.75,0.00
2023-02-13,25.75,92.00,0.00
2023-02-13,25.75,92.25,0.00
2023-02-13,25.75,92.50,0.00
2023-02-13,25.75,92.75,0.02
2023-02-13,25.75,93.00,0.00
2023-02-13,26.00,91.50,0.00
2023-02-13,26.00,91.75,0.00
2023-02-13,26.00,92.00,0.00
2023-02-13,26.00,92.25,0.00
2023-02-13,26.00,92.50,0.39
2023-02-13,26.00,92.75,2.72
2023-02-13,26.00,93.00,0.92
2023-02-13,26.25,91.50,0.00
2023-02-13,26.25,91.75,0.00
2023-02-13,26.25,92.00,0.00
2023-02-13,26.25,92.25,1.96
2023-02-13,26.25,92.50,3.32
2023-02-13,26.25,92.75,4.91
2023-02-13,26.25,93.00,3.12
2023-02-13,26.50,91.50,0.00
2023-02-13,26.50,91.75,0.30
2023-02-13,26.50,92.00,1.27
2023-02-13,26.50,92.25,4.35
2023-02-13,26.50,92.50,2.65
2023-02-13,26.50,92.75,3.87
2023-02-13,26.50,93.00,1.43
2023-02-13,26.75,91.50,0.12
2023-02-13,26.75,91.75,0.97
2023-02-13,26.75,92.00,0.33
2023-02-13,26.75,92.25,3.67
2023-02-13,26.75,92.50,2.63
2023-02-13,26.75,92.75,3.16
2023-02-13,26.75,93.00,1.18
2023-02-13,27.00,91.50,1.27
2023-02-13,27.00,91.75,2.54
2023-02-13,27.00,92.00,1.29
2023-02-13,27.00,92.25,4.13
2023-02-13,27.00,92.50,3.05
2023-02-13,27.00,92.75,1.49
2023-02-13,27.00,93.00,1.40
2023-02-13,27.25,91.50,
2023-02-13,27.25,91.75,
2023-02-13,27.25,92.00,0.12
2023-02-13,27.25,92.25,1.70
2023-02-13,27.25,92.50,0.56
2023-02-13,27.25,92.75,0.44
2023-02-13,27.25,93.00,1.50
2023-02-13,27.50,91.50,
2023-02-13,27.50,91.75,0.56
2023-02-13,27.50,92.00,0.73
2023-02-13,27.50,92.25,1.06
2023-02-13,27.50,92.50,1.93
2023-02-13,27.50,92.75,6.12
2023-02-13,27.50,93.00,11.87
2023-02-13,27.75,91.50,0.13
2023-02-13,27.75,91.75,0.39
2023-02-13,27.75,92.00,0.75
2023-02-13,27.75,92.25,4.08
2023-02-13,27.75,92.50,16.22
2023-02-13,27.75,92.75,24.18
2023-02-13,27.75,93.00,28.83
2023-02-13,28.00,91.50,0.19
2023-02-13,28.00,91.75,0.30
2023-02-13,28.00,92.00,0.20
2023-02-13,28.00,92.25,13.19
2023-02-13,28.00,92.50,23.84
2023-02-13,28.00,92.75,28.10
2023-02-13,28.00,93.00,31.00
2023-02-14,25.75,91.50,0.00
2023-02-14,25.75,91.75,0.00
2023-02-14,25.75,92.00,0.00
2023-02-14,25.75,92.25,0.00
2023-02-14,25.75,92.50,0.00
2023-02-14,25.75,92.75,0.00
2023-02-14,25.75,93.00,0.00
2023-02-14,26.00,91.50,0.00
2023-02-14,26.00,91.75,0.00
2023-02-14,26.00,92.00,0.00
2023-02-14,26.00,92.25,0.00
2023-02-14,26.00,92.50,0.00
2023-02-14,26.00,92.75,0.00
2023-02-14,26.00,93.00,0.00
2023-02-14,26.25,91.50,0.00
2023-02-14,26.25,91.75,0.00
2023-02-14,26.25,92.00,0.00
2023-02-14,26.25,92.25,0.00
2023-02-14,26.25,92.50,0.00
2023-02-14,26.25,92.75,0.00
2023-02-14,26.25,93.00,0.00
2023-02-14,26.50,91.50,0.00
2023-02-14,26.50,91.75,0.00
2023-02-14,26.50,92.00,0.00
2023-02-14,26.50,92.25,0.00
2023-02-14,26.50,92.50,0.00
2023-02-14,26.50,92.75,0.00
2023-02-14,26.50,93.00,0.00
2023-02-14,26.75,91.50,0.00
2023-02-14,26.75,91.75,0.00
2023-02-14,26.75,92.00,0.00
2023-02-14,26.75,92.25,0.00
2023-02-14,26.75,92.50,0.00
2023-02-14,26.75,92.75,0.00
2023-02-14,26.75,93.00,0.00
2023-02-14,27.00,91.50,0.00
2023-02-14,27.00,91.75,0.00
2023-02-14,27.00,92.00,0.00
2023-02-14,27.00,92.25,0.00
2023-02-14,27.00,92.50,0.00
2023-02-14,27.00,92.75,0.00
2023-02-14,27.00,93.00,0.00
2023-02-14,27.25,91.50,
2023-02-14,27.25,91.75,
2023-02-14,27.25,92.00,0.00
2023-02-14,27.25,92.25,0.00
2023-02-14,27.25,92.50,0.00
2023-02-14,27.25,92.75,0.00
2023-02-14,27.25,93.00,0.00
2023-02-14,27.50,91.50,
2023-02-14,27.50,91.75,0.00
2023-02-14,27.50,92.00,0.00
2023-02-14,27.50,92.25,0.00
2023-02-14,27.50,92.50,0.00
2023-02-14,27.50,92.75,0.00
2023-02-14,27.50,93.00,0.00
2023-02-14,27.75,91.50,0.00
2023-02-14,27.75,91.75,0.00
2023-02-14,27.75,92.00,0.00
2023-02-14,27.75,92.25,0.00
2023-02-14,27.75,92.50,0.00
2023-02-14,27.75,92.75,0.00
2023-02-14,27.75,93.00,0.00
2023-02-14,28.00,91.50,0.00
2023-02-14,28.00,91.75,0.00
2023-02-14,28.00,92.00,0.00
2023-02-14,28.00,92.25,0.00
2023-02-14,28.00,92.50,0.00
2023-02-14,28.00,92.75,0.00
2023-02-14,28.00,93.00,0.00
2023-02-15,25.75,91.50,0.00
2023-02-15,25.75,91.75,0.00
2023-02-15,25.75,92.00,0.00
2023-02-15,25.75,92.25,0.00
2023-02-15,25.75,92.50,0.00
2023-02-15,25.75,92.75,0.00
2023-02-15,25.75,93.00,0.00
2023-02-15,26.00,91.50,0.00
2023-02-15,26.00,91.75,0.00
2023-02-15,26.00,92.00,0.00
2023-02-15,26.00,92.25,0.00
2023-02-15,26.00,92.50,0.00
2023-02-15,26.00,92.75,0.00
2023-02-15,26.00,93.00,0.00
2023-02-15,26.25,91.50,0.00
2023-02-15,26.25,91.75,0.00
2023-02-15,26.25,92.00,0.00
2023-02-15,26.25,92.25,0.00
2023-02-15,26.25,92.50,0.00
2023-02-15,26.25,92.75,0.00
2023-02-15,26.25,93.00,0.00
2023-02-15,26.50,91.50,0.00
2023-02-15,26.50,91.75,0.00
2023-02-15,26.50,92.00,0.00
2023-02-15,26.50,92.25,0.00
2023-02-15,26.50,92.50,0.00
2023-02-15,26.50,92.75,0.00
2023-02-15,26.50,93.00,0.00
2023-02-15,26.75,91.50,0.00
2023-02-15,26.75,91.75,0.00
2023-02-15,26.75,92.00,0.00
2023-02-15,26.75,92.25,0.00
2023-02-15,26.75,92.50,0.00
2023-02-15,26.75,92.75,0.00
2023-02-15,26.75,93.00,0.00
2023-02-15,27.00,91.50,0.00
2023-02-15,27.00,91.75,0.00
2023-02-15,27.00,92.00,0.00
2023-02-15,27.00,92.25,0.00
2023-02-15,27.00,92.50,0.00
2023-02-15,27.00,92.75,0.00
2023-02-15,27.00,93.00,0.00
2023-02-15,27.25,91.50,
2023-02-15,27.25,91.75,
2023-02-15,27.25,92.00,0.00
2023-02-15,27.25,92.25,0.00
2023-02-15,27.25,92.50,0.00
2023-02-15,27.25,92.75,0.00
2023-02-15,27.25,93.00,0.00
2023-02-15,27.50,91.50,
2023-02-15,27.50,91.75,0.00
2023-02-15,27.50,92.00,0.00
2023-02-15,27.50,92.25,0.00
2023-02-15,27.50,92.50,0.00
2023-02-15,27.50,92.75,0.00
2023-02-15,27.50,93.00,0.00
2023-02-15,27.75,91.50,0.00
2023-02-15,27.75,91.75,0.00
2023-02-15,27.75,92.00,0.00
2023-02-15,27.75,92.25,0.00
2023-02-15,27.75,92.50,0.00
2023-02-15,27.75,92.75,0.00
2023-02-15,27.75,93.00,0.00
2023-02-15,28.00,91.50,0.00
2023-02-15,28.00,91.75,0.00
2023-02-15,28.00,92.00,0.00
2023-02-15,28.00,92.25,0.00
2023-02-15,28.00,92.50,0.00
2023-02-15,28.00,92.75,0.00
2023-02-15,28.00,93.00,0.00
2023-02-16,25.75,91.50,0.00
2023-02-16,25.75,91.75,0.00
2023-02-16,25.75,92.00,0.00
2023-02-16,25.75,92.25,0.00
2023-02-16,25.75,92.50,0.00
2023-02-16,25.75,92.75,0.00
2023-02-16,25.75,93.00,0.00
2023-02-16,26.00,91.50,0.00
2023-02-16,26.00,91.75,0.00
2023-02-16,26.00,92.00,0.00
2023-02-16,26.00,92.25,0.00
2023-02-16,26.00,92.50,0.00
2023-02-16,26.00,92.75,0.00
2023-02-16,26.00,93.00,0.00
2023-02-16,26.25,91.50,0.00
2023-02-16,26.25,91.75,0.00
2023-02-16,26.25,92.00,0.00
2023-02-16,26.25,92.25,0.00
2023-02-16,26.25,92.50,0.00
2023-02-16,26.25,92.75,0.00
2023-02-16,26.25,93.00,0.00
2023-02-16,26.50,91.50,0.00
2023-02-16,26.50,91.75,0.00
2023-02-16,26.50,92.00,0.00
2023-02-16,26.50,92.25,0.00
2023-02-16,26.50,92.50,0.00
2023-02-16,26.50,92.75,0.00
2023-02-16,26.50,93.00,0.00
2023-02-16,26.75,91.50,0.00
2023-02-16,26.75,91.75,0.00
2023-02-16,26.75,92.00,0.00
2023-02-16,26.75,92.25,0.00
2023-02-16,26.75,92.50,0.00
2023-02-16,26.75,92.75,0.00
2023-02-16,26.75,93.00,0.00
2023-02-16,27.00,91.50,0.00
2023-02-16,27.00,91.75,0.00
2023-02-16,27.00,92.00,0.00
2023-02-16,27.00,92.25,0.00
2023-02-16,27.00,92.50,0.00
2023-02-16,27.00,92.75,0.00
2023-02-16,27.00,93.00,0.00
2023-02-16,27.25,91.50,
2023-02-16,27.25,91.75,
2023-02-16,27.25,92.00,0.00
2023-02-16,27.25,92.25,0.00
2023-02-16,27.25,92.50,0.00
2023-02-16,27.25,92.75,0.00
2023-02-16,27.25,93.00,0.00
2023-02-16,27.50,91.50,
2023-02-16,27.50,91.75,0.00
2023-02-16,27.50,92.00,0.00
2023-02-16,27.50,92.25,0.00
2023-02-16,27.50,92.50,0.00
2023-02-16,27.50,92.75,0.00
2023-02-16,27.50,93.00,0.00
2023-02-16,27.75,91.50,0.00
2023-02-16,27.75,91.75,0.00
2023-02-16,27.75,92.00,0.00
2023-02-16,27.75,92.25,0.00
2023-02-16,27.75,92.50,0.00
2023-02-16,27.75,92.75,0.00
2023-02-16,27.75,93.00,0.00
2023-02-16,28.00,91.50,0.00
2023-02-16,28.00,91.75,0.00
2023-02-16,28.00,92.00,0.00
2023-02-16,28.00,92.25,0.00
2023-02-16,28.00,92.50,0.00
2023-02-16,28.00,92.75,0.00
2023-02-16,28.00,93.00,0.00
2023-02-17,25.75,91.50,0.00
2023-02-17,25.75,91.75,0.00
2023-02-17,25.75,92.00,0.00
2023-02-17,25.75,92.25,0.00
2023-02-17,25.75,92.50,0.00
2023-02-17,25.75,92.75,0.00
2023-02-17,25.75,93.00,0.00
2023-02-17,26.00,91.50,0.00
2023-02-17,26.00,91.75,0.00
2023-02-17,26.00,92.00,0.00
2023-02-17,26.00,92.25,0.00
2023-02-17,26.00,92.50,0.00
2023-02-17,26.00,92.75,0.00
2023-02-17,26.00,93.00,0.00
2023-02-17,26.25,91.50,0.00
2023-02-17,26.25,91.75,0.00
2023-02-17,26.25,92.00,0.00
2023-02-17,26.25,92.25,0.00
2023-02-17,26.25,92.50,0.00
2023-02-17,26.25,92.75,0.00
2023-02-17,26.25,93.00,0.00
2023-02-17,26.50,91.50,0.00
2023-02-17,26.50,91.75,0.00
2023-02-17,26.50,92.00,0.00
2023-02-17,26.50,92.25,0.00
2023-02-17,26.50,92.50,0.00
2023-02-17,26.50,92.75,0.00
2023-02-17,26.50,93.00,0.00
2023-02-17,26.75,91.50,0.00
2023-02-17,26.75,91.75,0.00
2023-02-17,26.75,92.00,0.00
2023-02-17,26.75,92.25,0.00
2023-02-17,26.75,92.50,0.00
2023-02-17,26.75,92.75,0.00
2023-02-17,26.75,93.00,0.00
2023-02-17,27.00,91.50,0.00
2023-02-17,27.00,91.75,0.00
2023-02-17,27.00,92.00,0.00
2023-02-17,27.00,92.25,0.00
2023-02-17,27.00,92.50,0.00
2023-02-17,27.00,92.75,0.00
2023-02-17,27.00,93.00,0.00
2023-02-17,27.25,91.50,
2023-02-17,27.25,91.75,
2023-02-17,27.25,92.00,0.00
2023-02-17,27.25,92.25,0.00
2023-02-17,27.25,92.50,0.00
2023-02-17,27.25,92.75,0.00
2023-02-17,27.25,93.00,0.00
2023-02-17,27.50,91.50,
2023-02-17,27.50,91.75,0.00
2023-02-17,27.50,92.00,0.00
2023-02-17,27.50,92.25,0.00
2023-02-17,27.50,92.50,0.00
2023-02-17,27.50,92.75,0.00
2023-02-17,27.50,93.00,0.00
2023-02-17,27.75,91.50,0.00
2023-02-17,27.75,91.75,0.00
2023-02-17,27.75,92.00,0.00
2023-02-17,27.75,92.25,0.00
2023-02-17,27.75,92.50,0.00
2023-02-17,27.75,92.75,0.00
2023-02-17,27.75,93.00,0.00
2023-02-17,28.00,91.50,0.00
2023-02-17,28.00,91.75,0.00
2023-02-17,28.00,92.00,0.00
2023-02-17,28.00,92.25,0.00
2023-02-17,28.00,92.50,0.00
2023-02-17,28.00,92.75,0.00
2023-02-17,28.00,93.00,0.00
2023-02-18,25.75,91.50,0.00
2023-02-18,25.75,91.75,0.00
2023-02-18,25.75,92.00,0.00
2023-02-18,25.75,92.25,0.00
2023-02-18,25.75,92.50,0.00
2023-02-18,25.75,92.75,0.00
2023-02-18,25.75,93.00,0.00
2023-02-18,26.00,91.50,0.00
2023-02-18,26.00,91.75,0.00
2023-02-18,26.00,92.00,0.00
2023-02-18,26.00,92.25,0.00
2023-02-18,26.00,92.50,0.00
2023-02-18,26.00,92.75,0.00
2023-02-18,26.00,93.00,0.00
2023-02-18,26.25,91.50,0.00
2023-02-18,26.25,91.75,0.00
2023-02-18,26.25,92.00,0.00
2023-02-18,26.25,92.25,0.00
2023-02-18,26.25,92.50,0.00
2023-02-18,26.25,92.75,0.00
2023-02-18,26.25,93.00,0.00
2023-02-18,26.50,91.50,0.00
2023-02-18,26.50,91.75,0.00
2023-02-18,26.50,92.00,0.00
2023-02-18,26.50,92.25,0.00
2023-02-18,26.50,92.50,0.00
2023-02-18,26.50,92.75,0.00
2023-02-18,26.50,93.00,0.00
2023-02-18,26.75,91.50,0.00
2023-02-18,26.75,91.75,0.00
2023-02-18,26.75,92.00,0.00
2023-02-18,26.75,92.25,0.00
2023-02-18,26.75,92.50,0.00
2023-02-18,26.75,92.75,0.00
2023-02-18,26.75,93.00,0.00
2023-02-18,27.00,91.50,0.00
2023-02-18,27.00,91.75,0.00
2023-02-18,27.00,92.00,0.00
2023-02-18,27.00,92.25,0.00
2023-02-18,27.00,92.50,0.00
2023-02-18,27.00,92.75,0.00
2023-02-18,27.00,93.00,0.00
2023-02-18,27.25,91.50,
2023-02-18,27.25,91.75,
2023-02-18,27.25,92.00,0.00
2023-02-18,27.25,92.25,0.00
2023-02-18,27.25,92.50,0.00
2023-02-18,27.25,92.75,0.00
2023-02-18,27.25,93.00,0.00
2023-02-18,27.50,91.50,
2023-02-18,27.50,91.75,0.00
2023-02-18,27.50,92.00,0.00
2023-02-18,27.50,92.25,0.00
2023-02-18,27.50,92.50,0.00
2023-02-18,27.50,92.75,0.00
2023-02-18,27.50,93.00,0.00
2023-02-18,27.75,91.50,0.00
2023-02-18,27.75,91.75,0.00
2023-02-18,27.75,92.00,0.00
2023-02-18,27.75,92.25,0.00
2023-02-18,27.75,92.50,0.00
2023-02-18,27.75,92.75,0.00
2023-02-18,27.75,93.00,0.00
2023-02-18,28.00,91.50,0.00
2023-02-18,28.00,91.75,0.00
2023-02-18,28.00,92.00,0.00
2023-02-18,28.00,92.25,0.00
2023-02-18,28.00,92.50,0.00
2023-02-18,28.00,92.75,0.00
2023-02-18,28.00,93.00,0.00
2023-02-19,25.75,91.50,0.00
2023-02-19,25.75,91.75,0.00
2023-02-19,25.75,92.00,0.00
2023-02-19,25.75,92.25,0.00
2023-02-19,25.75,92.50,0.00
2023-02-19,25.75,92.75,0.00
2023-02-19,25.75,93.00,0.00
2023-02-19,26.00,91.50,0.00
2023-02-19,26.00,91.75,0.00
2023-02-19,26.00,92.00,0.00
2023-02-19,26.00,92.25,0.00
2023-02-19,26.00,92.50,0.00
2023-02-19,26.00,92.75,0.00
2023-02-19,26.00,93.00,0.00
2023-02-19,26.25,91.50,0.00
2023-02-19,26.25,91.75,0.00
2023-02-19,26.25,92.00,0.00
2023-02-19,26.25,92.25,0.00
2023-02-19,26.25,92.50,0.00
2023-02-19,26.25,92.75,0.00
2023-02-19,26.25,93.00,0.00
2023-02-19,26.50,91.50,0.00
2023-02-19,26.50,91.75,0.00
2023-02-19,26.50,92.00,0.00
2023-02-19,26.50,92.25,0.00
2023-02-19,26.50,92.50,0.00
2023-02-19,26.50,92.75,0.00
2023-02-19,26.50,93.00,0.00
2023-02-19,26.75,91.50,0.00
2023-02-19,26.75,91.75,0.00
2023-02-19,26.75,92.00,0.00
2023-02-19,26.75,92.25,0.00
2023-02-19,26.75,92.50,0.00
2023-02-19,26.75,92.75,0.00
2023-02-19,26.75,93.00,0.00
2023-02-19,27.00,91.50,0.00
2023-02-19,27.00,91.75,0.00
2023-02-19,27.00,92.00,0.00
2023-02-19,27.00,92.25,0.00
2023-02-19,27.00,92.50,0.00
2023-02-19,27.00,92.75,0.00
2023-02-19,27.00,93.00,0.00
2023-02-19,27.25,91.50,
2023-02-19,27.25,91.75,
2023-02-19,27.25,92.00,0.00
2023-02-19,27.25,92.25,0.00
2023-02-19,27.25,92.50,0.00
2023-02-19,27.25,92.75,0.00
2023-02-19,27.25,93.00,0.00
2023-02-19,27.50,91.50,
2023-02-19,27.50,91.75,0.00
2023-02-19,27.50,92.00,0.00
2023-02-19,27.50,92.25,0.00
2023-02-19,27.50,92.50,0.00
2023-02-19,27.50,92.75,0.00
2023-02-19,27.50,93.00,0.00
2023-02-19,27.75,91.50,0.00
2023-02-19,27.75,91.75,0.00
2023-02-19,27.75,92.00,0.00
2023-02-19,27.75,92.25,0.00
2023-02-19,27.75,92.50,0.00
2023-02-19,27.75,92.75,0.00
2023-02-19,27.75,93.00,0.00
2023-02-19,28.00,91.50,0.00
2023-02-19,28.00,91.75,0.00
2023-02-19,28.00,92.00,0.00
2023-02-19,28.00,92.25,0.00
2023-02-19,28.00,92.50,0.00
2023-02-19,28.00,92.75,0.00
2023-02-19,28.00,93.00,0.00
2023-02-20,25.75,91.50,0.00
2023-02-20,25.75,91.75,0.00
2023-02-20,25.75,92.00,0.00
2023-02-20,25.75,92.25,0.00
2023-02-20,25.75,92.50,0.00
2023-02-20,25.75,92.75,0.00
2023-02-20,25.75,93.00,0.00
2023-02-20,26.00,91.50,0.00
2023-02-20,26.00,91.75,0.00
2023-02-20,26.00,92.00,0.16
2023-02-20,26.00,92.25,0.07
2023-02-20,26.00,92.50,0.00
2023-02-20,26.00,92.75,0.00
2023-02-20,26.00,93.00,0.00
2023-02-20,26.25,91.50,0.00
2023-02-20,26.25,91.75,0.07
2023-02-20,26.25,92.00,0.03
2023-02-20,26.25,92.25,0.11
2023-02-20,26.25,92.50,0.00
2023-02-20,26.25,92.75,0.00
2023-02-20,26.25,93.00,0.00
2023-02-20,26.50,91.50,0.00
2023-02-20,26.50,91.75,0.00
2023-02-20,26.50,92.00,0.07
2023-02-20,26.50,92.25,0.00
2023-02-20,26.50,92.50,0.00
2023-02-20,26.50,92.75,0.00
2023-02-20,26.50,93.00,0.00
2023-02-20,26.75,91.50,0.00
2023-02-20,26.75,91.75,0.00
2023-02-20,26.75,92.00,0.00
2023-02-20,26.75,92.25,0.00
2023-02-20,26.75,92.50,0.00
2023-02-20,26.75,92.75,0.00
2023-02-20,26.75,93.00,0.00
2023-02-20,27.00,91.50,0.00
2023-02-20,27.00,91.75,0.00
2023-02-20,27.00,92.00,0.00
2023-02-20,27.00,92.25,0.00
2023-02-20,27.00,92.50,0.00
2023-02-20,27.00,92.75,0.00
2023-02-20,27.00,93.00,0.00
2023-02-20,27.25,91.50,
2023-02-20,27.25,91.75,
2023-02-20,27.25,92.00,0.00
2023-02-20,27.25,92.25,0.00
2023-02-20,27.25,92.50,0.00
2023-02-20,27.25,92.75,0.00
2023-02-20,27.25,93.00,0.00
2023-02-20,27.50,91.50,
2023-02-20,27.50,91.75,0.00
2023-02-20,27.50,92.00,0.00
2023-02-20,27.50,92.25,0.00
2023-02-20,27.50,92.50,0.00
2023-02-20,27.50,92.75,0.00
2023-02-20,27.50,93.00,0.00
2023-02-20,27.75,91.50,0.00
2023-02-20,27.75,91.75,0.00
2023-02-20,27.75,92.00,0.00
2023-02-20,27.75,92.25,0.00
2023-02-20,27.75,92.50,0.00
2023-02-20,27.75,92.75,0.00
2023-02-20,27.75,93.00,0.00
2023-02-20,28.00,91.50,0.00
2023-02-20,28.00,91.75,0.00
2023-02-20,28.00,92.00,0.00
2023-02-20,28.00,92.25,0.00
2023-02-20,28.00,92.50,0.00
2023-02-20,28.00,92.75,0.00
2023-02-20,28.00,93.00,0.00
2023-02-21,25.75,91.50,0.10
2023-02-21,25.75,91.75,0.10
2023-02-21,25.75,92.00,0.02
2023-02-21,25.75,92.25,0.00
2023-02-21,25.75,92.50,0.00
2023-02-21,25.75,92.75,0.00
2023-02-21,25.75,93.00,0.00
2023-02-21,26.00,91.50,0.02
2023-02-21,26.00,91.75,0.05
2023-02-21,26.00,92.00,0.00
2023-02-21,26.00,92.25,0.00
2023-02-21,26.00,92.50,0.00
2023-02-21,26.00,92.75,0.00
2023-02-21,26.00,93.00,0.00
2023-02-21,26.25,91.50,0.01
2023-02-21,26.25,91.75,0.00
2023-02-21,26.25,92.00,0.00
2023-02-21,26.25,92.25,0.00
2023-02-21,26.25,92.50,0.00
2023-02-21,26.25,92.75,0.00
2023-02-21,26.25,93.00,0.23
2023-02-21,26.50,91.50,0.00
2023-02-21,26.50,91.75,0.00
2023-02-21,26.50,92.00,0.00
2023-02-21,26.50,92.25,0.00
2023-02-21,26.50,92.50,0.00
2023-02-21,26.50,92.75,0.00
2023-02-21,26.50,93.00,1.00
2023-02-21,26.75,91.50,0.00
2023-02-21,26.75,91.75,0.00
2023-02-21,26.75,92.00,0.00
2023-02-21,26.75,92.25,0.00
2023-02-21,26.75,92.50,0.33
2023-02-21,26.75,92.75,1.05
2023-02-21,26.75,93.00,5.34
2023-02-21,27.00,91.50,0.00
2023-02-21,27.00,91.75,0.00
2023-02-21,27.00,92.00,0.00
2023-02-21,27.00,92.25,3.83
2023-02-21,27.00,92.50,3.04
2023-02-21,27.00,92.75,3.99
2023-02-21,27.00,93.00,7.01
2023-02-21,27.25,91.50,
2023-02-21,27.25,91.75,
2023-02-21,27.25,92.00,0.05
2023-02-21,27.25,92.25,1.68
2023-02-21,27.25,92.50,2.33
2023-02-21,27.25,92.75,6.11
2023-02-21,27.25,93.00,6.79
2023-02-21,27.50,91.50,
2023-02-21,27.50,91.75,0.10
2023-02-21,27.50,92.00,0.29
2023-02-21,27.50,92.25,1.48
2023-02-21,27.50,92.50,2.04
2023-02-21,27.50,92.75,3.27
2023-02-21,27.50,93.00,3.32
2023-02-21,27.75,91.50,0.00
2023-02-21,27.75,91.75,0.08
2023-02-21,27.75,92.00,0.32
2023-02-21,27.75,92.25,1.54
2023-02-21,27.75,92.50,2.06
2023-02-21,27.75,92.75,2.19
2023-02-21,27.75,93.00,2.18
2023-02-21,28.00,91.50,0.00
2023-02-21,28.00,91.75,0.05
2023-02-21,28.00,92.00,0.10
2023-02-21,28.00,92.25,1.39
2023-02-21,28.00,92.50,1.99
2023-02-21,28.00,92.75,2.01
2023-02-21,28.00,93.00,2.10
2023-02-22,25.75,91.50,0.00
2023-02-22,25.75,91.75,0.00
2023-02-22,25.75,92.00,0.24
2023-02-22,25.75,92.25,0.00
2023-02-22,25.75,92.50,0.00
2023-02-22,25.75,92.75,0.00
2023-02-22,25.75,93.00,0.00
2023-02-22,26.00,91.50,0.09
2023-02-22,26.00,91.75,0.34
2023-02-22,26.00,92.00,0.84
2023-02-22,26.00,92.25,0.13
2023-02-22,26.00,92.50,0.00
2023-02-22,26.00,92.75,0.00
2023-02-22,26.00,93.00,0.00
2023-02-22,26.25,91.50,0.43
2023-02-22,26.25,91.75,0.71
2023-02-22,26.25,92.00,0.21
2023-02-22,26.25,92.25,0.46
2023-02-22,26.25,92.50,1.30
2023-02-22,26.25,92.75,0.06
2023-02-22,26.25,93.00,0.00
2023-02-22,26.50,91.50,0.56
2023-02-22,26.50,91.75,0.32
2023-02-22,26.50,92.00,1.03
2023-02-22,26.50,92.25,6.31
2023-02-22,26.50,92.50,7.09
2023-02-22,26.50,92.75,3.50
2023-02-22,26.50,93.00,6.07
2023-02-22,26.75,91.50,3.46
2023-02-22,26.75,91.75,0.54
2023-02-22,26.75,92.00,1.77
2023-02-22,26.75,92.25,4.65
2023-02-22,26.75,92.50,6.78
2023-02-22,26.75,92.75,5.34
2023-02-22,26.75,93.00,14.91
2023-02-22,27.00,91.50,2.61
2023-02-22,27.00,91.75,0.16
2023-02-22,27.00,92.00,0.68
2023-02-22,27.00,92.25,1.33
2023-02-22,27.00,92.50,4.04
2023-02-22,27.00,92.75,8.55
2023-02-22,27.00,93.00,15.68
2023-02-22,27.25,91.50,
2023-02-22,27.25,91.75,
2023-02-22,27.25,92.00,0.02
2023-02-22,27.25,92.25,1.79
2023-02-22,27.25,92.50,6.78
2023-02-22,27.25,92.75,8.13
2023-02-22,27.25,93.00,13.74
2023-02-22,27.50,91.50,
2023-02-22,27.50,91.75,3.14
2023-02-22,27.50,92.00,1.12
2023-02-22,27.50,92.25,2.62
2023-02-22,27.50,92.50,7.19
2023-02-22,27.50,92.75,14.63
2023-02-22,27.50,93.00,20.72
2023-02-22,27.75,91.50,4.21
2023-02-22,27.75,91.75,3.50
2023-02-22,27.75,92.00,1.95
2023-02-22,27.75,92.25,6.39
2023-02-22,27.75,92.50,23.27
2023-02-22,27.75,92.75,32.85
2023-02-22,27.75,93.00,37.47
2023-02-22,28.00,91.50,4.01
2023-02-22,28.00,91.75,3.53
2023-02-22,28.00,92.00,3.46
2023-02-22,28.00,92.25,19.63
2023-02-22,28.00,92.50,31.64
2023-02-22,28.00,92.75,36.60
2023-02-22,28.00,93.00,39.66
2023-02-23,25.75,91.50,0.15
2023-02-23,25.75,91.75,0.14
2023-02-23,25.75,92.00,0.99
2023-02-23,25.75,92.25,2.96
2023-02-23,25.75,92.50,3.01
2023-02-23,25.75,92.75,0.13
2023-02-23,25.75,93.00,0.85
2023-02-23,26.00,91.50,1.98
2023-02-23,26.00,91.75,2.33
2023-02-23,26.00,92.00,3.08
2023-02-23,26.00,92.25,1.33
2023-02-23,26.00,92.50,7.71
2023-02-23,26.00,92.75,8.89
2023-02-23,26.00,93.00,3.72
2023-02-23,26.25,91.50,8.15
2023-02-23,26.25,91.75,4.80
2023-02-23,26.25,92.00,4.36
2023-02-23,26.25,92.25,18.08
2023-02-23,26.25,92.50,19.82
2023-02-23,26.25,92.75,16.30
2023-02-23,26.25,93.00,10.38
2023-02-23,26.50,91.50,0.18
2023-02-23,26.50,91.75,21.18
2023-02-23,26.50,92.00,9.29
2023-02-23,26.50,92.25,23.38
2023-02-23,26.50,92.50,17.96
2023-02-23,26.50,92.75,17.50
2023-02-23,26.50,93.00,9.53
2023-02-23,26.75,91.50,9.00
2023-02-23,26.75,91.75,59.95
2023-02-23,26.75,92.00,2.74
2023-02-23,26.75,92.25,14.69
2023-02-23,26.75,92.50,14.86
2023-02-23,26.75,92.75,12.05
2023-02-23,26.75,93.00,5.91
2023-02-23,27.00,91.50,7.76
2023-02-23,27.00,91.75,6.63
2023-02-23,27.00,92.00,1.82
2023-02-23,27.00,92.25,0.38
2023-02-23,27.00,92.50,2.19
2023-02-23,27.00,92.75,1.92
2023-02-23,27.00,93.00,3.05
2023-02-23,27.25,91.50,
2023-02-23,27.25,91.75,
2023-02-23,27.25,92.00,0.00
2023-02-23,27.25,92.25,0.00
2023-02-23,27.25,92.50,0.31
2023-02-23,27.25,92.75,0.09
2023-02-23,27.25,93.00,1.49
2023-02-23,27.50,91.50,
2023-02-23,27.50,91.75,0.00
2023-02-23,27.50,92.00,0.00
2023-02-23,27.50,92.25,0.00
2023-02-23,27.50,92.50,0.21
2023-02-23,27.50,92.75,0.96
2023-02-23,27.50,93.00,2.15
2023-02-23,27.75,91.50,0.00
2023-02-23,27.75,91.75,0.00
2023-02-23,27.75,92.00,0.00
2023-02-23,27.75,92.25,0.49
2023-02-23,27.75,92.50,2.56
2023-02-23,27.75,92.75,3.93
2023-02-23,27.75,93.00,4.71
2023-02-23,28.00,91.50,0.00
2023-02-23,28.00,91.75,0.00
2023-02-23,28.00,92.00,0.00
2023-02-23,28.00,92.25,2.12
2023-02-23,28.00,92.50,3.81
2023-02-23,28.00,92.75,4.58
2023-02-23,28.00,93.00,5.01
2023-02-24,25.75,91.50,0.00
2023-02-24,25.75,91.75,0.00
2023-02-24,25.75,92.00,0.00
2023-02-24,25.75,92.25,0.00
2023-02-24,25.75,92.50,0.00
2023-02-24,25.75,92.75,0.00
2023-02-24,25.75,93.00,0.00
2023-02-24,26.00,91.50,0.00
2023-02-24,26.00,91.75,0.00
2023-02-24,26.00,92.00,0.00
2023-02-24,26.00,92.25,0.00
2023-02-24,26.00,92.50,0.00
2023-02-24,26.00,92.75,0.00
2023-02-24,26.00,93.00,0.00
2023-02-24,26.25,91.50,0.00
2023-02-24,26.25,91.75,0.00
2023-02-24,26.25,92.00,0.00
2023-02-24,26.25,92.25,3.84
2023-02-24,26.25,92.50,3.35
2023-02-24,26.25,92.75,0.21
2023-02-24,26.25,93.00,0.00
2023-02-24,26.50,91.50,0.00
2023-02-24,26.50,91.75,1.33
2023-02-24,26.50,92.00,0.46
2023-02-24,26.50,92.25,6.74
2023-02-24,26.50,92.50,4.49
2023-02-24,26.50,92.75,2.53
2023-02-24,26.50,93.00,0.33
2023-02-24,26.75,91.50,0.47
2023-02-24,26.75,91.75,3.90
2023-02-24,26.75,92.00,1.35
2023-02-24,26.75,92.25,1.91
2023-02-24,26.75,92.50,3.41
2023-02-24,26.75,92.75,2.54
2023-02-24,26.75,93.00,0.32
2023-02-24,27.00,91.50,0.50
2023-02-24,27.00,91.75,0.51
2023-02-24,27.00,92.00,0.45
2023-02-24,27.00,92.25,0.02
2023-02-24,27.00,92.50,0.53
2023-02-24,27.00,92.75,0.40
2023-02-24,27.00,93.00,0.00
2023-02-24,27.25,91.50,
2023-02-24,27.25,91.75,
2023-02-24,27.25,92.00,0.01
2023-02-24,27.25,92.25,0.00
2023-02-24,27.25,92.50,0.07
2023-02-24,27.25,92.75,0.00
2023-02-24,27.25,93.00,0.21
2023-02-24,27.50,91.50,
2023-02-24,27.50,91.75,9.19
2023-02-24,27.50,92.00,3.04
2023-02-24,27.50,92.25,0.00
2023-02-24,27.50,92.50,0.22
2023-02-24,27.50,92.75,0.98
2023-02-24,27.50,93.00,2.61
2023-02-24,27.75,91.50,12.31
2023-02-24,27.75,91.75,10.28
2023-02-24,27.75,92.00,5.44
2023-02-24,27.75,92.25,0.51
2023-02-24,27.75,92.50,2.66
2023-02-24,27.75,92.75,4.16
2023-02-24,27.75,93.00,5.02
2023-02-24,28.00,91.50,11.79
2023-02-24,28.00,91.75,10.39
2023-02-24,28.00,92.00,7.50
2023-02-24,28.00,92.25,3.41
2023-02-24,28.00,92.50,3.95
2023-02-24,28.00,92.75,4.86
2023-02-24,28.00,93.00,5.26
2023-02-25,25.75,91.50,0.00
2023-02-25,25.75,91.75,0.00
2023-02-25,25.75,92.00,0.00
2023-02-25,25.75,92.25,8.40
2023-02-25,25.75,92.50,2.39
2023-02-25,25.75,92.75,0.00
2023-02-25,25.75,93.00,0.00
2023-02-25,26.00,91.50,0.00
2023-02-25,26.00,91.75,0.00
2023-02-25,26.00,92.00,0.00
2023-02-25,26.00,92.25,0.00
2023-02-25,26.00,92.50,0.00
2023-02-25,26.00,92.75,0.00
2023-02-25,26.00,93.00,0.00
2023-02-25,26.25,91.50,0.00
2023-02-25,26.25,91.75,0.00
2023-02-25,26.25,92.00,0.00
2023-02-25,26.25,92.25,0.00
2023-02-25,26.25,92.50,0.00
2023-02-25,26.25,92.75,0.00
2023-02-25,26.25,93.00,0.00
2023-02-25,26.50,91.50,0.00
2023-02-25,26.50,91.75,0.00
2023-02-25,26.50,92.00,0.00
2023-02-25,26.50,92.25,0.00
2023-02-25,26.50,92.50,0.00
2023-02-25,26.50,92.75,0.00
2023-02-25,26.50,93.00,0.00
2023-02-25,26.75,91.50,0.00
2023-02-25,26.75,91.75,0.00
2023-02-25,26.75,92.00,0.00
2023-02-25,26.75,92.25,0.00
2023-02-25,26.75,92.50,0.00
2023-02-25,26.75,92.75,0.00
2023-02-25,26.75,93.00,0.00
2023-02-25,27.00,91.50,0.00
2023-02-25,27.00,91.75,0.00
2023-02-25,27.00,92.00,0.00
2023-02-25,27.00,92.25,0.00
2023-02-25,27.00,92.50,0.00
2023-02-25,27.00,92.75,0.00
2023-02-25,27.00,93.00,0.00
2023-02-25,27.25,91.50,
2023-02-25,27.25,91.75,
2023-02-25,27.25,92.00,0.00
2023-02-25,27.25,92.25,0.00
2023-02-25,27.25,92.50,0.00
2023-02-25,27.25,92.75,0.00
2023-02-25,27.25,93.00,0.00
2023-02-25,27.50,91.50,
2023-02-25,27.50,91.75,0.00
2023-02-25,27.50,92.00,0.00
2023-02-25,27.50,92.25,0.00
2023-02-25,27.50,92.50,0.63
2023-02-25,27.50,92.75,2.78
2023-02-25,27.50,93.00,5.17
2023-02-25,27.75,91.50,0.00
2023-02-25,27.75,91.75,0.00
2023-02-25,27.75,92.00,0.00
2023-02-25,27.75,92.25,1.45
2023-02-25,27.75,92.50,7.53
2023-02-25,27.75,92.75,11.33
2023-02-25,27.75,93.00,13.48
2023-02-25,28.00,91.50,0.00
2023-02-25,28.00,91.75,0.00
2023-02-25,28.00,92.00,0.00
2023-02-25,28.00,92.25,6.23
2023-02-25,28.00,92.50,11.20
2023-02-25,28.00,92.75,13.17
2023-02-25,28.00,93.00,14.58
2023-02-26,25.75,91.50,0.00
2023-02-26,25.75,91.75,0.00
2023-02-26,25.75,92.00,0.00
2023-02-26,25.75,92.25,0.00
2023-02-26,25.75,92.50,0.00
2023-02-26,25.75,92.75,0.00
2023-02-26,25.75,93.00,0.00
2023-02-26,26.00,91.50,0.00
2023-02-26,26.00,91.75,0.00
2023-02-26,26.00,92.00,0.00
2023-02-26,26.00,92.25,0.00
2023-02-26,26.00,92.50,0.00
2023-02-26,26.00,92.75,0.00
2023-02-26,26.00,93.00,0.00
2023-02-26,26.25,91.50,0.00
2023-02-26,26.25,91.75,0.00
2023-02-26,26.25,92.00,0.00
2023-02-26,26.25,92.25,0.00
2023-02-26,26.25,92.50,0.00
2023-02-26,26.25,92.75,0.00
2023-02-26,26.25,93.00,0.00
2023-02-26,26.50,91.50,0.00
2023-02-26,26.50,91.75,0.00
2023-02-26,26.50,92.00,0.00
2023-02-26,26.50,92.25,0.00
2023-02-26,26.50,92.50,0.00
2023-02-26,26.50,92.75,0.00
2023-02-26,26.50,93.00,0.00
2023-02-26,26.75,91.50,0.00
2023-02-26,26.75,91.75,0.00
2023-02-26,26.75,92.00,0.00
2023-02-26,26.75,92.25,0.00
2023-02-26,26.75,92.50,0.00
2023-02-26,26.75,92.75,0.00
2023-02-26,26.75,93.00,0.00
2023-02-26,27.00,91.50,1.07
2023-02-26,27.00,91.75,2.30
2023-02-26,27.00,92.00,1.12
2023-02-26,27.00,92.25,0.05
2023-02-26,27.00,92.50,0.00
2023-02-26,27.00,92.75,0.00
2023-02-26,27.00,93.00,0.00
2023-02-26,27.25,91.50,
2023-02-26,27.25,91.75,
2023-02-26,27.25,92.00,1.12
2023-02-26,27.25,92.25,0.57
2023-02-26,27.25,92.50,0.08
2023-02-26,27.25,92.75,0.00
2023-02-26,27.25,93.00,0.60
2023-02-26,27.50,91.50,
2023-02-26,27.50,91.75,3.70
2023-02-26,27.50,92.00,2.05
2023-02-26,27.50,92.25,0.66
2023-02-26,27.50,92.50,0.20
2023-02-26,27.50,92.75,0.00
2023-02-26,27.50,93.00,2.27
2023-02-26,27.75,91.50,4.34
2023-02-26,27.75,91.75,3.89
2023-02-26,27.75,92.00,2.65
2023-02-26,27.75,92.25,0.45
2023-02-26,27.75,92.50,0.10
2023-02-26,27.75,92.75,0.46
2023-02-26,27.75,93.00,0.75
2023-02-26,28.00,91.50,4.24
2023-02-26,28.00,91.75,3.90
2023-02-26,28.00,92.00,3.02
2023-02-26,28.00,92.25,0.64
2023-02-26,28.00,92.50,0.06
2023-02-26,28.00,92.75,0.63
2023-02-26,28.00,93.00,0.34
2023-02-27,25.75,91.50,0.00
2023-02-27,25.75,91.75,0.00
2023-02-27,25.75,92.00,0.00
2023-02-27,25.75,92.25,0.00
2023-02-27,25.75,92.50,0.00
2023-02-27,25.75,92.75,0.00
2023-02-27,25.75,93.00,0.00
2023-02-27,26.00,91.50,0.00
2023-02-27,26.00,91.75,0.00
2023-02-27,26.00,92.00,0.00
2023-02-27,26.00,92.25,0.00
2023-02-27,26.00,92.50,0.00
2023-02-27,26.00,92.75,0.00
2023-02-27,26.00,93.00,0.00
2023-02-27,26.25,91.50,0.00
2023-02-27,26.25,91.75,0.00
2023-02-27,26.25,92.00,0.00
2023-02-27,26.25,92.25,0.00
2023-02-27,26.25,92.50,0.00
2023-02-27,26.25,92.75,0.00
2023-02-27,26.25,93.00,0.00
2023-02-27,26.50,91.50,0.00
2023-02-27,26.50,91.75,0.00
2023-02-27,26.50,92.00,0.00
2023-02-27,26.50,92.25,0.00
2023-02-27,26.50,92.50,0.00
2023-02-27,26.50,92.75,0.00
2023-02-27,26.50,93.00,0.00
2023-02-27,26.75,91.50,0.00
2023-02-27,26.75,91.75,0.00
2023-02-27,26.75,92.00,0.00
2023-02-27,26.75,92.25,0.00
2023-02-27,26.75,92.50,0.00
2023-02-27,26.75,92.75,0.00
2023-02-27,26.75,93.00,0.00
2023-02-27,27.00,91.50,0.00
2023-02-27,27.00,91.75,0.09
2023-02-27,27.00,92.00,1.31
2023-02-27,27.00,92.25,0.20
2023-02-27,27.00,92.50,0.00
2023-02-27,27.00,92.75,0.00
2023-02-27,27.00,93.00,0.00
2023-02-27,27.25,91.50,
2023-02-27,27.25,91.75,
2023-02-27,27.25,92.00,4.04
2023-02-27,27.25,92.25,1.90
2023-02-27,27.25,92.50,0.29
2023-02-27,27.25,92.75,0.00
2023-02-27,27.25,93.00,0.00
2023-02-27,27.50,91.50,
2023-02-27,27.50,91.75,0.62
2023-02-27,27.50,92.00,2.37
2023-02-27,27.50,92.25,1.93
2023-02-27,27.50,92.50,0.77
2023-02-27,27.50,92.75,0.00
2023-02-27,27.50,93.00,0.00
2023-02-27,27.75,91.50,0.18
2023-02-27,27.75,91.75,0.52
2023-02-27,27.75,92.00,1.62
2023-02-27,27.75,92.25,1.73
2023-02-27,27.75,92.50,0.38
2023-02-27,27.75,92.75,0.00
2023-02-27,27.75,93.00,0.00
2023-02-27,28.00,91.50,0.28
2023-02-27,28.00,91.75,0.59
2023-02-27,28.00,92.00,1.13
2023-02-27,28.00,92.25,0.86
2023-02-27,28.00,92.50,0.24
2023-02-27,28.00,92.75,0.02
2023-02-27,28.00,93.00,0.00
2023-02-28,25.75,91.50,0.00
2023-02-28,25.75,91.75,0.00
2023-02-28,25.75,92.00,0.00
2023-02-28,25.75,92.25,0.00
2023-02-28,25.75,92.50,0.00
2023-02-28,25.75,92.75,0.00
2023-02-28,25.75,93.00,0.00
2023-02-28,26.00,91.50,0.00
2023-02-28,26.00,91.75,0.00
2023-02-28,26.00,92.00,0.00
2023-02-28,26.00,92.25,0.00
2023-02-28,26.00,92.50,0.00
2023-02-28,26.00,92.75,0.00
2023-02-28,26.00,93.00,0.00
2023-02-28,26.25,91.50,0.00
2023-02-28,26.25,91.75,0.00
2023-02-28,26.25,92.00,0.00
2023-02-28,26.25,92.25,2.71
2023-02-28,26.25,92.50,2.18
2023-02-28,26.25,92.75,0.11
2023-02-28,26.25,93.00,0.00
2023-02-28,26.50,91.50,0.00
2023-02-28,26.50,91.75,0.00
2023-02-28,26.50,92.00,0.00
2023-02-28,26.50,92.25,3.68
2023-02-28,26.50,92.50,0.80
2023-02-28,26.50,92.75,0.63
2023-02-28,26.50,93.00,0.00
2023-02-28,26.75,91.50,0.00
2023-02-28,26.75,91.75,0.00
2023-02-28,26.75,92.00,0.00
2023-02-28,26.75,92.25,0.00
2023-02-28,26.75,92.50,0.00
2023-02-28,26.75,92.75,0.00
2023-02-28,26.75,93.00,0.00
2023-02-28,27.00,91.50,0.92
2023-02-28,27.00,91.75,1.96
2023-02-28,27.00,92.00,0.76
2023-02-28,27.00,92.25,0.01
2023-02-28,27.00,92.50,0.00
2023-02-28,27.00,92.75,0.00
2023-02-28,27.00,93.00,0.00
2023-02-28,27.25,91.50,
2023-02-28,27.25,91.75,
2023-02-28,27.25,92.00,0.34
2023-02-28,27.25,92.25,0.20
2023-02-28,27.25,92.50,0.02
2023-02-28,27.25,92.75,0.00
2023-02-28,27.25,93.00,0.32
2023-02-28,27.50,91.50,
2023-02-28,27.50,91.75,0.41
2023-02-28,27.50,92.00,0.51
2023-02-28,27.50,92.25,0.27
2023-02-28,27.50,92.50,0.15
2023-02-28,27.50,92.75,0.40
2023-02-28,27.50,93.00,1.98
2023-02-28,27.75,91.50,0.12
2023-02-28,27.75,91.75,0.28
2023-02-28,27.75,92.00,0.45
2023-02-28,27.75,92.25,0.33
2023-02-28,27.75,92.50,1.11
2023-02-28,27.75,92.75,1.88
2023-02-28,27.75,93.00,2.35
2023-02-28,28.00,91.50,0.17
2023-02-28,28.00,91.75,0.24
2023-02-28,28.00,92.00,0.24
2023-02-28,28.00,92.25,0.96
2023-02-28,28.00,92.50,1.63
2023-02-28,28.00,92.75,2.23
2023-02-28,28.00,93.00,2.28
2023-03-01,25.75,91.50,0.00
2023-03-01,25.75,91.75,0.00
2023-03-01,25.75,92.00,0.00
2023-03-01,25.75,92.25,0.00
2023-03-01,25.75,92.50,0.00
2023-03-01,25.75,92.75,0.00
2023-03-01,25.75,93.00,0.00
2023-03-01,26.00,91.50,0.00
2023-03-01,26.00,91.75,0.00
2023-03-01,26.00,92.00,0.00
2023-03-01,26.00,92.25,0.00
2023-03-01,26.00,92.50,0.00
2023-03-01,26.00,92.75,0.00
2023-03-01,26.00,93.00,0.00
2023-03-01,26.25,91.50,0.00
2023-03-01,26.25,91.75,0.00
2023-03-01,26.25,92.00,0.00
2023-03-01,26.25,92.25,0.00
2023-03-01,26.25,92.50,0.00
2023-03-01,26.25,92.75,0.00
2023-03-01,26.25,93.00,0.00
2023-03-01,26.50,91.50,0.00
2023-03-01,26.50,91.75,0.00
2023-03-01,26.50,92.00,0.00
2023-03-01,26.50,92.25,0.00
2023-03-01,26.50,92.50,0.00
2023-03-01,26.50,92.75,0.00
2023-03-01,26.50,93.00,0.00
2023-03-01,26.75,91.50,0.00
2023-03-01,26.75,91.75,0.00
2023-03-01,26.75,92.00,0.00
2023-03-01,26.75,92.25,0.00
2023-03-01,26.75,92.50,0.00
2023-03-01,26.75,92.75,0.00
2023-03-01,26.75,93.00,0.00
2023-03-01,27.00,91.50,0.00
2023-03-01,27.00,91.75,0.00
2023-03-01,27.00,92.00,0.00
2023-03-01,27.00,92.25,0.00
2023-03-01,27.00,92.50,0.00
2023-03-01,27.00,92.75,0.00
2023-03-01,27.00,93.00,0.00
2023-03-01,27.25,91.50,
2023-03-01,27.25,91.75,
2023-03-01,27.25,92.00,0.00
2023-03-01,27.25,92.25,0.00
2023-03-01,27.25,92.50,0.00
2023-03-01,27.25,92.75,0.00
2023-03-01,27.25,93.00,0.02
2023-03-01,27.50,91.50,
2023-03-01,27.50,91.75,0.00
2023-03-01,27.50,92.00,0.00
2023-03-01,27.50,92.25,0.00
2023-03-01,27.50,92.50,0.00
2023-03-01,27.50,92.75,0.00
2023-03-01,27.50,93.00,0.08
2023-03-01,27.75,91.50,0.00
2023-03-01,27.75,91.75,0.00
2023-03-01,27.75,92.00,0.00
2023-03-01,27.75,92.25,0.00
2023-03-01,27.75,92.50,0.00
2023-03-01,27.75,92.75,0.02
2023-03-01,27.75,93.00,0.03
2023-03-01,28.00,91.50,0.00
2023-03-01,28.00,91.75,0.00
2023-03-01,28.00,92.00,0.00
2023-03-01,28.00,92.25,0.00
2023-03-01,28.00,92.50,0.00
2023-03-01,28.00,92.75,0.02
2023-03-01,28.00,93.00,0.01
2023-03-02,25.75,91.50,0.00
2023-03-02,25.75,91.75,0.00
2023-03-02,25.75,92.00,0.00
2023-03-02,25.75,92.25,0.00
2023-03-02,25.75,92.50,0.00
2023-03-02,25.75,92.75,0.00
2023-03-02,25.75,93.00,0.00
2023-03-02,26.00,91.50,0.00
2023-03-02,26.00,91.75,0.00
2023-03-02,26.00,92.00,0.00
2023-03-02,26.00,92.25,0.00
2023-03-02,26.00,92.50,0.00
2023-03-02,26.00,92.75,0.00
2023-03-02,26.00,93.00,0.00
2023-03-02,26.25,91.50,0.00
2023-03-02,26.25,91.75,0.00
2023-03-02,26.25,92.00,0.00
2023-03-02,26.25,92.25,0.00
2023-03-02,26.25,92.50,0.00
2023-03-02,26.25,92.75,0.00
2023-03-02,26.25,93.00,0.00
2023-03-02,26.50,91.50,0.00
2023-03-02,26.50,91.75,0.00
2023-03-02,26.50,92.00,0.00
2023-03-02,26.50,92.25,0.00
2023-03-02,26.50,92.50,0.00
2023-03-02,26.50,92.75,0.00
2023-03-02,26.50,93.00,0.00
2023-03-02,26.75,91.50,0.00
2023-03-02,26.75,91.75,0.00
2023-03-02,26.75,92.00,0.00
2023-03-02,26.75,92.25,0.00
2023-03-02,26.75,92.50,0.00
2023-03-02,26.75,92.75,0.00
2023-03-02,26.75,93.00,0.00
2023-03-02,27.00,91.50,0.00
2023-03-02,27.00,91.75,0.00
2023-03-02,27.00,92.00,0.00
2023-03-02,27.00,92.25,0.00
2023-03-02,27.00,92.50,0.00
2023-03-02,27.00,92.75,0.00
2023-03-02,27.00,93.00,0.00
2023-03-02,27.25,91.50,
2023-03-02,27.25,91.75,
2023-03-02,27.25,92.00,0.00
2023-03-02,27.25,92.25,0.00
2023-03-02,27.25,92.50,0.00
2023-03-02,27.25,92.75,0.00
2023-03-02,27.25,93.00,0.00
2023-03-02,27.50,91.50,
2023-03-02,27.50,91.75,0.00
2023-03-02,27.50,92.00,0.00
2023-03-02,27.50,92.25,0.00
2023-03-02,27.50,92.50,0.00
2023-03-02,27.50,92.75,0.00
2023-03-02,27.50,93.00,0.00
2023-03-02,27.75,91.50,0.00
2023-03-02,27.75,91.75,0.00
2023-03-02,27.75,92.00,0.00
2023-03-02,27.75,92.25,0.00
2023-03-02,27.75,92.50,0.00
2023-03-02,27.75,92.75,0.00
2023-03-02,27.75,93.00,0.00
2023-03-02,28.00,91.50,0.00
2023-03-02,28.00,91.75,0.00
2023-03-02,28.00,92.00,0.00
2023-03-02,28.00,92.25,0.00
2023-03-02,28.00,92.50,0.00
2023-03-02,28.00,92.75,0.00
2023-03-02,28.00,93.00,0.00
2023-03-03,25.75,91.50,0.00
2023-03-03,25.75,91.75,0.00
2023-03-03,25.75,92.00,0.00
2023-03-03,25.75,92.25,0.00
2023-03-03,25.75,92.50,0.00
2023-03-03,25.75,92.75,0.00
2023-03-03,25.75,93.00,0.00
2023-03-03,26.00,91.50,0.00
2023-03-03,26.00,91.75,0.00
2023-03-03,26.00,92.00,0.00
2023-03-03,26.00,92.25,0.00
2023-03-03,26.00,92.50,0.00
2023-03-03,26.00,92.75,0.00
2023-03-03,26.00,93.00,0.00
2023-03-03,26.25,91.50,0.00
2023-03-03,26.25,91.75,0.00
2023-03-03,26.25,92.00,0.00
2023-03-03,26.25,92.25,0.00
2023-03-03,26.25,92.50,0.00
2023-03-03,26.25,92.75,0.00
2023-03-03,26.25,93.00,0.00
2023-03-03,26.50,91.50,0.00
2023-03-03,26.50,91.75,0.00
2023-03-03,26.50,92.00,0.00
2023-03-03,26.50,92.25,0.00
2023-03-03,26.50,92.50,0.00
2023-03-03,26.50,92.75,0.00
2023-03-03,26.50,93.00,0.00
2023-03-03,26.75,91.50,0.00
2023-03-03,26.75,91.75,0.00
2023-03-03,26.75,92.00,0.00
2023-03-03,26.75,92.25,0.00
2023-03-03,26.75,92.50,0.00
2023-03-03,26.75,92.75,0.00
2023-03-03,26.75,93.00,0.00
2023-03-03,27.00,91.50,0.00
2023-03-03,27.00,91.75,0.00
2023-03-03,27.00,92.00,0.00
2023-03-03,27.00,92.25,0.00
2023-03-03,27.00,92.50,0.00
2023-03-03,27.00,92.75,0.00
2023-03-03,27.00,93.00,0.00
2023-03-03,27.25,91.50,
2023-03-03,27.25,91.75,
2023-03-03,27.25,92.00,0.00
2023-03-03,27.25,92.25,0.00
2023-03-03,27.25,92.50,0.00
2023-03-03,27.25,92.75,0.00
2023-03-03,27.25,93.00,0.00
2023-03-03,27.50,91.50,
2023-03-03,27.50,91.75,2.43
2023-03-03,27.50,92.00,0.80
2023-03-03,27.50,92.25,0.00
2023-03-03,27.50,92.50,0.00
2023-03-03,27.50,92.75,0.00
2023-03-03,27.50,93.00,0.00
2023-03-03,27.75,91.50,3.26
2023-03-03,27.75,91.75,2.72
2023-03-03,27.75,92.00,1.44
2023-03-03,27.75,92.25,0.00
2023-03-03,27.75,92.50,0.00
2023-03-03,27.75,92.75,0.00
2023-03-03,27.75,93.00,0.00
2023-03-03,28.00,91.50,3.12
2023-03-03,28.00,91.75,2.75
2023-03-03,28.00,92.00,1.99
2023-03-03,28.00,92.25,0.32
2023-03-03,28.00,92.50,0.00
2023-03-03,28.00,92.75,0.00
2023-03-03,28.00,93.00,0.00
2023-03-04,25.75,91.50,0.00
2023-03-04,25.75,91.75,0.00
2023-03-04,25.75,92.00,0.00
2023-03-04,25.75,92.25,0.00
2023-03-04,25.75,92.50,0.00
2023-03-04,25.75,92.75,0.00
2023-03-04,25.75,93.00,0.00
2023-03-04,26.00,91.50,0.00
2023-03-04,26.00,91.75,0.00
2023-03-04,26.00,92.00,0.00
2023-03-04,26.00,92.25,0.00
2023-03-04,26.00,92.50,0.00
2023-03-04,26.00,92.75,0.00
2023-03-04,26.00,93.00,0.00
2023-03-04,26.25,91.50,0.00
2023-03-04,26.25,91.75,0.00
2023-03-04,26.25,92.00,0.00
2023-03-04,26.25,92.25,0.00
2023-03-04,26.25,92.50,0.00
2023-03-04,26.25,92.75,0.00
2023-03-04,26.25,93.00,0.00
2023-03-04,26.50,91.50,0.00
2023-03-04,26.50,91.75,0.00
2023-03-04,26.50,92.00,0.00
2023-03-04,26.50,92.25,0.00
2023-03-04,26.50,92.50,0.00
2023-03-04,26.50,92.75,0.00
2023-03-04,26.50,93.00,0.00
2023-03-04,26.75,91.50,0.00
2023-03-04,26.75,91.75,0.00
2023-03-04,26.75,92.00,0.00
2023-03-04,26.75,92.25,0.00
2023-03-04,26.75,92.50,0.00
2023-03-04,26.75,92.75,0.00
2023-03-04,26.75,93.00,0.00
2023-03-04,27.00,91.50,0.00
2023-03-04,27.00,91.75,0.00
2023-03-04,27.00,92.00,0.00
2023-03-04,27.00,92.25,0.00
2023-03-04,27.00,92.50,0.00
2023-03-04,27.00,92.75,0.00
2023-03-04,27.00,93.00,0.00
2023-03-04,27.25,91.50,
2023-03-04,27.25,91.75,
2023-03-04,27.25,92.00,0.00
2023-03-04,27.25,92.25,0.00
2023-03-04,27.25,92.50,0.00
2023-03-04,27.25,92.75,0.00
2023-03-04,27.25,93.00,0.00
2023-03-04,27.50,91.50,
2023-03-04,27.50,91.75,3.65
2023-03-04,27.50,92.00,1.21
2023-03-04,27.50,92.25,0.00
2023-03-04,27.50,92.50,0.00
2023-03-04,27.50,92.75,0.00
2023-03-04,27.50,93.00,0.00
2023-03-04,27.75,91.50,4.89
2023-03-04,27.75,91.75,4.08
2023-03-04,27.75,92.00,2.16
2023-03-04,27.75,92.25,0.00
2023-03-04,27.75,92.50,0.00
2023-03-04,27.75,92.75,0.00
2023-03-04,27.75,93.00,0.00
2023-03-04,28.00,91.50,4.68
2023-03-04,28.00,91.75,4.12
2023-03-04,28.00,92.00,2.98
2023-03-04,28.00,92.25,0.48
2023-03-04,28.00,92.50,0.00
2023-03-04,28.00,92.75,0.00
2023-03-04,28.00,93.00,0.00
2023-03-05,25.75,91.50,0.00
2023-03-05,25.75,91.75,0.00
2023-03-05,25.75,92.00,0.00
2023-03-05,25.75,92.25,0.00
2023-03-05,25.75,92.50,0.00
2023-03-05,25.75,92.75,0.00
2023-03-05,25.75,93.00,0.00
2023-03-05,26.00,91.50,0.00
2023-03-05,26.00,91.75,0.00
2023-03-05,26.00,92.00,0.00
2023-03-05,26.00,92.25,0.00
2023-03-05,26.00,92.50,0.00
2023-03-05,26.00,92.75,0.00
2023-03-05,26.00,93.00,0.00
2023-03-05,26.25,91.50,0.00
2023-03-05,26.25,91.75,0.00
2023-03-05,26.25,92.00,0.00
2023-03-05,26.25,92.25,0.00
2023-03-05,26.25,92.50,0.00
2023-03-05,26.25,92.75,0.00
2023-03-05,26.25,93.00,0.00
2023-03-05,26.50,91.50,0.00
2023-03-05,26.50,91.75,0.00
2023-03-05,26.50,92.00,0.00
2023-03-05,26.50,92.25,0.00
2023-03-05,26.50,92.50,0.00
2023-03-05,26.50,92.75,0.00
2023-03-05,26.50,93.00,0.00
2023-03-05,26.75,91.50,0.00
2023-03-05,26.75,91.75,0.00
2023-03-05,26.75,92.00,0.00
2023-03-05,26.75,92.25,0.00
2023-03-05,26.75,92.50,0.00
2023-03-05,26.75,92.75,0.00
2023-03-05,26.75,93.00,0.00
2023-03-05,27.00,91.50,0.00
2023-03-05,27.00,91.75,0.00
2023-03-05,27.00,92.00,0.00
2023-03-05,27.00,92.25,0.00
2023-03-05,27.00,92.50,0.00
2023-03-05,27.00,92.75,0.00
2023-03-05,27.00,93.00,0.00
2023-03-05,27.25,91.50,
2023-03-05,27.25,91.75,
2023-03-05,27.25,92.00,0.00
2023-03-05,27.25,92.25,0.00
2023-03-05,27.25,92.50,0.00
2023-03-05,27.25,92.75,0.00
2023-03-05,27.25,93.00,0.00
2023-03-05,27.50,91.50,
2023-03-05,27.50,91.75,1.22
2023-03-05,27.50,92.00,0.40
2023-03-05,27.50,92.25,0.00
2023-03-05,27.50,92.50,0.00
2023-03-05,27.50,92.75,0.00
2023-03-05,27.50,93.00,0.00
2023-03-05,27.75,91.50,1.63
2023-03-05,27.75,91.75,1.36
2023-03-05,27.75,92.00,0.72
2023-03-05,27.75,92.25,0.00
2023-03-05,27.75,92.50,0.00
2023-03-05,27.75,92.75,0.00
2023-03-05,27.75,93.00,0.00
2023-03-05,28.00,91.50,1.56
2023-03-05,28.00,91.75,1.37
2023-03-05,28.00,92.00,0.99
2023-03-05,28.00,92.25,0.16
2023-03-05,28.00,92.50,0.00
2023-03-05,28.00,92.75,0.00
2023-03-05,28.00,93.00,0.00
2023-03-06,25.75,91.50,0.00
2023-03-06,25.75,91.75,0.00
2023-03-06,25.75,92.00,0.00
2023-03-06,25.75,92.25,0.00
2023-03-06,25.75,92.50,0.00
2023-03-06,25.75,92.75,0.00
2023-03-06,25.75,93.00,0.00
2023-03-06,26.00,91.50,0.00
2023-03-06,26.00,91.75,0.00
2023-03-06,26.00,92.00,0.00
2023-03-06,26.00,92.25,0.00
2023-03-06,26.00,92.50,0.00
2023-03-06,26.00,92.75,0.00
2023-03-06,26.00,93.00,0.00
2023-03-06,26.25,91.50,0.16
2023-03-06,26.25,91.75,0.00
2023-03-06,26.25,92.00,0.00
2023-03-06,26.25,92.25,0.00
2023-03-06,26.25,92.50,0.00
2023-03-06,26.25,92.75,0.00
2023-03-06,26.25,93.00,0.00
2023-03-06,26.50,91.50,0.30
2023-03-06,26.50,91.75,0.00
2023-03-06,26.50,92.00,0.00
2023-03-06,26.50,92.25,0.00
2023-03-06,26.50,92.50,0.00
2023-03-06,26.50,92.75,0.00
2023-03-06,26.50,93.00,0.00
2023-03-06,26.75,91.50,0.00
2023-03-06,26.75,91.75,0.00
2023-03-06,26.75,92.00,0.00
2023-03-06,26.75,92.25,0.00
2023-03-06,26.75,92.50,0.00
2023-03-06,26.75,92.75,0.38
2023-03-06,26.75,93.00,0.06
2023-03-06,27.00,91.50,0.00
2023-03-06,27.00,91.75,0.00
2023-03-06,27.00,92.00,0.00
2023-03-06,27.00,92.25,0.00
2023-03-06,27.00,92.50,3.38
2023-03-06,27.00,92.75,3.08
2023-03-06,27.00,93.00,0.45
2023-03-06,27.25,91.50,
2023-03-06,27.25,91.75,
2023-03-06,27.25,92.00,0.00
2023-03-06,27.25,92.25,1.41
2023-03-06,27.25,92.50,5.48
2023-03-06,27.25,92.75,5.82
2023-03-06,27.25,93.00,2.14
2023-03-06,27.50,91.50,
2023-03-06,27.50,91.75,1.65
2023-03-06,27.50,92.00,0.78
2023-03-06,27.50,92.25,2.61
2023-03-06,27.50,92.50,5.47
2023-03-06,27.50,92.75,6.84
2023-03-06,27.50,93.00,8.04
2023-03-06,27.75,91.50,2.17
2023-03-06,27.75,91.75,1.84
2023-03-06,27.75,92.00,1.38
2023-03-06,27.75,92.25,5.38
2023-03-06,27.75,92.50,7.96
2023-03-06,27.75,92.75,11.42
2023-03-06,27.75,93.00,12.48
2023-03-06,28.00,91.50,2.08
2023-03-06,28.00,91.75,1.87
2023-03-06,28.00,92.00,2.01
2023-03-06,28.00,92.25,7.53
2023-03-06,28.00,92.50,10.30
2023-03-06,28.00,92.75,12.37
2023-03-06,28.00,93.00,13.05
2023-03-07,25.75,91.50,0.41
2023-03-07,25.75,91.75,0.32
2023-03-07,25.75,92.00,2.74
2023-03-07,25.75,92.25,0.54
2023-03-07,25.75,92.50,0.85
2023-03-07,25.75,92.75,0.03
2023-03-07,25.75,93.00,0.89
2023-03-07,26.00,91.50,0.84
2023-03-07,26.00,91.75,3.59
2023-03-07,26.00,92.00,5.26
2023-03-07,26.00,92.25,0.57
2023-03-07,26.00,92.50,1.53
2023-03-07,26.00,92.75,0.90
2023-03-07,26.00,93.00,0.95
2023-03-07,26.25,91.50,0.12
2023-03-07,26.25,91.75,4.21
2023-03-07,26.25,92.00,1.50
2023-03-07,26.25,92.25,6.12
2023-03-07,26.25,92.50,5.43
2023-03-07,26.25,92.75,3.53
2023-03-07,26.25,93.00,1.09
2023-03-07,26.50,91.50,0.34
2023-03-07,26.50,91.75,1.41
2023-03-07,26.50,92.00,0.13
2023-03-07,26.50,92.25,4.80
2023-03-07,26.50,92.50,0.73
2023-03-07,26.50,92.75,1.88
2023-03-07,26.50,93.00,0.00
2023-03-07,26.75,91.50,0.63
2023-03-07,26.75,91.75,2.93
2023-03-07,26.75,92.00,0.04
2023-03-07,26.75,92.25,0.00
2023-03-07,26.75,92.50,0.00
2023-03-07,26.75,92.75,0.00
2023-03-07,26.75,93.00,0.00
2023-03-07,27.00,91.50,1.74
2023-03-07,27.00,91.75,2.76
2023-03-07,27.00,92.00,0.89
2023-03-07,27.00,92.25,0.01
2023-03-07,27.00,92.50,0.00
2023-03-07,27.00,92.75,0.00
2023-03-07,27.00,93.00,0.00
2023-03-07,27.25,91.50,
2023-03-07,27.25,91.75,
2023-03-07,27.25,92.00,0.26
2023-03-07,27.25,92.25,0.17
2023-03-07,27.25,92.50,0.01
2023-03-07,27.25,92.75,0.00
2023-03-07,27.25,93.00,0.11
2023-03-07,27.50,91.50,
2023-03-07,27.50,91.75,2.65
2023-03-07,27.50,92.00,1.26
2023-03-07,27.50,92.25,0.25
2023-03-07,27.50,92.50,1.07
2023-03-07,27.50,92.75,4.56
2023-03-07,27.50,93.00,8.89
2023-03-07,27.75,91.50,3.04
2023-03-07,27.75,91.75,2.74
2023-03-07,27.75,92.00,1.78
2023-03-07,27.75,92.25,2.45
2023-03-07,27.75,92.50,12.37
2023-03-07,27.75,92.75,18.67
2023-03-07,27.75,93.00,22.26
2023-03-07,28.00,91.50,2.98
2023-03-07,28.00,91.75,2.72
2023-03-07,28.00,92.00,2.02
2023-03-07,28.00,92.25,10.54
2023-03-07,28.00,92.50,18.39
2023-03-07,28.00,92.75,21.71
2023-03-07,28.00,93.00,23.98
2023-03-08,25.75,91.50,0.00
2023-03-08,25.75,91.75,0.00
2023-03-08,25.75,92.00,0.00
2023-03-08,25.75,92.25,0.00
2023-03-08,25.75,92.50,0.00
2023-03-08,25.75,92.75,0.00
2023-03-08,25.75,93.00,0.00
2023-03-08,26.00,91.50,0.00
2023-03-08,26.00,91.75,0.00
2023-03-08,26.00,92.00,0.00
2023-03-08,26.00,92.25,0.00
2023-03-08,26.00,92.50,0.00
2023-03-08,26.00,92.75,0.00
2023-03-08,26.00,93.00,0.00
2023-03-08,26.25,91.50,0.00
2023-03-08,26.25,91.75,0.00
2023-03-08,26.25,92.00,0.00
2023-03-08,26.25,92.25,0.00
2023-03-08,26.25,92.50,0.00
2023-03-08,26.25,92.75,0.00
2023-03-08,26.25,93.00,0.00
2023-03-08,26.50,91.50,0.00
2023-03-08,26.50,91.75,0.00
2023-03-08,26.50,92.00,0.00
2023-03-08,26.50,92.25,0.00
2023-03-08,26.50,92.50,0.00
2023-03-08,26.50,92.75,0.00
2023-03-08,26.50,93.00,0.00
2023-03-08,26.75,91.50,0.00
2023-03-08,26.75,91.75,0.00
2023-03-08,26.75,92.00,0.00
2023-03-08,26.75,92.25,0.00
2023-03-08,26.75,92.50,0.00
2023-03-08,26.75,92.75,0.00
2023-03-08,26.75,93.00,0.00
2023-03-08,27.00,91.50,0.00
2023-03-08,27.00,91.75,0.00
2023-03-08,27.00,92.00,0.00
2023-03-08,27.00,92.25,0.00
2023-03-08,27.00,92.50,0.00
2023-03-08,27.00,92.75,0.00
2023-03-08,27.00,93.00,0.00
2023-03-08,27.25,91.50,
2023-03-08,27.25,91.75,
2023-03-08,27.25,92.00,0.00
2023-03-08,27.25,92.25,0.00
2023-03-08,27.25,92.50,0.00
2023-03-08,27.25,92.75,0.00
2023-03-08,27.25,93.00,0.00
2023-03-08,27.50,91.50,
2023-03-08,27.50,91.75,1.22
2023-03-08,27.50,92.00,0.40
2023-03-08,27.50,92.25,0.00
2023-03-08,27.50,92.50,0.00
2023-03-08,27.50,92.75,0.00
2023-03-08,27.50,93.00,0.00
2023-03-08,27.75,91.50,1.63
2023-03-08,27.75,91.75,1.36
2023-03-08,27.75,92.00,0.72
2023-03-08,27.75,92.25,0.00
2023-03-08,27.75,92.50,0.00
2023-03-08,27.75,92.75,0.00
2023-03-08,27.75,93.00,0.00
2023-03-08,28.00,91.50,1.56
2023-03-08,28.00,91.75,1.37
2023-03-08,28.00,92.00,0.99
2023-03-08,28.00,92.25,0.16
2023-03-08,28.00,92.50,0.00
2023-03-08,28.00,92.75,0.00
2023-03-08,28.00,93.00,0.00
2023-03-09,25.75,91.50,0.00
2023-03-09,25.75,91.75,0.00
2023-03-09,25.75,92.00,0.00
2023-03-09,25.75,92.25,0.00
2023-03-09,25.75,92.50,0.00
2023-03-09,25.75,92.75,0.00
2023-03-09,25.75,93.00,0.00
2023-03-09,26.00,91.50,0.00
2023-03-09,26.00,91.75,0.00
2023-03-09,26.00,92.00,0.00
2023-03-09,26.00,92.25,0.00
2023-03-09,26.00,92.50,0.00
2023-03-09,26.00,92.75,0.00
2023-03-09,26.00,93.00,0.00
2023-03-09,26.25,91.50,0.00
2023-03-09,26.25,91.75,0.00
2023-03-09,26.25,92.00,0.00
2023-03-09,26.25,92.25,0.00
2023-03-09,26.25,92.50,0.00
2023-03-09,26.25,92.75,0.00
2023-03-09,26.25,93.00,0.00
2023-03-09,26.50,91.50,0.00
2023-03-09,26.50,91.75,0.00
2023-03-09,26.50,92.00,0.00
2023-03-09,26.50,92.25,0.00
2023-03-09,26.50,92.50,0.00
2023-03-09,26.50,92.75,0.00
2023-03-09,26.50,93.00,0.00
2023-03-09,26.75,91.50,0.00
2023-03-09,26.75,91.75,0.00
2023-03-09,26.75,92.00,0.00
2023-03-09,26.75,92.25,0.00
2023-03-09,26.75,92.50,0.00
2023-03-09,26.75,92.75,0.00
2023-03-09,26.75,93.00,0.00
2023-03-09,27.00,91.50,0.00
2023-03-09,27.00,91.75,0.00
2023-03-09,27.00,92.00,0.00
2023-03-09,27.00,92.25,0.00
2023-03-09,27.00,92.50,0.00
2023-03-09,27.00,92.75,0.00
2023-03-09,27.00,93.00,0.00
2023-03-09,27.25,91.50,
2023-03-09,27.25,91.75,
2023-03-09,27.25,92.00,0.00
2023-03-09,27.25,92.25,0.00
2023-03-09,27.25,92.50,0.00
2023-03-09,27.25,92.75,0.00
2023-03-09,27.25,93.00,0.00
2023-03-09,27.50,91.50,
2023-03-09,27.50,91.75,0.00
2023-03-09,27.50,92.00,0.00
2023-03-09,27.50,92.25,0.00
2023-03-09,27.50,92.50,0.00
2023-03-09,27.50,92.75,0.00
2023-03-09,27.50,93.00,0.00
2023-03-09,27.75,91.50,0.00
2023-03-09,27.75,91.75,0.00
2023-03-09,27.75,92.00,0.00
2023-03-09,27.75,92.25,0.00
2023-03-09,27.75,92.50,0.00
2023-03-09,27.75,92.75,0.00
2023-03-09,27.75,93.00,0.00
2023-03-09,28.00,91.50,0.00
2023-03-09,28.00,91.75,0.00
2023-03-09,28.00,92.00,0.00
2023-03-09,28.00,92.25,0.00
2023-03-09,28.00,92.50,0.00
2023-03-09,28.00,92.75,0.00
2023-03-09,28.00,93.00,0.00
2023-03-10,25.75,91.50,0.00
2023-03-10,25.75,91.75,0.00
2023-03-10,25.75,92.00,0.00
2023-03-10,25.75,92.25,0.00
2023-03-10,25.75,92.50,0.00
2023-03-10,25.75,92.75,0.00
2023-03-10,25.75,93.00,0.00
2023-03-10,26.00,91.50,0.00
2023-03-10,26.00,91.75,0.00
2023-03-10,26.00,92.00,0.00
2023-03-10,26.00,92.25,0.00
2023-03-10,26.00,92.50,0.00
2023-03-10,26.00,92.75,0.00
2023-03-10,26.00,93.00,0.00
2023-03-10,26.25,91.50,0.00
2023-03-10,26.25,91.75,0.00
2023-03-10,26.25,92.00,0.00
2023-03-10,26.25,92.25,0.00
2023-03-10,26.25,92.50,0.00
2023-03-10,26.25,92.75,0.00
2023-03-10,26.25,93.00,0.00
2023-03-10,26.50,91.50,0.00
2023-03-10,26.50,91.75,0.00
2023-03-10,26.50,92.00,0.00
2023-03-10,26.50,92.25,0.00
2023-03-10,26.50,92.50,0.00
2023-03-10,26.50,92.75,0.00
2023-03-10,26.50,93.00,0.00
2023-03-10,26.75,91.50,0.00
2023-03-10,26.75,91.75,0.00
2023-03-10,26.75,92.00,0.00
2023-03-10,26.75,92.25,0.00
2023-03-10,26.75,92.50,0.00
2023-03-10,26.75,92.75,0.00
2023-03-10,26.75,93.00,0.00
2023-03-10,27.00,91.50,0.00
2023-03-10,27.00,91.75,0.00
2023-03-10,27.00,92.00,0.00
2023-03-10,27.00,92.25,0.00
2023-03-10,27.00,92.50,0.00
2023-03-10,27.00,92.75,0.00
2023-03-10,27.00,93.00,0.00
2023-03-10,27.25,91.50,
2023-03-10,27.25,91.75,
2023-03-10,27.25,92.00,0.00
2023-03-10,27.25,92.25,0.00
2023-03-10,27.25,92.50,0.00
2023-03-10,27.25,92.75,0.00
2023-03-10,27.25,93.00,0.00
2023-03-10,27.50,91.50,
2023-03-10,27.50,91.75,0.00
2023-03-10,27.50,92.00,0.00
2023-03-10,27.50,92.25,0.00
2023-03-10,27.50,92.50,0.26
2023-03-10,27.50,92.75,1.16
2023-03-10,27.50,93.00,2.16
2023-03-10,27.75,91.50,0.00
2023-03-10,27.75,91.75,0.00
2023-03-10,27.75,92.00,0.00
2023-03-10,27.75,92.25,0.60
2023-03-10,27.75,92.50,3.15
2023-03-10,27.75,92.75,4.74
2023-03-10,27.75,93.00,5.64
2023-03-10,28.00,91.50,0.00
2023-03-10,28.00,91.75,0.00
2023-03-10,28.00,92.00,0.00
2023-03-10,28.00,92.25,2.60
2023-03-10,28.00,92.50,4.69
2023-03-10,28.00,92.75,5.51
2023-03-10,28.00,93.00,6.10
2023-03-11,25.75,91.50,0.00
2023-03-11,25.75,91.75,0.00
2023-03-11,25.75,92.00,0.00
2023-03-11,25.75,92.25,0.00
2023-03-11,25.75,92.50,0.00
2023-03-11,25.75,92.75,0.00
2023-03-11,25.75,93.00,0.00
2023-03-11,26.00,91.50,0.00
2023-03-11,26.00,91.75,0.00
2023-03-11,26.00,92.00,0.00
2023-03-11,26.00,92.25,0.00
2023-03-11,26.00,92.50,0.00
2023-03-11,26.00,92.75,0.00
2023-03-11,26.00,93.00,0.00
2023-03-11,26.25,91.50,0.00
2023-03-11,26.25,91.75,0.00
2023-03-11,26.25,92.00,0.00
2023-03-11,26.25,92.25,0.00
2023-03-11,26.25,92.50,0.00
2023-03-11,26.25,92.75,0.00
2023-03-11,26.25,93.00,0.00
2023-03-11,26.50,91.50,0.00
2023-03-11,26.50,91.75,0.00
2023-03-11,26.50,92.00,0.00
2023-03-11,26.50,92.25,0.00
2023-03-11,26.50,92.50,0.00
2023-03-11,26.50,92.75,0.00
2023-03-11,26.50,93.00,0.00
2023-03-11,26.75,91.50,0.00
2023-03-11,26.75,91.75,0.00
2023-03-11,26.75,92.00,0.00
2023-03-11,26.75,92.25,0.00
2023-03-11,26.75,92.50,0.00
2023-03-11,26.75,92.75,0.00
2023-03-11,26.75,93.00,0.00
2023-03-11,27.00,91.50,0.00
2023-03-11,27.00,91.75,0.00
2023-03-11,27.00,92.00,0.00
2023-03-11,27.00,92.25,0.00
2023-03-11,27.00,92.50,0.00
2023-03-11,27.00,92.75,0.00
2023-03-11,27.00,93.00,0.00
2023-03-11,27.25,91.50,
2023-03-11,27.25,91.75,
2023-03-11,27.25,92.00,0.00
2023-03-11,27.25,92.25,0.00
2023-03-11,27.25,92.50,0.00
2023-03-11,27.25,92.75,0.00
2023-03-11,27.25,93.00,0.00
2023-03-11,27.50,91.50,
2023-03-11,27.50,91.75,0.00
2023-03-11,27.50,92.00,0.00
2023-03-11,27.50,92.25,0.00
2023-03-11,27.50,92.50,0.00
2023-03-11,27.50,92.75,0.00
2023-03-11,27.50,93.00,0.00
2023-03-11,27.75,91.50,0.00
2023-03-11,27.75,91.75,0.00
2023-03-11,27.75,92.00,0.00
2023-03-11,27.75,92.25,0.00
2023-03-11,27.75,92.50,0.00
2023-03-11,27.75,92.75,0.00
2023-03-11,27.75,93.00,0.00
2023-03-11,28.00,91.50,0.00
2023-03-11,28.00,91.75,0.00
2023-03-11,28.00,92.00,0.00
2023-03-11,28.00,92.25,0.00
2023-03-11,28.00,92.50,0.00
2023-03-11,28.00,92.75,0.00
2023-03-11,28.00,93.00,0.00
2023-03-12,25.75,91.50,0.00
2023-03-12,25.75,91.75,0.00
2023-03-12,25.75,92.00,0.00
2023-03-12,25.75,92.25,0.00
2023-03-12,25.75,92.50,0.00
2023-03-12,25.75,92.75,0.00
2023-03-12,25.75,93.00,0.00
2023-03-12,26.00,91.50,0.00
2023-03-12,26.00,91.75,0.00
2023-03-12,26.00,92.00,0.00
2023-03-12,26.00,92.25,0.00
2023-03-12,26.00,92.50,0.00
2023-03-12,26.00,92.75,0.00
2023-03-12,26.00,93.00,0.00
2023-03-12,26.25,91.50,0.00
2023-03-12,26.25,91.75,0.00
2023-03-12,26.25,92.00,0.00
2023-03-12,26.25,92.25,0.00
2023-03-12,26.25,92.50,0.00
2023-03-12,26.25,92.75,0.00
2023-03-12,26.25,93.00,0.00
2023-03-12,26.50,91.50,0.00
2023-03-12,26.50,91.75,0.00
2023-03-12,26.50,92.00,0.00
2023-03-12,26.50,92.25,0.00
2023-03-12,26.50,92.50,0.00
2023-03-12,26.50,92.75,0.00
2023-03-12,26.50,93.00,0.00
2023-03-12,26.75,91.50,0.00
2023-03-12,26.75,91.75,0.00
2023-03-12,26.75,92.00,0.00
2023-03-12,26.75,92.25,0.00
2023-03-12,26.75,92.50,0.00
2023-03-12,26.75,92.75,0.00
2023-03-12,26.75,93.00,0.00
2023-03-12,27.00,91.50,0.00
2023-03-12,27.00,91.75,0.00
2023-03-12,27.00,92.00,0.00
2023-03-12,27.00,92.25,0.00
2023-03-12,27.00,92.50,0.00
2023-03-12,27.00,92.75,0.00
2023-03-12,27.00,93.00,0.00
2023-03-12,27.25,91.50,
2023-03-12,27.25,91.75,
2023-03-12,27.25,92.00,0.00
2023-03-12,27.25,92.25,0.00
2023-03-12,27.25,92.50,0.00
2023-03-12,27.25,92.75,0.00
2023-03-12,27.25,93.00,0.00
2023-03-12,27.50,91.50,
2023-03-12,27.50,91.75,0.00
2023-03-12,27.50,92.00,0.00
2023-03-12,27.50,92.25,0.00
2023-03-12,27.50,92.50,0.22
2023-03-12,27.50,92.75,0.98
2023-03-12,27.50,93.00,1.82
2023-03-12,27.75,91.50,0.00
2023-03-12,27.75,91.75,0.00
2023-03-12,27.75,92.00,0.00
2023-03-12,27.75,92.25,0.51
2023-03-12,27.75,92.50,2.66
2023-03-12,27.75,92.75,4.00
2023-03-12,27.75,93.00,4.76
2023-03-12,28.00,91.50,0.00
2023-03-12,28.00,91.75,0.00
2023-03-12,28.00,92.00,0.00
2023-03-12,28.00,92.25,2.20
2023-03-12,28.00,92.50,3.95
2023-03-12,28.00,92.75,4.65
2023-03-12,28.00,93.00,5.15
2023-03-13,25.75,91.50,0.00
2023-03-13,25.75,91.75,0.00
2023-03-13,25.75,92.00,0.00
2023-03-13,25.75,92.25,0.00
2023-03-13,25.75,92.50,0.00
2023-03-13,25.75,92.75,0.00
2023-03-13,25.75,93.00,0.00
2023-03-13,26.00,91.50,0.00
2023-03-13,26.00,91.75,0.00
2023-03-13,26.00,92.00,0.00
2023-03-13,26.00,92.25,0.00
2023-03-13,26.00,92.50,0.00
2023-03-13,26.00,92.75,0.00
2023-03-13,26.00,93.00,0.00
2023-03-13,26.25,91.50,0.00
2023-03-13,26.25,91.75,0.00
2023-03-13,26.25,92.00,0.00
2023-03-13,26.25,92.25,0.00
2023-03-13,26.25,92.50,0.00
2023-03-13,26.25,92.75,0.00
2023-03-13,26.25,93.00,0.00
2023-03-13,26.50,91.50,0.00
2023-03-13,26.50,91.75,0.00
2023-03-13,26.50,92.00,0.00
2023-03-13,26.50,92.25,0.00
2023-03-13,26.50,92.50,0.00
2023-03-13,26.50,92.75,0.00
2023-03-13,26.50,93.00,0.00
2023-03-13,26.75,91.50,0.00
2023-03-13,26.75,91.75,0.01
2023-03-13,26.75,92.00,0.00
2023-03-13,26.75,92.25,0.00
2023-03-13,26.75,92.50,0.00
2023-03-13,26.75,92.75,0.00
2023-03-13,26.75,93.00,0.00
2023-03-13,27.00,91.50,1.91
2023-03-13,27.00,91.75,4.41
2023-03-13,27.00,92.00,6.51
2023-03-13,27.00,92.25,0.80
2023-03-13,27.00,92.50,0.00
2023-03-13,27.00,92.75,0.00
2023-03-13,27.00,93.00,0.00
2023-03-13,27.25,91.50,
2023-03-13,27.25,91.75,
2023-03-13,27.25,92.00,15.88
2023-03-13,27.25,92.25,7.55
2023-03-13,27.25,92.50,1.14
2023-03-13,27.25,92.75,0.00
2023-03-13,27.25,93.00,0.36
2023-03-13,27.50,91.50,
2023-03-13,27.50,91.75,3.19
2023-03-13,27.50,92.00,9.98
2023-03-13,27.50,92.25,7.82
2023-03-13,27.50,92.50,2.99
2023-03-13,27.50,92.75,0.00
2023-03-13,27.50,93.00,1.36
2023-03-13,27.75,91.50,0.93
2023-03-13,27.75,91.75,2.55
2023-03-13,27.75,92.00,7.00
2023-03-13,27.75,92.25,6.75
2023-03-13,27.75,92.50,1.48
2023-03-13,27.75,92.75,0.28
2023-03-13,27.75,93.00,0.45
2023-03-13,28.00,91.50,1.41
2023-03-13,28.00,91.75,2.72
2023-03-13,28.00,92.00,4.76
2023-03-13,28.00,92.25,3.35
2023-03-13,28.00,92.50,0.95
2023-03-13,28.00,92.75,0.47
2023-03-13,28.00,93.00,0.20
2023-03-14,25.75,91.50,0.00
2023-03-14,25.75,91.75,0.00
2023-03-14,25.75,92.00,0.00
2023-03-14,25.75,92.25,0.00
2023-03-14,25.75,92.50,0.00
2023-03-14,25.75,92.75,0.00
2023-03-14,25.75,93.00,0.00
2023-03-14,26.00,91.50,0.00
2023-03-14,26.00,91.75,0.00
2023-03-14,26.00,92.00,0.00
2023-03-14,26.00,92.25,0.00
2023-03-14,26.00,92.50,0.00
2023-03-14,26.00,92.75,0.00
2023-03-14,26.00,93.00,0.00
2023-03-14,26.25,91.50,0.00
2023-03-14,26.25,91.75,0.00
2023-03-14,26.25,92.00,0.00
2023-03-14,26.25,92.25,0.00
2023-03-14,26.25,92.50,0.00
2023-03-14,26.25,92.75,0.00
2023-03-14,26.25,93.00,0.00
2023-03-14,26.50,91.50,0.00
2023-03-14,26.50,91.75,0.00
2023-03-14,26.50,92.00,0.00
2023-03-14,26.50,92.25,0.00
2023-03-14,26.50,92.50,0.00
2023-03-14,26.50,92.75,0.00
2023-03-14,26.50,93.00,0.00
2023-03-14,26.75,91.50,0.00
2023-03-14,26.75,91.75,0.00
2023-03-14,26.75,92.00,0.00
2023-03-14,26.75,92.25,0.00
2023-03-14,26.75,92.50,0.00
2023-03-14,26.75,92.75,0.00
2023-03-14,26.75,93.00,0.00
2023-03-14,27.00,91.50,0.00
2023-03-14,27.00,91.75,0.04
2023-03-14,27.00,92.00,0.66
2023-03-14,27.00,92.25,0.10
2023-03-14,27.00,92.50,0.00
2023-03-14,27.00,92.75,0.00
2023-03-14,27.00,93.00,0.00
2023-03-14,27.25,91.50,
2023-03-14,27.25,91.75,
2023-03-14,27.25,92.00,2.02
2023-03-14,27.25,92.25,0.95
2023-03-14,27.25,92.50,0.15
2023-03-14,27.25,92.75,0.00
2023-03-14,27.25,93.00,0.00
2023-03-14,27.50,91.50,
2023-03-14,27.50,91.75,0.31
2023-03-14,27.50,92.00,1.19
2023-03-14,27.50,92.25,0.97
2023-03-14,27.50,92.50,0.38
2023-03-14,27.50,92.75,0.00
2023-03-14,27.50,93.00,0.00
2023-03-14,27.75,91.50,0.09
2023-03-14,27.75,91.75,0.26
2023-03-14,27.75,92.00,0.81
2023-03-14,27.75,92.25,0.86
2023-03-14,27.75,92.50,0.19
2023-03-14,27.75,92.75,0.00
2023-03-14,27.75,93.00,0.00
2023-03-14,28.00,91.50,0.14
2023-03-14,28.00,91.75,0.30
2023-03-14,28.00,92.00,0.57
2023-03-14,28.00,92.25,0.43
2023-03-14,28.00,92.50,0.12
2023-03-14,28.00,92.75,0.01
2023-03-14,28.00,93.00,0.00
2023-03-15,25.75,91.50,15.52
2023-03-15,25.75,91.75,12.89
2023-03-15,25.75,92.00,2.38
2023-03-15,25.75,92.25,0.46
2023-03-15,25.75,92.50,0.06
2023-03-15,25.75,92.75,0.20
2023-03-15,25.75,93.00,3.39
2023-03-15,26.00,91.50,35.21
2023-03-15,26.00,91.75,17.37
2023-03-15,26.00,92.00,2.03
2023-03-15,26.00,92.25,1.21
2023-03-15,26.00,92.50,0.34
2023-03-15,26.00,92.75,0.22
2023-03-15,26.00,93.00,2.60
2023-03-15,26.25,91.50,4.35
2023-03-15,26.25,91.75,2.37
2023-03-15,26.25,92.00,1.89
2023-03-15,26.25,92.25,0.64
2023-03-15,26.25,92.50,0.23
2023-03-15,26.25,92.75,0.07
2023-03-15,26.25,93.00,0.02
2023-03-15,26.50,91.50,0.46
2023-03-15,26.50,91.75,0.64
2023-03-15,26.50,92.00,1.09
2023-03-15,26.50,92.25,0.13
2023-03-15,26.50,92.50,0.00
2023-03-15,26.50,92.75,0.00
2023-03-15,26.50,93.00,0.00
2023-03-15,26.75,91.50,2.27
2023-03-15,26.75,91.75,0.52
2023-03-15,26.75,92.00,0.93
2023-03-15,26.75,92.25,0.07
2023-03-15,26.75,92.50,0.00
2023-03-15,26.75,92.75,0.00
2023-03-15,26.75,93.00,0.00
2023-03-15,27.00,91.50,1.65
2023-03-15,27.00,91.75,0.14
2023-03-15,27.00,92.00,0.72
2023-03-15,27.00,92.25,0.08
2023-03-15,27.00,92.50,0.00
2023-03-15,27.00,92.75,0.00
2023-03-15,27.00,93.00,0.00
2023-03-15,27.25,91.50,
2023-03-15,27.25,91.75,
2023-03-15,27.25,92.00,1.25
2023-03-15,27.25,92.25,0.59
2023-03-15,27.25,92.50,0.09
2023-03-15,27.25,92.75,0.00
2023-03-15,27.25,93.00,0.16
2023-03-15,27.50,91.50,
2023-03-15,27.50,91.75,3.43
2023-03-15,27.50,92.00,1.81
2023-03-15,27.50,92.25,0.60
2023-03-15,27.50,92.50,1.11
2023-03-15,27.50,92.75,3.85
2023-03-15,27.50,93.00,7.78
2023-03-15,27.75,91.50,4.43
2023-03-15,27.75,91.75,3.79
2023-03-15,27.75,92.00,2.42
2023-03-15,27.75,92.25,2.54
2023-03-15,27.75,92.50,10.55
2023-03-15,27.75,92.75,15.83
2023-03-15,27.75,93.00,18.89
2023-03-15,28.00,91.50,4.26
2023-03-15,28.00,91.75,3.85
2023-03-15,28.00,92.00,3.00
2023-03-15,28.00,92.25,9.32
2023-03-15,28.00,92.50,15.60
2023-03-15,28.00,92.75,18.42
2023-03-15,28.00,93.00,20.30
2023-03-16,25.75,91.50,5.11
2023-03-16,25.75,91.75,4.74
2023-03-16,25.75,92.00,7.92
2023-03-16,25.75,92.25,3.66
2023-03-16,25.75,92.50,2.34
2023-03-16,25.75,92.75,0.03
2023-03-16,25.75,93.00,0.14
2023-03-16,26.00,91.50,13.01
2023-03-16,26.00,91.75,11.61
2023-03-16,26.00,92.00,14.53
2023-03-16,26.00,92.25,6.70
2023-03-16,26.00,92.50,5.87
2023-03-16,26.00,92.75,1.29
2023-03-16,26.00,93.00,0.13
2023-03-16,26.25,91.50,25.94
2023-03-16,26.25,91.75,21.95
2023-03-16,26.25,92.00,15.79
2023-03-16,26.25,92.25,11.75
2023-03-16,26.25,92.50,11.05
2023-03-16,26.25,92.75,5.64
2023-03-16,26.25,93.00,0.61
2023-03-16,26.50,91.50,7.32
2023-03-16,26.50,91.75,10.72
2023-03-16,26.50,92.00,12.57
2023-03-16,26.50,92.25,7.74
2023-03-16,26.50,92.50,5.04
2023-03-16,26.50,92.75,6.32
2023-03-16,26.50,93.00,2.03
2023-03-16,26.75,91.50,15.32
2023-03-16,26.75,91.75,7.24
2023-03-16,26.75,92.00,17.68
2023-03-16,26.75,92.25,5.18
2023-03-16,26.75,92.50,4.37
2023-03-16,26.75,92.75,4.13
2023-03-16,26.75,93.00,2.49
2023-03-16,27.00,91.50,10.18
2023-03-16,27.00,91.75,4.49
2023-03-16,27.00,92.00,9.72
2023-03-16,27.00,92.25,3.35
2023-03-16,27.00,92.50,2.37
2023-03-16,27.00,92.75,1.60
2023-03-16,27.00,93.00,2.41
2023-03-16,27.25,91.50,
2023-03-16,27.25,91.75,
2023-03-16,27.25,92.00,8.16
2023-03-16,27.25,92.25,4.86
2023-03-16,27.25,92.50,0.98
2023-03-16,27.25,92.75,0.36
2023-03-16,27.25,93.00,2.24
2023-03-16,27.50,91.50,
2023-03-16,27.50,91.75,3.91
2023-03-16,27.50,92.00,6.02
2023-03-16,27.50,92.25,4.56
2023-03-16,27.50,92.50,2.64
2023-03-16,27.50,92.75,3.53
2023-03-16,27.50,93.00,7.25
2023-03-16,27.75,91.50,3.51
2023-03-16,27.75,91.75,3.81
2023-03-16,27.75,92.00,5.10
2023-03-16,27.75,92.25,5.77
2023-03-16,27.75,92.50,9.83
2023-03-16,27.75,92.75,13.63
2023-03-16,27.75,93.00,16.28
2023-03-16,28.00,91.50,3.58
2023-03-16,28.00,91.75,3.90
2023-03-16,28.00,92.00,4.21
2023-03-16,28.00,92.25,9.35
2023-03-16,28.00,92.50,13.81
2023-03-16,28.00,92.75,15.87
2023-03-16,28.00,93.00,17.39
2023-03-17,25.75,91.50,1.48
2023-03-17,25.75,91.75,1.42
2023-03-17,25.75,92.00,0.09
2023-03-17,25.75,92.25,0.30
2023-03-17,25.75,92.50,0.09
2023-03-17,25.75,92.75,0.00
2023-03-17,25.75,93.00,0.00
2023-03-17,26.00,91.50,0.00
2023-03-17,26.00,91.75,0.00
2023-03-17,26.00,92.00,0.00
2023-03-17,26.00,92.25,0.00
2023-03-17,26.00,92.50,0.00
2023-03-17,26.00,92.75,0.00
2023-03-17,26.00,93.00,0.00
2023-03-17,26.25,91.50,0.00
2023-03-17,26.25,91.75,0.00
2023-03-17,26.25,92.00,0.00
2023-03-17,26.25,92.25,0.00
2023-03-17,26.25,92.50,0.00
2023-03-17,26.25,92.75,0.00
2023-03-17,26.25,93.00,0.00
2023-03-17,26.50,91.50,0.00
2023-03-17,26.50,91.75,0.00
2023-03-17,26.50,92.00,0.00
2023-03-17,26.50,92.25,0.00
2023-03-17,26.50,92.50,0.00
2023-03-17,26.50,92.75,0.00
2023-03-17,26.50,93.00,0.00
2023-03-17,26.75,91.50,0.00
2023-03-17,26.75,91.75,0.00
2023-03-17,26.75,92.00,0.00
2023-03-17,26.75,92.25,0.00
2023-03-17,26.75,92.50,0.00
2023-03-17,26.75,92.75,0.00
2023-03-17,26.75,93.00,0.00
2023-03-17,27.00,91.50,0.00
2023-03-17,27.00,91.75,0.00
2023-03-17,27.00,92.00,0.06
2023-03-17,27.00,92.25,0.01
2023-03-17,27.00,92.50,0.00
2023-03-17,27.00,92.75,0.00
2023-03-17,27.00,93.00,0.00
2023-03-17,27.25,91.50,
2023-03-17,27.25,91.75,
2023-03-17,27.25,92.00,0.19
2023-03-17,27.25,92.25,0.09
2023-03-17,27.25,92.50,0.01
2023-03-17,27.25,92.75,0.00
2023-03-17,27.25,93.00,0.00
2023-03-17,27.50,91.50,
2023-03-17,27.50,91.75,1.52
2023-03-17,27.50,92.00,0.60
2023-03-17,27.50,92.25,0.09
2023-03-17,27.50,92.50,0.04
2023-03-17,27.50,92.75,0.00
2023-03-17,27.50,93.00,0.00
2023-03-17,27.75,91.50,2.00
2023-03-17,27.75,91.75,1.69
2023-03-17,27.75,92.00,0.96
2023-03-17,27.75,92.25,0.08
2023-03-17,27.75,92.50,0.02
2023-03-17,27.75,92.75,0.00
2023-03-17,27.75,93.00,0.00
2023-03-17,28.00,91.50,1.92
2023-03-17,28.00,91.75,1.71
2023-03-17,28.00,92.00,1.27
2023-03-17,28.00,92.25,0.24
2023-03-17,28.00,92.50,0.01
2023-03-17,28.00,92.75,0.00
2023-03-17,28.00,93.00,0.00
2023-03-18,25.75,91.50,1.48
2023-03-18,25.75,91.75,1.42
2023-03-18,25.75,92.00,2.43
2023-03-18,25.75,92.25,1.63
2023-03-18,25.75,92.50,0.17
2023-03-18,25.75,92.75,0.01
2023-03-18,25.75,93.00,0.14
2023-03-18,26.00,91.50,3.98
2023-03-18,26.00,91.75,3.85
2023-03-18,26.00,92.00,4.25
2023-03-18,26.00,92.25,3.06
2023-03-18,26.00,92.50,1.76
2023-03-18,26.00,92.75,0.33
2023-03-18,26.00,93.00,0.13
2023-03-18,26.25,91.50,4.36
2023-03-18,26.25,91.75,6.90
2023-03-18,26.25,92.00,10.21
2023-03-18,26.25,92.25,2.51
2023-03-18,26.25,92.50,2.62
2023-03-18,26.25,92.75,1.65
2023-03-18,26.25,93.00,0.96
2023-03-18,26.50,91.50,2.83
2023-03-18,26.50,91.75,6.67
2023-03-18,26.50,92.00,6.37
2023-03-18,26.50,92.25,1.37
2023-03-18,26.50,92.50,2.72
2023-03-18,26.50,92.75,2.54
2023-03-18,26.50,93.00,2.74
2023-03-18,26.75,91.50,2.74
2023-03-18,26.75,91.75,4.96
2023-03-18,26.75,92.00,4.01
2023-03-18,26.75,92.25,3.38
2023-03-18,26.75,92.50,2.61
2023-03-18,26.75,92.75,2.10
2023-03-18,26.75,93.00,1.67
2023-03-18,27.00,91.50,2.56
2023-03-18,27.00,91.75,2.23
2023-03-18,27.00,92.00,2.15
2023-03-18,27.00,92.25,0.16
2023-03-18,27.00,92.50,0.38
2023-03-18,27.00,92.75,0.66
2023-03-18,27.00,93.00,1.21
2023-03-18,27.25,91.50,
2023-03-18,27.25,91.75,
2023-03-18,27.25,92.00,0.06
2023-03-18,27.25,92.25,0.05
2023-03-18,27.25,92.50,0.06
2023-03-18,27.25,92.75,0.04
2023-03-18,27.25,93.00,0.78
2023-03-18,27.50,91.50,
2023-03-18,27.50,91.75,8.92
2023-03-18,27.50,92.00,3.12
2023-03-18,27.50,92.25,0.10
2023-03-18,27.50,92.50,0.37
2023-03-18,27.50,92.75,1.73
2023-03-18,27.50,93.00,3.81
2023-03-18,27.75,91.50,11.68
2023-03-18,27.75,91.75,9.85
2023-03-18,27.75,92.00,5.37
2023-03-18,27.75,92.25,0.86
2023-03-18,27.75,92.50,4.48
2023-03-18,27.75,92.75,6.89
2023-03-18,27.75,93.00,8.24
2023-03-18,28.00,91.50,11.22
2023-03-18,28.00,91.75,9.92
2023-03-18,28.00,92.00,7.18
2023-03-18,28.00,92.25,4.85
2023-03-18,28.00,92.50,6.66
2023-03-18,28.00,92.75,8.00
2023-03-18,28.00,93.00,8.77
2023-03-19,25.75,91.50,9.66
2023-03-19,25.75,91.75,10.51
2023-03-19,25.75,92.00,6.29
2023-03-19,25.75,92.25,7.59
2023-03-19,25.75,92.50,3.72
2023-03-19,25.75,92.75,1.84
2023-03-19,25.75,93.00,1.10
2023-03-19,26.00,91.50,8.50
2023-03-19,26.00,91.75,5.20
2023-03-19,26.00,92.00,0.65
2023-03-19,26.00,92.25,1.78
2023-03-19,26.00,92.50,1.69
2023-03-19,26.00,92.75,1.42
2023-03-19,26.00,93.00,1.01
2023-03-19,26.25,91.50,4.60
2023-03-19,26.25,91.75,1.17
2023-03-19,26.25,92.00,0.00
2023-03-19,26.25,92.25,0.00
2023-03-19,26.25,92.50,0.00
2023-03-19,26.25,92.75,0.28
2023-03-19,26.25,93.00,0.39
2023-03-19,26.50,91.50,0.53
2023-03-19,26.50,91.75,0.00
2023-03-19,26.50,92.00,0.00
2023-03-19,26.50,92.25,0.00
2023-03-19,26.50,92.50,0.00
2023-03-19,26.50,92.75,0.00
2023-03-19,26.50,93.00,0.00
2023-03-19,26.75,91.50,0.02
2023-03-19,26.75,91.75,0.00
2023-03-19,26.75,92.00,0.00
2023-03-19,26.75,92.25,0.00
2023-03-19,26.75,92.50,0.00
2023-03-19,26.75,92.75,0.00
2023-03-19,26.75,93.00,0.00
2023-03-19,27.00,91.50,0.00
2023-03-19,27.00,91.75,0.09
2023-03-19,27.00,92.00,1.31
2023-03-19,27.00,92.25,0.20
2023-03-19,27.00,92.50,0.00
2023-03-19,27.00,92.75,0.00
2023-03-19,27.00,93.00,0.00
2023-03-19,27.25,91.50,
2023-03-19,27.25,91.75,
2023-03-19,27.25,92.00,4.04
2023-03-19,27.25,92.25,1.90
2023-03-19,27.25,92.50,0.29
2023-03-19,27.25,92.75,0.00
2023-03-19,27.25,93.00,0.23
2023-03-19,27.50,91.50,
2023-03-19,27.50,91.75,5.89
2023-03-19,27.50,92.00,4.11
2023-03-19,27.50,92.25,1.93
2023-03-19,27.50,92.50,1.72
2023-03-19,27.50,92.75,4.23
2023-03-19,27.50,93.00,8.75
2023-03-19,27.75,91.50,7.24
2023-03-19,27.75,91.75,6.42
2023-03-19,27.75,92.00,4.73
2023-03-19,27.75,92.25,3.93
2023-03-19,27.75,92.50,11.85
2023-03-19,27.75,92.75,17.44
2023-03-19,27.75,93.00,20.83
2023-03-19,28.00,91.50,7.04
2023-03-19,28.00,91.75,6.55
2023-03-19,28.00,92.00,5.43
2023-03-19,28.00,92.25,11.04
2023-03-19,28.00,92.50,17.30
2023-03-19,28.00,92.75,20.32
2023-03-19,28.00,93.00,22.34
2023-03-20,25.75,91.50,37.03
2023-03-20,25.75,91.75,37.83
2023-03-20,25.75,92.00,17.24
2023-03-20,25.75,92.25,14.93
2023-03-20,25.75,92.50,13.58
2023-03-20,25.75,92.75,16.47
2023-03-20,25.75,93.00,25.37
2023-03-20,26.00,91.50,27.14
2023-03-20,26.00,91.75,25.01
2023-03-20,26.00,92.00,8.65
2023-03-20,26.00,92.25,5.96
2023-03-20,26.00,92.50,12.88
2023-03-20,26.00,92.75,21.06
2023-03-20,26.00,93.00,24.50
2023-03-20,26.25,91.50,17.94
2023-03-20,26.25,91.75,14.71
2023-03-20,26.25,92.00,14.59
2023-03-20,26.25,92.25,15.71
2023-03-20,26.25,92.50,18.16
2023-03-20,26.25,92.75,21.41
2023-03-20,26.25,93.00,21.13
2023-03-20,26.50,91.50,6.26
2023-03-20,26.50,91.75,9.09
2023-03-20,26.50,92.00,12.16
2023-03-20,26.50,92.25,13.03
2023-03-20,26.50,92.50,20.03
2023-03-20,26.50,92.75,19.06
2023-03-20,26.50,93.00,21.56
2023-03-20,26.75,91.50,8.15
2023-03-20,26.75,91.75,10.02
2023-03-20,26.75,92.00,12.78
2023-03-20,26.75,92.25,14.84
2023-03-20,26.75,92.50,18.89
2023-03-20,26.75,92.75,16.70
2023-03-20,26.75,93.00,16.10
2023-03-20,27.00,91.50,8.89
2023-03-20,27.00,91.75,8.88
2023-03-20,27.00,92.00,8.13
2023-03-20,27.00,92.25,6.20
2023-03-20,27.00,92.50,8.38
2023-03-20,27.00,92.75,8.88
2023-03-20,27.00,93.00,12.81
2023-03-20,27.25,91.50,
2023-03-20,27.25,91.75,
2023-03-20,27.25,92.00,2.44
2023-03-20,27.25,92.25,4.61
2023-03-20,27.25,92.50,6.99
2023-03-20,27.25,92.75,7.31
2023-03-20,27.25,93.00,10.11
2023-03-20,27.50,91.50,
2023-03-20,27.50,91.75,4.89
2023-03-20,27.50,92.00,3.93
2023-03-20,27.50,92.25,4.77
2023-03-20,27.50,92.50,6.27
2023-03-20,27.50,92.75,7.77
2023-03-20,27.50,93.00,8.50
2023-03-20,27.75,91.50,4.71
2023-03-20,27.75,91.75,4.73
2023-03-20,27.75,92.00,4.36
2023-03-20,27.75,92.25,5.18
2023-03-20,27.75,92.50,8.07
2023-03-20,27.75,92.75,9.34
2023-03-20,27.75,93.00,9.75
2023-03-20,28.00,91.50,4.71
2023-03-20,28.00,91.75,4.61
2023-03-20,28.00,92.00,4.51
2023-03-20,28.00,92.25,7.09
2023-03-20,28.00,92.50,8.93
2023-03-20,28.00,92.75,9.64
2023-03-20,28.00,93.00,9.90
2023-03-21,25.75,91.50,27.51
2023-03-21,25.75,91.75,27.37
2023-03-21,25.75,92.00,18.03
2023-03-21,25.75,92.25,20.55
2023-03-21,25.75,92.50,12.22
2023-03-21,25.75,92.75,10.91
2023-03-21,25.75,93.00,12.24
2023-03-21,26.00,91.50,15.12
2023-03-21,26.00,91.75,14.37
2023-03-21,26.00,92.00,9.43
2023-03-21,26.00,92.25,15.08
2023-03-21,26.00,92.50,10.42
2023-03-21,26.00,92.75,11.07
2023-03-21,26.00,93.00,11.85
2023-03-21,26.25,91.50,11.05
2023-03-21,26.25,91.75,7.15
2023-03-21,26.25,92.00,6.50
2023-03-21,26.25,92.25,5.01
2023-03-21,26.25,92.50,9.33
2023-03-21,26.25,92.75,8.95
2023-03-21,26.25,93.00,14.17
2023-03-21,26.50,91.50,11.32
2023-03-21,26.50,91.75,15.24
2023-03-21,26.50,92.00,5.98
2023-03-21,26.50,92.25,15.76
2023-03-21,26.50,92.50,20.66
2023-03-21,26.50,92.75,18.93
2023-03-21,26.50,93.00,15.76
2023-03-21,26.75,91.50,11.24
2023-03-21,26.75,91.75,24.99
2023-03-21,26.75,92.00,4.12
2023-03-21,26.75,92.25,17.58
2023-03-21,26.75,92.50,21.68
2023-03-21,26.75,92.75,20.06
2023-03-21,26.75,93.00,13.35
2023-03-21,27.00,91.50,10.51
2023-03-21,27.00,91.75,7.91
2023-03-21,27.00,92.00,5.47
2023-03-21,27.00,92.25,3.47
2023-03-21,27.00,92.50,7.05
2023-03-21,27.00,92.75,7.78
2023-03-21,27.00,93.00,13.24
2023-03-21,27.25,91.50,
2023-03-21,27.25,91.75,
2023-03-21,27.25,92.00,5.96
2023-03-21,27.25,92.25,4.97
2023-03-21,27.25,92.50,5.69
2023-03-21,27.25,92.75,6.13
2023-03-21,27.25,93.00,11.03
2023-03-21,27.50,91.50,
2023-03-21,27.50,91.75,6.07
2023-03-21,27.50,92.00,5.85
2023-03-21,27.50,92.25,5.43
2023-03-21,27.50,92.50,5.70
2023-03-21,27.50,92.75,6.84
2023-03-21,27.50,93.00,7.63
2023-03-21,27.75,91.50,6.19
2023-03-21,27.75,91.75,6.10
2023-03-21,27.75,92.00,5.87
2023-03-21,27.75,92.25,5.55
2023-03-21,27.75,92.50,6.86
2023-03-21,27.75,92.75,7.73
2023-03-21,27.75,93.00,7.98
2023-03-21,28.00,91.50,6.18
2023-03-21,28.00,91.75,6.12
2023-03-21,28.00,92.00,6.11
2023-03-21,28.00,92.25,6.87
2023-03-21,28.00,92.50,7.46
2023-03-21,28.00,92.75,7.83
2023-03-21,28.00,93.00,8.04
2023-03-22,25.75,91.50,4.13
2023-03-22,25.75,91.75,4.47
2023-03-22,25.75,92.00,4.03
2023-03-22,25.75,92.25,5.59
2023-03-22,25.75,92.50,2.25
2023-03-22,25.75,92.75,4.15
2023-03-22,25.75,93.00,2.55
2023-03-22,26.00,91.50,5.25
2023-03-22,26.00,91.75,1.48
2023-03-22,26.00,92.00,2.04
2023-03-22,26.00,92.25,4.24
2023-03-22,26.00,92.50,1.91
2023-03-22,26.00,92.75,2.60
2023-03-22,26.00,93.00,2.40
2023-03-22,26.25,91.50,14.16
2023-03-22,26.25,91.75,3.85
2023-03-22,26.25,92.00,1.92
2023-03-22,26.25,92.25,5.40
2023-03-22,26.25,92.50,5.56
2023-03-22,26.25,92.75,5.05
2023-03-22,26.25,93.00,2.50
2023-03-22,26.50,91.50,14.75
2023-03-22,26.50,91.75,7.53
2023-03-22,26.50,92.00,2.09
2023-03-22,26.50,92.25,8.75
2023-03-22,26.50,92.50,3.60
2023-03-22,26.50,92.75,4.45
2023-03-22,26.50,93.00,4.06
2023-03-22,26.75,91.50,9.32
2023-03-22,26.75,91.75,13.26
2023-03-22,26.75,92.00,3.04
2023-03-22,26.75,92.25,2.39
2023-03-22,26.75,92.50,2.75
2023-03-22,26.75,92.75,3.48
2023-03-22,26.75,93.00,11.98
2023-03-22,27.00,91.50,6.28
2023-03-22,27.00,91.75,2.12
2023-03-22,27.00,92.00,1.59
2023-03-22,27.00,92.25,0.13
2023-03-22,27.00,92.50,2.25
2023-03-22,27.00,92.75,7.45
2023-03-22,27.00,93.00,14.22
2023-03-22,27.25,91.50,
2023-03-22,27.25,91.75,
2023-03-22,27.25,92.00,1.08
2023-03-22,27.25,92.25,1.62
2023-03-22,27.25,92.50,5.78
2023-03-22,27.25,92.75,7.09
2023-03-22,27.25,93.00,13.64
2023-03-22,27.50,91.50,
2023-03-22,27.50,91.75,9.30
2023-03-22,27.50,92.00,3.70
2023-03-22,27.50,92.25,2.56
2023-03-22,27.50,92.50,4.81
2023-03-22,27.50,92.75,6.30
2023-03-22,27.50,93.00,5.61
2023-03-22,27.75,91.50,12.26
2023-03-22,27.75,91.75,10.32
2023-03-22,27.75,92.00,5.87
2023-03-22,27.75,92.25,2.35
2023-03-22,27.75,92.50,2.66
2023-03-22,27.75,92.75,2.02
2023-03-22,27.75,93.00,0.93
2023-03-22,28.00,91.50,11.75
2023-03-22,28.00,91.75,10.44
2023-03-22,28.00,92.00,8.53
2023-03-22,28.00,92.25,3.58
2023-03-22,28.00,92.50,1.38
2023-03-22,28.00,92.75,0.93
2023-03-22,28.00,93.00,0.35
2023-03-23,25.75,91.50,2.85
2023-03-23,25.75,91.75,3.12
2023-03-23,25.75,92.00,0.93
2023-03-23,25.75,92.25,0.35
2023-03-23,25.75,92.50,0.03
2023-03-23,25.75,92.75,0.00
2023-03-23,25.75,93.00,0.00
2023-03-23,26.00,91.50,1.02
2023-03-23,26.00,91.75,1.41
2023-03-23,26.00,92.00,0.31
2023-03-23,26.00,92.25,0.83
2023-03-23,26.00,92.50,0.25
2023-03-23,26.00,92.75,0.00
2023-03-23,26.00,93.00,0.00
2023-03-23,26.25,91.50,1.80
2023-03-23,26.25,91.75,0.00
2023-03-23,26.25,92.00,0.00
2023-03-23,26.25,92.25,14.46
2023-03-23,26.25,92.50,16.03
2023-03-23,26.25,92.75,11.60
2023-03-23,26.25,93.00,2.34
2023-03-23,26.50,91.50,2.83
2023-03-23,26.50,91.75,1.98
2023-03-23,26.50,92.00,2.52
2023-03-23,26.50,92.25,26.16
2023-03-23,26.50,92.50,13.08
2023-03-23,26.50,92.75,15.11
2023-03-23,26.50,93.00,8.64
2023-03-23,26.75,91.50,8.45
2023-03-23,26.75,91.75,5.00
2023-03-23,26.75,92.00,5.11
2023-03-23,26.75,92.25,8.83
2023-03-23,26.75,92.50,11.73
2023-03-23,26.75,92.75,12.69
2023-03-23,26.75,93.00,21.91
2023-03-23,27.00,91.50,6.35
2023-03-23,27.00,91.75,0.84
2023-03-23,27.00,92.00,1.99
2023-03-23,27.00,92.25,5.82
2023-03-23,27.00,92.50,6.99
2023-03-23,27.00,92.75,10.71
2023-03-23,27.00,93.00,23.09
2023-03-23,27.25,91.50,
2023-03-23,27.25,91.75,
2023-03-23,27.25,92.00,0.19
2023-03-23,27.25,92.25,3.12
2023-03-23,27.25,92.50,4.96
2023-03-23,27.25,92.75,6.23
2023-03-23,27.25,93.00,18.50
2023-03-23,27.50,91.50,
2023-03-23,27.50,91.75,0.99
2023-03-23,27.50,92.00,1.03
2023-03-23,27.50,92.25,2.78
2023-03-23,27.50,92.50,4.66
2023-03-23,27.50,92.75,7.70
2023-03-23,27.50,93.00,8.73
2023-03-23,27.75,91.50,1.87
2023-03-23,27.75,91.75,0.73
2023-03-23,27.75,92.00,1.48
2023-03-23,27.75,92.25,3.92
2023-03-23,27.75,92.50,7.85
2023-03-23,27.75,92.75,10.05
2023-03-23,27.75,93.00,10.72
2023-03-23,28.00,91.50,0.58
2023-03-23,28.00,91.75,0.60
2023-03-23,28.00,92.00,1.88
2023-03-23,28.00,92.25,6.87
2023-03-23,28.00,92.50,9.47
2023-03-23,28.00,92.75,10.34
2023-03-23,28.00,93.00,11.08
2023-03-24,25.75,91.50,0.00
2023-03-24,25.75,91.75,0.00
2023-03-24,25.75,92.00,3.87
2023-03-24,25.75,92.25,4.14
2023-03-24,25.75,92.50,3.42
2023-03-24,25.75,92.75,0.05
2023-03-24,25.75,93.00,0.28
2023-03-24,26.00,91.50,3.82
2023-03-24,26.00,91.75,3.85
2023-03-24,26.00,92.00,7.45
2023-03-24,26.00,92.25,2.98
2023-03-24,26.00,92.50,2.54
2023-03-24,26.00,92.75,0.71
2023-03-24,26.00,93.00,0.26
2023-03-24,26.25,91.50,13.69
2023-03-24,26.25,91.75,12.00
2023-03-24,26.25,92.00,5.67
2023-03-24,26.25,92.25,2.50
2023-03-24,26.25,92.50,2.98
2023-03-24,26.25,92.75,3.21
2023-03-24,26.25,93.00,1.10
2023-03-24,26.50,91.50,6.60
2023-03-24,26.50,91.75,3.78
2023-03-24,26.50,92.00,4.92
2023-03-24,26.50,92.25,5.53
2023-03-24,26.50,92.50,5.66
2023-03-24,26.50,92.75,5.21
2023-03-24,26.50,93.00,5.02
2023-03-24,26.75,91.50,23.19
2023-03-24,26.75,91.75,2.66
2023-03-24,26.75,92.00,4.48
2023-03-24,26.75,92.25,5.82
2023-03-24,26.75,92.50,5.39
2023-03-24,26.75,92.75,5.70
2023-03-24,26.75,93.00,13.46
2023-03-24,27.00,91.50,13.06
2023-03-24,27.00,91.75,0.53
2023-03-24,27.00,92.00,1.99
2023-03-24,27.00,92.25,0.21
2023-03-24,27.00,92.50,3.83
2023-03-24,27.00,92.75,10.52
2023-03-24,27.00,93.00,16.23
2023-03-24,27.25,91.50,
2023-03-24,27.25,91.75,
2023-03-24,27.25,92.00,0.12
2023-03-24,27.25,92.25,1.89
2023-03-24,27.25,92.50,9.55
2023-03-24,27.25,92.75,11.38
2023-03-24,27.25,93.00,16.17
2023-03-24,27.50,91.50,
2023-03-24,27.50,91.75,0.83
2023-03-24,27.50,92.00,0.32
2023-03-24,27.50,92.25,3.42
2023-03-24,27.50,92.50,7.69
2023-03-24,27.50,92.75,9.96
2023-03-24,27.50,93.00,6.99
2023-03-24,27.75,91.50,1.30
2023-03-24,27.75,91.75,0.92
2023-03-24,27.75,92.00,0.52
2023-03-24,27.75,92.25,3.20
2023-03-24,27.75,92.50,4.28
2023-03-24,27.75,92.75,2.90
2023-03-24,27.75,93.00,0.94
2023-03-24,28.00,91.50,1.15
2023-03-24,28.00,91.75,0.93
2023-03-24,28.00,92.00,2.02
2023-03-24,28.00,92.25,3.72
2023-03-24,28.00,92.50,2.20
2023-03-24,28.00,92.75,1.12
2023-03-24,28.00,93.00,0.32
2023-03-25,25.75,91.50,0.36
2023-03-25,25.75,91.75,0.74
2023-03-25,25.75,92.00,2.98
2023-03-25,25.75,92.25,9.42
2023-03-25,25.75,92.50,2.82
2023-03-25,25.75,92.75,1.27
2023-03-25,25.75,93.00,1.16
2023-03-25,26.00,91.50,0.00
2023-03-25,26.00,91.75,0.00
2023-03-25,26.00,92.00,0.00
2023-03-25,26.00,92.25,0.00
2023-03-25,26.00,92.50,0.07
2023-03-25,26.00,92.75,0.95
2023-03-25,26.00,93.00,1.08
2023-03-25,26.25,91.50,0.00
2023-03-25,26.25,91.75,0.00
2023-03-25,26.25,92.00,0.00
2023-03-25,26.25,92.25,0.00
2023-03-25,26.25,92.50,0.24
2023-03-25,26.25,92.75,0.38
2023-03-25,26.25,93.00,0.71
2023-03-25,26.50,91.50,1.50
2023-03-25,26.50,91.75,3.98
2023-03-25,26.50,92.00,1.69
2023-03-25,26.50,92.25,0.74
2023-03-25,26.50,92.50,0.85
2023-03-25,26.50,92.75,0.77
2023-03-25,26.50,93.00,0.24
2023-03-25,26.75,91.50,4.35
2023-03-25,26.75,91.75,6.91
2023-03-25,26.75,92.00,3.55
2023-03-25,26.75,92.25,1.78
2023-03-25,26.75,92.50,1.01
2023-03-25,26.75,92.75,0.85
2023-03-25,26.75,93.00,0.30
2023-03-25,27.00,91.50,3.54
2023-03-25,27.00,91.75,0.96
2023-03-25,27.00,92.00,1.33
2023-03-25,27.00,92.25,0.10
2023-03-25,27.00,92.50,0.17
2023-03-25,27.00,92.75,0.05
2023-03-25,27.00,93.00,0.33
2023-03-25,27.25,91.50,
2023-03-25,27.25,91.75,
2023-03-25,27.25,92.00,0.02
2023-03-25,27.25,92.25,0.00
2023-03-25,27.25,92.50,0.00
2023-03-25,27.25,92.75,0.02
2023-03-25,27.25,93.00,0.73
2023-03-25,27.50,91.50,
2023-03-25,27.50,91.75,3.11
2023-03-25,27.50,92.00,1.03
2023-03-25,27.50,92.25,0.00
2023-03-25,27.50,92.50,0.00
2023-03-25,27.50,92.75,0.01
2023-03-25,27.50,93.00,1.59
2023-03-25,27.75,91.50,4.19
2023-03-25,27.75,91.75,3.48
2023-03-25,27.75,92.00,1.84
2023-03-25,27.75,92.25,0.00
2023-03-25,27.75,92.50,0.00
2023-03-25,27.75,92.75,0.32
2023-03-25,27.75,93.00,0.52
2023-03-25,28.00,91.50,4.00
2023-03-25,28.00,91.75,3.51
2023-03-25,28.00,92.00,2.54
2023-03-25,28.00,92.25,0.41
2023-03-25,28.00,92.50,0.00
2023-03-25,28.00,92.75,0.43
2023-03-25,28.00,93.00,0.24
2023-03-26,25.75,91.50,0.03
2023-03-26,25.75,91.75,0.18
2023-03-26,25.75,92.00,0.83
2023-03-26,25.75,92.25,1.50
2023-03-26,25.75,92.50,0.43
2023-03-26,25.75,92.75,0.02
2023-03-26,25.75,93.00,0.17
2023-03-26,26.00,91.50,0.83
2023-03-26,26.00,91.75,1.07
2023-03-26,26.00,92.00,1.99
2023-03-26,26.00,92.25,0.20
2023-03-26,26.00,92.50,0.00
2023-03-26,26.00,92.75,0.08
2023-03-26,26.00,93.00,0.19
2023-03-26,26.25,91.50,1.89
2023-03-26,26.25,91.75,3.07
2023-03-26,26.25,92.00,3.77
2023-03-26,26.25,92.25,0.41
2023-03-26,26.25,92.50,0.10
2023-03-26,26.25,92.75,0.06
2023-03-26,26.25,93.00,0.09
2023-03-26,26.50,91.50,0.71
2023-03-26,26.50,91.75,1.33
2023-03-26,26.50,92.00,1.93
2023-03-26,26.50,92.25,0.23
2023-03-26,26.50,92.50,0.34
2023-03-26,26.50,92.75,0.31
2023-03-26,26.50,93.00,0.00
2023-03-26,26.75,91.50,2.45
2023-03-26,26.75,91.75,0.03
2023-03-26,26.75,92.00,0.93
2023-03-26,26.75,92.25,0.32
2023-03-26,26.75,92.50,0.37
2023-03-26,26.75,92.75,1.61
2023-03-26,26.75,93.00,8.27
2023-03-26,27.00,91.50,1.21
2023-03-26,27.00,91.75,0.08
2023-03-26,27.00,92.00,0.66
2023-03-26,27.00,92.25,0.07
2023-03-26,27.00,92.50,0.07
2023-03-26,27.00,92.75,4.93
2023-03-26,27.00,93.00,11.49
2023-03-26,27.25,91.50,
2023-03-26,27.25,91.75,
2023-03-26,27.25,92.00,1.06
2023-03-26,27.25,92.25,0.50
2023-03-26,27.25,92.50,0.08
2023-03-26,27.25,92.75,0.71
2023-03-26,27.25,93.00,9.93
2023-03-26,27.50,91.50,
2023-03-26,27.50,91.75,1.92
2023-03-26,27.50,92.00,1.20
2023-03-26,27.50,92.25,0.51
2023-03-26,27.50,92.50,0.20
2023-03-26,27.50,92.75,1.23
2023-03-26,27.50,93.00,1.99
2023-03-26,27.75,91.50,2.43
2023-03-26,27.75,91.75,2.10
2023-03-26,27.75,92.00,1.46
2023-03-26,27.75,92.25,0.45
2023-03-26,27.75,92.50,0.10
2023-03-26,27.75,92.75,0.37
2023-03-26,27.75,93.00,0.27
2023-03-26,28.00,91.50,2.34
2023-03-26,28.00,91.75,2.14
2023-03-26,28.00,92.00,1.73
2023-03-26,28.00,92.25,0.46
2023-03-26,28.00,92.50,0.06
2023-03-26,28.00,92.75,0.03
2023-03-26,28.00,93.00,0.08
2023-03-27,25.75,91.50,2.59
2023-03-27,25.75,91.75,2.44
2023-03-27,25.75,92.00,1.30
2023-03-27,25.75,92.25,1.08
2023-03-27,25.75,92.50,0.15
2023-03-27,25.75,92.75,0.37
2023-03-27,25.75,93.00,12.90
2023-03-27,26.00,91.50,0.23
2023-03-27,26.00,91.75,0.55
2023-03-27,26.00,92.00,1.46
2023-03-27,26.00,92.25,1.82
2023-03-27,26.00,92.50,0.55
2023-03-27,26.00,92.75,6.98
2023-03-27,26.00,93.00,12.33
2023-03-27,26.25,91.50,0.84
2023-03-27,26.25,91.75,1.48
2023-03-27,26.25,92.00,1.68
2023-03-27,26.25,92.25,5.42
2023-03-27,26.25,92.50,7.03
2023-03-27,26.25,92.75,13.41
2023-03-27,26.25,93.00,10.63
2023-03-27,26.50,91.50,3.34
2023-03-27,26.50,91.75,2.43
2023-03-27,26.50,92.00,1.88
2023-03-27,26.50,92.25,11.57
2023-03-27,26.50,92.50,10.92
2023-03-27,26.50,92.75,10.32
2023-03-27,26.50,93.00,7.87
2023-03-27,26.75,91.50,2.79
2023-03-27,26.75,91.75,2.96
2023-03-27,26.75,92.00,1.54
2023-03-27,26.75,92.25,6.31
2023-03-27,26.75,92.50,9.54
2023-03-27,26.75,92.75,8.06
2023-03-27,26.75,93.00,6.18
2023-03-27,27.00,91.50,1.71
2023-03-27,27.00,91.75,0.40
2023-03-27,27.00,92.00,0.74
2023-03-27,27.00,92.25,0.09
2023-03-27,27.00,92.50,1.44
2023-03-27,27.00,92.75,2.50
2023-03-27,27.00,93.00,5.41
2023-03-27,27.25,91.50,
2023-03-27,27.25,91.75,
2023-03-27,27.25,92.00,0.01
2023-03-27,27.25,92.25,0.00
2023-03-27,27.25,92.50,0.21
2023-03-27,27.25,92.75,0.31
2023-03-27,27.25,93.00,4.68
2023-03-27,27.50,91.50,
2023-03-27,27.50,91.75,10.00
2023-03-27,27.50,92.00,3.30
2023-03-27,27.50,92.25,0.00
2023-03-27,27.50,92.50,0.07
2023-03-27,27.50,92.75,0.47
2023-03-27,27.50,93.00,2.97
2023-03-27,27.75,91.50,13.42
2023-03-27,27.75,91.75,11.18
2023-03-27,27.75,92.00,5.92
2023-03-27,27.75,92.25,1.16
2023-03-27,27.75,92.50,0.12
2023-03-27,27.75,92.75,1.43
2023-03-27,27.75,93.00,3.51
2023-03-27,28.00,91.50,12.84
2023-03-27,28.00,91.75,11.30
2023-03-27,28.00,92.00,8.16
2023-03-27,28.00,92.25,3.33
2023-03-27,28.00,92.50,0.21
2023-03-27,28.00,92.75,1.62
2023-03-27,28.00,93.00,3.54
2023-03-28,25.75,91.50,0.13
2023-03-28,25.75,91.75,0.23
2023-03-28,25.75,92.00,0.51
2023-03-28,25.75,92.25,0.46
2023-03-28,25.75,92.50,1.08
2023-03-28,25.75,92.75,9.04
2023-03-28,25.75,93.00,6.80
2023-03-28,26.00,91.50,0.00
2023-03-28,26.00,91.75,0.00
2023-03-28,26.00,92.00,0.40
2023-03-28,26.00,92.25,1.08
2023-03-28,26.00,92.50,0.85
2023-03-28,26.00,92.75,6.12
2023-03-28,26.00,93.00,6.34
2023-03-28,26.25,91.50,0.00
2023-03-28,26.25,91.75,0.00
2023-03-28,26.25,92.00,0.00
2023-03-28,26.25,92.25,0.05
2023-03-28,26.25,92.50,0.29
2023-03-28,26.25,92.75,3.06
2023-03-28,26.25,93.00,3.01
2023-03-28,26.50,91.50,1.12
2023-03-28,26.50,91.75,1.41
2023-03-28,26.50,92.00,0.00
2023-03-28,26.50,92.25,0.43
2023-03-28,26.50,92.50,0.72
2023-03-28,26.50,92.75,0.69
2023-03-28,26.50,93.00,1.26
2023-03-28,26.75,91.50,0.74
2023-03-28,26.75,91.75,2.93
2023-03-28,26.75,92.00,0.04
2023-03-28,26.75,92.25,0.33
2023-03-28,26.75,92.50,0.66
2023-03-28,26.75,92.75,0.55
2023-03-28,26.75,93.00,1.67
2023-03-28,27.00,91.50,0.60
2023-03-28,27.00,91.75,0.32
2023-03-28,27.00,92.00,0.00
2023-03-28,27.00,92.25,0.00
2023-03-28,27.00,92.50,0.10
2023-03-28,27.00,92.75,0.15
2023-03-28,27.00,93.00,1.20
2023-03-28,27.25,91.50,
2023-03-28,27.25,91.75,
2023-03-28,27.25,92.00,0.00
2023-03-28,27.25,92.25,0.00
2023-03-28,27.25,92.50,0.02
2023-03-28,27.25,92.75,0.05
2023-03-28,27.25,93.00,0.70
2023-03-28,27.50,91.50,
2023-03-28,27.50,91.75,9.05
2023-03-28,27.50,92.00,2.99
2023-03-28,27.50,92.25,0.00
2023-03-28,27.50,92.50,0.00
2023-03-28,27.50,92.75,0.01
2023-03-28,27.50,93.00,0.29
2023-03-28,27.75,91.50,12.13
2023-03-28,27.75,91.75,10.13
2023-03-28,27.75,92.00,5.36
2023-03-28,27.75,92.25,1.05
2023-03-28,27.75,92.50,0.00
2023-03-28,27.75,92.75,0.02
2023-03-28,27.75,93.00,0.22
2023-03-28,28.00,91.50,11.62
2023-03-28,28.00,91.75,10.23
2023-03-28,28.00,92.00,7.39
2023-03-28,28.00,92.25,3.02
2023-03-28,28.00,92.50,0.00
2023-03-28,28.00,92.75,0.01
2023-03-28,28.00,93.00,0.15
2023-03-29,25.75,91.50,0.27
2023-03-29,25.75,91.75,0.00
2023-03-29,25.75,92.00,0.00
2023-03-29,25.75,92.25,0.00
2023-03-29,25.75,92.50,0.98
2023-03-29,25.75,92.75,8.36
2023-03-29,25.75,93.00,3.18
2023-03-29,26.00,91.50,0.00
2023-03-29,26.00,91.75,0.00
2023-03-29,26.00,92.00,0.00
2023-03-29,26.00,92.25,0.00
2023-03-29,26.00,92.50,0.49
2023-03-29,26.00,92.75,3.96
2023-03-29,26.00,93.00,3.05
2023-03-29,26.25,91.50,0.00
2023-03-29,26.25,91.75,0.00
2023-03-29,26.25,92.00,0.00
2023-03-29,26.25,92.25,2.37
2023-03-29,26.25,92.50,5.00
2023-03-29,26.25,92.75,8.14
2023-03-29,26.25,93.00,3.31
2023-03-29,26.50,91.50,0.00
2023-03-29,26.50,91.75,0.21
2023-03-29,26.50,92.00,0.59
2023-03-29,26.50,92.25,8.60
2023-03-29,26.50,92.50,14.53
2023-03-29,26.50,92.75,12.32
2023-03-29,26.50,93.00,11.29
2023-03-29,26.75,91.50,0.00
2023-03-29,26.75,91.75,0.00
2023-03-29,26.75,92.00,0.15
2023-03-29,26.75,92.25,7.39
2023-03-29,26.75,92.50,13.48
2023-03-29,26.75,92.75,11.64
2023-03-29,26.75,93.00,6.31
2023-03-29,27.00,91.50,0.00
2023-03-29,27.00,91.75,0.00
2023-03-29,27.00,92.00,0.22
2023-03-29,27.00,92.25,3.88
2023-03-29,27.00,92.50,6.07
2023-03-29,27.00,92.75,6.42
2023-03-29,27.00,93.00,4.56
2023-03-29,27.25,91.50,
2023-03-29,27.25,91.75,
2023-03-29,27.25,92.00,0.05
2023-03-29,27.25,92.25,2.49
2023-03-29,27.25,92.50,5.75
2023-03-29,27.25,92.75,5.93
2023-03-29,27.25,93.00,4.72
2023-03-29,27.50,91.50,
2023-03-29,27.50,91.75,14.42
2023-03-29,27.50,92.00,5.02
2023-03-29,27.50,92.25,2.60
2023-03-29,27.50,92.50,4.78
2023-03-29,27.50,92.75,5.89
2023-03-29,27.50,93.00,6.35
2023-03-29,27.75,91.50,19.19
2023-03-29,27.75,91.75,16.10
2023-03-29,27.75,92.00,8.80
2023-03-29,27.75,92.25,4.81
2023-03-29,27.75,92.50,4.45
2023-03-29,27.75,92.75,6.43
2023-03-29,27.75,93.00,7.18
2023-03-29,28.00,91.50,18.38
2023-03-29,28.00,91.75,16.25
2023-03-29,28.00,92.00,12.38
2023-03-29,28.00,92.25,7.49
2023-03-29,28.00,92.50,4.54
2023-03-29,28.00,92.75,6.61
2023-03-29,28.00,93.00,7.66
2023-03-30,25.75,91.50,0.00
2023-03-30,25.75,91.75,0.00
2023-03-30,25.75,92.00,0.15
2023-03-30,25.75,92.25,2.37
2023-03-30,25.75,92.50,5.57
2023-03-30,25.75,92.75,0.06
2023-03-30,25.75,93.00,0.00
2023-03-30,26.00,91.50,0.00
2023-03-30,26.00,91.75,0.17
2023-03-30,26.00,92.00,0.27
2023-03-30,26.00,92.25,0.52
2023-03-30,26.00,92.50,4.40
2023-03-30,26.00,92.75,1.35
2023-03-30,26.00,93.00,0.00
2023-03-30,26.25,91.50,0.00
2023-03-30,26.25,91.75,0.22
2023-03-30,26.25,92.00,0.11
2023-03-30,26.25,92.25,3.37
2023-03-30,26.25,92.50,3.10
2023-03-30,26.25,92.75,1.42
2023-03-30,26.25,93.00,0.38
2023-03-30,26.50,91.50,0.90
2023-03-30,26.50,91.75,0.00
2023-03-30,26.50,92.00,0.00
2023-03-30,26.50,92.25,1.63
2023-03-30,26.50,92.50,0.31
2023-03-30,26.50,92.75,0.89
2023-03-30,26.50,93.00,0.67
2023-03-30,26.75,91.50,0.17
2023-03-30,26.75,91.75,0.00
2023-03-30,26.75,92.00,0.00
2023-03-30,26.75,92.25,0.00
2023-03-30,26.75,92.50,0.00
2023-03-30,26.75,92.75,0.03
2023-03-30,26.75,93.00,0.29
2023-03-30,27.00,91.50,0.09
2023-03-30,27.00,91.75,0.03
2023-03-30,27.00,92.00,0.38
2023-03-30,27.00,92.25,0.06
2023-03-30,27.00,92.50,1.26
2023-03-30,27.00,92.75,2.02
2023-03-30,27.00,93.00,0.67
2023-03-30,27.25,91.50,
2023-03-30,27.25,91.75,
2023-03-30,27.25,92.00,1.15
2023-03-30,27.25,92.25,1.31
2023-03-30,27.25,92.50,4.02
2023-03-30,27.25,92.75,4.39
2023-03-30,27.25,93.00,1.81
2023-03-30,27.50,91.50,
2023-03-30,27.50,91.75,0.54
2023-03-30,27.50,92.00,0.99
2023-03-30,27.50,92.25,1.96
2023-03-30,27.50,92.50,3.64
2023-03-30,27.50,92.75,3.99
2023-03-30,27.50,93.00,2.86
2023-03-30,27.75,91.50,0.60
2023-03-30,27.75,91.75,0.75
2023-03-30,27.75,92.00,1.17
2023-03-30,27.75,92.25,2.30
2023-03-30,27.75,92.50,2.95
2023-03-30,27.75,92.75,3.45
2023-03-30,27.75,93.00,2.39
2023-03-30,28.00,91.50,0.58
2023-03-30,28.00,91.75,0.87
2023-03-30,28.00,92.00,1.66
2023-03-30,28.00,92.25,2.56
2023-03-30,28.00,92.50,3.18
2023-03-30,28.00,92.75,3.39
2023-03-30,28.00,93.00,2.31
2023-03-31,25.75,91.50,0.00
2023-03-31,25.75,91.75,0.00
2023-03-31,25.75,92.00,0.00
2023-03-31,25.75,92.25,0.00
2023-03-31,25.75,92.50,0.00
2023-03-31,25.75,92.75,0.00
2023-03-31,25.75,93.00,0.04
2023-03-31,26.00,91.50,0.47
2023-03-31,26.00,91.75,0.00
2023-03-31,26.00,92.00,0.00
2023-03-31,26.00,92.25,0.00
2023-03-31,26.00,92.50,0.00
2023-03-31,26.00,92.75,0.00
2023-03-31,26.00,93.00,0.08
2023-03-31,26.25,91.50,1.69
2023-03-31,26.25,91.75,0.70
2023-03-31,26.25,92.00,0.00
2023-03-31,26.25,92.25,0.00
2023-03-31,26.25,92.50,0.00
2023-03-31,26.25,92.75,0.00
2023-03-31,26.25,93.00,0.00
2023-03-31,26.50,91.50,0.00
2023-03-31,26.50,91.75,0.00
2023-03-31,26.50,92.00,0.00
2023-03-31,26.50,92.25,0.00
2023-03-31,26.50,92.50,0.00
2023-03-31,26.50,92.75,0.00
2023-03-31,26.50,93.00,0.00
2023-03-31,26.75,91.50,0.00
2023-03-31,26.75,91.75,0.00
2023-03-31,26.75,92.00,0.00
2023-03-31,26.75,92.25,0.00
2023-03-31,26.75,92.50,0.00
2023-03-31,26.75,92.75,0.00
2023-03-31,26.75,93.00,0.00
2023-03-31,27.00,91.50,0.00
2023-03-31,27.00,91.75,0.02
2023-03-31,27.00,92.00,0.34
2023-03-31,27.00,92.25,0.05
2023-03-31,27.00,92.50,0.00
2023-03-31,27.00,92.75,0.00
2023-03-31,27.00,93.00,0.00
2023-03-31,27.25,91.50,
2023-03-31,27.25,91.75,
2023-03-31,27.25,92.00,1.06
2023-03-31,27.25,92.25,0.50
2023-03-31,27.25,92.50,0.08
2023-03-31,27.25,92.75,0.00
2023-03-31,27.25,93.00,0.00
2023-03-31,27.50,91.50,
2023-03-31,27.50,91.75,1.11
2023-03-31,27.50,92.00,0.93
2023-03-31,27.50,92.25,0.51
2023-03-31,27.50,92.50,0.20
2023-03-31,27.50,92.75,0.00
2023-03-31,27.50,93.00,0.00
2023-03-31,27.75,91.50,1.31
2023-03-31,27.75,91.75,1.20
2023-03-31,27.75,92.00,0.98
2023-03-31,27.75,92.25,0.49
2023-03-31,27.75,92.50,0.25
2023-03-31,27.75,92.75,0.00
2023-03-31,27.75,93.00,0.00
2023-03-31,28.00,91.50,1.29
2023-03-31,28.00,91.75,1.22
2023-03-31,28.00,92.00,1.07
2023-03-31,28.00,92.25,0.66
2023-03-31,28.00,92.50,0.27
2023-03-31,28.00,92.75,0.08
2023-03-31,28.00,93.00,0.00
2023-04-01,25.75,91.50,2.66
2023-04-01,25.75,91.75,5.77
2023-04-01,25.75,92.00,0.69
2023-04-01,25.75,92.25,3.68
2023-04-01,25.75,92.50,5.08
2023-04-01,25.75,92.75,1.22
2023-04-01,25.75,93.00,0.31
2023-04-01,26.00,91.50,0.05
2023-04-01,26.00,91.75,0.33
2023-04-01,26.00,92.00,0.86
2023-04-01,26.00,92.25,1.23
2023-04-01,26.00,92.50,3.17
2023-04-01,26.00,92.75,1.38
2023-04-01,26.00,93.00,0.28
2023-04-01,26.25,91.50,0.25
2023-04-01,26.25,91.75,0.29
2023-04-01,26.25,92.00,0.11
2023-04-01,26.25,92.25,0.22
2023-04-01,26.25,92.50,0.00
2023-04-01,26.25,92.75,0.00
2023-04-01,26.25,93.00,0.17
2023-04-01,26.50,91.50,1.55
2023-04-01,26.50,91.75,0.00
2023-04-01,26.50,92.00,0.13
2023-04-01,26.50,92.25,0.00
2023-04-01,26.50,92.50,0.00
2023-04-01,26.50,92.75,0.00
2023-04-01,26.50,93.00,0.62
2023-04-01,26.75,91.50,0.18
2023-04-01,26.75,91.75,0.00
2023-04-01,26.75,92.00,0.00
2023-04-01,26.75,92.25,0.00
2023-04-01,26.75,92.50,0.00
2023-04-01,26.75,92.75,0.00
2023-04-01,26.75,93.00,0.48
2023-04-01,27.00,91.50,0.46
2023-04-01,27.00,91.75,0.98
2023-04-01,27.00,92.00,0.36
2023-04-01,27.00,92.25,0.00
2023-04-01,27.00,92.50,0.00
2023-04-01,27.00,92.75,0.00
2023-04-01,27.00,93.00,0.26
2023-04-01,27.25,91.50,
2023-04-01,27.25,91.75,
2023-04-01,27.25,92.00,0.12
2023-04-01,27.25,92.25,0.08
2023-04-01,27.25,92.50,0.01
2023-04-01,27.25,92.75,0.00
2023-04-01,27.25,93.00,0.00
2023-04-01,27.50,91.50,
2023-04-01,27.50,91.75,0.51
2023-04-01,27.50,92.00,0.34
2023-04-01,27.50,92.25,0.11
2023-04-01,27.50,92.50,0.02
2023-04-01,27.50,92.75,0.00
2023-04-01,27.50,93.00,0.00
2023-04-01,27.75,91.50,0.57
2023-04-01,27.75,91.75,0.55
2023-04-01,27.75,92.00,0.35
2023-04-01,27.75,92.25,0.12
2023-04-01,27.75,92.50,0.02
2023-04-01,27.75,92.75,0.00
2023-04-01,27.75,93.00,0.00
2023-04-01,28.00,91.50,0.61
2023-04-01,28.00,91.75,0.48
2023-04-01,28.00,92.00,0.26
2023-04-01,28.00,92.25,0.10
2023-04-01,28.00,92.50,0.02
2023-04-01,28.00,92.75,0.01
2023-04-01,28.00,93.00,0.00
2023-04-02,25.75,91.50,13.25
2023-04-02,25.75,91.75,11.18
2023-04-02,25.75,92.00,8.14
2023-04-02,25.75,92.25,8.33
2023-04-02,25.75,92.50,6.19
2023-04-02,25.75,92.75,6.38
2023-04-02,25.75,93.00,4.95
2023-04-02,26.00,91.50,17.42
2023-04-02,26.00,91.75,11.74
2023-04-02,26.00,92.00,5.15
2023-04-02,26.00,92.25,3.78
2023-04-02,26.00,92.50,5.40
2023-04-02,26.00,92.75,5.54
2023-04-02,26.00,93.00,4.93
2023-04-02,26.25,91.50,17.48
2023-04-02,26.25,91.75,8.64
2023-04-02,26.25,92.00,5.41
2023-04-02,26.25,92.25,13.53
2023-04-02,26.25,92.50,16.10
2023-04-02,26.25,92.75,13.96
2023-04-02,26.25,93.00,5.18
2023-04-02,26.50,91.50,5.98
2023-04-02,26.50,91.75,2.58
2023-04-02,26.50,92.00,6.46
2023-04-02,26.50,92.25,21.45
2023-04-02,26.50,92.50,19.72
2023-04-02,26.50,92.75,19.42
2023-04-02,26.50,93.00,12.49
2023-04-02,26.75,91.50,14.55
2023-04-02,26.75,91.75,3.56
2023-04-02,26.75,92.00,4.70
2023-04-02,26.75,92.25,15.56
2023-04-02,26.75,92.50,18.98
2023-04-02,26.75,92.75,18.39
2023-04-02,26.75,93.00,14.63
2023-04-02,27.00,91.50,12.85
2023-04-02,27.00,91.75,4.88
2023-04-02,27.00,92.00,4.33
2023-04-02,27.00,92.25,10.26
2023-04-02,27.00,92.50,10.19
2023-04-02,27.00,92.75,11.09
2023-04-02,27.00,93.00,15.05
2023-04-02,27.25,91.50,
2023-04-02,27.25,91.75,
2023-04-02,27.25,92.00,1.61
2023-04-02,27.25,92.25,5.21
2023-04-02,27.25,92.50,4.19
2023-04-02,27.25,92.75,4.33
2023-04-02,27.25,93.00,11.93
2023-04-02,27.50,91.50,
2023-04-02,27.50,91.75,3.96
2023-04-02,27.50,92.00,3.41
2023-04-02,27.50,92.25,4.01
2023-04-02,27.50,92.50,3.95
2023-04-02,27.50,92.75,5.31
2023-04-02,27.50,93.00,7.51
2023-04-02,27.75,91.50,5.31
2023-04-02,27.75,91.75,3.79
2023-04-02,27.75,92.00,3.83
2023-04-02,27.75,92.25,3.93
2023-04-02,27.75,92.50,4.53
2023-04-02,27.75,92.75,6.23
2023-04-02,27.75,93.00,7.44
2023-04-02,28.00,91.50,4.08
2023-04-02,28.00,91.75,3.31
2023-04-02,28.00,92.00,3.22
2023-04-02,28.00,92.25,3.49
2023-04-02,28.00,92.50,3.97
2023-04-02,28.00,92.75,4.91
2023-04-02,28.00,93.00,6.99
2023-04-03,25.75,91.50,2.13
2023-04-03,25.75,91.75,2.10
2023-04-03,25.75,92.00,3.57
2023-04-03,25.75,92.25,4.93
2023-04-03,25.75,92.50,6.91
2023-04-03,25.75,92.75,6.15
2023-04-03,25.75,93.00,4.39
2023-04-03,26.00,91.50,0.50
2023-04-03,26.00,91.75,1.36
2023-04-03,26.00,92.00,3.60
2023-04-03,26.00,92.25,6.23
2023-04-03,26.00,92.50,7.47
2023-04-03,26.00,92.75,5.74
2023-04-03,26.00,93.00,4.36
2023-04-03,26.25,91.50,4.48
2023-04-03,26.25,91.75,1.64
2023-04-03,26.25,92.00,1.79
2023-04-03,26.25,92.25,11.11
2023-04-03,26.25,92.50,11.59
2023-04-03,26.25,92.75,9.97
2023-04-03,26.25,93.00,9.31
2023-04-03,26.50,91.50,7.19
2023-04-03,26.50,91.75,2.24
2023-04-03,26.50,92.00,3.49
2023-04-03,26.50,92.25,12.27
2023-04-03,26.50,92.50,9.40
2023-04-03,26.50,92.75,10.03
2023-04-03,26.50,93.00,14.00
2023-04-03,26.75,91.50,16.33
2023-04-03,26.75,91.75,4.13
2023-04-03,26.75,92.00,6.98
2023-04-03,26.75,92.25,5.03
2023-04-03,26.75,92.50,7.81
2023-04-03,26.75,92.75,7.90
2023-04-03,26.75,93.00,23.87
2023-04-03,27.00,91.50,12.12
2023-04-03,27.00,91.75,0.94
2023-04-03,27.00,92.00,3.50
2023-04-03,27.00,92.25,1.41
2023-04-03,27.00,92.50,3.42
2023-04-03,27.00,92.75,8.78
2023-04-03,27.00,93.00,22.84
2023-04-03,27.25,91.50,
2023-04-03,27.25,91.75,
2023-04-03,27.25,92.00,3.22
2023-04-03,27.25,92.25,2.86
2023-04-03,27.25,92.50,5.27
2023-04-03,27.25,92.75,6.47
2023-04-03,27.25,93.00,18.44
2023-04-03,27.50,91.50,
2023-04-03,27.50,91.75,1.86
2023-04-03,27.50,92.00,2.45
2023-04-03,27.50,92.25,3.45
2023-04-03,27.50,92.50,5.14
2023-04-03,27.50,92.75,6.45
2023-04-03,27.50,93.00,11.40
2023-04-03,27.75,91.50,4.81
2023-04-03,27.75,91.75,1.86
2023-04-03,27.75,92.00,2.49
2023-04-03,27.75,92.25,3.70
2023-04-03,27.75,92.50,4.37
2023-04-03,27.75,92.75,7.48
2023-04-03,27.75,93.00,10.54
2023-04-03,28.00,91.50,2.52
2023-04-03,28.00,91.75,2.14
2023-04-03,28.00,92.00,3.10
2023-04-03,28.00,92.25,3.99
2023-04-03,28.00,92.50,4.73
2023-04-03,28.00,92.75,6.89
2023-04-03,28.00,93.00,9.48
2023-04-04,25.75,91.50,0.00
2023-04-04,25.75,91.75,0.54
2023-04-04,25.75,92.00,3.59
2023-04-04,25.75,92.25,0.99
2023-04-04,25.75,92.50,0.06
2023-04-04,25.75,92.75,0.10
2023-04-04,25.75,93.00,4.28
2023-04-04,26.00,91.50,0.03
2023-04-04,26.00,91.75,6.99
2023-04-04,26.00,92.00,6.95
2023-04-04,26.00,92.25,2.38
2023-04-04,26.00,92.50,1.55
2023-04-04,26.00,92.75,2.26
2023-04-04,26.00,93.00,4.30
2023-04-04,26.25,91.50,0.09
2023-04-04,26.25,91.75,8.03
2023-04-04,26.25,92.00,10.71
2023-04-04,26.25,92.25,2.82
2023-04-04,26.25,92.50,4.15
2023-04-04,26.25,92.75,2.66
2023-04-04,26.25,93.00,7.85
2023-04-04,26.50,91.50,5.83
2023-04-04,26.50,91.75,6.48
2023-04-04,26.50,92.00,13.04
2023-04-04,26.50,92.25,5.55
2023-04-04,26.50,92.50,8.75
2023-04-04,26.50,92.75,6.51
2023-04-04,26.50,93.00,9.63
2023-04-04,26.75,91.50,16.94
2023-04-04,26.75,91.75,14.99
2023-04-04,26.75,92.00,20.71
2023-04-04,26.75,92.25,11.03
2023-04-04,26.75,92.50,8.61
2023-04-04,26.75,92.75,6.34
2023-04-04,26.75,93.00,3.97
2023-04-04,27.00,91.50,12.84
2023-04-04,27.00,91.75,2.25
2023-04-04,27.00,92.00,7.57
2023-04-04,27.00,92.25,2.00
2023-04-04,27.00,92.50,2.37
2023-04-04,27.00,92.75,1.34
2023-04-04,27.00,93.00,1.74
2023-04-04,27.25,91.50,
2023-04-04,27.25,91.75,
2023-04-04,27.25,92.00,0.31
2023-04-04,27.25,92.25,0.68
2023-04-04,27.25,92.50,0.39
2023-04-04,27.25,92.75,0.13
2023-04-04,27.25,93.00,0.12
2023-04-04,27.50,91.50,
2023-04-04,27.50,91.75,2.50
2023-04-04,27.50,92.00,1.03
2023-04-04,27.50,92.25,0.42
2023-04-04,27.50,92.50,0.22
2023-04-04,27.50,92.75,0.20
2023-04-04,27.50,93.00,0.17
2023-04-04,27.75,91.50,3.49
2023-04-04,27.75,91.75,2.78
2023-04-04,27.75,92.00,1.64
2023-04-04,27.75,92.25,0.69
2023-04-04,27.75,92.50,0.41
2023-04-04,27.75,92.75,0.21
2023-04-04,27.75,93.00,0.27
2023-04-04,28.00,91.50,3.24
2023-04-04,28.00,91.75,2.80
2023-04-04,28.00,92.00,2.04
2023-04-04,28.00,92.25,1.00
2023-04-04,28.00,92.50,0.30
2023-04-04,28.00,92.75,0.18
2023-04-04,28.00,93.00,0.32
2023-04-05,25.75,91.50,3.27
2023-04-05,25.75,91.75,1.24
2023-04-05,25.75,92.00,1.81
2023-04-05,25.75,92.25,1.13
2023-04-05,25.75,92.50,0.17
2023-04-05,25.75,92.75,0.01
2023-04-05,25.75,93.00,0.26
2023-04-05,26.00,91.50,3.90
2023-04-05,26.00,91.75,2.51
2023-04-05,26.00,92.00,2.31
2023-04-05,26.00,92.25,1.21
2023-04-05,26.00,92.50,2.54
2023-04-05,26.00,92.75,0.75
2023-04-05,26.00,93.00,0.49
2023-04-05,26.25,91.50,8.61
2023-04-05,26.25,91.75,4.72
2023-04-05,26.25,92.00,4.28
2023-04-05,26.25,92.25,10.28
2023-04-05,26.25,92.50,9.83
2023-04-05,26.25,92.75,5.08
2023-04-05,26.25,93.00,4.38
2023-04-05,26.50,91.50,11.65
2023-04-05,26.50,91.75,10.33
2023-04-05,26.50,92.00,8.10
2023-04-05,26.50,92.25,7.25
2023-04-05,26.50,92.50,3.80
2023-04-05,26.50,92.75,5.12
2023-04-05,26.50,93.00,8.45
2023-04-05,26.75,91.50,9.46
2023-04-05,26.75,91.75,13.48
2023-04-05,26.75,92.00,14.75
2023-04-05,26.75,92.25,5.17
2023-04-05,26.75,92.50,3.17
2023-04-05,26.75,92.75,2.84
2023-04-05,26.75,93.00,5.25
2023-04-05,27.00,91.50,7.23
2023-04-05,27.00,91.75,4.79
2023-04-05,27.00,92.00,6.26
2023-04-05,27.00,92.25,1.84
2023-04-05,27.00,92.50,1.44
2023-04-05,27.00,92.75,0.99
2023-04-05,27.00,93.00,3.26
2023-04-05,27.25,91.50,
2023-04-05,27.25,91.75,
2023-04-05,27.25,92.00,0.25
2023-04-05,27.25,92.25,0.71
2023-04-05,27.25,92.50,0.24
2023-04-05,27.25,92.75,0.17
2023-04-05,27.25,93.00,1.82
2023-04-05,27.50,91.50,
2023-04-05,27.50,91.75,0.51
2023-04-05,27.50,92.00,0.60
2023-04-05,27.50,92.25,0.53
2023-04-05,27.50,92.50,0.23
2023-04-05,27.50,92.75,0.98
2023-04-05,27.50,93.00,6.04
2023-04-05,27.75,91.50,0.20
2023-04-05,27.75,91.75,0.34
2023-04-05,27.75,92.00,0.58
2023-04-05,27.75,92.25,0.37
2023-04-05,27.75,92.50,0.95
2023-04-05,27.75,92.75,4.80
2023-04-05,27.75,93.00,10.73
2023-04-05,28.00,91.50,0.22
2023-04-05,28.00,91.75,0.28
2023-04-05,28.00,92.00,0.23
2023-04-05,28.00,92.25,0.16
2023-04-05,28.00,92.50,1.29
2023-04-05,28.00,92.75,7.05
2023-04-05,28.00,93.00,12.94
2023-04-06,25.75,91.50,0.48
2023-04-06,25.75,91.75,0.07
2023-04-06,25.75,92.00,0.00
2023-04-06,25.75,92.25,0.66
2023-04-06,25.75,92.50,0.26
2023-04-06,25.75,92.75,0.60
2023-04-06,25.75,93.00,0.44
2023-04-06,26.00,91.50,0.00
2023-04-06,26.00,91.75,0.00
2023-04-06,26.00,92.00,0.00
2023-04-06,26.00,92.25,0.00
2023-04-06,26.00,92.50,0.03
2023-04-06,26.00,92.75,0.40
2023-04-06,26.00,93.00,0.40
2023-04-06,26.25,91.50,0.00
2023-04-06,26.25,91.75,0.00
2023-04-06,26.25,92.00,0.00
2023-04-06,26.25,92.25,0.00
2023-04-06,26.25,92.50,0.00
2023-04-06,26.25,92.75,0.13
2023-04-06,26.25,93.00,3.56
2023-04-06,26.50,91.50,1.71
2023-04-06,26.50,91.75,0.00
2023-04-06,26.50,92.00,0.00
2023-04-06,26.50,92.25,0.00
2023-04-06,26.50,92.50,0.00
2023-04-06,26.50,92.75,0.00
2023-04-06,26.50,93.00,4.51
2023-04-06,26.75,91.50,5.91
2023-04-06,26.75,91.75,0.04
2023-04-06,26.75,92.00,0.00
2023-04-06,26.75,92.25,0.00
2023-04-06,26.75,92.50,0.00
2023-04-06,26.75,92.75,0.01
2023-04-06,26.75,93.00,0.05
2023-04-06,27.00,91.50,2.93
2023-04-06,27.00,91.75,0.00
2023-04-06,27.00,92.00,0.03
2023-04-06,27.00,92.25,0.00
2023-04-06,27.00,92.50,0.00
2023-04-06,27.00,92.75,0.05
2023-04-06,27.00,93.00,0.09
2023-04-06,27.25,91.50,
2023-04-06,27.25,91.75,
2023-04-06,27.25,92.00,0.10
2023-04-06,27.25,92.25,0.05
2023-04-06,27.25,92.50,0.01
2023-04-06,27.25,92.75,0.01
2023-04-06,27.25,93.00,0.15
2023-04-06,27.50,91.50,
2023-04-06,27.50,91.75,0.04
2023-04-06,27.50,92.00,0.06
2023-04-06,27.50,92.25,0.05
2023-04-06,27.50,92.50,0.02
2023-04-06,27.50,92.75,0.06
2023-04-06,27.50,93.00,0.43
2023-04-06,27.75,91.50,0.62
2023-04-06,27.75,91.75,0.05
2023-04-06,27.75,92.00,0.05
2023-04-06,27.75,92.25,0.04
2023-04-06,27.75,92.50,0.06
2023-04-06,27.75,92.75,0.34
2023-04-06,27.75,93.00,0.76
2023-04-06,28.00,91.50,0.30
2023-04-06,28.00,91.75,0.06
2023-04-06,28.00,92.00,0.05
2023-04-06,28.00,92.25,0.04
2023-04-06,28.00,92.50,0.10
2023-04-06,28.00,92.75,0.50
2023-04-06,28.00,93.00,0.91
2023-04-07,25.75,91.50,0.00
2023-04-07,25.75,91.75,0.00
2023-04-07,25.75,92.00,0.00
2023-04-07,25.75,92.25,0.00
2023-04-07,25.75,92.50,0.00
2023-04-07,25.75,92.75,0.00
2023-04-07,25.75,93.00,0.00
2023-04-07,26.00,91.50,0.29
2023-04-07,26.00,91.75,0.00
2023-04-07,26.00,92.00,0.00
2023-04-07,26.00,92.25,0.00
2023-04-07,26.00,92.50,0.00
2023-04-07,26.00,92.75,0.00
2023-04-07,26.00,93.00,0.00
2023-04-07,26.25,91.50,0.72
2023-04-07,26.25,91.75,0.22
2023-04-07,26.25,92.00,0.00
2023-04-07,26.25,92.25,0.00
2023-04-07,26.25,92.50,0.00
2023-04-07,26.25,92.75,0.00
2023-04-07,26.25,93.00,0.00
2023-04-07,26.50,91.50,0.00
2023-04-07,26.50,91.75,0.00
2023-04-07,26.50,92.00,0.00
2023-04-07,26.50,92.25,0.00
2023-04-07,26.50,92.50,0.00
2023-04-07,26.50,92.75,0.00
2023-04-07,26.50,93.00,0.00
2023-04-07,26.75,91.50,0.00
2023-04-07,26.75,91.75,0.00
2023-04-07,26.75,92.00,0.00
2023-04-07,26.75,92.25,0.00
2023-04-07,26.75,92.50,0.00
2023-04-07,26.75,92.75,0.00
2023-04-07,26.75,93.00,0.12
2023-04-07,27.00,91.50,0.00
2023-04-07,27.00,91.75,0.00
2023-04-07,27.00,92.00,0.00
2023-04-07,27.00,92.25,0.00
2023-04-07,27.00,92.50,0.00
2023-04-07,27.00,92.75,0.00
2023-04-07,27.00,93.00,0.12
2023-04-07,27.25,91.50,
2023-04-07,27.25,91.75,
2023-04-07,27.25,92.00,0.00
2023-04-07,27.25,92.25,0.00
2023-04-07,27.25,92.50,0.00
2023-04-07,27.25,92.75,0.01
2023-04-07,27.25,93.00,0.17
2023-04-07,27.50,91.50,
2023-04-07,27.50,91.75,2.43
2023-04-07,27.50,92.00,0.80
2023-04-07,27.50,92.25,0.00
2023-04-07,27.50,92.50,0.00
2023-04-07,27.50,92.75,0.03
2023-04-07,27.50,93.00,0.32
2023-04-07,27.75,91.50,3.26
2023-04-07,27.75,91.75,2.72
2023-04-07,27.75,92.00,1.44
2023-04-07,27.75,92.25,0.28
2023-04-07,27.75,92.50,0.03
2023-04-07,27.75,92.75,0.21
2023-04-07,27.75,93.00,0.53
2023-04-07,28.00,91.50,3.12
2023-04-07,28.00,91.75,2.75
2023-04-07,28.00,92.00,1.99
2023-04-07,28.00,92.25,0.81
2023-04-07,28.00,92.50,0.05
2023-04-07,28.00,92.75,0.32
2023-04-07,28.00,93.00,0.62
2023-04-08,25.75,91.50,0.00
2023-04-08,25.75,91.75,0.00
2023-04-08,25.75,92.00,0.00
2023-04-08,25.75,92.25,0.00
2023-04-08,25.75,92.50,0.00
2023-04-08,25.75,92.75,0.00
2023-04-08,25.75,93.00,0.00
2023-04-08,26.00,91.50,0.00
2023-04-08,26.00,91.75,0.00
2023-04-08,26.00,92.00,0.00
2023-04-08,26.00,92.25,0.00
2023-04-08,26.00,92.50,0.00
2023-04-08,26.00,92.75,0.00
2023-04-08,26.00,93.00,0.00
2023-04-08,26.25,91.50,0.00
2023-04-08,26.25,91.75,0.00
2023-04-08,26.25,92.00,0.00
2023-04-08,26.25,92.25,0.00
2023-04-08,26.25,92.50,0.00
2023-04-08,26.25,92.75,0.00
2023-04-08,26.25,93.00,0.00
2023-04-08,26.50,91.50,0.00
2023-04-08,26.50,91.75,0.00
2023-04-08,26.50,92.00,0.00
2023-04-08,26.50,92.25,0.00
2023-04-08,26.50,92.50,0.00
2023-04-08,26.50,92.75,0.00
2023-04-08,26.50,93.00,0.00
2023-04-08,26.75,91.50,0.00
2023-04-08,26.75,91.75,0.00
2023-04-08,26.75,92.00,0.00
2023-04-08,26.75,92.25,0.00
2023-04-08,26.75,92.50,0.00
2023-04-08,26.75,92.75,0.00
2023-04-08,26.75,93.00,0.00
2023-04-08,27.00,91.50,0.00
2023-04-08,27.00,91.75,0.00
2023-04-08,27.00,92.00,0.00
2023-04-08,27.00,92.25,0.00
2023-04-08,27.00,92.50,0.00
2023-04-08,27.00,92.75,0.00
2023-04-08,27.00,93.00,0.00
2023-04-08,27.25,91.50,
2023-04-08,27.25,91.75,
2023-04-08,27.25,92.00,0.00
2023-04-08,27.25,92.25,0.00
2023-04-08,27.25,92.50,0.00
2023-04-08,27.25,92.75,0.00
2023-04-08,27.25,93.00,0.00
2023-04-08,27.50,91.50,
2023-04-08,27.50,91.75,0.00
2023-04-08,27.50,92.00,0.00
2023-04-08,27.50,92.25,0.00
2023-04-08,27.50,92.50,0.00
2023-04-08,27.50,92.75,0.00
2023-04-08,27.50,93.00,0.00
2023-04-08,27.75,91.50,0.00
2023-04-08,27.75,91.75,0.00
2023-04-08,27.75,92.00,0.00
2023-04-08,27.75,92.25,0.00
2023-04-08,27.75,92.50,0.00
2023-04-08,27.75,92.75,0.00
2023-04-08,27.75,93.00,0.00
2023-04-08,28.00,91.50,0.00
2023-04-08,28.00,91.75,0.00
2023-04-08,28.00,92.00,0.00
2023-04-08,28.00,92.25,0.00
2023-04-08,28.00,92.50,0.00
2023-04-08,28.00,92.75,0.00
2023-04-08,28.00,93.00,0.00
2023-04-09,25.75,91.50,0.00
2023-04-09,25.75,91.75,0.00
2023-04-09,25.75,92.00,0.00
2023-04-09,25.75,92.25,0.00
2023-04-09,25.75,92.50,0.00
2023-04-09,25.75,92.75,0.00
2023-04-09,25.75,93.00,0.00
2023-04-09,26.00,91.50,0.00
2023-04-09,26.00,91.75,0.00
2023-04-09,26.00,92.00,0.00
2023-04-09,26.00,92.25,0.00
2023-04-09,26.00,92.50,0.00
2023-04-09,26.00,92.75,0.00
2023-04-09,26.00,93.00,0.00
2023-04-09,26.25,91.50,0.00
2023-04-09,26.25,91.75,0.00
2023-04-09,26.25,92.00,0.00
2023-04-09,26.25,92.25,0.00
2023-04-09,26.25,92.50,0.00
2023-04-09,26.25,92.75,0.00
2023-04-09,26.25,93.00,0.00
2023-04-09,26.50,91.50,0.00
2023-04-09,26.50,91.75,0.00
2023-04-09,26.50,92.00,0.00
2023-04-09,26.50,92.25,0.00
2023-04-09,26.50,92.50,0.00
2023-04-09,26.50,92.75,0.00
2023-04-09,26.50,93.00,0.00
2023-04-09,26.75,91.50,0.00
2023-04-09,26.75,91.75,0.00
2023-04-09,26.75,92.00,0.00
2023-04-09,26.75,92.25,0.00
2023-04-09,26.75,92.50,0.00
2023-04-09,26.75,92.75,0.00
2023-04-09,26.75,93.00,0.00
2023-04-09,27.00,91.50,0.00
2023-04-09,27.00,91.75,0.00
2023-04-09,27.00,92.00,0.03
2023-04-09,27.00,92.25,0.00
2023-04-09,27.00,92.50,0.00
2023-04-09,27.00,92.75,0.00
2023-04-09,27.00,93.00,0.00
2023-04-09,27.25,91.50,
2023-04-09,27.25,91.75,
2023-04-09,27.25,92.00,0.10
2023-04-09,27.25,92.25,0.05
2023-04-09,27.25,92.50,0.01
2023-04-09,27.25,92.75,0.00
2023-04-09,27.25,93.00,0.00
2023-04-09,27.50,91.50,
2023-04-09,27.50,91.75,0.01
2023-04-09,27.50,92.00,0.06
2023-04-09,27.50,92.25,0.05
2023-04-09,27.50,92.50,0.02
2023-04-09,27.50,92.75,0.00
2023-04-09,27.50,93.00,0.00
2023-04-09,27.75,91.50,0.00
2023-04-09,27.75,91.75,0.01
2023-04-09,27.75,92.00,0.04
2023-04-09,27.75,92.25,0.03
2023-04-09,27.75,92.50,0.02
2023-04-09,27.75,92.75,0.00
2023-04-09,27.75,93.00,0.00
2023-04-09,28.00,91.50,0.01
2023-04-09,28.00,91.75,0.01
2023-04-09,28.00,92.00,0.03
2023-04-09,28.00,92.25,0.03
2023-04-09,28.00,92.50,0.02
2023-04-09,28.00,92.75,0.01
2023-04-09,28.00,93.00,0.00
2023-04-10,25.75,91.50,0.00
2023-04-10,25.75,91.75,0.00
2023-04-10,25.75,92.00,0.00
2023-04-10,25.75,92.25,0.00
2023-04-10,25.75,92.50,0.00
2023-04-10,25.75,92.75,0.00
2023-04-10,25.75,93.00,0.00
2023-04-10,26.00,91.50,0.00
2023-04-10,26.00,91.75,0.00
2023-04-10,26.00,92.00,0.00
2023-04-10,26.00,92.25,0.00
2023-04-10,26.00,92.50,0.00
2023-04-10,26.00,92.75,0.00
2023-04-10,26.00,93.00,0.00
2023-04-10,26.25,91.50,0.00
2023-04-10,26.25,91.75,0.00
2023-04-10,26.25,92.00,0.00
2023-04-10,26.25,92.25,0.00
2023-04-10,26.25,92.50,0.00
2023-04-10,26.25,92.75,0.00
2023-04-10,26.25,93.00,0.00
2023-04-10,26.50,91.50,0.00
2023-04-10,26.50,91.75,0.00
2023-04-10,26.50,92.00,0.00
2023-04-10,26.50,92.25,0.00
2023-04-10,26.50,92.50,0.00
2023-04-10,26.50,92.75,0.00
2023-04-10,26.50,93.00,0.00
2023-04-10,26.75,91.50,0.00
2023-04-10,26.75,91.75,0.00
2023-04-10,26.75,92.00,0.00
2023-04-10,26.75,92.25,0.00
2023-04-10,26.75,92.50,0.00
2023-04-10,26.75,92.75,0.00
2023-04-10,26.75,93.00,0.00
2023-04-10,27.00,91.50,0.00
2023-04-10,27.00,91.75,0.00
2023-04-10,27.00,92.00,0.00
2023-04-10,27.00,92.25,0.00
2023-04-10,27.00,92.50,0.00
2023-04-10,27.00,92.75,0.00
2023-04-10,27.00,93.00,0.00
2023-04-10,27.25,91.50,
2023-04-10,27.25,91.75,
2023-04-10,27.25,92.00,0.00
2023-04-10,27.25,92.25,0.00
2023-04-10,27.25,92.50,0.00
2023-04-10,27.25,92.75,0.00
2023-04-10,27.25,93.00,0.00
2023-04-10,27.50,91.50,
2023-04-10,27.50,91.75,0.00
2023-04-10,27.50,92.00,0.00
2023-04-10,27.50,92.25,0.00
2023-04-10,27.50,92.50,0.00
2023-04-10,27.50,92.75,0.00
2023-04-10,27.50,93.00,0.00
2023-04-10,27.75,91.50,0.00
2023-04-10,27.75,91.75,0.00
2023-04-10,27.75,92.00,0.00
2023-04-10,27.75,92.25,0.00
2023-04-10,27.75,92.50,0.00
2023-04-10,27.75,92.75,0.00
2023-04-10,27.75,93.00,0.00
2023-04-10,28.00,91.50,0.00
2023-04-10,28.00,91.75,0.00
2023-04-10,28.00,92.00,0.00
2023-04-10,28.00,92.25,0.00
2023-04-10,28.00,92.50,0.00
2023-04-10,28.00,92.75,0.00
2023-04-10,28.00,93.00,0.00
2023-04-11,25.75,91.50,0.00
2023-04-11,25.75,91.75,0.00
2023-04-11,25.75,92.00,0.00
2023-04-11,25.75,92.25,0.00
2023-04-11,25.75,92.50,0.00
2023-04-11,25.75,92.75,0.00
2023-04-11,25.75,93.00,0.00
2023-04-11,26.00,91.50,0.00
2023-04-11,26.00,91.75,0.00
2023-04-11,26.00,92.00,0.00
2023-04-11,26.00,92.25,0.00
2023-04-11,26.00,92.50,0.00
2023-04-11,26.00,92.75,0.00
2023-04-11,26.00,93.00,0.00
2023-04-11,26.25,91.50,0.00
2023-04-11,26.25,91.75,0.00
2023-04-11,26.25,92.00,0.00
2023-04-11,26.25,92.25,0.00
2023-04-11,26.25,92.50,0.00
2023-04-11,26.25,92.75,0.00
2023-04-11,26.25,93.00,0.00
2023-04-11,26.50,91.50,0.00
2023-04-11,26.50,91.75,0.00
2023-04-11,26.50,92.00,0.00
2023-04-11,26.50,92.25,0.00
2023-04-11,26.50,92.50,0.00
2023-04-11,26.50,92.75,0.00
2023-04-11,26.50,93.00,0.00
2023-04-11,26.75,91.50,0.00
2023-04-11,26.75,91.75,0.00
2023-04-11,26.75,92.00,0.00
2023-04-11,26.75,92.25,0.00
2023-04-11,26.75,92.50,0.00
2023-04-11,26.75,92.75,0.00
2023-04-11,26.75,93.00,0.00
2023-04-11,27.00,91.50,0.00
2023-04-11,27.00,91.75,0.00
2023-04-11,27.00,92.00,0.00
2023-04-11,27.00,92.25,0.00
2023-04-11,27.00,92.50,0.00
2023-04-11,27.00,92.75,0.00
2023-04-11,27.00,93.00,0.00
2023-04-11,27.25,91.50,
2023-04-11,27.25,91.75,
2023-04-11,27.25,92.00,0.00
2023-04-11,27.25,92.25,0.00
2023-04-11,27.25,92.50,0.00
2023-04-11,27.25,92.75,0.00
2023-04-11,27.25,93.00,0.21
2023-04-11,27.50,91.50,
2023-04-11,27.50,91.75,5.00
2023-04-11,27.50,92.00,1.65
2023-04-11,27.50,92.25,0.00
2023-04-11,27.50,92.50,0.00
2023-04-11,27.50,92.75,0.12
2023-04-11,27.50,93.00,1.02
2023-04-11,27.75,91.50,6.70
2023-04-11,27.75,91.75,5.59
2023-04-11,27.75,92.00,2.96
2023-04-11,27.75,92.25,0.58
2023-04-11,27.75,92.50,0.10
2023-04-11,27.75,92.75,0.80
2023-04-11,27.75,93.00,1.86
2023-04-11,28.00,91.50,6.42
2023-04-11,28.00,91.75,5.65
2023-04-11,28.00,92.00,4.08
2023-04-11,28.00,92.25,1.67
2023-04-11,28.00,92.50,0.18
2023-04-11,28.00,92.75,1.23
2023-04-11,28.00,93.00,2.26
2023-04-12,25.75,91.50,0.00
2023-04-12,25.75,91.75,0.00
2023-04-12,25.75,92.00,0.00
2023-04-12,25.75,92.25,0.00
2023-04-12,25.75,92.50,0.00
2023-04-12,25.75,92.75,0.00
2023-04-12,25.75,93.00,0.00
2023-04-12,26.00,91.50,0.00
2023-04-12,26.00,91.75,0.00
2023-04-12,26.00,92.00,0.00
2023-04-12,26.00,92.25,0.00
2023-04-12,26.00,92.50,0.00
2023-04-12,26.00,92.75,0.00
2023-04-12,26.00,93.00,0.00
2023-04-12,26.25,91.50,0.00
2023-04-12,26.25,91.75,0.00
2023-04-12,26.25,92.00,0.00
2023-04-12,26.25,92.25,0.00
2023-04-12,26.25,92.50,0.00
2023-04-12,26.25,92.75,0.00
2023-04-12,26.25,93.00,0.00
2023-04-12,26.50,91.50,0.00
2023-04-12,26.50,91.75,0.00
2023-04-12,26.50,92.00,0.00
2023-04-12,26.50,92.25,0.00
2023-04-12,26.50,92.50,0.00
2023-04-12,26.50,92.75,0.00
2023-04-12,26.50,93.00,0.00
2023-04-12,26.75,91.50,0.00
2023-04-12,26.75,91.75,0.00
2023-04-12,26.75,92.00,0.00
2023-04-12,26.75,92.25,0.00
2023-04-12,26.75,92.50,0.00
2023-04-12,26.75,92.75,0.00
2023-04-12,26.75,93.00,0.00
2023-04-12,27.00,91.50,0.00
2023-04-12,27.00,91.75,0.00
2023-04-12,27.00,92.00,0.00
2023-04-12,27.00,92.25,0.00
2023-04-12,27.00,92.50,0.00
2023-04-12,27.00,92.75,0.00
2023-04-12,27.00,93.00,0.00
2023-04-12,27.25,91.50,
2023-04-12,27.25,91.75,
2023-04-12,27.25,92.00,0.00
2023-04-12,27.25,92.25,0.00
2023-04-12,27.25,92.50,0.00
2023-04-12,27.25,92.75,0.00
2023-04-12,27.25,93.00,0.00
2023-04-12,27.50,91.50,
2023-04-12,27.50,91.75,0.00
2023-04-12,27.50,92.00,0.00
2023-04-12,27.50,92.25,0.00
2023-04-12,27.50,92.50,0.00
2023-04-12,27.50,92.75,0.00
2023-04-12,27.50,93.00,0.00
2023-04-12,27.75,91.50,0.00
2023-04-12,27.75,91.75,0.00
2023-04-12,27.75,92.00,0.00
2023-04-12,27.75,92.25,0.00
2023-04-12,27.75,92.50,0.00
2023-04-12,27.75,92.75,0.00
2023-04-12,27.75,93.00,0.00
2023-04-12,28.00,91.50,0.00
2023-04-12,28.00,91.75,0.00
2023-04-12,28.00,92.00,0.00
2023-04-12,28.00,92.25,0.00
2023-04-12,28.00,92.50,0.00
2023-04-12,28.00,92.75,0.00
2023-04-12,28.00,93.00,0.00
2023-04-13,25.75,91.50,0.00
2023-04-13,25.75,91.75,0.00
2023-04-13,25.75,92.00,0.00
2023-04-13,25.75,92.25,0.00
2023-04-13,25.75,92.50,0.00
2023-04-13,25.75,92.75,0.00
2023-04-13,25.75,93.00,0.00
2023-04-13,26.00,91.50,0.00
2023-04-13,26.00,91.75,0.00
2023-04-13,26.00,92.00,0.00
2023-04-13,26.00,92.25,0.00
2023-04-13,26.00,92.50,0.00
2023-04-13,26.00,92.75,0.00
2023-04-13,26.00,93.00,0.00
2023-04-13,26.25,91.50,0.00
2023-04-13,26.25,91.75,0.00
2023-04-13,26.25,92.00,0.00
2023-04-13,26.25,92.25,0.00
2023-04-13,26.25,92.50,0.00
2023-04-13,26.25,92.75,0.00
2023-04-13,26.25,93.00,0.00
2023-04-13,26.50,91.50,0.00
2023-04-13,26.50,91.75,0.00
2023-04-13,26.50,92.00,0.00
2023-04-13,26.50,92.25,0.00
2023-04-13,26.50,92.50,0.00
2023-04-13,26.50,92.75,0.00
2023-04-13,26.50,93.00,0.00
2023-04-13,26.75,91.50,0.00
2023-04-13,26.75,91.75,0.00
2023-04-13,26.75,92.00,0.00
2023-04-13,26.75,92.25,0.00
2023-04-13,26.75,92.50,0.00
2023-04-13,26.75,92.75,0.00
2023-04-13,26.75,93.00,0.00
2023-04-13,27.00,91.50,0.00
2023-04-13,27.00,91.75,0.00
2023-04-13,27.00,92.00,0.00
2023-04-13,27.00,92.25,0.00
2023-04-13,27.00,92.50,0.00
2023-04-13,27.00,92.75,0.00
2023-04-13,27.00,93.00,0.00
2023-04-13,27.25,91.50,
2023-04-13,27.25,91.75,
2023-04-13,27.25,92.00,0.00
2023-04-13,27.25,92.25,0.00
2023-04-13,27.25,92.50,0.00
2023-04-13,27.25,92.75,0.00
2023-04-13,27.25,93.00,0.00
2023-04-13,27.50,91.50,
2023-04-13,27.50,91.75,0.00
2023-04-13,27.50,92.00,0.00
2023-04-13,27.50,92.25,0.00
2023-04-13,27.50,92.50,0.00
2023-04-13,27.50,92.75,0.00
2023-04-13,27.50,93.00,0.00
2023-04-13,27.75,91.50,0.00
2023-04-13,27.75,91.75,0.00
2023-04-13,27.75,92.00,0.00
2023-04-13,27.75,92.25,0.00
2023-04-13,27.75,92.50,0.00
2023-04-13,27.75,92.75,0.00
2023-04-13,27.75,93.00,0.00
2023-04-13,28.00,91.50,0.00
2023-04-13,28.00,91.75,0.00
2023-04-13,28.00,92.00,0.00
2023-04-13,28.00,92.25,0.00
2023-04-13,28.00,92.50,0.00
2023-04-13,28.00,92.75,0.00
2023-04-13,28.00,93.00,0.00
2023-04-14,25.75,91.50,0.00
2023-04-14,25.75,91.75,0.00
2023-04-14,25.75,92.00,0.00
2023-04-14,25.75,92.25,0.00
2023-04-14,25.75,92.50,0.00
2023-04-14,25.75,92.75,0.00
2023-04-14,25.75,93.00,0.00
2023-04-14,26.00,91.50,0.00
2023-04-14,26.00,91.75,0.00
2023-04-14,26.00,92.00,0.00
2023-04-14,26.00,92.25,0.00
2023-04-14,26.00,92.50,0.00
2023-04-14,26.00,92.75,0.00
2023-04-14,26.00,93.00,0.00
2023-04-14,26.25,91.50,0.00
2023-04-14,26.25,91.75,0.00
2023-04-14,26.25,92.00,0.00
2023-04-14,26.25,92.25,0.00
2023-04-14,26.25,92.50,0.00
2023-04-14,26.25,92.75,0.00
2023-04-14,26.25,93.00,0.00
2023-04-14,26.50,91.50,0.00
2023-04-14,26.50,91.75,0.00
2023-04-14,26.50,92.00,0.00
2023-04-14,26.50,92.25,0.00
2023-04-14,26.50,92.50,0.00
2023-04-14,26.50,92.75,0.00
2023-04-14,26.50,93.00,0.00
2023-04-14,26.75,91.50,0.00
2023-04-14,26.75,91.75,0.00
2023-04-14,26.75,92.00,0.00
2023-04-14,26.75,92.25,0.00
2023-04-14,26.75,92.50,0.00
2023-04-14,26.75,92.75,0.00
2023-04-14,26.75,93.00,0.00
2023-04-14,27.00,91.50,0.00
2023-04-14,27.00,91.75,0.00
2023-04-14,27.00,92.00,0.00
2023-04-14,27.00,92.25,0.00
2023-04-14,27.00,92.50,0.00
2023-04-14,27.00,92.75,0.00
2023-04-14,27.00,93.00,0.00
2023-04-14,27.25,91.50,
2023-04-14,27.25,91.75,
2023-04-14,27.25,92.00,0.00
2023-04-14,27.25,92.25,0.00
2023-04-14,27.25,92.50,0.00
2023-04-14,27.25,92.75,0.00
2023-04-14,27.25,93.00,0.02
2023-04-14,27.50,91.50,
2023-04-14,27.50,91.75,0.00
2023-04-14,27.50,92.00,0.00
2023-04-14,27.50,92.25,0.00
2023-04-14,27.50,92.50,0.00
2023-04-14,27.50,92.75,0.01
2023-04-14,27.50,93.00,0.11
2023-04-14,27.75,91.50,0.00
2023-04-14,27.75,91.75,0.00
2023-04-14,27.75,92.00,0.00
2023-04-14,27.75,92.25,0.00
2023-04-14,27.75,92.50,0.01
2023-04-14,27.75,92.75,0.08
2023-04-14,27.75,93.00,0.20
2023-04-14,28.00,91.50,0.00
2023-04-14,28.00,91.75,0.00
2023-04-14,28.00,92.00,0.00
2023-04-14,28.00,92.25,0.00
2023-04-14,28.00,92.50,0.02
2023-04-14,28.00,92.75,0.13
2023-04-14,28.00,93.00,0.24
2023-04-15,25.75,91.50,0.00
2023-04-15,25.75,91.75,0.00
2023-04-15,25.75,92.00,0.00
2023-04-15,25.75,92.25,0.00
2023-04-15,25.75,92.50,0.00
2023-04-15,25.75,92.75,0.00
2023-04-15,25.75,93.00,0.00
2023-04-15,26.00,91.50,0.00
2023-04-15,26.00,91.75,0.00
2023-04-15,26.00,92.00,0.00
2023-04-15,26.00,92.25,0.00
2023-04-15,26.00,92.50,0.00
2023-04-15,26.00,92.75,0.00
2023-04-15,26.00,93.00,0.00
2023-04-15,26.25,91.50,0.00
2023-04-15,26.25,91.75,0.00
2023-04-15,26.25,92.00,0.00
2023-04-15,26.25,92.25,0.00
2023-04-15,26.25,92.50,0.00
2023-04-15,26.25,92.75,0.00
2023-04-15,26.25,93.00,0.00
2023-04-15,26.50,91.50,0.00
2023-04-15,26.50,91.75,0.00
2023-04-15,26.50,92.00,0.00
2023-04-15,26.50,92.25,0.00
2023-04-15,26.50,92.50,0.00
2023-04-15,26.50,92.75,0.00
2023-04-15,26.50,93.00,0.00
2023-04-15,26.75,91.50,0.00
2023-04-15,26.75,91.75,0.00
2023-04-15,26.75,92.00,0.00
2023-04-15,26.75,92.25,0.00
2023-04-15,26.75,92.50,0.00
2023-04-15,26.75,92.75,0.00
2023-04-15,26.75,93.00,0.00
2023-04-15,27.00,91.50,0.00
2023-04-15,27.00,91.75,0.00
2023-04-15,27.00,92.00,0.03
2023-04-15,27.00,92.25,0.00
2023-04-15,27.00,92.50,0.00
2023-04-15,27.00,92.75,0.00
2023-04-15,27.00,93.00,0.00
2023-04-15,27.25,91.50,
2023-04-15,27.25,91.75,
2023-04-15,27.25,92.00,0.10
2023-04-15,27.25,92.25,0.05
2023-04-15,27.25,92.50,0.01
2023-04-15,27.25,92.75,0.00
2023-04-15,27.25,93.00,0.00
2023-04-15,27.50,91.50,
2023-04-15,27.50,91.75,0.01
2023-04-15,27.50,92.00,0.06
2023-04-15,27.50,92.25,0.05
2023-04-15,27.50,92.50,0.02
2023-04-15,27.50,92.75,0.00
2023-04-15,27.50,93.00,0.00
2023-04-15,27.75,91.50,0.00
2023-04-15,27.75,91.75,0.01
2023-04-15,27.75,92.00,0.04
2023-04-15,27.75,92.25,0.03
2023-04-15,27.75,92.50,0.02
2023-04-15,27.75,92.75,0.00
2023-04-15,27.75,93.00,0.00
2023-04-15,28.00,91.50,0.01
2023-04-15,28.00,91.75,0.01
2023-04-15,28.00,92.00,0.03
2023-04-15,28.00,92.25,0.03
2023-04-15,28.00,92.50,0.02
2023-04-15,28.00,92.75,0.01
2023-04-15,28.00,93.00,0.00
2023-04-16,25.75,91.50,0.00
2023-04-16,25.75,91.75,0.00
2023-04-16,25.75,92.00,0.00
2023-04-16,25.75,92.25,0.00
2023-04-16,25.75,92.50,0.00
2023-04-16,25.75,92.75,0.00
2023-04-16,25.75,93.00,0.00
2023-04-16,26.00,91.50,0.00
2023-04-16,26.00,91.75,0.00
2023-04-16,26.00,92.00,0.00
2023-04-16,26.00,92.25,0.00
2023-04-16,26.00,92.50,0.00
2023-04-16,26.00,92.75,0.00
2023-04-16,26.00,93.00,0.00
2023-04-16,26.25,91.50,0.00
2023-04-16,26.25,91.75,0.00
2023-04-16,26.25,92.00,0.00
2023-04-16,26.25,92.25,0.00
2023-04-16,26.25,92.50,0.00
2023-04-16,26.25,92.75,0.00
2023-04-16,26.25,93.00,0.00
2023-04-16,26.50,91.50,0.00
2023-04-16,26.50,91.75,0.00
2023-04-16,26.50,92.00,0.00
2023-04-16,26.50,92.25,0.00
2023-04-16,26.50,92.50,0.00
2023-04-16,26.50,92.75,0.00
2023-04-16,26.50,93.00,0.00
2023-04-16,26.75,91.50,0.00
2023-04-16,26.75,91.75,0.00
2023-04-16,26.75,92.00,0.00
2023-04-16,26.75,92.25,0.00
2023-04-16,26.75,92.50,0.00
2023-04-16,26.75,92.75,0.00
2023-04-16,26.75,93.00,0.00
2023-04-16,27.00,91.50,0.00
2023-04-16,27.00,91.75,0.00
2023-04-16,27.00,92.00,0.00
2023-04-16,27.00,92.25,0.00
2023-04-16,27.00,92.50,0.00
2023-04-16,27.00,92.75,0.00
2023-04-16,27.00,93.00,0.00
2023-04-16,27.25,91.50,
2023-04-16,27.25,91.75,
2023-04-16,27.25,92.00,0.00
2023-04-16,27.25,92.25,0.00
2023-04-16,27.25,92.50,0.00
2023-04-16,27.25,92.75,0.00
2023-04-16,27.25,93.00,0.00
2023-04-16,27.50,91.50,
2023-04-16,27.50,91.75,0.00
2023-04-16,27.50,92.00,0.00
2023-04-16,27.50,92.25,0.00
2023-04-16,27.50,92.50,0.00
2023-04-16,27.50,92.75,0.00
2023-04-16,27.50,93.00,0.00
2023-04-16,27.75,91.50,0.00
2023-04-16,27.75,91.75,0.00
2023-04-16,27.75,92.00,0.00
2023-04-16,27.75,92.25,0.00
2023-04-16,27.75,92.50,0.00
2023-04-16,27.75,92.75,0.00
2023-04-16,27.75,93.00,0.00
2023-04-16,28.00,91.50,0.00
2023-04-16,28.00,91.75,0.00
2023-04-16,28.00,92.00,0.00
2023-04-16,28.00,92.25,0.00
2023-04-16,28.00,92.50,0.00
2023-04-16,28.00,92.75,0.00
2023-04-16,28.00,93.00,0.00
2023-04-17,25.75,91.50,0.00
2023-04-17,25.75,91.75,0.00
2023-04-17,25.75,92.00,0.00
2023-04-17,25.75,92.25,0.00
2023-04-17,25.75,92.50,0.00
2023-04-17,25.75,92.75,0.00
2023-04-17,25.75,93.00,0.00
2023-04-17,26.00,91.50,0.00
2023-04-17,26.00,91.75,0.00
2023-04-17,26.00,92.00,0.00
2023-04-17,26.00,92.25,0.00
2023-04-17,26.00,92.50,0.00
2023-04-17,26.00,92.75,0.00
2023-04-17,26.00,93.00,0.00
2023-04-17,26.25,91.50,0.00
2023-04-17,26.25,91.75,0.00
2023-04-17,26.25,92.00,0.00
2023-04-17,26.25,92.25,1.58
2023-04-17,26.25,92.50,1.45
2023-04-17,26.25,92.75,1.14
2023-04-17,26.25,93.00,0.40
2023-04-17,26.50,91.50,0.00
2023-04-17,26.50,91.75,0.00
2023-04-17,26.50,92.00,0.00
2023-04-17,26.50,92.25,2.14
2023-04-17,26.50,92.50,0.28
2023-04-17,26.50,92.75,0.64
2023-04-17,26.50,93.00,2.48
2023-04-17,26.75,91.50,0.00
2023-04-17,26.75,91.75,0.00
2023-04-17,26.75,92.00,0.00
2023-04-17,26.75,92.25,0.00
2023-04-17,26.75,92.50,0.00
2023-04-17,26.75,92.75,0.00
2023-04-17,26.75,93.00,1.17
2023-04-17,27.00,91.50,0.00
2023-04-17,27.00,91.75,0.09
2023-04-17,27.00,92.00,1.38
2023-04-17,27.00,92.25,0.21
2023-04-17,27.00,92.50,0.00
2023-04-17,27.00,92.75,0.00
2023-04-17,27.00,93.00,0.39
2023-04-17,27.25,91.50,
2023-04-17,27.25,91.75,
2023-04-17,27.25,92.00,4.23
2023-04-17,27.25,92.25,2.26
2023-04-17,27.25,92.50,1.33
2023-04-17,27.25,92.75,0.00
2023-04-17,27.25,93.00,0.00
2023-04-17,27.50,91.50,
2023-04-17,27.50,91.75,0.65
2023-04-17,27.50,92.00,2.48
2023-04-17,27.50,92.25,2.22
2023-04-17,27.50,92.50,1.97
2023-04-17,27.50,92.75,0.00
2023-04-17,27.50,93.00,0.00
2023-04-17,27.75,91.50,0.19
2023-04-17,27.75,91.75,0.55
2023-04-17,27.75,92.00,1.69
2023-04-17,27.75,92.25,2.08
2023-04-17,27.75,92.50,2.16
2023-04-17,27.75,92.75,0.00
2023-04-17,27.75,93.00,0.00
2023-04-17,28.00,91.50,0.30
2023-04-17,28.00,91.75,0.62
2023-04-17,28.00,92.00,1.24
2023-04-17,28.00,92.25,2.06
2023-04-17,28.00,92.50,1.96
2023-04-17,28.00,92.75,0.54
2023-04-17,28.00,93.00,0.00
2023-04-18,25.75,91.50,0.00
2023-04-18,25.75,91.75,0.00
2023-04-18,25.75,92.00,0.00
2023-04-18,25.75,92.25,0.00
2023-04-18,25.75,92.50,0.00
2023-04-18,25.75,92.75,0.00
2023-04-18,25.75,93.00,0.00
2023-04-18,26.00,91.50,0.00
2023-04-18,26.00,91.75,0.00
2023-04-18,26.00,92.00,0.00
2023-04-18,26.00,92.25,0.00
2023-04-18,26.00,92.50,0.00
2023-04-18,26.00,92.75,0.00
2023-04-18,26.00,93.00,0.00
2023-04-18,26.25,91.50,0.00
2023-04-18,26.25,91.75,0.00
2023-04-18,26.25,92.00,0.00
2023-04-18,26.25,92.25,0.00
2023-04-18,26.25,92.50,0.00
2023-04-18,26.25,92.75,0.00
2023-04-18,26.25,93.00,0.75
2023-04-18,26.50,91.50,0.00
2023-04-18,26.50,91.75,0.00
2023-04-18,26.50,92.00,0.00
2023-04-18,26.50,92.25,0.00
2023-04-18,26.50,92.50,0.00
2023-04-18,26.50,92.75,0.00
2023-04-18,26.50,93.00,1.55
2023-04-18,26.75,91.50,0.00
2023-04-18,26.75,91.75,0.00
2023-04-18,26.75,92.00,0.00
2023-04-18,26.75,92.25,0.00
2023-04-18,26.75,92.50,0.00
2023-04-18,26.75,92.75,0.00
2023-04-18,26.75,93.00,0.00
2023-04-18,27.00,91.50,0.00
2023-04-18,27.00,91.75,0.00
2023-04-18,27.00,92.00,0.00
2023-04-18,27.00,92.25,0.00
2023-04-18,27.00,92.50,1.56
2023-04-18,27.00,92.75,2.38
2023-04-18,27.00,93.00,0.39
2023-04-18,27.25,91.50,
2023-04-18,27.25,91.75,
2023-04-18,27.25,92.00,0.00
2023-04-18,27.25,92.25,0.95
2023-04-18,27.25,92.50,4.88
2023-04-18,27.25,92.75,5.42
2023-04-18,27.25,93.00,4.23
2023-04-18,27.50,91.50,
2023-04-18,27.50,91.75,0.00
2023-04-18,27.50,92.00,0.00
2023-04-18,27.50,92.25,1.74
2023-04-18,27.50,92.50,4.24
2023-04-18,27.50,92.75,6.36
2023-04-18,27.50,93.00,15.25
2023-04-18,27.75,91.50,0.00
2023-04-18,27.75,91.75,0.00
2023-04-18,27.75,92.00,0.00
2023-04-18,27.75,92.25,2.27
2023-04-18,27.75,92.50,4.50
2023-04-18,27.75,92.75,13.56
2023-04-18,27.75,93.00,24.47
2023-04-18,28.00,91.50,0.00
2023-04-18,28.00,91.75,0.00
2023-04-18,28.00,92.00,0.69
2023-04-18,28.00,92.25,2.39
2023-04-18,28.00,92.50,5.71
2023-04-18,28.00,92.75,18.41
2023-04-18,28.00,93.00,29.09
2023-04-19,25.75,91.50,0.00
2023-04-19,25.75,91.75,0.00
2023-04-19,25.75,92.00,0.17
2023-04-19,25.75,92.25,0.00
2023-04-19,25.75,92.50,0.00
2023-04-19,25.75,92.75,0.00
2023-04-19,25.75,93.00,0.00
2023-04-19,26.00,91.50,0.61
2023-04-19,26.00,91.75,0.30
2023-04-19,26.00,92.00,0.52
2023-04-19,26.00,92.25,0.01
2023-04-19,26.00,92.50,0.00
2023-04-19,26.00,92.75,0.00
2023-04-19,26.00,93.00,0.00
2023-04-19,26.25,91.50,5.21
2023-04-19,26.25,91.75,1.18
2023-04-19,26.25,92.00,1.11
2023-04-19,26.25,92.25,0.05
2023-04-19,26.25,92.50,2.25
2023-04-19,26.25,92.75,0.00
2023-04-19,26.25,93.00,0.66
2023-04-19,26.50,91.50,7.13
2023-04-19,26.50,91.75,2.70
2023-04-19,26.50,92.00,0.48
2023-04-19,26.50,92.25,3.07
2023-04-19,26.50,92.50,6.49
2023-04-19,26.50,92.75,4.21
2023-04-19,26.50,93.00,3.44
2023-04-19,26.75,91.50,3.07
2023-04-19,26.75,91.75,4.89
2023-04-19,26.75,92.00,0.08
2023-04-19,26.75,92.25,3.42
2023-04-19,26.75,92.50,6.10
2023-04-19,26.75,92.75,3.80
2023-04-19,26.75,93.00,3.41
2023-04-19,27.00,91.50,2.10
2023-04-19,27.00,91.75,0.53
2023-04-19,27.00,92.00,0.00
2023-04-19,27.00,92.25,0.00
2023-04-19,27.00,92.50,1.67
2023-04-19,27.00,92.75,2.79
2023-04-19,27.00,93.00,1.32
2023-04-19,27.25,91.50,
2023-04-19,27.25,91.75,
2023-04-19,27.25,92.00,0.00
2023-04-19,27.25,92.25,0.00
2023-04-19,27.25,92.50,0.80
2023-04-19,27.25,92.75,0.00
2023-04-19,27.25,93.00,0.59
2023-04-19,27.50,91.50,
2023-04-19,27.50,91.75,0.00
2023-04-19,27.50,92.00,0.00
2023-04-19,27.50,92.25,0.00
2023-04-19,27.50,92.50,0.00
2023-04-19,27.50,92.75,0.00
2023-04-19,27.50,93.00,0.00
2023-04-19,27.75,91.50,0.02
2023-04-19,27.75,91.75,0.00
2023-04-19,27.75,92.00,0.00
2023-04-19,27.75,92.25,0.00
2023-04-19,27.75,92.50,0.00
2023-04-19,27.75,92.75,0.00
2023-04-19,27.75,93.00,0.00
2023-04-19,28.00,91.50,0.01
2023-04-19,28.00,91.75,0.00
2023-04-19,28.00,92.00,0.00
2023-04-19,28.00,92.25,0.00
2023-04-19,28.00,92.50,0.00
2023-04-19,28.00,92.75,0.00
2023-04-19,28.00,93.00,0.00
2023-04-20,25.75,91.50,6.94
2023-04-20,25.75,91.75,9.10
2023-04-20,25.75,92.00,5.29
2023-04-20,25.75,92.25,3.00
2023-04-20,25.75,92.50,1.55
2023-04-20,25.75,92.75,10.41
2023-04-20,25.75,93.00,7.70
2023-04-20,26.00,91.50,5.68
2023-04-20,26.00,91.75,5.30
2023-04-20,26.00,92.00,6.25
2023-04-20,26.00,92.25,5.67
2023-04-20,26.00,92.50,3.12
2023-04-20,26.00,92.75,7.02
2023-04-20,26.00,93.00,7.63
2023-04-20,26.25,91.50,8.52
2023-04-20,26.25,91.75,6.19
2023-04-20,26.25,92.00,3.18
2023-04-20,26.25,92.25,8.94
2023-04-20,26.25,92.50,9.28
2023-04-20,26.25,92.75,7.71
2023-04-20,26.25,93.00,4.49
2023-04-20,26.50,91.50,22.26
2023-04-20,26.50,91.75,25.60
2023-04-20,26.50,92.00,11.33
2023-04-20,26.50,92.25,12.78
2023-04-20,26.50,92.50,6.23
2023-04-20,26.50,92.75,7.41
2023-04-20,26.50,93.00,5.75
2023-04-20,26.75,91.50,18.03
2023-04-20,26.75,91.75,43.34
2023-04-20,26.75,92.00,21.01
2023-04-20,26.75,92.25,10.88
2023-04-20,26.75,92.50,7.47
2023-04-20,26.75,92.75,8.87
2023-04-20,26.75,93.00,6.32
2023-04-20,27.00,91.50,15.15
2023-04-20,27.00,91.75,10.21
2023-04-20,27.00,92.00,10.15
2023-04-20,27.00,92.25,20.10
2023-04-20,27.00,92.50,17.58
2023-04-20,27.00,92.75,9.58
2023-04-20,27.00,93.00,5.32
2023-04-20,27.25,91.50,
2023-04-20,27.25,91.75,
2023-04-20,27.25,92.00,2.67
2023-04-20,27.25,92.25,10.39
2023-04-20,27.25,92.50,13.40
2023-04-20,27.25,92.75,11.08
2023-04-20,27.25,93.00,5.38
2023-04-20,27.50,91.50,
2023-04-20,27.50,91.75,10.83
2023-04-20,27.50,92.00,6.54
2023-04-20,27.50,92.25,9.77
2023-04-20,27.50,92.50,9.66
2023-04-20,27.50,92.75,12.10
2023-04-20,27.50,93.00,8.00
2023-04-20,27.75,91.50,12.71
2023-04-20,27.75,91.75,11.49
2023-04-20,27.75,92.00,8.66
2023-04-20,27.75,92.25,9.75
2023-04-20,27.75,92.50,10.37
2023-04-20,27.75,92.75,10.38
2023-04-20,27.75,93.00,8.80
2023-04-20,28.00,91.50,12.30
2023-04-20,28.00,91.75,11.41
2023-04-20,28.00,92.00,10.02
2023-04-20,28.00,92.25,8.93
2023-04-20,28.00,92.50,9.48
2023-04-20,28.00,92.75,8.55
2023-04-20,28.00,93.00,9.21
2023-04-21,25.75,91.50,0.62
2023-04-21,25.75,91.75,0.58
2023-04-21,25.75,92.00,0.78
2023-04-21,25.75,92.25,1.25
2023-04-21,25.75,92.50,0.28
2023-04-21,25.75,92.75,0.01
2023-04-21,25.75,93.00,0.14
2023-04-21,26.00,91.50,3.99
2023-04-21,26.00,91.75,0.36
2023-04-21,26.00,92.00,1.08
2023-04-21,26.00,92.25,0.96
2023-04-21,26.00,92.50,0.25
2023-04-21,26.00,92.75,0.08
2023-04-21,26.00,93.00,0.13
2023-04-21,26.25,91.50,12.30
2023-04-21,26.25,91.75,3.68
2023-04-21,26.25,92.00,2.62
2023-04-21,26.25,92.25,4.50
2023-04-21,26.25,92.50,4.38
2023-04-21,26.25,92.75,3.70
2023-04-21,26.25,93.00,1.10
2023-04-21,26.50,91.50,2.79
2023-04-21,26.50,91.75,1.72
2023-04-21,26.50,92.00,4.66
2023-04-21,26.50,92.25,5.92
2023-04-21,26.50,92.50,2.97
2023-04-21,26.50,92.75,4.20
2023-04-21,26.50,93.00,4.52
2023-04-21,26.75,91.50,2.36
2023-04-21,26.75,91.75,1.16
2023-04-21,26.75,92.00,7.78
2023-04-21,26.75,92.25,4.91
2023-04-21,26.75,92.50,8.17
2023-04-21,26.75,92.75,15.03
2023-04-21,26.75,93.00,20.62
2023-04-21,27.00,91.50,3.50
2023-04-21,27.00,91.75,5.01
2023-04-21,27.00,92.00,4.73
2023-04-21,27.00,92.25,29.64
2023-04-21,27.00,92.50,21.95
2023-04-21,27.00,92.75,21.48
2023-04-21,27.00,93.00,26.66
2023-04-21,27.25,91.50,
2023-04-21,27.25,91.75,
2023-04-21,27.25,92.00,1.60
2023-04-21,27.25,92.25,13.86
2023-04-21,27.25,92.50,18.98
2023-04-21,27.25,92.75,31.26
2023-04-21,27.25,93.00,28.02
2023-04-21,27.50,91.50,
2023-04-21,27.50,91.75,20.95
2023-04-21,27.50,92.00,9.95
2023-04-21,27.50,92.25,13.76
2023-04-21,27.50,92.50,15.83
2023-04-21,27.50,92.75,28.50
2023-04-21,27.50,93.00,25.24
2023-04-21,27.75,91.50,26.02
2023-04-21,27.75,91.75,22.76
2023-04-21,27.75,92.00,14.98
2023-04-21,27.75,92.25,14.64
2023-04-21,27.75,92.50,15.58
2023-04-21,27.75,92.75,25.28
2023-04-21,27.75,93.00,23.26
2023-04-21,28.00,91.50,25.05
2023-04-21,28.00,91.75,22.70
2023-04-21,28.00,92.00,18.78
2023-04-21,28.00,92.25,14.80
2023-04-21,28.00,92.50,14.67
2023-04-21,28.00,92.75,17.36
2023-04-21,28.00,93.00,21.30
2023-04-22,25.75,91.50,2.61
2023-04-22,25.75,91.75,3.24
2023-04-22,25.75,92.00,3.83
2023-04-22,25.75,92.25,3.54
2023-04-22,25.75,92.50,0.44
2023-04-22,25.75,92.75,0.39
2023-04-22,25.75,93.00,0.10
2023-04-22,26.00,91.50,3.67
2023-04-22,26.00,91.75,2.14
2023-04-22,26.00,92.00,3.66
2023-04-22,26.00,92.25,7.01
2023-04-22,26.00,92.50,2.10
2023-04-22,26.00,92.75,0.16
2023-04-22,26.00,93.00,0.09
2023-04-22,26.25,91.50,6.78
2023-04-22,26.25,91.75,3.22
2023-04-22,26.25,92.00,4.83
2023-04-22,26.25,92.25,8.32
2023-04-22,26.25,92.50,11.72
2023-04-22,26.25,92.75,6.96
2023-04-22,26.25,93.00,0.07
2023-04-22,26.50,91.50,27.42
2023-04-22,26.50,91.75,23.74
2023-04-22,26.50,92.00,12.41
2023-04-22,26.50,92.25,18.61
2023-04-22,26.50,92.50,18.56
2023-04-22,26.50,92.75,14.18
2023-04-22,26.50,93.00,0.27
2023-04-22,26.75,91.50,30.80
2023-04-22,26.75,91.75,37.62
2023-04-22,26.75,92.00,21.61
2023-04-22,26.75,92.25,16.38
2023-04-22,26.75,92.50,16.83
2023-04-22,26.75,92.75,12.28
2023-04-22,26.75,93.00,2.40
2023-04-22,27.00,91.50,23.18
2023-04-22,27.00,91.75,15.23
2023-04-22,27.00,92.00,12.19
2023-04-22,27.00,92.25,4.95
2023-04-22,27.00,92.50,8.10
2023-04-22,27.00,92.75,9.17
2023-04-22,27.00,93.00,3.53
2023-04-22,27.25,91.50,
2023-04-22,27.25,91.75,
2023-04-22,27.25,92.00,2.64
2023-04-22,27.25,92.25,4.06
2023-04-22,27.25,92.50,5.80
2023-04-22,27.25,92.75,4.15
2023-04-22,27.25,93.00,3.57
2023-04-22,27.50,91.50,
2023-04-22,27.50,91.75,28.77
2023-04-22,27.50,92.00,12.10
2023-04-22,27.50,92.25,5.81
2023-04-22,27.50,92.50,3.78
2023-04-22,27.50,92.75,3.90
2023-04-22,27.50,93.00,3.19
2023-04-22,27.75,91.50,36.33
2023-04-22,27.75,91.75,31.21
2023-04-22,27.75,92.00,18.60
2023-04-22,27.75,92.25,9.38
2023-04-22,27.75,92.50,3.27
2023-04-22,27.75,92.75,3.21
2023-04-22,27.75,93.00,2.89
2023-04-22,28.00,91.50,34.99
2023-04-22,28.00,91.75,31.32
2023-04-22,28.00,92.00,24.60
2023-04-22,28.00,92.25,15.13
2023-04-22,28.00,92.50,4.78
2023-04-22,28.00,92.75,2.33
2023-04-22,28.00,93.00,2.56
2023-04-23,25.75,91.50,0.07
2023-04-23,25.75,91.75,0.05
2023-04-23,25.75,92.00,0.21
2023-04-23,25.75,92.25,0.44
2023-04-23,25.75,92.50,1.45
2023-04-23,25.75,92.75,12.67
2023-04-23,25.75,93.00,9.66
2023-04-23,26.00,91.50,0.25
2023-04-23,26.00,91.75,0.03
2023-04-23,26.00,92.00,0.00
2023-04-23,26.00,92.25,0.00
2023-04-23,26.00,92.50,2.27
2023-04-23,26.00,92.75,6.56
2023-04-23,26.00,93.00,8.56
2023-04-23,26.25,91.50,0.13
2023-04-23,26.25,91.75,0.00
2023-04-23,26.25,92.00,0.00
2023-04-23,26.25,92.25,0.00
2023-04-23,26.25,92.50,1.03
2023-04-23,26.25,92.75,5.07
2023-04-23,26.25,93.00,1.47
2023-04-23,26.50,91.50,0.16
2023-04-23,26.50,91.75,0.94
2023-04-23,26.50,92.00,2.16
2023-04-23,26.50,92.25,1.97
2023-04-23,26.50,92.50,2.81
2023-04-23,26.50,92.75,1.68
2023-04-23,26.50,93.00,0.00
2023-04-23,26.75,91.50,0.05
2023-04-23,26.75,91.75,0.12
2023-04-23,26.75,92.00,6.11
2023-04-23,26.75,92.25,2.29
2023-04-23,26.75,92.50,2.89
2023-04-23,26.75,92.75,1.84
2023-04-23,26.75,93.00,0.10
2023-04-23,27.00,91.50,0.92
2023-04-23,27.00,91.75,2.37
2023-04-23,27.00,92.00,3.11
2023-04-23,27.00,92.25,0.16
2023-04-23,27.00,92.50,0.32
2023-04-23,27.00,92.75,0.29
2023-04-23,27.00,93.00,0.15
2023-04-23,27.25,91.50,
2023-04-23,27.25,91.75,
2023-04-23,27.25,92.00,1.14
2023-04-23,27.25,92.25,0.56
2023-04-23,27.25,92.50,0.13
2023-04-23,27.25,92.75,0.01
2023-04-23,27.25,93.00,0.15
2023-04-23,27.50,91.50,
2023-04-23,27.50,91.75,2.96
2023-04-23,27.50,92.00,1.77
2023-04-23,27.50,92.25,0.63
2023-04-23,27.50,92.50,0.20
2023-04-23,27.50,92.75,0.00
2023-04-23,27.50,93.00,0.06
2023-04-23,27.75,91.50,3.41
2023-04-23,27.75,91.75,3.10
2023-04-23,27.75,92.00,2.20
2023-04-23,27.75,92.25,0.66
2023-04-23,27.75,92.50,0.25
2023-04-23,27.75,92.75,0.00
2023-04-23,27.75,93.00,0.05
2023-04-23,28.00,91.50,3.35
2023-04-23,28.00,91.75,3.10
2023-04-23,28.00,92.00,2.45
2023-04-23,28.00,92.25,1.15
2023-04-23,28.00,92.50,0.27
2023-04-23,28.00,92.75,0.08
2023-04-23,28.00,93.00,0.03
2023-04-24,25.75,91.50,18.84
2023-04-24,25.75,91.75,18.88
2023-04-24,25.75,92.00,19.01
2023-04-24,25.75,92.25,14.51
2023-04-24,25.75,92.50,11.86
2023-04-24,25.75,92.75,8.39
2023-04-24,25.75,93.00,6.47
2023-04-24,26.00,91.50,19.55
2023-04-24,26.00,91.75,18.85
2023-04-24,26.00,92.00,16.45
2023-04-24,26.00,92.25,15.29
2023-04-24,26.00,92.50,10.75
2023-04-24,26.00,92.75,7.46
2023-04-24,26.00,93.00,6.22
2023-04-24,26.25,91.50,16.49
2023-04-24,26.25,91.75,15.46
2023-04-24,26.25,92.00,17.19
2023-04-24,26.25,92.25,4.46
2023-04-24,26.25,92.50,4.80
2023-04-24,26.25,92.75,6.07
2023-04-24,26.25,93.00,3.73
2023-04-24,26.50,91.50,5.10
2023-04-24,26.50,91.75,10.07
2023-04-24,26.50,92.00,6.23
2023-04-24,26.50,92.25,7.81
2023-04-24,26.50,92.50,6.29
2023-04-24,26.50,92.75,6.04
2023-04-24,26.50,93.00,2.25
2023-04-24,26.75,91.50,6.11
2023-04-24,26.75,91.75,10.38
2023-04-24,26.75,92.00,6.49
2023-04-24,26.75,92.25,6.73
2023-04-24,26.75,92.50,6.78
2023-04-24,26.75,92.75,5.08
2023-04-24,26.75,93.00,5.16
2023-04-24,27.00,91.50,5.22
2023-04-24,27.00,91.75,3.47
2023-04-24,27.00,92.00,3.76
2023-04-24,27.00,92.25,4.21
2023-04-24,27.00,92.50,2.76
2023-04-24,27.00,92.75,3.45
2023-04-24,27.00,93.00,5.33
2023-04-24,27.25,91.50,
2023-04-24,27.25,91.75,
2023-04-24,27.25,92.00,1.36
2023-04-24,27.25,92.25,1.31
2023-04-24,27.25,92.50,0.31
2023-04-24,27.25,92.75,0.79
2023-04-24,27.25,93.00,5.38
2023-04-24,27.50,91.50,
2023-04-24,27.50,91.75,2.40
2023-04-24,27.50,92.00,1.68
2023-04-24,27.50,92.25,0.88
2023-04-24,27.50,92.50,0.46
2023-04-24,27.50,92.75,0.97
2023-04-24,27.50,93.00,4.97
2023-04-24,27.75,91.50,2.37
2023-04-24,27.75,91.75,2.24
2023-04-24,27.75,92.00,1.85
2023-04-24,27.75,92.25,0.85
2023-04-24,27.75,92.50,0.98
2023-04-24,27.75,92.75,2.69
2023-04-24,27.75,93.00,7.02
2023-04-24,28.00,91.50,2.34
2023-04-24,28.00,91.75,2.22
2023-04-24,28.00,92.00,1.84
2023-04-24,28.00,92.25,0.93
2023-04-24,28.00,92.50,1.75
2023-04-24,28.00,92.75,4.06
2023-04-24,28.00,93.00,7.76
2023-04-25,25.75,91.50,0.08
2023-04-25,25.75,91.75,0.17
2023-04-25,25.75,92.00,0.09
2023-04-25,25.75,92.25,0.30
2023-04-25,25.75,92.50,0.09
2023-04-25,25.75,92.75,0.00
2023-04-25,25.75,93.00,0.00
2023-04-25,26.00,91.50,0.00
2023-04-25,26.00,91.75,0.00
2023-04-25,26.00,92.00,0.00
2023-04-25,26.00,92.25,0.00
2023-04-25,26.00,92.50,0.00
2023-04-25,26.00,92.75,0.00
2023-04-25,26.00,93.00,0.00
2023-04-25,26.25,91.50,0.00
2023-04-25,26.25,91.75,0.00
2023-04-25,26.25,92.00,0.00
2023-04-25,26.25,92.25,0.00
2023-04-25,26.25,92.50,0.00
2023-04-25,26.25,92.75,0.00
2023-04-25,26.25,93.00,0.00
2023-04-25,26.50,91.50,0.00
2023-04-25,26.50,91.75,0.00
2023-04-25,26.50,92.00,0.00
2023-04-25,26.50,92.25,0.00
2023-04-25,26.50,92.50,0.00
2023-04-25,26.50,92.75,0.00
2023-04-25,26.50,93.00,0.00
2023-04-25,26.75,91.50,0.00
2023-04-25,26.75,91.75,0.00
2023-04-25,26.75,92.00,0.00
2023-04-25,26.75,92.25,0.00
2023-04-25,26.75,92.50,0.00
2023-04-25,26.75,92.75,0.00
2023-04-25,26.75,93.00,0.00
2023-04-25,27.00,91.50,0.00
2023-04-25,27.00,91.75,0.00
2023-04-25,27.00,92.00,0.00
2023-04-25,27.00,92.25,0.00
2023-04-25,27.00,92.50,0.00
2023-04-25,27.00,92.75,0.00
2023-04-25,27.00,93.00,0.00
2023-04-25,27.25,91.50,
2023-04-25,27.25,91.75,
2023-04-25,27.25,92.00,0.00
2023-04-25,27.25,92.25,0.00
2023-04-25,27.25,92.50,0.00
2023-04-25,27.25,92.75,0.00
2023-04-25,27.25,93.00,0.00
2023-04-25,27.50,91.50,
2023-04-25,27.50,91.75,0.00
2023-04-25,27.50,92.00,0.00
2023-04-25,27.50,92.25,0.00
2023-04-25,27.50,92.50,0.00
2023-04-25,27.50,92.75,0.00
2023-04-25,27.50,93.00,0.00
2023-04-25,27.75,91.50,0.00
2023-04-25,27.75,91.75,0.00
2023-04-25,27.75,92.00,0.00
2023-04-25,27.75,92.25,0.00
2023-04-25,27.75,92.50,0.00
2023-04-25,27.75,92.75,0.00
2023-04-25,27.75,93.00,0.00
2023-04-25,28.00,91.50,0.00
2023-04-25,28.00,91.75,0.00
2023-04-25,28.00,92.00,0.00
2023-04-25,28.00,92.25,0.00
2023-04-25,28.00,92.50,0.00
2023-04-25,28.00,92.75,0.00
2023-04-25,28.00,93.00,0.00
2023-04-26,25.75,91.50,46.86
2023-04-26,25.75,91.75,38.14
2023-04-26,25.75,92.00,6.10
2023-04-26,25.75,92.25,0.79
2023-04-26,25.75,92.50,2.01
2023-04-26,25.75,92.75,0.02
2023-04-26,25.75,93.00,0.03
2023-04-26,26.00,91.50,21.23
2023-04-26,26.00,91.75,19.35
2023-04-26,26.00,92.00,0.00
2023-04-26,26.00,92.25,0.05
2023-04-26,26.00,92.50,1.26
2023-04-26,26.00,92.75,0.40
2023-04-26,26.00,93.00,0.06
2023-04-26,26.25,91.50,0.00
2023-04-26,26.25,91.75,0.00
2023-04-26,26.25,92.00,0.00
2023-04-26,26.25,92.25,0.00
2023-04-26,26.25,92.50,0.00
2023-04-26,26.25,92.75,0.00
2023-04-26,26.25,93.00,0.00
2023-04-26,26.50,91.50,0.00
2023-04-26,26.50,91.75,0.00
2023-04-26,26.50,92.00,0.00
2023-04-26,26.50,92.25,0.00
2023-04-26,26.50,92.50,0.00
2023-04-26,26.50,92.75,0.00
2023-04-26,26.50,93.00,0.43
2023-04-26,26.75,91.50,0.00
2023-04-26,26.75,91.75,0.00
2023-04-26,26.75,92.00,0.00
2023-04-26,26.75,92.25,0.00
2023-04-26,26.75,92.50,0.00
2023-04-26,26.75,92.75,1.57
2023-04-26,26.75,93.00,2.79
2023-04-26,27.00,91.50,0.23
2023-04-26,27.00,91.75,0.49
2023-04-26,27.00,92.00,0.20
2023-04-26,27.00,92.25,0.04
2023-04-26,27.00,92.50,0.02
2023-04-26,27.00,92.75,2.69
2023-04-26,27.00,93.00,3.04
2023-04-26,27.25,91.50,
2023-04-26,27.25,91.75,
2023-04-26,27.25,92.00,0.11
2023-04-26,27.25,92.25,0.14
2023-04-26,27.25,92.50,0.06
2023-04-26,27.25,92.75,3.22
2023-04-26,27.25,93.00,2.94
2023-04-26,27.50,91.50,
2023-04-26,27.50,91.75,0.09
2023-04-26,27.50,92.00,0.15
2023-04-26,27.50,92.25,0.15
2023-04-26,27.50,92.50,0.61
2023-04-26,27.50,92.75,2.58
2023-04-26,27.50,93.00,2.02
2023-04-26,27.75,91.50,0.03
2023-04-26,27.75,91.75,0.07
2023-04-26,27.75,92.00,0.12
2023-04-26,27.75,92.25,0.14
2023-04-26,27.75,92.50,0.43
2023-04-26,27.75,92.75,1.87
2023-04-26,27.75,93.00,1.42
2023-04-26,28.00,91.50,0.04
2023-04-26,28.00,91.75,0.06
2023-04-26,28.00,92.00,0.08
2023-04-26,28.00,92.25,0.13
2023-04-26,28.00,92.50,0.14
2023-04-26,28.00,92.75,0.68
2023-04-26,28.00,93.00,0.87
2023-04-27,25.75,91.50,1.07
2023-04-27,25.75,91.75,0.81
2023-04-27,25.75,92.00,1.41
2023-04-27,25.75,92.25,1.15
2023-04-27,25.75,92.50,0.00
2023-04-27,25.75,92.75,0.00
2023-04-27,25.75,93.00,0.00
2023-04-27,26.00,91.50,3.66
2023-04-27,26.00,91.75,2.95
2023-04-27,26.00,92.00,3.32
2023-04-27,26.00,92.25,2.59
2023-04-27,26.00,92.50,5.50
2023-04-27,26.00,92.75,1.46
2023-04-27,26.00,93.00,0.00
2023-04-27,26.25,91.50,2.59
2023-04-27,26.25,91.75,3.27
2023-04-27,26.25,92.00,2.21
2023-04-27,26.25,92.25,18.39
2023-04-27,26.25,92.50,11.91
2023-04-27,26.25,92.75,5.78
2023-04-27,26.25,93.00,0.00
2023-04-27,26.50,91.50,0.12
2023-04-27,26.50,91.75,0.31
2023-04-27,26.50,92.00,0.76
2023-04-27,26.50,92.25,2.01
2023-04-27,26.50,92.50,2.59
2023-04-27,26.50,92.75,5.85
2023-04-27,26.50,93.00,0.00
2023-04-27,26.75,91.50,0.34
2023-04-27,26.75,91.75,0.00
2023-04-27,26.75,92.00,0.00
2023-04-27,26.75,92.25,0.00
2023-04-27,26.75,92.50,0.21
2023-04-27,26.75,92.75,2.80
2023-04-27,26.75,93.00,3.13
2023-04-27,27.00,91.50,0.00
2023-04-27,27.00,91.75,0.00
2023-04-27,27.00,92.00,0.00
2023-04-27,27.00,92.25,0.00
2023-04-27,27.00,92.50,3.10
2023-04-27,27.00,92.75,5.29
2023-04-27,27.00,93.00,5.61
2023-04-27,27.25,91.50,
2023-04-27,27.25,91.75,
2023-04-27,27.25,92.00,0.00
2023-04-27,27.25,92.25,1.41
2023-04-27,27.25,92.50,5.57
2023-04-27,27.25,92.75,6.06
2023-04-27,27.25,93.00,6.02
2023-04-27,27.50,91.50,
2023-04-27,27.50,91.75,0.00
2023-04-27,27.50,92.00,0.23
2023-04-27,27.50,92.25,2.53
2023-04-27,27.50,92.50,5.46
2023-04-27,27.50,92.75,6.04
2023-04-27,27.50,93.00,4.71
2023-04-27,27.75,91.50,0.00
2023-04-27,27.75,91.75,0.06
2023-04-27,27.75,92.00,0.41
2023-04-27,27.75,92.25,2.96
2023-04-27,27.75,92.50,3.95
2023-04-27,27.75,92.75,5.37
2023-04-27,27.75,93.00,3.44
2023-04-27,28.00,91.50,0.00
2023-04-27,28.00,91.75,0.06
2023-04-27,28.00,92.00,0.69
2023-04-27,28.00,92.25,2.86
2023-04-27,28.00,92.50,3.79
2023-04-27,28.00,92.75,4.12
2023-04-27,28.00,93.00,2.84
2023-04-28,25.75,91.50,0.34
2023-04-28,25.75,91.75,0.32
2023-04-28,25.75,92.00,1.93
2023-04-28,25.75,92.25,4.14
2023-04-28,25.75,92.50,1.13
2023-04-28,25.75,92.75,1.00
2023-04-28,25.75,93.00,0.26
2023-04-28,26.00,91.50,0.24
2023-04-28,26.00,91.75,0.00
2023-04-28,26.00,92.00,0.68
2023-04-28,26.00,92.25,1.82
2023-04-28,26.00,92.50,0.61
2023-04-28,26.00,92.75,0.41
2023-04-28,26.00,93.00,0.23
2023-04-28,26.25,91.50,0.95
2023-04-28,26.25,91.75,0.35
2023-04-28,26.25,92.00,0.00
2023-04-28,26.25,92.25,0.08
2023-04-28,26.25,92.50,0.31
2023-04-28,26.25,92.75,0.39
2023-04-28,26.25,93.00,0.75
2023-04-28,26.50,91.50,3.48
2023-04-28,26.50,91.75,0.90
2023-04-28,26.50,92.00,0.46
2023-04-28,26.50,92.25,0.11
2023-04-28,26.50,92.50,0.16
2023-04-28,26.50,92.75,0.09
2023-04-28,26.50,93.00,2.77
2023-04-28,26.75,91.50,4.19
2023-04-28,26.75,91.75,1.51
2023-04-28,26.75,92.00,1.31
2023-04-28,26.75,92.25,0.90
2023-04-28,26.75,92.50,1.85
2023-04-28,26.75,92.75,3.14
2023-04-28,26.75,93.00,0.04
2023-04-28,27.00,91.50,4.61
2023-04-28,27.00,91.75,1.30
2023-04-28,27.00,92.00,1.56
2023-04-28,27.00,92.25,9.51
2023-04-28,27.00,92.50,6.93
2023-04-28,27.00,92.75,3.89
2023-04-28,27.00,93.00,0.06
2023-04-28,27.25,91.50,
2023-04-28,27.25,91.75,
2023-04-28,27.25,92.00,0.15
2023-04-28,27.25,92.25,3.55
2023-04-28,27.25,92.50,5.95
2023-04-28,27.25,92.75,3.82
2023-04-28,27.25,93.00,0.23
2023-04-28,27.50,91.50,
2023-04-28,27.50,91.75,3.73
2023-04-28,27.50,92.00,2.01
2023-04-28,27.50,92.25,3.95
2023-04-28,27.50,92.50,3.93
2023-04-28,27.50,92.75,4.69
2023-04-28,27.50,93.00,0.64
2023-04-28,27.75,91.50,4.01
2023-04-28,27.75,91.75,3.80
2023-04-28,27.75,92.00,2.96
2023-04-28,27.75,92.25,3.96
2023-04-28,27.75,92.50,4.26
2023-04-28,27.75,92.75,3.00
2023-04-28,27.75,93.00,0.79
2023-04-28,28.00,91.50,3.92
2023-04-28,28.00,91.75,3.69
2023-04-28,28.00,92.00,3.31
2023-04-28,28.00,92.25,3.40
2023-04-28,28.00,92.50,3.12
2023-04-28,28.00,92.75,1.46
2023-04-28,28.00,93.00,0.91
2023-04-29,25.75,91.50,0.00
2023-04-29,25.75,91.75,0.00
2023-04-29,25.75,92.00,0.00
2023-04-29,25.75,92.25,0.73
2023-04-29,25.75,92.50,1.86
2023-04-29,25.75,92.75,0.02
2023-04-29,25.75,93.00,0.00
2023-04-29,26.00,91.50,2.48
2023-04-29,26.00,91.75,0.00
2023-04-29,26.00,92.00,0.00
2023-04-29,26.00,92.25,0.04
2023-04-29,26.00,92.50,1.16
2023-04-29,26.00,92.75,0.37
2023-04-29,26.00,93.00,0.00
2023-04-29,26.25,91.50,9.99
2023-04-29,26.25,91.75,3.70
2023-04-29,26.25,92.00,0.00
2023-04-29,26.25,92.25,0.00
2023-04-29,26.25,92.50,0.00
2023-04-29,26.25,92.75,0.00
2023-04-29,26.25,93.00,0.00
2023-04-29,26.50,91.50,1.57
2023-04-29,26.50,91.75,0.73
2023-04-29,26.50,92.00,0.98
2023-04-29,26.50,92.25,0.00
2023-04-29,26.50,92.50,0.00
2023-04-29,26.50,92.75,0.00
2023-04-29,26.50,93.00,0.00
2023-04-29,26.75,91.50,11.94
2023-04-29,26.75,91.75,1.58
2023-04-29,26.75,92.00,2.79
2023-04-29,26.75,92.25,1.21
2023-04-29,26.75,92.50,2.55
2023-04-29,26.75,92.75,4.85
2023-04-29,26.75,93.00,3.43
2023-04-29,27.00,91.50,9.46
2023-04-29,27.00,91.75,2.29
2023-04-29,27.00,92.00,1.68
2023-04-29,27.00,92.25,11.74
2023-04-29,27.00,92.50,7.60
2023-04-29,27.00,92.75,6.60
2023-04-29,27.00,93.00,5.71
2023-04-29,27.25,91.50,
2023-04-29,27.25,91.75,
2023-04-29,27.25,92.00,0.41
2023-04-29,27.25,92.25,4.86
2023-04-29,27.25,92.50,1.60
2023-04-29,27.25,92.75,1.36
2023-04-29,27.25,93.00,4.88
2023-04-29,27.50,91.50,
2023-04-29,27.50,91.75,0.71
2023-04-29,27.50,92.00,1.34
2023-04-29,27.50,92.25,2.85
2023-04-29,27.50,92.50,1.72
2023-04-29,27.50,92.75,2.42
2023-04-29,27.50,93.00,2.90
2023-04-29,27.75,91.50,0.26
2023-04-29,27.75,91.75,0.51
2023-04-29,27.75,92.00,1.38
2023-04-29,27.75,92.25,2.77
2023-04-29,27.75,92.50,2.99
2023-04-29,27.75,92.75,2.92
2023-04-29,27.75,93.00,3.30
2023-04-29,28.00,91.50,0.23
2023-04-29,28.00,91.75,0.39
2023-04-29,28.00,92.00,0.22
2023-04-29,28.00,92.25,1.06
2023-04-29,28.00,92.50,2.08
2023-04-29,28.00,92.75,1.81
2023-04-29,28.00,93.00,3.27
2023-04-30,25.75,91.50,1.43
2023-04-30,25.75,91.75,1.74
2023-04-30,25.75,92.00,1.42
2023-04-30,25.75,92.25,3.42
2023-04-30,25.75,92.50,0.89
2023-04-30,25.75,92.75,0.03
2023-04-30,25.75,93.00,0.00
2023-04-30,26.00,91.50,0.49
2023-04-30,26.00,91.75,0.00
2023-04-30,26.00,92.00,0.37
2023-04-30,26.00,92.25,0.99
2023-04-30,26.00,92.50,0.30
2023-04-30,26.00,92.75,0.08
2023-04-30,26.00,93.00,0.00
2023-04-30,26.25,91.50,0.00
2023-04-30,26.25,91.75,0.00
2023-04-30,26.25,92.00,0.00
2023-04-30,26.25,92.25,1.21
2023-04-30,26.25,92.50,2.76
2023-04-30,26.25,92.75,1.92
2023-04-30,26.25,93.00,0.00
2023-04-30,26.50,91.50,3.81
2023-04-30,26.50,91.75,7.16
2023-04-30,26.50,92.00,16.64
2023-04-30,26.50,92.25,12.96
2023-04-30,26.50,92.50,8.43
2023-04-30,26.50,92.75,4.24
2023-04-30,26.50,93.00,0.00
2023-04-30,26.75,91.50,14.80
2023-04-30,26.75,91.75,19.24
2023-04-30,26.75,92.00,16.26
2023-04-30,26.75,92.25,25.58
2023-04-30,26.75,92.50,10.53
2023-04-30,26.75,92.75,5.47
2023-04-30,26.75,93.00,3.61
2023-04-30,27.00,91.50,12.26
2023-04-30,27.00,91.75,4.38
2023-04-30,27.00,92.00,9.45
2023-04-30,27.00,92.25,1.29
2023-04-30,27.00,92.50,2.94
2023-04-30,27.00,92.75,2.59
2023-04-30,27.00,93.00,5.16
2023-04-30,27.25,91.50,
2023-04-30,27.25,91.75,
2023-04-30,27.25,92.00,0.20
2023-04-30,27.25,92.25,0.09
2023-04-30,27.25,92.50,0.14
2023-04-30,27.25,92.75,0.32
2023-04-30,27.25,93.00,5.28
2023-04-30,27.50,91.50,
2023-04-30,27.50,91.75,6.77
2023-04-30,27.50,92.00,2.46
2023-04-30,27.50,92.25,0.14
2023-04-30,27.50,92.50,0.12
2023-04-30,27.50,92.75,0.90
2023-04-30,27.50,93.00,5.27
2023-04-30,27.75,91.50,8.94
2023-04-30,27.75,91.75,7.45
2023-04-30,27.75,92.00,4.13
2023-04-30,27.75,92.25,0.78
2023-04-30,27.75,92.50,0.37
2023-04-30,27.75,92.75,3.44
2023-04-30,27.75,93.00,7.65
2023-04-30,28.00,91.50,8.52
2023-04-30,28.00,91.75,7.49
2023-04-30,28.00,92.00,5.45
2023-04-30,28.00,92.25,2.19
2023-04-30,28.00,92.50,0.64
2023-04-30,28.00,92.75,4.45
2023-04-30,28.00,93.00,8.55
2023-05-01,25.75,91.50,4.91
2023-05-01,25.75,91.75,3.77
2023-05-01,25.75,92.00,2.28
2023-05-01,25.75,92.25,0.66
2023-05-01,25.75,92.50,0.19
2023-05-01,25.75,92.75,0.01
2023-05-01,25.75,93.00,0.00
2023-05-01,26.00,91.50,15.67
2023-05-01,26.00,91.75,3.93
2023-05-01,26.00,92.00,0.27
2023-05-01,26.00,92.25,0.00
2023-05-01,26.00,92.50,0.00
2023-05-01,26.00,92.75,0.00
2023-05-01,26.00,93.00,0.00
2023-05-01,26.25,91.50,16.82
2023-05-01,26.25,91.75,4.61
2023-05-01,26.25,92.00,0.08
2023-05-01,26.25,92.25,1.21
2023-05-01,26.25,92.50,1.47
2023-05-01,26.25,92.75,1.04
2023-05-01,26.25,93.00,0.00
2023-05-01,26.50,91.50,3.13
2023-05-01,26.50,91.75,0.75
2023-05-01,26.50,92.00,1.06
2023-05-01,26.50,92.25,2.38
2023-05-01,26.50,92.50,1.89
2023-05-01,26.50,92.75,1.59
2023-05-01,26.50,93.00,0.00
2023-05-01,26.75,91.50,6.84
2023-05-01,26.75,91.75,2.01
2023-05-01,26.75,92.00,1.64
2023-05-01,26.75,92.25,1.79
2023-05-01,26.75,92.50,1.56
2023-05-01,26.75,92.75,2.21
2023-05-01,26.75,93.00,2.13
2023-05-01,27.00,91.50,8.32
2023-05-01,27.00,91.75,7.13
2023-05-01,27.00,92.00,3.02
2023-05-01,27.00,92.25,0.07
2023-05-01,27.00,92.50,1.37
2023-05-01,27.00,92.75,3.23
2023-05-01,27.00,93.00,3.68
2023-05-01,27.25,91.50,
2023-05-01,27.25,91.75,
2023-05-01,27.25,92.00,0.20
2023-05-01,27.25,92.25,0.85
2023-05-01,27.25,92.50,3.29
2023-05-01,27.25,92.75,3.80
2023-05-01,27.25,93.00,4.17
2023-05-01,27.50,91.50,
2023-05-01,27.50,91.75,3.38
2023-05-01,27.50,92.00,2.15
2023-05-01,27.50,92.25,1.60
2023-05-01,27.50,92.50,2.88
2023-05-01,27.50,92.75,3.63
2023-05-01,27.50,93.00,3.35
2023-05-01,27.75,91.50,5.22
2023-05-01,27.75,91.75,3.65
2023-05-01,27.75,92.00,2.60
2023-05-01,27.75,92.25,2.04
2023-05-01,27.75,92.50,2.19
2023-05-01,27.75,92.75,3.33
2023-05-01,27.75,93.00,2.64
2023-05-01,28.00,91.50,4.32
2023-05-01,28.00,91.75,3.14
2023-05-01,28.00,92.00,2.23
2023-05-01,28.00,92.25,2.13
2023-05-01,28.00,92.50,2.36
2023-05-01,28.00,92.75,2.84
2023-05-01,28.00,93.00,2.29
2023-05-02,25.75,91.50,4.52
2023-05-02,25.75,91.75,3.97
2023-05-02,25.75,92.00,11.28
2023-05-02,25.75,92.25,25.09
2023-05-02,25.75,92.50,43.61
2023-05-02,25.75,92.75,24.41
2023-05-02,25.75,93.00,25.91
2023-05-02,26.00,91.50,1.84
2023-05-02,26.00,91.75,2.69
2023-05-02,26.00,92.00,8.59
2023-05-02,26.00,92.25,22.63
2023-05-02,26.00,92.50,37.53
2023-05-02,26.00,92.75,29.59
2023-05-02,26.00,93.00,25.43
2023-05-02,26.25,91.50,0.06
2023-05-02,26.25,91.75,1.22
2023-05-02,26.25,92.00,1.18
2023-05-02,26.25,92.25,28.29
2023-05-02,26.25,92.50,25.79
2023-05-02,26.25,92.75,23.04
2023-05-02,26.25,93.00,23.75
2023-05-02,26.50,91.50,0.04
2023-05-02,26.50,91.75,0.24
2023-05-02,26.50,92.00,0.41
2023-05-02,26.50,92.25,21.60
2023-05-02,26.50,92.50,3.36
2023-05-02,26.50,92.75,8.72
2023-05-02,26.50,93.00,19.51
2023-05-02,26.75,91.50,0.18
2023-05-02,26.75,91.75,0.00
2023-05-02,26.75,92.00,0.00
2023-05-02,26.75,92.25,0.00
2023-05-02,26.75,92.50,0.00
2023-05-02,26.75,92.75,0.86
2023-05-02,26.75,93.00,23.98
2023-05-02,27.00,91.50,0.23
2023-05-02,27.00,91.75,0.02
2023-05-02,27.00,92.00,0.00
2023-05-02,27.00,92.25,0.00
2023-05-02,27.00,92.50,4.90
2023-05-02,27.00,92.75,10.80
2023-05-02,27.00,93.00,19.19
2023-05-02,27.25,91.50,
2023-05-02,27.25,91.75,
2023-05-02,27.25,92.00,0.00
2023-05-02,27.25,92.25,2.63
2023-05-02,27.25,92.50,15.36
2023-05-02,27.25,92.75,17.55
2023-05-02,27.25,93.00,13.17
2023-05-02,27.50,91.50,
2023-05-02,27.50,91.75,0.00
2023-05-02,27.50,92.00,2.27
2023-05-02,27.50,92.25,5.30
2023-05-02,27.50,92.50,13.51
2023-05-02,27.50,92.75,16.49
2023-05-02,27.50,93.00,14.71
2023-05-02,27.75,91.50,0.13
2023-05-02,27.75,91.75,1.81
2023-05-02,27.75,92.00,4.01
2023-05-02,27.75,92.25,7.00
2023-05-02,27.75,92.50,10.56
2023-05-02,27.75,92.75,15.58
2023-05-02,27.75,93.00,13.27
2023-05-02,28.00,91.50,0.04
2023-05-02,28.00,91.75,1.74
2023-05-02,28.00,92.00,4.08
2023-05-02,28.00,92.25,7.36
2023-05-02,28.00,92.50,11.49
2023-05-02,28.00,92.75,14.80
2023-05-02,28.00,93.00,12.89
2023-05-03,25.75,91.50,0.00
2023-05-03,25.75,91.75,0.00
2023-05-03,25.75,92.00,15.09
2023-05-03,25.75,92.25,16.11
2023-05-03,25.75,92.50,3.99
2023-05-03,25.75,92.75,0.07
2023-05-03,25.75,93.00,1.66
2023-05-03,26.00,91.50,1.44
2023-05-03,26.00,91.75,0.00
2023-05-03,26.00,92.00,11.81
2023-05-03,26.00,92.25,34.62
2023-05-03,26.00,92.50,18.28
2023-05-03,26.00,92.75,3.26
2023-05-03,26.00,93.00,1.86
2023-05-03,26.25,91.50,1.28
2023-05-03,26.25,91.75,0.00
2023-05-03,26.25,92.00,0.23
2023-05-03,26.25,92.25,25.37
2023-05-03,26.25,92.50,23.32
2023-05-03,26.25,92.75,11.40
2023-05-03,26.25,93.00,2.40
2023-05-03,26.50,91.50,0.13
2023-05-03,26.50,91.75,0.00
2023-05-03,26.50,92.00,0.00
2023-05-03,26.50,92.25,12.36
2023-05-03,26.50,92.50,2.37
2023-05-03,26.50,92.75,6.72
2023-05-03,26.50,93.00,0.00
2023-05-03,26.75,91.50,0.02
2023-05-03,26.75,91.75,0.00
2023-05-03,26.75,92.00,0.00
2023-05-03,26.75,92.25,0.00
2023-05-03,26.75,92.50,1.07
2023-05-03,26.75,92.75,0.00
2023-05-03,26.75,93.00,0.12
2023-05-03,27.00,91.50,0.00
2023-05-03,27.00,91.75,0.00
2023-05-03,27.00,92.00,0.00
2023-05-03,27.00,92.25,0.00
2023-05-03,27.00,92.50,0.00
2023-05-03,27.00,92.75,0.00
2023-05-03,27.00,93.00,0.12
2023-05-03,27.25,91.50,
2023-05-03,27.25,91.75,
2023-05-03,27.25,92.00,0.00
2023-05-03,27.25,92.25,0.00
2023-05-03,27.25,92.50,0.00
2023-05-03,27.25,92.75,0.02
2023-05-03,27.25,93.00,0.12
2023-05-03,27.50,91.50,
2023-05-03,27.50,91.75,24.45
2023-05-03,27.50,92.00,7.12
2023-05-03,27.50,92.25,1.90
2023-05-03,27.50,92.50,0.00
2023-05-03,27.50,92.75,0.01
2023-05-03,27.50,93.00,0.05
2023-05-03,27.75,91.50,29.54
2023-05-03,27.75,91.75,26.30
2023-05-03,27.75,92.00,15.57
2023-05-03,27.75,92.25,3.94
2023-05-03,27.75,92.50,0.00
2023-05-03,27.75,92.75,0.02
2023-05-03,27.75,93.00,0.04
2023-05-03,28.00,91.50,28.68
2023-05-03,28.00,91.75,26.10
2023-05-03,28.00,92.00,19.03
2023-05-03,28.00,92.25,10.07
2023-05-03,28.00,92.50,0.82
2023-05-03,28.00,92.75,0.00
2023-05-03,28.00,93.00,0.03
2023-05-04,25.75,91.50,35.38
2023-05-04,25.75,91.75,34.91
2023-05-04,25.75,92.00,15.79
2023-05-04,25.75,92.25,12.92
2023-05-04,25.75,92.50,14.24
2023-05-04,25.75,92.75,3.79
2023-05-04,25.75,93.00,6.51
2023-05-04,26.00,91.50,10.94
2023-05-04,26.00,91.75,20.34
2023-05-04,26.00,92.00,5.29
2023-05-04,26.00,92.25,12.99
2023-05-04,26.00,92.50,11.95
2023-05-04,26.00,92.75,6.76
2023-05-04,26.00,93.00,7.22
2023-05-04,26.25,91.50,5.13
2023-05-04,26.25,91.75,1.40
2023-05-04,26.25,92.00,0.15
2023-05-04,26.25,92.25,1.11
2023-05-04,26.25,92.50,1.20
2023-05-04,26.25,92.75,3.35
2023-05-04,26.25,93.00,9.73
2023-05-04,26.50,91.50,16.48
2023-05-04,26.50,91.75,2.80
2023-05-04,26.50,92.00,2.31
2023-05-04,26.50,92.25,2.15
2023-05-04,26.50,92.50,1.64
2023-05-04,26.50,92.75,1.62
2023-05-04,26.50,93.00,5.74
2023-05-04,26.75,91.50,12.12
2023-05-04,26.75,91.75,4.06
2023-05-04,26.75,92.00,4.98
2023-05-04,26.75,92.25,2.09
2023-05-04,26.75,92.50,1.54
2023-05-04,26.75,92.75,1.32
2023-05-04,26.75,93.00,4.56
2023-05-04,27.00,91.50,6.24
2023-05-04,27.00,91.75,1.55
2023-05-04,27.00,92.00,2.12
2023-05-04,27.00,92.25,0.13
2023-05-04,27.00,92.50,5.33
2023-05-04,27.00,92.75,8.24
2023-05-04,27.00,93.00,4.09
2023-05-04,27.25,91.50,
2023-05-04,27.25,91.75,
2023-05-04,27.25,92.00,0.05
2023-05-04,27.25,92.25,3.14
2023-05-04,27.25,92.50,16.01
2023-05-04,27.25,92.75,17.78
2023-05-04,27.25,93.00,6.54
2023-05-04,27.50,91.50,
2023-05-04,27.50,91.75,0.64
2023-05-04,27.50,92.00,1.30
2023-05-04,27.50,92.25,5.76
2023-05-04,27.50,92.50,13.89
2023-05-04,27.50,92.75,16.20
2023-05-04,27.50,93.00,11.41
2023-05-04,27.75,91.50,1.66
2023-05-04,27.75,91.75,1.16
2023-05-04,27.75,92.00,2.57
2023-05-04,27.75,92.25,7.48
2023-05-04,27.75,92.50,10.88
2023-05-04,27.75,92.75,14.07
2023-05-04,27.75,93.00,9.69
2023-05-04,28.00,91.50,0.87
2023-05-04,28.00,91.75,1.21
2023-05-04,28.00,92.00,4.25
2023-05-04,28.00,92.25,8.48
2023-05-04,28.00,92.50,11.76
2023-05-04,28.00,92.75,13.54
2023-05-04,28.00,93.00,9.52
2023-05-05,25.75,91.50,12.83
2023-05-05,25.75,91.75,13.27
2023-05-05,25.75,92.00,12.15
2023-05-05,25.75,92.25,7.02
2023-05-05,25.75,92.50,1.92
2023-05-05,25.75,92.75,10.22
2023-05-05,25.75,93.00,7.43
2023-05-05,26.00,91.50,0.65
2023-05-05,26.00,91.75,5.11
2023-05-05,26.00,92.00,5.05
2023-05-05,26.00,92.25,14.29
2023-05-05,26.00,92.50,4.93
2023-05-05,26.00,92.75,6.76
2023-05-05,26.00,93.00,6.96
2023-05-05,26.25,91.50,0.00
2023-05-05,26.25,91.75,0.00
2023-05-05,26.25,92.00,0.06
2023-05-05,26.25,92.25,4.56
2023-05-05,26.25,92.50,3.53
2023-05-05,26.25,92.75,4.84
2023-05-05,26.25,93.00,2.87
2023-05-05,26.50,91.50,0.00
2023-05-05,26.50,91.75,0.00
2023-05-05,26.50,92.00,0.68
2023-05-05,26.50,92.25,5.21
2023-05-05,26.50,92.50,0.67
2023-05-05,26.50,92.75,1.56
2023-05-05,26.50,93.00,0.00
2023-05-05,26.75,91.50,0.00
2023-05-05,26.75,91.75,0.00
2023-05-05,26.75,92.00,0.00
2023-05-05,26.75,92.25,0.00
2023-05-05,26.75,92.50,2.07
2023-05-05,26.75,92.75,5.30
2023-05-05,26.75,93.00,1.45
2023-05-05,27.00,91.50,0.00
2023-05-05,27.00,91.75,0.00
2023-05-05,27.00,92.00,0.00
2023-05-05,27.00,92.25,23.90
2023-05-05,27.00,92.50,17.67
2023-05-05,27.00,92.75,10.35
2023-05-05,27.00,93.00,2.63
2023-05-05,27.25,91.50,
2023-05-05,27.25,91.75,
2023-05-05,27.25,92.00,0.31
2023-05-05,27.25,92.25,10.67
2023-05-05,27.25,92.50,8.68
2023-05-05,27.25,92.75,8.15
2023-05-05,27.25,93.00,3.87
2023-05-05,27.50,91.50,
2023-05-05,27.50,91.75,2.66
2023-05-05,27.50,92.00,3.28
2023-05-05,27.50,92.25,7.28
2023-05-05,27.50,92.50,7.78
2023-05-05,27.50,92.75,8.67
2023-05-05,27.50,93.00,4.53
2023-05-05,27.75,91.50,0.00
2023-05-05,27.75,91.75,2.31
2023-05-05,27.75,92.00,4.30
2023-05-05,27.75,92.25,7.12
2023-05-05,27.75,92.50,9.46
2023-05-05,27.75,92.75,6.81
2023-05-05,27.75,93.00,3.82
2023-05-05,28.00,91.50,0.36
2023-05-05,28.00,91.75,1.68
2023-05-05,28.00,92.00,3.72
2023-05-05,28.00,92.25,6.16
2023-05-05,28.00,92.50,7.71
2023-05-05,28.00,92.75,4.76
2023-05-05,28.00,93.00,3.62
2023-05-06,25.75,91.50,0.00
2023-05-06,25.75,91.75,0.00
2023-05-06,25.75,92.00,2.37
2023-05-06,25.75,92.25,3.75
2023-05-06,25.75,92.50,6.60
2023-05-06,25.75,92.75,14.32
2023-05-06,25.75,93.00,8.17
2023-05-06,26.00,91.50,0.00
2023-05-06,26.00,91.75,0.00
2023-05-06,26.00,92.00,1.64
2023-05-06,26.00,92.25,4.50
2023-05-06,26.00,92.50,5.17
2023-05-06,26.00,92.75,9.27
2023-05-06,26.00,93.00,7.53
2023-05-06,26.25,91.50,0.00
2023-05-06,26.25,91.75,0.00
2023-05-06,26.25,92.00,0.00
2023-05-06,26.25,92.25,1.21
2023-05-06,26.25,92.50,1.11
2023-05-06,26.25,92.75,2.82
2023-05-06,26.25,93.00,4.00
2023-05-06,26.50,91.50,0.00
2023-05-06,26.50,91.75,0.32
2023-05-06,26.50,92.00,1.11
2023-05-06,26.50,92.25,1.63
2023-05-06,26.50,92.50,0.21
2023-05-06,26.50,92.75,0.49
2023-05-06,26.50,93.00,4.04
2023-05-06,26.75,91.50,0.00
2023-05-06,26.75,91.75,0.08
2023-05-06,26.75,92.00,3.14
2023-05-06,26.75,92.25,0.24
2023-05-06,26.75,92.50,0.17
2023-05-06,26.75,92.75,1.80
2023-05-06,26.75,93.00,20.13
2023-05-06,27.00,91.50,0.86
2023-05-06,27.00,91.75,0.88
2023-05-06,27.00,92.00,1.45
2023-05-06,27.00,92.25,2.06
2023-05-06,27.00,92.50,6.01
2023-05-06,27.00,92.75,13.05
2023-05-06,27.00,93.00,22.78
2023-05-06,27.25,91.50,
2023-05-06,27.25,91.75,
2023-05-06,27.25,92.00,0.05
2023-05-06,27.25,92.25,3.22
2023-05-06,27.25,92.50,14.93
2023-05-06,27.25,92.75,17.67
2023-05-06,27.25,93.00,23.21
2023-05-06,27.50,91.50,
2023-05-06,27.50,91.75,7.47
2023-05-06,27.50,92.00,3.26
2023-05-06,27.50,92.25,5.77
2023-05-06,27.50,92.50,13.27
2023-05-06,27.50,92.75,16.26
2023-05-06,27.50,93.00,16.14
2023-05-06,27.75,91.50,8.89
2023-05-06,27.75,91.75,8.26
2023-05-06,27.75,92.00,6.06
2023-05-06,27.75,92.25,8.00
2023-05-06,27.75,92.50,10.32
2023-05-06,27.75,92.75,14.00
2023-05-06,27.75,93.00,11.73
2023-05-06,28.00,91.50,8.69
2023-05-06,28.00,91.75,8.12
2023-05-06,28.00,92.00,7.28
2023-05-06,28.00,92.25,9.47
2023-05-06,28.00,92.50,10.85
2023-05-06,28.00,92.75,11.56
2023-05-06,28.00,93.00,9.30
2023-05-07,25.75,91.50,0.00
2023-05-07,25.75,91.75,0.00
2023-05-07,25.75,92.00,0.00
2023-05-07,25.75,92.25,0.00
2023-05-07,25.75,92.50,0.00
2023-05-07,25.75,92.75,0.00
2023-05-07,25.75,93.00,0.00
2023-05-07,26.00,91.50,0.00
2023-05-07,26.00,91.75,0.00
2023-05-07,26.00,92.00,0.00
2023-05-07,26.00,92.25,0.00
2023-05-07,26.00,92.50,0.00
2023-05-07,26.00,92.75,0.00
2023-05-07,26.00,93.00,0.00
2023-05-07,26.25,91.50,0.00
2023-05-07,26.25,91.75,0.00
2023-05-07,26.25,92.00,0.00
2023-05-07,26.25,92.25,2.37
2023-05-07,26.25,92.50,2.18
2023-05-07,26.25,92.75,1.70
2023-05-07,26.25,93.00,0.05
2023-05-07,26.50,91.50,0.00
2023-05-07,26.50,91.75,0.00
2023-05-07,26.50,92.00,0.00
2023-05-07,26.50,92.25,3.22
2023-05-07,26.50,92.50,0.41
2023-05-07,26.50,92.75,0.96
2023-05-07,26.50,93.00,0.15
2023-05-07,26.75,91.50,0.00
2023-05-07,26.75,91.75,0.00
2023-05-07,26.75,92.00,0.00
2023-05-07,26.75,92.25,0.00
2023-05-07,26.75,92.50,0.19
2023-05-07,26.75,92.75,0.60
2023-05-07,26.75,93.00,0.68
2023-05-07,27.00,91.50,0.00
2023-05-07,27.00,91.75,0.00
2023-05-07,27.00,92.00,0.24
2023-05-07,27.00,92.25,2.19
2023-05-07,27.00,92.50,9.43
2023-05-07,27.00,92.75,13.30
2023-05-07,27.00,93.00,2.96
2023-05-07,27.25,91.50,
2023-05-07,27.25,91.75,
2023-05-07,27.25,92.00,0.03
2023-05-07,27.25,92.25,5.05
2023-05-07,27.25,92.50,25.28
2023-05-07,27.25,92.75,27.95
2023-05-07,27.25,93.00,9.70
2023-05-07,27.50,91.50,
2023-05-07,27.50,91.75,3.86
2023-05-07,27.50,92.00,2.71
2023-05-07,27.50,92.25,9.13
2023-05-07,27.50,92.50,21.97
2023-05-07,27.50,92.75,25.30
2023-05-07,27.50,93.00,15.46
2023-05-07,27.75,91.50,4.52
2023-05-07,27.75,91.75,4.45
2023-05-07,27.75,92.00,4.66
2023-05-07,27.75,92.25,12.47
2023-05-07,27.75,92.50,17.29
2023-05-07,27.75,92.75,20.29
2023-05-07,27.75,93.00,10.84
2023-05-07,28.00,91.50,4.44
2023-05-07,28.00,91.75,4.39
2023-05-07,28.00,92.00,5.57
2023-05-07,28.00,92.25,13.50
2023-05-07,28.00,92.50,18.29
2023-05-07,28.00,92.75,18.32
2023-05-07,28.00,93.00,9.67
2023-05-08,25.75,91.50,0.00
2023-05-08,25.75,91.75,0.00
2023-05-08,25.75,92.00,3.67
2023-05-08,25.75,92.25,5.00
2023-05-08,25.75,92.50,0.82
2023-05-08,25.75,92.75,0.02
2023-05-08,25.75,93.00,0.00
2023-05-08,26.00,91.50,1.97
2023-05-08,26.00,91.75,1.19
2023-05-08,26.00,92.00,2.90
2023-05-08,26.00,92.25,6.79
2023-05-08,26.00,92.50,2.05
2023-05-08,26.00,92.75,0.00
2023-05-08,26.00,93.00,0.00
2023-05-08,26.25,91.50,3.95
2023-05-08,26.25,91.75,2.04
2023-05-08,26.25,92.00,3.35
2023-05-08,26.25,92.25,0.95
2023-05-08,26.25,92.50,3.12
2023-05-08,26.25,92.75,4.37
2023-05-08,26.25,93.00,1.23
2023-05-08,26.50,91.50,2.58
2023-05-08,26.50,91.75,7.71
2023-05-08,26.50,92.00,6.24
2023-05-08,26.50,92.25,6.87
2023-05-08,26.50,92.50,10.97
2023-05-08,26.50,92.75,9.25
2023-05-08,26.50,93.00,7.82
2023-05-08,26.75,91.50,5.91
2023-05-08,26.75,91.75,20.90
2023-05-08,26.75,92.00,5.18
2023-05-08,26.75,92.25,11.78
2023-05-08,26.75,92.50,10.86
2023-05-08,26.75,92.75,10.00
2023-05-08,26.75,93.00,11.53
2023-05-08,27.00,91.50,7.83
2023-05-08,27.00,91.75,10.10
2023-05-08,27.00,92.00,4.17
2023-05-08,27.00,92.25,0.37
2023-05-08,27.00,92.50,4.68
2023-05-08,27.00,92.75,11.34
2023-05-08,27.00,93.00,13.30
2023-05-08,27.25,91.50,
2023-05-08,27.25,91.75,
2023-05-08,27.25,92.00,0.08
2023-05-08,27.25,92.25,2.00
2023-05-08,27.25,92.50,9.82
2023-05-08,27.25,92.75,11.31
2023-05-08,27.25,93.00,12.39
2023-05-08,27.50,91.50,
2023-05-08,27.50,91.75,25.98
2023-05-08,27.50,92.00,8.41
2023-05-08,27.50,92.25,4.18
2023-05-08,27.50,92.50,8.64
2023-05-08,27.50,92.75,11.08
2023-05-08,27.50,93.00,9.95
2023-05-08,27.75,91.50,30.56
2023-05-08,27.75,91.75,27.81
2023-05-08,27.75,92.00,16.88
2023-05-08,27.75,92.25,6.99
2023-05-08,27.75,92.50,6.51
2023-05-08,27.75,92.75,10.35
2023-05-08,27.75,93.00,7.81
2023-05-08,28.00,91.50,29.98
2023-05-08,28.00,91.75,27.33
2023-05-08,28.00,92.00,20.55
2023-05-08,28.00,92.25,12.00
2023-05-08,28.00,92.50,7.02
2023-05-08,28.00,92.75,8.65
2023-05-08,28.00,93.00,6.78
2023-05-09,25.75,91.50,0.00
2023-05-09,25.75,91.75,0.00
2023-05-09,25.75,92.00,0.00
2023-05-09,25.75,92.25,0.00
2023-05-09,25.75,92.50,0.00
2023-05-09,25.75,92.75,0.00
2023-05-09,25.75,93.00,0.00
2023-05-09,26.00,91.50,0.00
2023-05-09,26.00,91.75,0.00
2023-05-09,26.00,92.00,0.00
2023-05-09,26.00,92.25,0.00
2023-05-09,26.00,92.50,0.00
2023-05-09,26.00,92.75,0.00
2023-05-09,26.00,93.00,0.00
2023-05-09,26.25,91.50,0.00
2023-05-09,26.25,91.75,0.00
2023-05-09,26.25,92.00,0.00
2023-05-09,26.25,92.25,0.00
2023-05-09,26.25,92.50,0.00
2023-05-09,26.25,92.75,0.00
2023-05-09,26.25,93.00,0.14
2023-05-09,26.50,91.50,0.00
2023-05-09,26.50,91.75,0.00
2023-05-09,26.50,92.00,0.00
2023-05-09,26.50,92.25,0.00
2023-05-09,26.50,92.50,0.00
2023-05-09,26.50,92.75,0.00
2023-05-09,26.50,93.00,0.44
2023-05-09,26.75,91.50,0.00
2023-05-09,26.75,91.75,0.00
2023-05-09,26.75,92.00,0.00
2023-05-09,26.75,92.25,0.00
2023-05-09,26.75,92.50,0.00
2023-05-09,26.75,92.75,0.22
2023-05-09,26.75,93.00,2.08
2023-05-09,27.00,91.50,0.00
2023-05-09,27.00,91.75,0.00
2023-05-09,27.00,92.00,0.00
2023-05-09,27.00,92.25,0.00
2023-05-09,27.00,92.50,0.00
2023-05-09,27.00,92.75,0.86
2023-05-09,27.00,93.00,2.45
2023-05-09,27.25,91.50,
2023-05-09,27.25,91.75,
2023-05-09,27.25,92.00,0.00
2023-05-09,27.25,92.25,0.00
2023-05-09,27.25,92.50,0.00
2023-05-09,27.25,92.75,0.14
2023-05-09,27.25,93.00,1.95
2023-05-09,27.50,91.50,
2023-05-09,27.50,91.75,0.00
2023-05-09,27.50,92.00,0.00
2023-05-09,27.50,92.25,0.00
2023-05-09,27.50,92.50,0.05
2023-05-09,27.50,92.75,0.23
2023-05-09,27.50,93.00,0.78
2023-05-09,27.75,91.50,0.00
2023-05-09,27.75,91.75,0.00
2023-05-09,27.75,92.00,0.00
2023-05-09,27.75,92.25,0.00
2023-05-09,27.75,92.50,0.00
2023-05-09,27.75,92.75,0.34
2023-05-09,27.75,93.00,0.58
2023-05-09,28.00,91.50,0.00
2023-05-09,28.00,91.75,0.00
2023-05-09,28.00,92.00,0.00
2023-05-09,28.00,92.25,0.00
2023-05-09,28.00,92.50,0.00
2023-05-09,28.00,92.75,0.14
2023-05-09,28.00,93.00,0.39
2023-05-10,25.75,91.50,0.00
2023-05-10,25.75,91.75,0.00
2023-05-10,25.75,92.00,0.00
2023-05-10,25.75,92.25,0.00
2023-05-10,25.75,92.50,0.00
2023-05-10,25.75,92.75,0.00
2023-05-10,25.75,93.00,0.00
2023-05-10,26.00,91.50,0.00
2023-05-10,26.00,91.75,0.00
2023-05-10,26.00,92.00,0.00
2023-05-10,26.00,92.25,0.00
2023-05-10,26.00,92.50,0.00
2023-05-10,26.00,92.75,0.00
2023-05-10,26.00,93.00,0.00
2023-05-10,26.25,91.50,0.00
2023-05-10,26.25,91.75,0.00
2023-05-10,26.25,92.00,0.00
2023-05-10,26.25,92.25,1.96
2023-05-10,26.25,92.50,1.80
2023-05-10,26.25,92.75,1.41
2023-05-10,26.25,93.00,0.00
2023-05-10,26.50,91.50,0.00
2023-05-10,26.50,91.75,0.00
2023-05-10,26.50,92.00,0.00
2023-05-10,26.50,92.25,2.66
2023-05-10,26.50,92.50,0.34
2023-05-10,26.50,92.75,0.79
2023-05-10,26.50,93.00,0.00
2023-05-10,26.75,91.50,0.00
2023-05-10,26.75,91.75,0.00
2023-05-10,26.75,92.00,0.00
2023-05-10,26.75,92.25,0.00
2023-05-10,26.75,92.50,0.17
2023-05-10,26.75,92.75,0.42
2023-05-10,26.75,93.00,0.00
2023-05-10,27.00,91.50,0.00
2023-05-10,27.00,91.75,0.00
2023-05-10,27.00,92.00,0.00
2023-05-10,27.00,92.25,2.01
2023-05-10,27.00,92.50,1.34
2023-05-10,27.00,92.75,0.56
2023-05-10,27.00,93.00,0.00
2023-05-10,27.25,91.50,
2023-05-10,27.25,91.75,
2023-05-10,27.25,92.00,0.03
2023-05-10,27.25,92.25,0.81
2023-05-10,27.25,92.50,0.28
2023-05-10,27.25,92.75,0.17
2023-05-10,27.25,93.00,0.00
2023-05-10,27.50,91.50,
2023-05-10,27.50,91.75,11.67
2023-05-10,27.50,92.00,3.99
2023-05-10,27.50,92.25,0.45
2023-05-10,27.50,92.50,0.26
2023-05-10,27.50,92.75,0.25
2023-05-10,27.50,93.00,0.00
2023-05-10,27.75,91.50,15.57
2023-05-10,27.75,91.75,13.04
2023-05-10,27.75,92.00,7.05
2023-05-10,27.75,92.25,1.81
2023-05-10,27.75,92.50,0.49
2023-05-10,27.75,92.75,0.14
2023-05-10,27.75,93.00,0.00
2023-05-10,28.00,91.50,14.91
2023-05-10,28.00,91.75,13.16
2023-05-10,28.00,92.00,9.49
2023-05-10,28.00,92.25,4.04
2023-05-10,28.00,92.50,0.32
2023-05-10,28.00,92.75,0.00
2023-05-10,28.00,93.00,0.00
2023-05-11,25.75,91.50,0.11
2023-05-11,25.75,91.75,0.00
2023-05-11,25.75,92.00,0.00
2023-05-11,25.75,92.25,0.30
2023-05-11,25.75,92.50,1.75
2023-05-11,25.75,92.75,8.39
2023-05-11,25.75,93.00,3.93
2023-05-11,26.00,91.50,0.07
2023-05-11,26.00,91.75,0.00
2023-05-11,26.00,92.00,0.00
2023-05-11,26.00,92.25,0.02
2023-05-11,26.00,92.50,0.98
2023-05-11,26.00,92.75,4.50
2023-05-11,26.00,93.00,3.93
2023-05-11,26.25,91.50,0.10
2023-05-11,26.25,91.75,0.00
2023-05-11,26.25,92.00,0.00
2023-05-11,26.25,92.25,0.00
2023-05-11,26.25,92.50,0.00
2023-05-11,26.25,92.75,1.64
2023-05-11,26.25,93.00,2.61
2023-05-11,26.50,91.50,0.00
2023-05-11,26.50,91.75,0.69
2023-05-11,26.50,92.00,1.38
2023-05-11,26.50,92.25,0.00
2023-05-11,26.50,92.50,0.00
2023-05-11,26.50,92.75,0.00
2023-05-11,26.50,93.00,0.00
2023-05-11,26.75,91.50,0.12
2023-05-11,26.75,91.75,1.06
2023-05-11,26.75,92.00,3.89
2023-05-11,26.75,92.25,0.29
2023-05-11,26.75,92.50,0.00
2023-05-11,26.75,92.75,0.00
2023-05-11,26.75,93.00,0.00
2023-05-11,27.00,91.50,0.12
2023-05-11,27.00,91.75,0.36
2023-05-11,27.00,92.00,1.34
2023-05-11,27.00,92.25,0.07
2023-05-11,27.00,92.50,0.00
2023-05-11,27.00,92.75,0.00
2023-05-11,27.00,93.00,0.00
2023-05-11,27.25,91.50,
2023-05-11,27.25,91.75,
2023-05-11,27.25,92.00,0.02
2023-05-11,27.25,92.25,0.00
2023-05-11,27.25,92.50,0.00
2023-05-11,27.25,92.75,0.00
2023-05-11,27.25,93.00,0.00
2023-05-11,27.50,91.50,
2023-05-11,27.50,91.75,4.19
2023-05-11,27.50,92.00,1.38
2023-05-11,27.50,92.25,0.00
2023-05-11,27.50,92.50,0.00
2023-05-11,27.50,92.75,0.00
2023-05-11,27.50,93.00,0.00
2023-05-11,27.75,91.50,5.61
2023-05-11,27.75,91.75,4.68
2023-05-11,27.75,92.00,2.48
2023-05-11,27.75,92.25,0.48
2023-05-11,27.75,92.50,0.00
2023-05-11,27.75,92.75,0.00
2023-05-11,27.75,93.00,0.00
2023-05-11,28.00,91.50,5.38
2023-05-11,28.00,91.75,4.74
2023-05-11,28.00,92.00,3.42
2023-05-11,28.00,92.25,1.40
2023-05-11,28.00,92.50,0.00
2023-05-11,28.00,92.75,0.00
2023-05-11,28.00,93.00,0.00
2023-05-12,25.75,91.50,0.84
2023-05-12,25.75,91.75,0.86
2023-05-12,25.75,92.00,0.00
2023-05-12,25.75,92.25,0.00
2023-05-12,25.75,92.50,0.00
2023-05-12,25.75,92.75,0.00
2023-05-12,25.75,93.00,0.00
2023-05-12,26.00,91.50,0.00
2023-05-12,26.00,91.75,0.00
2023-05-12,26.00,92.00,0.00
2023-05-12,26.00,92.25,0.00
2023-05-12,26.00,92.50,0.00
2023-05-12,26.00,92.75,0.00
2023-05-12,26.00,93.00,0.00
2023-05-12,26.25,91.50,0.00
2023-05-12,26.25,91.75,0.00
2023-05-12,26.25,92.00,0.00
2023-05-12,26.25,92.25,0.00
2023-05-12,26.25,92.50,0.00
2023-05-12,26.25,92.75,0.00
2023-05-12,26.25,93.00,0.00
2023-05-12,26.50,91.50,0.00
2023-05-12,26.50,91.75,0.00
2023-05-12,26.50,92.00,0.00
2023-05-12,26.50,92.25,0.00
2023-05-12,26.50,92.50,0.00
2023-05-12,26.50,92.75,0.00
2023-05-12,26.50,93.00,0.00
2023-05-12,26.75,91.50,0.00
2023-05-12,26.75,91.75,0.00
2023-05-12,26.75,92.00,0.00
2023-05-12,26.75,92.25,0.00
2023-05-12,26.75,92.50,0.00
2023-05-12,26.75,92.75,0.00
2023-05-12,26.75,93.00,0.00
2023-05-12,27.00,91.50,0.00
2023-05-12,27.00,91.75,0.00
2023-05-12,27.00,92.00,0.00
2023-05-12,27.00,92.25,0.00
2023-05-12,27.00,92.50,0.00
2023-05-12,27.00,92.75,0.00
2023-05-12,27.00,93.00,0.00
2023-05-12,27.25,91.50,
2023-05-12,27.25,91.75,
2023-05-12,27.25,92.00,0.00
2023-05-12,27.25,92.25,0.00
2023-05-12,27.25,92.50,0.00
2023-05-12,27.25,92.75,0.00
2023-05-12,27.25,93.00,0.00
2023-05-12,27.50,91.50,
2023-05-12,27.50,91.75,0.00
2023-05-12,27.50,92.00,0.00
2023-05-12,27.50,92.25,0.00
2023-05-12,27.50,92.50,0.00
2023-05-12,27.50,92.75,0.00
2023-05-12,27.50,93.00,0.00
2023-05-12,27.75,91.50,0.00
2023-05-12,27.75,91.75,0.00
2023-05-12,27.75,92.00,0.00
2023-05-12,27.75,92.25,0.00
2023-05-12,27.75,92.50,0.00
2023-05-12,27.75,92.75,0.00
2023-05-12,27.75,93.00,0.00
2023-05-12,28.00,91.50,0.00
2023-05-12,28.00,91.75,0.00
2023-05-12,28.00,92.00,0.00
2023-05-12,28.00,92.25,0.00
2023-05-12,28.00,92.50,0.00
2023-05-12,28.00,92.75,0.00
2023-05-12,28.00,93.00,0.00
2023-05-13,25.75,91.50,1.39
2023-05-13,25.75,91.75,0.10
2023-05-13,25.75,92.00,0.00
2023-05-13,25.75,92.25,0.00
2023-05-13,25.75,92.50,0.00
2023-05-13,25.75,92.75,0.00
2023-05-13,25.75,93.00,0.00
2023-05-13,26.00,91.50,0.00
2023-05-13,26.00,91.75,0.00
2023-05-13,26.00,92.00,0.00
2023-05-13,26.00,92.25,0.00
2023-05-13,26.00,92.50,0.00
2023-05-13,26.00,92.75,0.00
2023-05-13,26.00,93.00,0.00
2023-05-13,26.25,91.50,0.00
2023-05-13,26.25,91.75,0.00
2023-05-13,26.25,92.00,0.00
2023-05-13,26.25,92.25,0.00
2023-05-13,26.25,92.50,0.00
2023-05-13,26.25,92.75,0.00
2023-05-13,26.25,93.00,0.00
2023-05-13,26.50,91.50,0.00
2023-05-13,26.50,91.75,0.00
2023-05-13,26.50,92.00,0.00
2023-05-13,26.50,92.25,0.00
2023-05-13,26.50,92.50,0.00
2023-05-13,26.50,92.75,0.00
2023-05-13,26.50,93.00,0.00
2023-05-13,26.75,91.50,0.00
2023-05-13,26.75,91.75,0.00
2023-05-13,26.75,92.00,0.00
2023-05-13,26.75,92.25,0.00
2023-05-13,26.75,92.50,0.00
2023-05-13,26.75,92.75,0.00
2023-05-13,26.75,93.00,0.00
2023-05-13,27.00,91.50,0.00
2023-05-13,27.00,91.75,0.00
2023-05-13,27.00,92.00,0.00
2023-05-13,27.00,92.25,0.00
2023-05-13,27.00,92.50,0.00
2023-05-13,27.00,92.75,0.00
2023-05-13,27.00,93.00,0.00
2023-05-13,27.25,91.50,
2023-05-13,27.25,91.75,
2023-05-13,27.25,92.00,0.00
2023-05-13,27.25,92.25,0.00
2023-05-13,27.25,92.50,0.00
2023-05-13,27.25,92.75,0.00
2023-05-13,27.25,93.00,0.00
2023-05-13,27.50,91.50,
2023-05-13,27.50,91.75,4.19
2023-05-13,27.50,92.00,1.38
2023-05-13,27.50,92.25,0.00
2023-05-13,27.50,92.50,0.00
2023-05-13,27.50,92.75,0.00
2023-05-13,27.50,93.00,0.00
2023-05-13,27.75,91.50,5.61
2023-05-13,27.75,91.75,4.68
2023-05-13,27.75,92.00,2.48
2023-05-13,27.75,92.25,0.48
2023-05-13,27.75,92.50,0.00
2023-05-13,27.75,92.75,0.00
2023-05-13,27.75,93.00,0.00
2023-05-13,28.00,91.50,5.38
2023-05-13,28.00,91.75,4.74
2023-05-13,28.00,92.00,3.42
2023-05-13,28.00,92.25,1.40
2023-05-13,28.00,92.50,0.00
2023-05-13,28.00,92.75,0.00
2023-05-13,28.00,93.00,0.00
2023-05-14,25.75,91.50,0.00
2023-05-14,25.75,91.75,0.00
2023-05-14,25.75,92.00,0.00
2023-05-14,25.75,92.25,0.00
2023-05-14,25.75,92.50,0.00
2023-05-14,25.75,92.75,0.00
2023-05-14,25.75,93.00,0.00
2023-05-14,26.00,91.50,0.00
2023-05-14,26.00,91.75,0.00
2023-05-14,26.00,92.00,0.00
2023-05-14,26.00,92.25,0.00
2023-05-14,26.00,92.50,0.00
2023-05-14,26.00,92.75,0.00
2023-05-14,26.00,93.00,0.00
2023-05-14,26.25,91.50,0.00
2023-05-14,26.25,91.75,0.00
2023-05-14,26.25,92.00,0.00
2023-05-14,26.25,92.25,0.00
2023-05-14,26.25,92.50,0.00
2023-05-14,26.25,92.75,0.00
2023-05-14,26.25,93.00,0.00
2023-05-14,26.50,91.50,0.00
2023-05-14,26.50,91.75,0.00
2023-05-14,26.50,92.00,0.00
2023-05-14,26.50,92.25,0.00
2023-05-14,26.50,92.50,0.00
2023-05-14,26.50,92.75,0.00
2023-05-14,26.50,93.00,0.00
2023-05-14,26.75,91.50,0.00
2023-05-14,26.75,91.75,0.00
2023-05-14,26.75,92.00,0.00
2023-05-14,26.75,92.25,0.00
2023-05-14,26.75,92.50,0.00
2023-05-14,26.75,92.75,0.00
2023-05-14,26.75,93.00,0.00
2023-05-14,27.00,91.50,0.00
2023-05-14,27.00,91.75,0.00
2023-05-14,27.00,92.00,0.00
2023-05-14,27.00,92.25,0.00
2023-05-14,27.00,92.50,0.00
2023-05-14,27.00,92.75,0.00
2023-05-14,27.00,93.00,0.00
2023-05-14,27.25,91.50,
2023-05-14,27.25,91.75,
2023-05-14,27.25,92.00,0.00
2023-05-14,27.25,92.25,0.00
2023-05-14,27.25,92.50,0.00
2023-05-14,27.25,92.75,0.00
2023-05-14,27.25,93.00,0.00
2023-05-14,27.50,91.50,
2023-05-14,27.50,91.75,4.59
2023-05-14,27.50,92.00,1.52
2023-05-14,27.50,92.25,0.00
2023-05-14,27.50,92.50,0.00
2023-05-14,27.50,92.75,0.00
2023-05-14,27.50,93.00,0.00
2023-05-14,27.75,91.50,6.13
2023-05-14,27.75,91.75,5.14
2023-05-14,27.75,92.00,2.72
2023-05-14,27.75,92.25,0.53
2023-05-14,27.75,92.50,0.00
2023-05-14,27.75,92.75,0.00
2023-05-14,27.75,93.00,0.00
2023-05-14,28.00,91.50,5.91
2023-05-14,28.00,91.75,5.19
2023-05-14,28.00,92.00,3.75
2023-05-14,28.00,92.25,1.53
2023-05-14,28.00,92.50,0.00
2023-05-14,28.00,92.75,0.00
2023-05-14,28.00,93.00,0.00
2023-05-15,25.75,91.50,0.00
2023-05-15,25.75,91.75,0.00
2023-05-15,25.75,92.00,0.00
2023-05-15,25.75,92.25,0.96
2023-05-15,25.75,92.50,0.89
2023-05-15,25.75,92.75,5.31
2023-05-15,25.75,93.00,3.94
2023-05-15,26.00,91.50,0.00
2023-05-15,26.00,91.75,0.00
2023-05-15,26.00,92.00,0.00
2023-05-15,26.00,92.25,0.00
2023-05-15,26.00,92.50,0.31
2023-05-15,26.00,92.75,3.42
2023-05-15,26.00,93.00,4.14
2023-05-15,26.25,91.50,0.00
2023-05-15,26.25,91.75,0.00
2023-05-15,26.25,92.00,0.00
2023-05-15,26.25,92.25,1.96
2023-05-15,26.25,92.50,1.80
2023-05-15,26.25,92.75,2.41
2023-05-15,26.25,93.00,3.45
2023-05-15,26.50,91.50,0.00
2023-05-15,26.50,91.75,0.00
2023-05-15,26.50,92.00,0.00
2023-05-15,26.50,92.25,2.66
2023-05-15,26.50,92.50,0.34
2023-05-15,26.50,92.75,0.79
2023-05-15,26.50,93.00,1.02
2023-05-15,26.75,91.50,0.00
2023-05-15,26.75,91.75,0.00
2023-05-15,26.75,92.00,0.00
2023-05-15,26.75,92.25,0.00
2023-05-15,26.75,92.50,0.00
2023-05-15,26.75,92.75,0.00
2023-05-15,26.75,93.00,0.14
2023-05-15,27.00,91.50,0.00
2023-05-15,27.00,91.75,0.00
2023-05-15,27.00,92.00,0.00
2023-05-15,27.00,92.25,0.00
2023-05-15,27.00,92.50,0.00
2023-05-15,27.00,92.75,0.00
2023-05-15,27.00,93.00,0.08
2023-05-15,27.25,91.50,
2023-05-15,27.25,91.75,
2023-05-15,27.25,92.00,0.00
2023-05-15,27.25,92.25,0.00
2023-05-15,27.25,92.50,0.00
2023-05-15,27.25,92.75,0.00
2023-05-15,27.25,93.00,0.00
2023-05-15,27.50,91.50,
2023-05-15,27.50,91.75,5.54
2023-05-15,27.50,92.00,1.83
2023-05-15,27.50,92.25,0.00
2023-05-15,27.50,92.50,0.00
2023-05-15,27.50,92.75,0.00
2023-05-15,27.50,93.00,0.00
2023-05-15,27.75,91.50,7.42
2023-05-15,27.75,91.75,6.20
2023-05-15,27.75,92.00,3.28
2023-05-15,27.75,92.25,0.64
2023-05-15,27.75,92.50,0.00
2023-05-15,27.75,92.75,0.00
2023-05-15,27.75,93.00,0.00
2023-05-15,28.00,91.50,7.11
2023-05-15,28.00,91.75,6.26
2023-05-15,28.00,92.00,4.52
2023-05-15,28.00,92.25,1.85
2023-05-15,28.00,92.50,0.00
2023-05-15,28.00,92.75,0.00
2023-05-15,28.00,93.00,0.00
2023-05-16,25.75,91.50,5.84
2023-05-16,25.75,91.75,5.05
2023-05-16,25.75,92.00,11.64
2023-05-16,25.75,92.25,8.75
2023-05-16,25.75,92.50,4.86
2023-05-16,25.75,92.75,4.58
2023-05-16,25.75,93.00,3.95
2023-05-16,26.00,91.50,6.96
2023-05-16,26.00,91.75,9.06
2023-05-16,26.00,92.00,13.17
2023-05-16,26.00,92.25,12.68
2023-05-16,26.00,92.50,9.22
2023-05-16,26.00,92.75,4.86
2023-05-16,26.00,93.00,4.13
2023-05-16,26.25,91.50,7.17
2023-05-16,26.25,91.75,11.25
2023-05-16,26.25,92.00,10.30
2023-05-16,26.25,92.25,12.60
2023-05-16,26.25,92.50,13.59
2023-05-16,26.25,92.75,8.91
2023-05-16,26.25,93.00,14.66
2023-05-16,26.50,91.50,17.80
2023-05-16,26.50,91.75,12.53
2023-05-16,26.50,92.00,15.47
2023-05-16,26.50,92.25,12.35
2023-05-16,26.50,92.50,12.18
2023-05-16,26.50,92.75,15.69
2023-05-16,26.50,93.00,31.07
2023-05-16,26.75,91.50,35.63
2023-05-16,26.75,91.75,10.45
2023-05-16,26.75,92.00,26.90
2023-05-16,26.75,92.25,13.36
2023-05-16,26.75,92.50,13.28
2023-05-16,26.75,92.75,14.56
2023-05-16,26.75,93.00,23.51
2023-05-16,27.00,91.50,21.07
2023-05-16,27.00,91.75,4.54
2023-05-16,27.00,92.00,10.62
2023-05-16,27.00,92.25,22.61
2023-05-16,27.00,92.50,17.98
2023-05-16,27.00,92.75,11.51
2023-05-16,27.00,93.00,16.28
2023-05-16,27.25,91.50,
2023-05-16,27.25,91.75,
2023-05-16,27.25,92.00,0.46
2023-05-16,27.25,92.25,9.83
2023-05-16,27.25,92.50,8.06
2023-05-16,27.25,92.75,7.68
2023-05-16,27.25,93.00,6.89
2023-05-16,27.50,91.50,
2023-05-16,27.50,91.75,0.92
2023-05-16,27.50,92.00,1.96
2023-05-16,27.50,92.25,6.78
2023-05-16,27.50,92.50,7.18
2023-05-16,27.50,92.75,8.20
2023-05-16,27.50,93.00,5.14
2023-05-16,27.75,91.50,0.41
2023-05-16,27.75,91.75,0.68
2023-05-16,27.75,92.00,2.13
2023-05-16,27.75,92.25,7.34
2023-05-16,27.75,92.50,8.62
2023-05-16,27.75,92.75,6.41
2023-05-16,27.75,93.00,3.84
2023-05-16,28.00,91.50,0.28
2023-05-16,28.00,91.75,0.49
2023-05-16,28.00,92.00,0.84
2023-05-16,28.00,92.25,4.27
2023-05-16,28.00,92.50,6.98
2023-05-16,28.00,92.75,4.08
2023-05-16,28.00,93.00,3.17
2023-05-17,25.75,91.50,13.68
2023-05-17,25.75,91.75,13.08
2023-05-17,25.75,92.00,16.10
2023-05-17,25.75,92.25,14.00
2023-05-17,25.75,92.50,13.31
2023-05-17,25.75,92.75,5.65
2023-05-17,25.75,93.00,4.39
2023-05-17,26.00,91.50,19.81
2023-05-17,26.00,91.75,15.50
2023-05-17,26.00,92.00,14.46
2023-05-17,26.00,92.25,16.81
2023-05-17,26.00,92.50,13.72
2023-05-17,26.00,92.75,6.48
2023-05-17,26.00,93.00,4.28
2023-05-17,26.25,91.50,28.52
2023-05-17,26.25,91.75,13.29
2023-05-17,26.25,92.00,9.60
2023-05-17,26.25,92.25,10.66
2023-05-17,26.25,92.50,14.74
2023-05-17,26.25,92.75,14.80
2023-05-17,26.25,93.00,7.15
2023-05-17,26.50,91.50,44.85
2023-05-17,26.50,91.75,9.31
2023-05-17,26.50,92.00,15.23
2023-05-17,26.50,92.25,20.80
2023-05-17,26.50,92.50,25.36
2023-05-17,26.50,92.75,23.30
2023-05-17,26.50,93.00,23.57
2023-05-17,26.75,91.50,31.84
2023-05-17,26.75,91.75,4.10
2023-05-17,26.75,92.00,27.33
2023-05-17,26.75,92.25,19.15
2023-05-17,26.75,92.50,23.62
2023-05-17,26.75,92.75,20.29
2023-05-17,26.75,93.00,21.07
2023-05-17,27.00,91.50,16.66
2023-05-17,27.00,91.75,3.56
2023-05-17,27.00,92.00,10.61
2023-05-17,27.00,92.25,0.70
2023-05-17,27.00,92.50,4.99
2023-05-17,27.00,92.75,7.99
2023-05-17,27.00,93.00,17.31
2023-05-17,27.25,91.50,
2023-05-17,27.25,91.75,
2023-05-17,27.25,92.00,0.17
2023-05-17,27.25,92.25,0.86
2023-05-17,27.25,92.50,4.61
2023-05-17,27.25,92.75,5.40
2023-05-17,27.25,93.00,12.57
2023-05-17,27.50,91.50,
2023-05-17,27.50,91.75,5.14
2023-05-17,27.50,92.00,1.87
2023-05-17,27.50,92.25,1.59
2023-05-17,27.50,92.50,3.81
2023-05-17,27.50,92.75,5.07
2023-05-17,27.50,93.00,7.17
2023-05-17,27.75,91.50,6.87
2023-05-17,27.75,91.75,5.62
2023-05-17,27.75,92.00,3.13
2023-05-17,27.75,92.25,2.50
2023-05-17,27.75,92.50,2.82
2023-05-17,27.75,92.75,4.84
2023-05-17,27.75,93.00,5.49
2023-05-17,28.00,91.50,6.48
2023-05-17,28.00,91.75,5.65
2023-05-17,28.00,92.00,4.68
2023-05-17,28.00,92.25,3.67
2023-05-17,28.00,92.50,3.03
2023-05-17,28.00,92.75,3.82
2023-05-17,28.00,93.00,4.28
2023-05-18,25.75,91.50,6.29
2023-05-18,25.75,91.75,5.54
2023-05-18,25.75,92.00,10.82
2023-05-18,25.75,92.25,6.31
2023-05-18,25.75,92.50,4.87
2023-05-18,25.75,92.75,1.94
2023-05-18,25.75,93.00,5.89
2023-05-18,26.00,91.50,13.26
2023-05-18,26.00,91.75,9.81
2023-05-18,26.00,92.00,10.53
2023-05-18,26.00,92.25,11.00
2023-05-18,26.00,92.50,7.29
2023-05-18,26.00,92.75,4.81
2023-05-18,26.00,93.00,6.01
2023-05-18,26.25,91.50,7.46
2023-05-18,26.25,91.75,10.44
2023-05-18,26.25,92.00,9.88
2023-05-18,26.25,92.25,4.72
2023-05-18,26.25,92.50,4.77
2023-05-18,26.25,92.75,4.99
2023-05-18,26.25,93.00,5.97
2023-05-18,26.50,91.50,4.44
2023-05-18,26.50,91.75,8.51
2023-05-18,26.50,92.00,14.24
2023-05-18,26.50,92.25,3.87
2023-05-18,26.50,92.50,4.44
2023-05-18,26.50,92.75,4.41
2023-05-18,26.50,93.00,2.43
2023-05-18,26.75,91.50,12.32
2023-05-18,26.75,91.75,2.98
2023-05-18,26.75,92.00,23.21
2023-05-18,26.75,92.25,8.54
2023-05-18,26.75,92.50,5.25
2023-05-18,26.75,92.75,5.40
2023-05-18,26.75,93.00,0.95
2023-05-18,27.00,91.50,13.09
2023-05-18,27.00,91.75,16.52
2023-05-18,27.00,92.00,18.44
2023-05-18,27.00,92.25,10.87
2023-05-18,27.00,92.50,7.51
2023-05-18,27.00,92.75,3.83
2023-05-18,27.00,93.00,0.66
2023-05-18,27.25,91.50,
2023-05-18,27.25,91.75,
2023-05-18,27.25,92.00,15.43
2023-05-18,27.25,92.25,11.59
2023-05-18,27.25,92.50,4.11
2023-05-18,27.25,92.75,2.69
2023-05-18,27.25,93.00,1.10
2023-05-18,27.50,91.50,
2023-05-18,27.50,91.75,14.99
2023-05-18,27.50,92.00,14.69
2023-05-18,27.50,92.25,10.76
2023-05-18,27.50,92.50,5.49
2023-05-18,27.50,92.75,2.88
2023-05-18,27.50,93.00,1.58
2023-05-18,27.75,91.50,15.80
2023-05-18,27.75,91.75,15.52
2023-05-18,27.75,92.00,13.82
2023-05-18,27.75,92.25,9.81
2023-05-18,27.75,92.50,6.91
2023-05-18,27.75,92.75,2.29
2023-05-18,27.75,93.00,1.57
2023-05-18,28.00,91.50,16.48
2023-05-18,28.00,91.75,15.42
2023-05-18,28.00,92.00,12.68
2023-05-18,28.00,92.25,9.36
2023-05-18,28.00,92.50,6.52
2023-05-18,28.00,92.75,2.83
2023-05-18,28.00,93.00,1.61
2023-05-19,25.75,91.50,12.02
2023-05-19,25.75,91.75,13.27
2023-05-19,25.75,92.00,9.45
2023-05-19,25.75,92.25,8.89
2023-05-19,25.75,92.50,12.35
2023-05-19,25.75,92.75,3.67
2023-05-19,25.75,93.00,3.11
2023-05-19,26.00,91.50,5.73
2023-05-19,26.00,91.75,7.08
2023-05-19,26.00,92.00,4.18
2023-05-19,26.00,92.25,10.49
2023-05-19,26.00,92.50,10.54
2023-05-19,26.00,92.75,4.89
2023-05-19,26.00,93.00,3.18
2023-05-19,26.25,91.50,1.90
2023-05-19,26.25,91.75,0.83
2023-05-19,26.25,92.00,0.43
2023-05-19,26.25,92.25,1.00
2023-05-19,26.25,92.50,0.87
2023-05-19,26.25,92.75,1.59
2023-05-19,26.25,93.00,5.96
2023-05-19,26.50,91.50,1.23
2023-05-19,26.50,91.75,0.54
2023-05-19,26.50,92.00,0.17
2023-05-19,26.50,92.25,1.28
2023-05-19,26.50,92.50,0.16
2023-05-19,26.50,92.75,0.38
2023-05-19,26.50,93.00,10.17
2023-05-19,26.75,91.50,7.72
2023-05-19,26.75,91.75,1.49
2023-05-19,26.75,92.00,0.02
2023-05-19,26.75,92.25,0.00
2023-05-19,26.75,92.50,3.22
2023-05-19,26.75,92.75,7.80
2023-05-19,26.75,93.00,9.55
2023-05-19,27.00,91.50,11.50
2023-05-19,27.00,91.75,12.27
2023-05-19,27.00,92.00,5.36
2023-05-19,27.00,92.25,37.42
2023-05-19,27.00,92.50,25.36
2023-05-19,27.00,92.75,11.07
2023-05-19,27.00,93.00,5.46
2023-05-19,27.25,91.50,
2023-05-19,27.25,91.75,
2023-05-19,27.25,92.00,4.76
2023-05-19,27.25,92.25,17.54
2023-05-19,27.25,92.50,7.03
2023-05-19,27.25,92.75,5.00
2023-05-19,27.25,93.00,1.01
2023-05-19,27.50,91.50,
2023-05-19,27.50,91.75,6.42
2023-05-19,27.50,92.00,8.09
2023-05-19,27.50,92.25,11.61
2023-05-19,27.50,92.50,6.91
2023-05-19,27.50,92.75,6.29
2023-05-19,27.50,93.00,1.81
2023-05-19,27.75,91.50,4.38
2023-05-19,27.75,91.75,5.65
2023-05-19,27.75,92.00,8.26
2023-05-19,27.75,92.25,11.06
2023-05-19,27.75,92.50,11.10
2023-05-19,27.75,92.75,4.39
2023-05-19,27.75,93.00,2.09
2023-05-19,28.00,91.50,4.54
2023-05-19,28.00,91.75,5.22
2023-05-19,28.00,92.00,4.43
2023-05-19,28.00,92.25,6.09
2023-05-19,28.00,92.50,8.12
2023-05-19,28.00,92.75,2.33
2023-05-19,28.00,93.00,2.28
2023-05-20,25.75,91.50,2.19
2023-05-20,25.75,91.75,2.23
2023-05-20,25.75,92.00,2.72
2023-05-20,25.75,92.25,4.24
2023-05-20,25.75,92.50,5.03
2023-05-20,25.75,92.75,0.05
2023-05-20,25.75,93.00,0.14
2023-05-20,26.00,91.50,0.23
2023-05-20,26.00,91.75,0.61
2023-05-20,26.00,92.00,1.71
2023-05-20,26.00,92.25,4.88
2023-05-20,26.00,92.50,5.22
2023-05-20,26.00,92.75,1.19
2023-05-20,26.00,93.00,0.47
2023-05-20,26.25,91.50,0.76
2023-05-20,26.25,91.75,0.28
2023-05-20,26.25,92.00,0.70
2023-05-20,26.25,92.25,3.08
2023-05-20,26.25,92.50,2.01
2023-05-20,26.25,92.75,1.06
2023-05-20,26.25,93.00,1.67
2023-05-20,26.50,91.50,1.01
2023-05-20,26.50,91.75,5.34
2023-05-20,26.50,92.00,18.13
2023-05-20,26.50,92.25,0.87
2023-05-20,26.50,92.50,0.31
2023-05-20,26.50,92.75,0.83
2023-05-20,26.50,93.00,0.82
2023-05-20,26.75,91.50,3.46
2023-05-20,26.75,91.75,2.17
2023-05-20,26.75,92.00,48.26
2023-05-20,26.75,92.25,5.05
2023-05-20,26.75,92.50,1.05
2023-05-20,26.75,92.75,3.64
2023-05-20,26.75,93.00,7.74
2023-05-20,27.00,91.50,4.54
2023-05-20,27.00,91.75,7.36
2023-05-20,27.00,92.00,19.19
2023-05-20,27.00,92.25,11.85
2023-05-20,27.00,92.50,10.33
2023-05-20,27.00,92.75,13.13
2023-05-20,27.00,93.00,11.98
2023-05-20,27.25,91.50,
2023-05-20,27.25,91.75,
2023-05-20,27.25,92.00,3.46
2023-05-20,27.25,92.25,7.79
2023-05-20,27.25,92.50,11.56
2023-05-20,27.25,92.75,12.54
2023-05-20,27.25,93.00,13.31
2023-05-20,27.50,91.50,
2023-05-20,27.50,91.75,5.83
2023-05-20,27.50,92.00,4.71
2023-05-20,27.50,92.25,7.63
2023-05-20,27.50,92.50,10.80
2023-05-20,27.50,92.75,12.82
2023-05-20,27.50,93.00,11.79
2023-05-20,27.75,91.50,6.19
2023-05-20,27.75,91.75,5.95
2023-05-20,27.75,92.00,5.35
2023-05-20,27.75,92.25,8.63
2023-05-20,27.75,92.50,10.13
2023-05-20,27.75,92.75,12.42
2023-05-20,27.75,93.00,10.77
2023-05-20,28.00,91.50,6.09
2023-05-20,28.00,91.75,5.89
2023-05-20,28.00,92.00,6.09
2023-05-20,28.00,92.25,8.15
2023-05-20,28.00,92.50,9.91
2023-05-20,28.00,92.75,10.82
2023-05-20,28.00,93.00,10.26
2023-05-21,25.75,91.50,2.54
2023-05-21,25.75,91.75,2.29
2023-05-21,25.75,92.00,7.84
2023-05-21,25.75,92.25,7.77
2023-05-21,25.75,92.50,6.81
2023-05-21,25.75,92.75,0.07
2023-05-21,25.75,93.00,0.10
2023-05-21,26.00,91.50,5.45
2023-05-21,26.00,91.75,0.92
2023-05-21,26.00,92.00,4.36
2023-05-21,26.00,92.25,11.83
2023-05-21,26.00,92.50,7.50
2023-05-21,26.00,92.75,1.27
2023-05-21,26.00,93.00,0.32
2023-05-21,26.25,91.50,11.72
2023-05-21,26.25,91.75,3.70
2023-05-21,26.25,92.00,0.00
2023-05-21,26.25,92.25,5.72
2023-05-21,26.25,92.50,13.54
2023-05-21,26.25,92.75,19.98
2023-05-21,26.25,93.00,3.88
2023-05-21,26.50,91.50,0.46
2023-05-21,26.50,91.75,1.61
2023-05-21,26.50,92.00,4.58
2023-05-21,26.50,92.25,23.55
2023-05-21,26.50,92.50,41.18
2023-05-21,26.50,92.75,34.96
2023-05-21,26.50,93.00,26.10
2023-05-21,26.75,91.50,3.48
2023-05-21,26.75,91.75,1.30
2023-05-21,26.75,92.00,13.00
2023-05-21,26.75,92.25,19.98
2023-05-21,26.75,92.50,38.33
2023-05-21,26.75,92.75,41.22
2023-05-21,26.75,93.00,94.48
2023-05-21,27.00,91.50,3.66
2023-05-21,27.00,91.75,3.22
2023-05-21,27.00,92.00,5.26
2023-05-21,27.00,92.25,7.17
2023-05-21,27.00,92.50,12.63
2023-05-21,27.00,92.75,45.11
2023-05-21,27.00,93.00,108.80
2023-05-21,27.25,91.50,
2023-05-21,27.25,91.75,
2023-05-21,27.25,92.00,0.31
2023-05-21,27.25,92.25,4.29
2023-05-21,27.25,92.50,8.94
2023-05-21,27.25,92.75,15.01
2023-05-21,27.25,93.00,96.21
2023-05-21,27.50,91.50,
2023-05-21,27.50,91.75,5.76
2023-05-21,27.50,92.00,2.68
2023-05-21,27.50,92.25,4.28
2023-05-21,27.50,92.50,9.02
2023-05-21,27.50,92.75,17.27
2023-05-21,27.50,93.00,43.92
2023-05-21,27.75,91.50,7.05
2023-05-21,27.75,91.75,6.18
2023-05-21,27.75,92.00,4.05
2023-05-21,27.75,92.25,5.52
2023-05-21,27.75,92.50,6.70
2023-05-21,27.75,92.75,21.80
2023-05-21,27.75,93.00,35.23
2023-05-21,28.00,91.50,6.79
2023-05-21,28.00,91.75,6.15
2023-05-21,28.00,92.00,5.41
2023-05-21,28.00,92.25,5.81
2023-05-21,28.00,92.50,6.62
2023-05-21,28.00,92.75,13.39
2023-05-21,28.00,93.00,26.59
2023-05-22,25.75,91.50,4.37
2023-05-22,25.75,91.75,2.04
2023-05-22,25.75,92.00,5.01
2023-05-22,25.75,92.25,5.84
2023-05-22,25.75,92.50,5.74
2023-05-22,25.75,92.75,5.48
2023-05-22,25.75,93.00,1.46
2023-05-22,26.00,91.50,5.56
2023-05-22,26.00,91.75,2.32
2023-05-22,26.00,92.00,3.46
2023-05-22,26.00,92.25,9.39
2023-05-22,26.00,92.50,6.13
2023-05-22,26.00,92.75,3.24
2023-05-22,26.00,93.00,1.31
2023-05-22,26.25,91.50,3.27
2023-05-22,26.25,91.75,0.61
2023-05-22,26.25,92.00,0.00
2023-05-22,26.25,92.25,1.58
2023-05-22,26.25,92.50,2.01
2023-05-22,26.25,92.75,2.00
2023-05-22,26.25,93.00,3.12
2023-05-22,26.50,91.50,1.19
2023-05-22,26.50,91.75,0.39
2023-05-22,26.50,92.00,1.93
2023-05-22,26.50,92.25,3.76
2023-05-22,26.50,92.50,2.84
2023-05-22,26.50,92.75,2.76
2023-05-22,26.50,93.00,9.39
2023-05-22,26.75,91.50,1.96
2023-05-22,26.75,91.75,1.00
2023-05-22,26.75,92.00,1.33
2023-05-22,26.75,92.25,4.22
2023-05-22,26.75,92.50,2.70
2023-05-22,26.75,92.75,2.33
2023-05-22,26.75,93.00,10.37
2023-05-22,27.00,91.50,4.19
2023-05-22,27.00,91.75,6.02
2023-05-22,27.00,92.00,2.89
2023-05-22,27.00,92.25,0.16
2023-05-22,27.00,92.50,0.39
2023-05-22,27.00,92.75,1.36
2023-05-22,27.00,93.00,8.11
2023-05-22,27.25,91.50,
2023-05-22,27.25,91.75,
2023-05-22,27.25,92.00,0.17
2023-05-22,27.25,92.25,0.19
2023-05-22,27.25,92.50,0.05
2023-05-22,27.25,92.75,0.32
2023-05-22,27.25,93.00,4.80
2023-05-22,27.50,91.50,
2023-05-22,27.50,91.75,2.85
2023-05-22,27.50,92.00,1.66
2023-05-22,27.50,92.25,0.39
2023-05-22,27.50,92.50,0.06
2023-05-22,27.50,92.75,0.37
2023-05-22,27.50,93.00,2.63
2023-05-22,27.75,91.50,3.56
2023-05-22,27.75,91.75,3.00
2023-05-22,27.75,92.00,1.83
2023-05-22,27.75,92.25,0.46
2023-05-22,27.75,92.50,0.07
2023-05-22,27.75,92.75,1.02
2023-05-22,27.75,93.00,2.80
2023-05-22,28.00,91.50,3.48
2023-05-22,28.00,91.75,2.54
2023-05-22,28.00,92.00,1.21
2023-05-22,28.00,92.25,0.37
2023-05-22,28.00,92.50,0.13
2023-05-22,28.00,92.75,1.08
2023-05-22,28.00,93.00,2.63
2023-05-23,25.75,91.50,0.00
2023-05-23,25.75,91.75,0.00
2023-05-23,25.75,92.00,0.00
2023-05-23,25.75,92.25,0.00
2023-05-23,25.75,92.50,0.00
2023-05-23,25.75,92.75,0.00
2023-05-23,25.75,93.00,0.00
2023-05-23,26.00,91.50,0.00
2023-05-23,26.00,91.75,0.00
2023-05-23,26.00,92.00,0.00
2023-05-23,26.00,92.25,0.00
2023-05-23,26.00,92.50,0.00
2023-05-23,26.00,92.75,0.00
2023-05-23,26.00,93.00,0.00
2023-05-23,26.25,91.50,0.00
2023-05-23,26.25,91.75,0.00
2023-05-23,26.25,92.00,0.00
2023-05-23,26.25,92.25,0.00
2023-05-23,26.25,92.50,0.00
2023-05-23,26.25,92.75,0.00
2023-05-23,26.25,93.00,0.00
2023-05-23,26.50,91.50,0.00
2023-05-23,26.50,91.75,0.30
2023-05-23,26.50,92.00,0.00
2023-05-23,26.50,92.25,0.00
2023-05-23,26.50,92.50,0.00
2023-05-23,26.50,92.75,0.00
2023-05-23,26.50,93.00,0.00
2023-05-23,26.75,91.50,0.12
2023-05-23,26.75,91.75,0.97
2023-05-23,26.75,92.00,0.01
2023-05-23,26.75,92.25,0.00
2023-05-23,26.75,92.50,0.00
2023-05-23,26.75,92.75,0.00
2023-05-23,26.75,93.00,0.18
2023-05-23,27.00,91.50,0.58
2023-05-23,27.00,91.75,1.08
2023-05-23,27.00,92.00,0.36
2023-05-23,27.00,92.25,0.00
2023-05-23,27.00,92.50,0.00
2023-05-23,27.00,92.75,0.00
2023-05-23,27.00,93.00,0.18
2023-05-23,27.25,91.50,
2023-05-23,27.25,91.75,
2023-05-23,27.25,92.00,0.12
2023-05-23,27.25,92.25,0.08
2023-05-23,27.25,92.50,0.01
2023-05-23,27.25,92.75,0.01
2023-05-23,27.25,93.00,0.18
2023-05-23,27.50,91.50,
2023-05-23,27.50,91.75,0.57
2023-05-23,27.50,92.00,0.34
2023-05-23,27.50,92.25,0.11
2023-05-23,27.50,92.50,0.02
2023-05-23,27.50,92.75,0.00
2023-05-23,27.50,93.00,0.07
2023-05-23,27.75,91.50,0.57
2023-05-23,27.75,91.75,0.55
2023-05-23,27.75,92.00,0.35
2023-05-23,27.75,92.25,0.12
2023-05-23,27.75,92.50,0.02
2023-05-23,27.75,92.75,0.00
2023-05-23,27.75,93.00,0.06
2023-05-23,28.00,91.50,0.61
2023-05-23,28.00,91.75,0.48
2023-05-23,28.00,92.00,0.26
2023-05-23,28.00,92.25,0.10
2023-05-23,28.00,92.50,0.02
2023-05-23,28.00,92.75,0.01
2023-05-23,28.00,93.00,0.04
2023-05-24,25.75,91.50,5.40
2023-05-24,25.75,91.75,4.92
2023-05-24,25.75,92.00,0.20
2023-05-24,25.75,92.25,4.44
2023-05-24,25.75,92.50,1.27
2023-05-24,25.75,92.75,0.04
2023-05-24,25.75,93.00,0.00
2023-05-24,26.00,91.50,0.08
2023-05-24,26.00,91.75,0.60
2023-05-24,26.00,92.00,0.00
2023-05-24,26.00,92.25,0.00
2023-05-24,26.00,92.50,0.00
2023-05-24,26.00,92.75,0.00
2023-05-24,26.00,93.00,0.00
2023-05-24,26.25,91.50,0.00
2023-05-24,26.25,91.75,0.00
2023-05-24,26.25,92.00,0.00
2023-05-24,26.25,92.25,0.00
2023-05-24,26.25,92.50,0.04
2023-05-24,26.25,92.75,0.00
2023-05-24,26.25,93.00,0.05
2023-05-24,26.50,91.50,0.00
2023-05-24,26.50,91.75,0.15
2023-05-24,26.50,92.00,0.00
2023-05-24,26.50,92.25,0.09
2023-05-24,26.50,92.50,0.14
2023-05-24,26.50,92.75,0.12
2023-05-24,26.50,93.00,0.15
2023-05-24,26.75,91.50,0.06
2023-05-24,26.75,91.75,0.48
2023-05-24,26.75,92.00,0.01
2023-05-24,26.75,92.25,0.10
2023-05-24,26.75,92.50,0.64
2023-05-24,26.75,92.75,1.32
2023-05-24,26.75,93.00,0.14
2023-05-24,27.00,91.50,4.42
2023-05-24,27.00,91.75,9.53
2023-05-24,27.00,92.00,6.30
2023-05-24,27.00,92.25,6.15
2023-05-24,27.00,92.50,3.80
2023-05-24,27.00,92.75,1.56
2023-05-24,27.00,93.00,0.08
2023-05-24,27.25,91.50,
2023-05-24,27.25,91.75,
2023-05-24,27.25,92.00,10.04
2023-05-24,27.25,92.25,7.15
2023-05-24,27.25,92.50,1.49
2023-05-24,27.25,92.75,0.49
2023-05-24,27.25,93.00,0.00
2023-05-24,27.50,91.50,
2023-05-24,27.50,91.75,3.38
2023-05-24,27.50,92.00,7.76
2023-05-24,27.50,92.25,6.53
2023-05-24,27.50,92.50,2.59
2023-05-24,27.50,92.75,0.70
2023-05-24,27.50,93.00,0.00
2023-05-24,27.75,91.50,0.94
2023-05-24,27.75,91.75,2.52
2023-05-24,27.75,92.00,5.95
2023-05-24,27.75,92.25,4.79
2023-05-24,27.75,92.50,3.64
2023-05-24,27.75,92.75,0.39
2023-05-24,27.75,93.00,0.00
2023-05-24,28.00,91.50,1.39
2023-05-24,28.00,91.75,2.44
2023-05-24,28.00,92.00,3.50
2023-05-24,28.00,92.25,3.62
2023-05-24,28.00,92.50,3.36
2023-05-24,28.00,92.75,0.75
2023-05-24,28.00,93.00,0.00
2023-05-25,25.75,91.50,6.23
2023-05-25,25.75,91.75,6.73
2023-05-25,25.75,92.00,7.27
2023-05-25,25.75,92.25,11.67
2023-05-25,25.75,92.50,2.63
2023-05-25,25.75,92.75,4.18
2023-05-25,25.75,93.00,22.90
2023-05-25,26.00,91.50,2.57
2023-05-25,26.00,91.75,3.57
2023-05-25,26.00,92.00,3.80
2023-05-25,26.00,92.25,11.63
2023-05-25,26.00,92.50,6.71
2023-05-25,26.00,92.75,14.33
2023-05-25,26.00,93.00,21.71
2023-05-25,26.25,91.50,0.21
2023-05-25,26.25,91.75,0.00
2023-05-25,26.25,92.00,0.12
2023-05-25,26.25,92.25,16.86
2023-05-25,26.25,92.50,15.61
2023-05-25,26.25,92.75,18.19
2023-05-25,26.25,93.00,21.07
2023-05-25,26.50,91.50,3.25
2023-05-25,26.50,91.75,0.23
2023-05-25,26.50,92.00,0.00
2023-05-25,26.50,92.25,12.18
2023-05-25,26.50,92.50,2.33
2023-05-25,26.50,92.75,5.43
2023-05-25,26.50,93.00,8.52
2023-05-25,26.75,91.50,0.57
2023-05-25,26.75,91.75,0.49
2023-05-25,26.75,92.00,0.01
2023-05-25,26.75,92.25,0.30
2023-05-25,26.75,92.50,0.45
2023-05-25,26.75,92.75,0.40
2023-05-25,26.75,93.00,0.00
2023-05-25,27.00,91.50,0.10
2023-05-25,27.00,91.75,0.08
2023-05-25,27.00,92.00,0.34
2023-05-25,27.00,92.25,0.05
2023-05-25,27.00,92.50,2.42
2023-05-25,27.00,92.75,3.57
2023-05-25,27.00,93.00,0.58
2023-05-25,27.25,91.50,
2023-05-25,27.25,91.75,
2023-05-25,27.25,92.00,1.06
2023-05-25,27.25,92.25,1.93
2023-05-25,27.25,92.50,7.40
2023-05-25,27.25,92.75,8.13
2023-05-25,27.25,93.00,2.61
2023-05-25,27.50,91.50,
2023-05-25,27.50,91.75,0.16
2023-05-25,27.50,92.00,0.62
2023-05-25,27.50,92.25,3.12
2023-05-25,27.50,92.50,6.56
2023-05-25,27.50,92.75,7.29
2023-05-25,27.50,93.00,4.33
2023-05-25,27.75,91.50,0.05
2023-05-25,27.75,91.75,0.14
2023-05-25,27.75,92.00,0.42
2023-05-25,27.75,92.25,3.78
2023-05-25,27.75,92.50,5.15
2023-05-25,27.75,92.75,5.75
2023-05-25,27.75,93.00,2.89
2023-05-25,28.00,91.50,0.07
2023-05-25,28.00,91.75,0.16
2023-05-25,28.00,92.00,1.33
2023-05-25,28.00,92.25,3.93
2023-05-25,28.00,92.50,5.51
2023-05-25,28.00,92.75,5.28
2023-05-25,28.00,93.00,2.52
2023-05-26,25.75,91.50,18.07
2023-05-26,25.75,91.75,17.05
2023-05-26,25.75,92.00,17.59
2023-05-26,25.75,92.25,13.48
2023-05-26,25.75,92.50,15.38
2023-05-26,25.75,92.75,10.44
2023-05-26,25.75,93.00,10.39
2023-05-26,26.00,91.50,24.31
2023-05-26,26.00,91.75,21.96
2023-05-26,26.00,92.00,17.12
2023-05-26,26.00,92.25,11.97
2023-05-26,26.00,92.50,18.65
2023-05-26,26.00,92.75,12.46
2023-05-26,26.00,93.00,11.37
2023-05-26,26.25,91.50,13.96
2023-05-26,26.25,91.75,21.80
2023-05-26,26.25,92.00,24.00
2023-05-26,26.25,92.25,27.32
2023-05-26,26.25,92.50,28.27
2023-05-26,26.25,92.75,21.30
2023-05-26,26.25,93.00,14.74
2023-05-26,26.50,91.50,11.77
2023-05-26,26.50,91.75,13.01
2023-05-26,26.50,92.00,21.46
2023-05-26,26.50,92.25,19.79
2023-05-26,26.50,92.50,20.82
2023-05-26,26.50,92.75,21.91
2023-05-26,26.50,93.00,16.70
2023-05-26,26.75,91.50,28.99
2023-05-26,26.75,91.75,1.35
2023-05-26,26.75,92.00,35.39
2023-05-26,26.75,92.25,11.82
2023-05-26,26.75,92.50,17.84
2023-05-26,26.75,92.75,20.37
2023-05-26,26.75,93.00,40.78
2023-05-26,27.00,91.50,18.31
2023-05-26,27.00,91.75,10.75
2023-05-26,27.00,92.00,16.75
2023-05-26,27.00,92.25,7.12
2023-05-26,27.00,92.50,8.30
2023-05-26,27.00,92.75,25.53
2023-05-26,27.00,93.00,49.74
2023-05-26,27.25,91.50,
2023-05-26,27.25,91.75,
2023-05-26,27.25,92.00,5.67
2023-05-26,27.25,92.25,6.15
2023-05-26,27.25,92.50,6.44
2023-05-26,27.25,92.75,8.80
2023-05-26,27.25,93.00,42.89
2023-05-26,27.50,91.50,
2023-05-26,27.50,91.75,3.74
2023-05-26,27.50,92.00,5.38
2023-05-26,27.50,92.25,6.14
2023-05-26,27.50,92.50,7.04
2023-05-26,27.50,92.75,10.67
2023-05-26,27.50,93.00,19.96
2023-05-26,27.75,91.50,2.59
2023-05-26,27.75,91.75,3.19
2023-05-26,27.75,92.00,4.74
2023-05-26,27.75,92.25,5.67
2023-05-26,27.75,92.50,6.02
2023-05-26,27.75,92.75,12.51
2023-05-26,27.75,93.00,15.52
2023-05-26,28.00,91.50,2.69
2023-05-26,28.00,91.75,3.06
2023-05-26,28.00,92.00,3.82
2023-05-26,28.00,92.25,4.97
2023-05-26,28.00,92.50,5.88
2023-05-26,28.00,92.75,7.79
2023-05-26,28.00,93.00,11.55
2023-05-27,25.75,91.50,4.72
2023-05-27,25.75,91.75,5.35
2023-05-27,25.75,92.00,3.25
2023-05-27,25.75,92.25,1.45
2023-05-27,25.75,92.50,2.34
2023-05-27,25.75,92.75,0.32
2023-05-27,25.75,93.00,10.43
2023-05-27,26.00,91.50,2.54
2023-05-27,26.00,91.75,1.74
2023-05-27,26.00,92.00,0.50
2023-05-27,26.00,92.25,0.26
2023-05-27,26.00,92.50,1.35
2023-05-27,26.00,92.75,6.07
2023-05-27,26.00,93.00,9.95
2023-05-27,26.25,91.50,5.38
2023-05-27,26.25,91.75,0.23
2023-05-27,26.25,92.00,0.10
2023-05-27,26.25,92.25,5.70
2023-05-27,26.25,92.50,4.94
2023-05-27,26.25,92.75,8.47
2023-05-27,26.25,93.00,10.73
2023-05-27,26.50,91.50,2.27
2023-05-27,26.50,91.75,0.82
2023-05-27,26.50,92.00,6.64
2023-05-27,26.50,92.25,8.58
2023-05-27,26.50,92.50,1.00
2023-05-27,26.50,92.75,2.23
2023-05-27,26.50,93.00,5.45
2023-05-27,26.75,91.50,1.71
2023-05-27,26.75,91.75,0.65
2023-05-27,26.75,92.00,7.63
2023-05-27,26.75,92.25,7.77
2023-05-27,26.75,92.50,5.44
2023-05-27,26.75,92.75,13.47
2023-05-27,26.75,93.00,14.92
2023-05-27,27.00,91.50,2.13
2023-05-27,27.00,91.75,2.93
2023-05-27,27.00,92.00,4.65
2023-05-27,27.00,92.25,55.59
2023-05-27,27.00,92.50,42.11
2023-05-27,27.00,92.75,30.52
2023-05-27,27.00,93.00,20.82
2023-05-27,27.25,91.50,
2023-05-27,27.25,91.75,
2023-05-27,27.25,92.00,0.91
2023-05-27,27.25,92.25,25.55
2023-05-27,27.25,92.50,24.28
2023-05-27,27.25,92.75,24.44
2023-05-27,27.25,93.00,23.51
2023-05-27,27.50,91.50,
2023-05-27,27.50,91.75,13.69
2023-05-27,27.50,92.00,8.52
2023-05-27,27.50,92.25,18.52
2023-05-27,27.50,92.50,21.93
2023-05-27,27.50,92.75,25.49
2023-05-27,27.50,93.00,18.47
2023-05-27,27.75,91.50,15.91
2023-05-27,27.75,91.75,14.62
2023-05-27,27.75,92.00,12.00
2023-05-27,27.75,92.25,21.87
2023-05-27,27.75,92.50,24.73
2023-05-27,27.75,92.75,21.12
2023-05-27,27.75,93.00,14.94
2023-05-27,28.00,91.50,15.29
2023-05-27,28.00,91.75,14.32
2023-05-27,28.00,92.00,12.17
2023-05-27,28.00,92.25,16.82
2023-05-27,28.00,92.50,20.90
2023-05-27,28.00,92.75,15.08
2023-05-27,28.00,93.00,13.09
2023-05-28,25.75,91.50,4.42
2023-05-28,25.75,91.75,4.02
2023-05-28,25.75,92.00,2.09
2023-05-28,25.75,92.25,0.62
2023-05-28,25.75,92.50,0.14
2023-05-28,25.75,92.75,0.32
2023-05-28,25.75,93.00,11.23
2023-05-28,26.00,91.50,6.28
2023-05-28,26.00,91.75,4.08
2023-05-28,26.00,92.00,1.56
2023-05-28,26.00,92.25,0.05
2023-05-28,26.00,92.50,0.00
2023-05-28,26.00,92.75,6.06
2023-05-28,26.00,93.00,10.91
2023-05-28,26.25,91.50,9.78
2023-05-28,26.25,91.75,5.39
2023-05-28,26.25,92.00,4.96
2023-05-28,26.25,92.25,0.12
2023-05-28,26.25,92.50,3.63
2023-05-28,26.25,92.75,11.27
2023-05-28,26.25,93.00,14.16
2023-05-28,26.50,91.50,0.85
2023-05-28,26.50,91.75,2.02
2023-05-28,26.50,92.00,12.31
2023-05-28,26.50,92.25,9.66
2023-05-28,26.50,92.50,17.16
2023-05-28,26.50,92.75,14.05
2023-05-28,26.50,93.00,20.62
2023-05-28,26.75,91.50,0.36
2023-05-28,26.75,91.75,0.61
2023-05-28,26.75,92.00,7.90
2023-05-28,26.75,92.25,23.38
2023-05-28,26.75,92.50,18.12
2023-05-28,26.75,92.75,14.96
2023-05-28,26.75,93.00,12.71
2023-05-28,27.00,91.50,2.53
2023-05-28,27.00,91.75,3.55
2023-05-28,27.00,92.00,6.43
2023-05-28,27.00,92.25,7.99
2023-05-28,27.00,92.50,8.30
2023-05-28,27.00,92.75,5.64
2023-05-28,27.00,93.00,6.90
2023-05-28,27.25,91.50,
2023-05-28,27.25,91.75,
2023-05-28,27.25,92.00,1.26
2023-05-28,27.25,92.25,4.09
2023-05-28,27.25,92.50,4.64
2023-05-28,27.25,92.75,4.29
2023-05-28,27.25,93.00,2.63
2023-05-28,27.50,91.50,
2023-05-28,27.50,91.75,7.42
2023-05-28,27.50,92.00,3.84
2023-05-28,27.50,92.25,3.46
2023-05-28,27.50,92.50,3.92
2023-05-28,27.50,92.75,4.12
2023-05-28,27.50,93.00,2.66
2023-05-28,27.75,91.50,8.90
2023-05-28,27.75,91.75,7.92
2023-05-28,27.75,92.00,5.39
2023-05-28,27.75,92.25,4.28
2023-05-28,27.75,92.50,4.16
2023-05-28,27.75,92.75,3.15
2023-05-28,27.75,93.00,2.03
2023-05-28,28.00,91.50,8.68
2023-05-28,28.00,91.75,7.90
2023-05-28,28.00,92.00,6.31
2023-05-28,28.00,92.25,4.70
2023-05-28,28.00,92.50,3.73
2023-05-28,28.00,92.75,2.57
2023-05-28,28.00,93.00,1.78
2023-05-29,25.75,91.50,14.05
2023-05-29,25.75,91.75,12.56
2023-05-29,25.75,92.00,1.41
2023-05-29,25.75,92.25,0.00
2023-05-29,25.75,92.50,0.00
2023-05-29,25.75,92.75,0.00
2023-05-29,25.75,93.00,0.00
2023-05-29,26.00,91.50,15.12
2023-05-29,26.00,91.75,11.40
2023-05-29,26.00,92.00,0.00
2023-05-29,26.00,92.25,0.00
2023-05-29,26.00,92.50,0.00
2023-05-29,26.00,92.75,0.00
2023-05-29,26.00,93.00,0.00
2023-05-29,26.25,91.50,0.00
2023-05-29,26.25,91.75,0.00
2023-05-29,26.25,92.00,0.00
2023-05-29,26.25,92.25,0.00
2023-05-29,26.25,92.50,0.00
2023-05-29,26.25,92.75,0.00
2023-05-29,26.25,93.00,0.00
2023-05-29,26.50,91.50,0.00
2023-05-29,26.50,91.75,0.00
2023-05-29,26.50,92.00,0.00
2023-05-29,26.50,92.25,0.00
2023-05-29,26.50,92.50,0.00
2023-05-29,26.50,92.75,0.00
2023-05-29,26.50,93.00,0.00
2023-05-29,26.75,91.50,0.00
2023-05-29,26.75,91.75,0.00
2023-05-29,26.75,92.00,0.00
2023-05-29,26.75,92.25,0.00
2023-05-29,26.75,92.50,0.00
2023-05-29,26.75,92.75,0.00
2023-05-29,26.75,93.00,0.00
2023-05-29,27.00,91.50,5.66
2023-05-29,27.00,91.75,12.05
2023-05-29,27.00,92.00,4.45
2023-05-29,27.00,92.25,0.06
2023-05-29,27.00,92.50,0.00
2023-05-29,27.00,92.75,0.00
2023-05-29,27.00,93.00,0.00
2023-05-29,27.25,91.50,
2023-05-29,27.25,91.75,
2023-05-29,27.25,92.00,1.49
2023-05-29,27.25,92.25,0.94
2023-05-29,27.25,92.50,0.08
2023-05-29,27.25,92.75,0.00
2023-05-29,27.25,93.00,0.00
2023-05-29,27.50,91.50,
2023-05-29,27.50,91.75,5.27
2023-05-29,27.50,92.00,3.74
2023-05-29,27.50,92.25,1.34
2023-05-29,27.50,92.50,0.22
2023-05-29,27.50,92.75,0.00
2023-05-29,27.50,93.00,0.00
2023-05-29,27.75,91.50,4.51
2023-05-29,27.75,91.75,4.81
2023-05-29,27.75,92.00,4.21
2023-05-29,27.75,92.25,0.74
2023-05-29,27.75,92.50,0.27
2023-05-29,27.75,92.75,0.00
2023-05-29,27.75,93.00,0.00
2023-05-29,28.00,91.50,4.65
2023-05-29,28.00,91.75,4.60
2023-05-29,28.00,92.00,3.65
2023-05-29,28.00,92.25,1.32
2023-05-29,28.00,92.50,0.29
2023-05-29,28.00,92.75,0.09
2023-05-29,28.00,93.00,0.00
2023-05-30,25.75,91.50,1.88
2023-05-30,25.75,91.75,1.82
2023-05-30,25.75,92.00,0.35
2023-05-30,25.75,92.25,0.00
2023-05-30,25.75,92.50,0.00
2023-05-30,25.75,92.75,0.00
2023-05-30,25.75,93.00,0.00
2023-05-30,26.00,91.50,0.13
2023-05-30,26.00,91.75,1.03
2023-05-30,26.00,92.00,0.00
2023-05-30,26.00,92.25,0.00
2023-05-30,26.00,92.50,0.00
2023-05-30,26.00,92.75,0.00
2023-05-30,26.00,93.00,0.00
2023-05-30,26.25,91.50,0.00
2023-05-30,26.25,91.75,0.00
2023-05-30,26.25,92.00,0.00
2023-05-30,26.25,92.25,0.00
2023-05-30,26.25,92.50,0.00
2023-05-30,26.25,92.75,0.00
2023-05-30,26.25,93.00,0.00
2023-05-30,26.50,91.50,0.00
2023-05-30,26.50,91.75,0.15
2023-05-30,26.50,92.00,0.00
2023-05-30,26.50,92.25,0.00
2023-05-30,26.50,92.50,0.00
2023-05-30,26.50,92.75,0.00
2023-05-30,26.50,93.00,0.00
2023-05-30,26.75,91.50,0.06
2023-05-30,26.75,91.75,0.48
2023-05-30,26.75,92.00,0.01
2023-05-30,26.75,92.25,0.00
2023-05-30,26.75,92.50,0.00
2023-05-30,26.75,92.75,0.00
2023-05-30,26.75,93.00,0.00
2023-05-30,27.00,91.50,0.06
2023-05-30,27.00,91.75,0.05
2023-05-30,27.00,92.00,0.00
2023-05-30,27.00,92.25,0.00
2023-05-30,27.00,92.50,0.00
2023-05-30,27.00,92.75,0.00
2023-05-30,27.00,93.00,0.00
2023-05-30,27.25,91.50,
2023-05-30,27.25,91.75,
2023-05-30,27.25,92.00,0.00
2023-05-30,27.25,92.25,0.00
2023-05-30,27.25,92.50,0.00
2023-05-30,27.25,92.75,0.00
2023-05-30,27.25,93.00,0.00
2023-05-30,27.50,91.50,
2023-05-30,27.50,91.75,0.03
2023-05-30,27.50,92.00,0.00
2023-05-30,27.50,92.25,0.00
2023-05-30,27.50,92.50,0.00
2023-05-30,27.50,92.75,0.00
2023-05-30,27.50,93.00,0.00
2023-05-30,27.75,91.50,0.00
2023-05-30,27.75,91.75,0.00
2023-05-30,27.75,92.00,0.00
2023-05-30,27.75,92.25,0.00
2023-05-30,27.75,92.50,0.00
2023-05-30,27.75,92.75,0.00
2023-05-30,27.75,93.00,0.00
2023-05-30,28.00,91.50,0.00
2023-05-30,28.00,91.75,0.00
2023-05-30,28.00,92.00,0.00
2023-05-30,28.00,92.25,0.00
2023-05-30,28.00,92.50,0.00
2023-05-30,28.00,92.75,0.00
2023-05-30,28.00,93.00,0.00
2023-05-31,25.75,91.50,0.00
2023-05-31,25.75,91.75,0.00
2023-05-31,25.75,92.00,0.00
2023-05-31,25.75,92.25,0.00
2023-05-31,25.75,92.50,0.00
2023-05-31,25.75,92.75,0.00
2023-05-31,25.75,93.00,0.00
2023-05-31,26.00,91.50,0.00
2023-05-31,26.00,91.75,0.00
2023-05-31,26.00,92.00,0.00
2023-05-31,26.00,92.25,0.00
2023-05-31,26.00,92.50,0.00
2023-05-31,26.00,92.75,0.00
2023-05-31,26.00,93.00,0.00
2023-05-31,26.25,91.50,0.00
2023-05-31,26.25,91.75,0.00
2023-05-31,26.25,92.00,0.00
2023-05-31,26.25,92.25,0.00
2023-05-31,26.25,92.50,0.00
2023-05-31,26.25,92.75,0.00
2023-05-31,26.25,93.00,0.00
2023-05-31,26.50,91.50,0.06
2023-05-31,26.50,91.75,0.23
2023-05-31,26.50,92.00,0.00
2023-05-31,26.50,92.25,0.00
2023-05-31,26.50,92.50,0.00
2023-05-31,26.50,92.75,0.00
2023-05-31,26.50,93.00,0.00
2023-05-31,26.75,91.50,0.10
2023-05-31,26.75,91.75,0.49
2023-05-31,26.75,92.00,0.01
2023-05-31,26.75,92.25,0.00
2023-05-31,26.75,92.50,0.00
2023-05-31,26.75,92.75,0.00
2023-05-31,26.75,93.00,0.00
2023-05-31,27.00,91.50,0.10
2023-05-31,27.00,91.75,0.05
2023-05-31,27.00,92.00,0.00
2023-05-31,27.00,92.25,0.00
2023-05-31,27.00,92.50,0.00
2023-05-31,27.00,92.75,0.00
2023-05-31,27.00,93.00,0.00
2023-05-31,27.25,91.50,
2023-05-31,27.25,91.75,
2023-05-31,27.25,92.00,0.00
2023-05-31,27.25,92.25,0.00
2023-05-31,27.25,92.50,0.00
2023-05-31,27.25,92.75,0.00
2023-05-31,27.25,93.00,0.00
2023-05-31,27.50,91.50,
2023-05-31,27.50,91.75,0.03
2023-05-31,27.50,92.00,0.00
2023-05-31,27.50,92.25,0.00
2023-05-31,27.50,92.50,0.00
2023-05-31,27.50,92.75,0.00
2023-05-31,27.50,93.00,0.00
2023-05-31,27.75,91.50,0.00
2023-05-31,27.75,91.75,0.00
2023-05-31,27.75,92.00,0.00
2023-05-31,27.75,92.25,0.00
2023-05-31,27.75,92.50,0.00
2023-05-31,27.75,92.75,0.00
2023-05-31,27.75,93.00,0.00
2023-05-31,28.00,91.50,0.00
2023-05-31,28.00,91.75,0.00
2023-05-31,28.00,92.00,0.00
2023-05-31,28.00,92.25,0.00
2023-05-31,28.00,92.50,0.00
2023-05-31,28.00,92.75,0.00
2023-05-31,28.00,93.00,0.00
2023-06-01,25.75,91.50,0.00
2023-06-01,25.75,91.75,0.00
2023-06-01,25.75,92.00,0.00
2023-06-01,25.75,92.25,0.00
2023-06-01,25.75,92.50,0.00
2023-06-01,25.75,92.75,0.00
2023-06-01,25.75,93.00,0.01
2023-06-01,26.00,91.50,0.00
2023-06-01,26.00,91.75,0.00
2023-06-01,26.00,92.00,0.00
2023-06-01,26.00,92.25,0.00
2023-06-01,26.00,92.50,0.00
2023-06-01,26.00,92.75,0.00
2023-06-01,26.00,93.00,0.03
2023-06-01,26.25,91.50,0.00
2023-06-01,26.25,91.75,0.00
2023-06-01,26.25,92.00,0.00
2023-06-01,26.25,92.25,0.00
2023-06-01,26.25,92.50,0.00
2023-06-01,26.25,92.75,0.00
2023-06-01,26.25,93.00,1.13
2023-06-01,26.50,91.50,0.00
2023-06-01,26.50,91.75,0.00
2023-06-01,26.50,92.00,0.00
2023-06-01,26.50,92.25,0.00
2023-06-01,26.50,92.50,0.00
2023-06-01,26.50,92.75,0.00
2023-06-01,26.50,93.00,1.42
2023-06-01,26.75,91.50,0.00
2023-06-01,26.75,91.75,0.00
2023-06-01,26.75,92.00,0.00
2023-06-01,26.75,92.25,0.00
2023-06-01,26.75,92.50,0.00
2023-06-01,26.75,92.75,0.00
2023-06-01,26.75,93.00,0.00
2023-06-01,27.00,91.50,0.00
2023-06-01,27.00,91.75,0.00
2023-06-01,27.00,92.00,0.00
2023-06-01,27.00,92.25,0.00
2023-06-01,27.00,92.50,0.00
2023-06-01,27.00,92.75,0.00
2023-06-01,27.00,93.00,0.00
2023-06-01,27.25,91.50,
2023-06-01,27.25,91.75,
2023-06-01,27.25,92.00,0.00
2023-06-01,27.25,92.25,0.00
2023-06-01,27.25,92.50,0.00
2023-06-01,27.25,92.75,0.00
2023-06-01,27.25,93.00,0.00
2023-06-01,27.50,91.50,
2023-06-01,27.50,91.75,0.00
2023-06-01,27.50,92.00,0.00
2023-06-01,27.50,92.25,0.00
2023-06-01,27.50,92.50,0.00
2023-06-01,27.50,92.75,0.00
2023-06-01,27.50,93.00,0.00
2023-06-01,27.75,91.50,0.00
2023-06-01,27.75,91.75,0.00
2023-06-01,27.75,92.00,0.00
2023-06-01,27.75,92.25,0.00
2023-06-01,27.75,92.50,0.00
2023-06-01,27.75,92.75,0.00
2023-06-01,27.75,93.00,0.00
2023-06-01,28.00,91.50,0.00
2023-06-01,28.00,91.75,0.00
2023-06-01,28.00,92.00,0.00
2023-06-01,28.00,92.25,0.00
2023-06-01,28.00,92.50,0.00
2023-06-01,28.00,92.75,0.00
2023-06-01,28.00,93.00,0.00
2023-06-02,25.75,91.50,12.48
2023-06-02,25.75,91.75,15.96
2023-06-02,25.75,92.00,3.24
2023-06-02,25.75,92.25,0.81
2023-06-02,25.75,92.50,0.06
2023-06-02,25.75,92.75,0.50
2023-06-02,25.75,93.00,17.38
2023-06-02,26.00,91.50,0.69
2023-06-02,26.00,91.75,5.43
2023-06-02,26.00,92.00,0.71
2023-06-02,26.00,92.25,1.91
2023-06-02,26.00,92.50,0.58
2023-06-02,26.00,92.75,9.51
2023-06-02,26.00,93.00,16.34
2023-06-02,26.25,91.50,0.00
2023-06-02,26.25,91.75,0.00
2023-06-02,26.25,92.00,0.00
2023-06-02,26.25,92.25,6.52
2023-06-02,26.25,92.50,5.99
2023-06-02,26.25,92.75,12.49
2023-06-02,26.25,93.00,10.80
2023-06-02,26.50,91.50,1.90
2023-06-02,26.50,91.75,3.52
2023-06-02,26.50,92.00,8.28
2023-06-02,26.50,92.25,9.23
2023-06-02,26.50,92.50,1.14
2023-06-02,26.50,92.75,2.64
2023-06-02,26.50,93.00,0.00
2023-06-02,26.75,91.50,0.34
2023-06-02,26.75,91.75,0.36
2023-06-02,26.75,92.00,20.08
2023-06-02,26.75,92.25,3.74
2023-06-02,26.75,92.50,0.64
2023-06-02,26.75,92.75,3.10
2023-06-02,26.75,93.00,10.11
2023-06-02,27.00,91.50,0.13
2023-06-02,27.00,91.75,1.28
2023-06-02,27.00,92.00,7.28
2023-06-02,27.00,92.25,5.76
2023-06-02,27.00,92.50,3.53
2023-06-02,27.00,92.75,9.18
2023-06-02,27.00,93.00,15.26
2023-06-02,27.25,91.50,
2023-06-02,27.25,91.75,
2023-06-02,27.25,92.00,0.16
2023-06-02,27.25,92.25,2.13
2023-06-02,27.25,92.50,0.73
2023-06-02,27.25,92.75,1.39
2023-06-02,27.25,93.00,12.76
2023-06-02,27.50,91.50,
2023-06-02,27.50,91.75,0.14
2023-06-02,27.50,92.00,0.40
2023-06-02,27.50,92.25,1.19
2023-06-02,27.50,92.50,1.12
2023-06-02,27.50,92.75,2.70
2023-06-02,27.50,93.00,5.12
2023-06-02,27.75,91.50,0.00
2023-06-02,27.75,91.75,0.11
2023-06-02,27.75,92.00,0.44
2023-06-02,27.75,92.25,1.23
2023-06-02,27.75,92.50,1.30
2023-06-02,27.75,92.75,3.55
2023-06-02,27.75,93.00,3.89
2023-06-02,28.00,91.50,0.00
2023-06-02,28.00,91.75,0.07
2023-06-02,28.00,92.00,0.00
2023-06-02,28.00,92.25,0.45
2023-06-02,28.00,92.50,0.85
2023-06-02,28.00,92.75,1.35
2023-06-02,28.00,93.00,2.68
2023-06-03,25.75,91.50,0.00
2023-06-03,25.75,91.75,0.00
2023-06-03,25.75,92.00,0.00
2023-06-03,25.75,92.25,0.90
2023-06-03,25.75,92.50,0.17
2023-06-03,25.75,92.75,0.01
2023-06-03,25.75,93.00,0.00
2023-06-03,26.00,91.50,0.00
2023-06-03,26.00,91.75,0.00
2023-06-03,26.00,92.00,0.00
2023-06-03,26.00,92.25,0.60
2023-06-03,26.00,92.50,1.42
2023-06-03,26.00,92.75,0.38
2023-06-03,26.00,93.00,0.00
2023-06-03,26.25,91.50,0.00
2023-06-03,26.25,91.75,0.00
2023-06-03,26.25,92.00,0.05
2023-06-03,26.25,92.25,3.35
2023-06-03,26.25,92.50,3.08
2023-06-03,26.25,92.75,0.86
2023-06-03,26.25,93.00,0.00
2023-06-03,26.50,91.50,0.00
2023-06-03,26.50,91.75,0.00
2023-06-03,26.50,92.00,0.00
2023-06-03,26.50,92.25,0.00
2023-06-03,26.50,92.50,0.16
2023-06-03,26.50,92.75,0.62
2023-06-03,26.50,93.00,0.66
2023-06-03,26.75,91.50,0.00
2023-06-03,26.75,91.75,0.00
2023-06-03,26.75,92.00,0.00
2023-06-03,26.75,92.25,0.00
2023-06-03,26.75,92.50,1.25
2023-06-03,26.75,92.75,3.24
2023-06-03,26.75,93.00,0.87
2023-06-03,27.00,91.50,0.00
2023-06-03,27.00,91.75,0.00
2023-06-03,27.00,92.00,0.00
2023-06-03,27.00,92.25,14.41
2023-06-03,27.00,92.50,10.43
2023-06-03,27.00,92.75,6.07
2023-06-03,27.00,93.00,1.65
2023-06-03,27.25,91.50,
2023-06-03,27.25,91.75,
2023-06-03,27.25,92.00,0.19
2023-06-03,27.25,92.25,6.29
2023-06-03,27.25,92.50,4.52
2023-06-03,27.25,92.75,4.13
2023-06-03,27.25,93.00,2.06
2023-06-03,27.50,91.50,
2023-06-03,27.50,91.75,0.38
2023-06-03,27.50,92.00,1.09
2023-06-03,27.50,92.25,4.14
2023-06-03,27.50,92.50,4.09
2023-06-03,27.50,92.75,4.53
2023-06-03,27.50,93.00,1.94
2023-06-03,27.75,91.50,0.00
2023-06-03,27.75,91.75,0.30
2023-06-03,27.75,92.00,1.20
2023-06-03,27.75,92.25,4.51
2023-06-03,27.75,92.50,5.19
2023-06-03,27.75,92.75,3.32
2023-06-03,27.75,93.00,1.33
2023-06-03,28.00,91.50,0.00
2023-06-03,28.00,91.75,0.20
2023-06-03,28.00,92.00,0.35
2023-06-03,28.00,92.25,2.47
2023-06-03,28.00,92.50,4.07
2023-06-03,28.00,92.75,1.92
2023-06-03,28.00,93.00,1.08
2023-06-04,25.75,91.50,0.00
2023-06-04,25.75,91.75,0.00
2023-06-04,25.75,92.00,0.00
2023-06-04,25.75,92.25,0.00
2023-06-04,25.75,92.50,0.00
2023-06-04,25.75,92.75,0.00
2023-06-04,25.75,93.00,0.00
2023-06-04,26.00,91.50,0.32
2023-06-04,26.00,91.75,0.00
2023-06-04,26.00,92.00,0.00
2023-06-04,26.00,92.25,0.00
2023-06-04,26.00,92.50,0.00
2023-06-04,26.00,92.75,0.00
2023-06-04,26.00,93.00,0.00
2023-06-04,26.25,91.50,0.93
2023-06-04,26.25,91.75,0.00
2023-06-04,26.25,92.00,0.00
2023-06-04,26.25,92.25,0.00
2023-06-04,26.25,92.50,0.83
2023-06-04,26.25,92.75,1.14
2023-06-04,26.25,93.00,0.00
2023-06-04,26.50,91.50,2.16
2023-06-04,26.50,91.75,0.09
2023-06-04,26.50,92.00,0.33
2023-06-04,26.50,92.25,1.73
2023-06-04,26.50,92.50,3.65
2023-06-04,26.50,92.75,3.06
2023-06-04,26.50,93.00,1.12
2023-06-04,26.75,91.50,8.80
2023-06-04,26.75,91.75,0.07
2023-06-04,26.75,92.00,0.93
2023-06-04,26.75,92.25,2.07
2023-06-04,26.75,92.50,7.78
2023-06-04,26.75,92.75,15.53
2023-06-04,26.75,93.00,19.73
2023-06-04,27.00,91.50,6.45
2023-06-04,27.00,91.75,0.06
2023-06-04,27.00,92.00,0.32
2023-06-04,27.00,92.25,48.37
2023-06-04,27.00,92.50,32.86
2023-06-04,27.00,92.75,22.88
2023-06-04,27.00,93.00,25.29
2023-06-04,27.25,91.50,
2023-06-04,27.25,91.75,
2023-06-04,27.25,92.00,0.63
2023-06-04,27.25,92.25,19.47
2023-06-04,27.25,92.50,6.77
2023-06-04,27.25,92.75,5.78
2023-06-04,27.25,93.00,22.41
2023-06-04,27.50,91.50,
2023-06-04,27.50,91.75,1.28
2023-06-04,27.50,92.00,3.64
2023-06-04,27.50,92.25,10.87
2023-06-04,27.50,92.50,6.74
2023-06-04,27.50,92.75,8.43
2023-06-04,27.50,93.00,8.95
2023-06-04,27.75,91.50,0.11
2023-06-04,27.75,91.75,1.02
2023-06-04,27.75,92.00,4.03
2023-06-04,27.75,92.25,11.20
2023-06-04,27.75,92.50,11.76
2023-06-04,27.75,92.75,7.02
2023-06-04,27.75,93.00,6.70
2023-06-04,28.00,91.50,0.05
2023-06-04,28.00,91.75,0.68
2023-06-04,28.00,92.00,0.00
2023-06-04,28.00,92.25,4.15
2023-06-04,28.00,92.50,7.61
2023-06-04,28.00,92.75,1.44
2023-06-04,28.00,93.00,4.48
2023-06-05,25.75,91.50,0.10
2023-06-05,25.75,91.75,1.29
2023-06-05,25.75,92.00,2.92
2023-06-05,25.75,92.25,0.00
2023-06-05,25.75,92.50,0.00
2023-06-05,25.75,92.75,0.04
2023-06-05,25.75,93.00,1.54
2023-06-05,26.00,91.50,0.00
2023-06-05,26.00,91.75,0.00
2023-06-05,26.00,92.00,0.00
2023-06-05,26.00,92.25,0.00
2023-06-05,26.00,92.50,0.00
2023-06-05,26.00,92.75,0.84
2023-06-05,26.00,93.00,1.45
2023-06-05,26.25,91.50,0.00
2023-06-05,26.25,91.75,0.00
2023-06-05,26.25,92.00,0.00
2023-06-05,26.25,92.25,0.00
2023-06-05,26.25,92.50,0.02
2023-06-05,26.25,92.75,0.69
2023-06-05,26.25,93.00,0.96
2023-06-05,26.50,91.50,0.00
2023-06-05,26.50,91.75,0.15
2023-06-05,26.50,92.00,0.00
2023-06-05,26.50,92.25,0.05
2023-06-05,26.50,92.50,0.07
2023-06-05,26.50,92.75,0.06
2023-06-05,26.50,93.00,0.00
2023-06-05,26.75,91.50,0.06
2023-06-05,26.75,91.75,0.48
2023-06-05,26.75,92.00,0.01
2023-06-05,26.75,92.25,0.05
2023-06-05,26.75,92.50,0.07
2023-06-05,26.75,92.75,0.07
2023-06-05,26.75,93.00,0.31
2023-06-05,27.00,91.50,0.06
2023-06-05,27.00,91.75,0.06
2023-06-05,27.00,92.00,0.03
2023-06-05,27.00,92.25,0.00
2023-06-05,27.00,92.50,0.01
2023-06-05,27.00,92.75,0.00
2023-06-05,27.00,93.00,0.30
2023-06-05,27.25,91.50,
2023-06-05,27.25,91.75,
2023-06-05,27.25,92.00,0.10
2023-06-05,27.25,92.25,0.05
2023-06-05,27.25,92.50,0.01
2023-06-05,27.25,92.75,0.02
2023-06-05,27.25,93.00,0.30
2023-06-05,27.50,91.50,
2023-06-05,27.50,91.75,0.01
2023-06-05,27.50,92.00,0.06
2023-06-05,27.50,92.25,0.05
2023-06-05,27.50,92.50,0.02
2023-06-05,27.50,92.75,0.00
2023-06-05,27.50,93.00,0.12
2023-06-05,27.75,91.50,0.00
2023-06-05,27.75,91.75,0.01
2023-06-05,27.75,92.00,0.04
2023-06-05,27.75,92.25,0.03
2023-06-05,27.75,92.50,0.02
2023-06-05,27.75,92.75,0.00
2023-06-05,27.75,93.00,0.10
2023-06-05,28.00,91.50,0.01
2023-06-05,28.00,91.75,0.01
2023-06-05,28.00,92.00,0.03
2023-06-05,28.00,92.25,0.03
2023-06-05,28.00,92.50,0.02
2023-06-05,28.00,92.75,0.01
2023-06-05,28.00,93.00,0.07
2023-06-06,25.75,91.50,0.00
2023-06-06,25.75,91.75,0.66
2023-06-06,25.75,92.00,1.82
2023-06-06,25.75,92.25,0.00
2023-06-06,25.75,92.50,0.00
2023-06-06,25.75,92.75,0.00
2023-06-06,25.75,93.00,0.00
2023-06-06,26.00,91.50,0.00
2023-06-06,26.00,91.75,0.00
2023-06-06,26.00,92.00,0.00
2023-06-06,26.00,92.25,0.00
2023-06-06,26.00,92.50,0.00
2023-06-06,26.00,92.75,0.00
2023-06-06,26.00,93.00,0.00
2023-06-06,26.25,91.50,0.00
2023-06-06,26.25,91.75,0.00
2023-06-06,26.25,92.00,0.00
2023-06-06,26.25,92.25,0.00
2023-06-06,26.25,92.50,0.00
2023-06-06,26.25,92.75,0.00
2023-06-06,26.25,93.00,0.00
2023-06-06,26.50,91.50,0.00
2023-06-06,26.50,91.75,0.00
2023-06-06,26.50,92.00,0.00
2023-06-06,26.50,92.25,0.00
2023-06-06,26.50,92.50,0.00
2023-06-06,26.50,92.75,0.00
2023-06-06,26.50,93.00,0.00
2023-06-06,26.75,91.50,0.00
2023-06-06,26.75,91.75,0.00
2023-06-06,26.75,92.00,0.00
2023-06-06,26.75,92.25,0.00
2023-06-06,26.75,92.50,0.00
2023-06-06,26.75,92.75,0.00
2023-06-06,26.75,93.00,0.00
2023-06-06,27.00,91.50,0.00
2023-06-06,27.00,91.75,0.00
2023-06-06,27.00,92.00,0.00
2023-06-06,27.00,92.25,0.00
2023-06-06,27.00,92.50,0.00
2023-06-06,27.00,92.75,0.00
2023-06-06,27.00,93.00,0.00
2023-06-06,27.25,91.50,
2023-06-06,27.25,91.75,
2023-06-06,27.25,92.00,0.00
2023-06-06,27.25,92.25,0.00
2023-06-06,27.25,92.50,0.00
2023-06-06,27.25,92.75,0.00
2023-06-06,27.25,93.00,0.00
2023-06-06,27.50,91.50,
2023-06-06,27.50,91.75,0.00
2023-06-06,27.50,92.00,0.00
2023-06-06,27.50,92.25,0.00
2023-06-06,27.50,92.50,0.00
2023-06-06,27.50,92.75,0.00
2023-06-06,27.50,93.00,0.00
2023-06-06,27.75,91.50,0.00
2023-06-06,27.75,91.75,0.00
2023-06-06,27.75,92.00,0.00
2023-06-06,27.75,92.25,0.00
2023-06-06,27.75,92.50,0.00
2023-06-06,27.75,92.75,0.00
2023-06-06,27.75,93.00,0.00
2023-06-06,28.00,91.50,0.00
2023-06-06,28.00,91.75,0.00
2023-06-06,28.00,92.00,0.00
2023-06-06,28.00,92.25,0.00
2023-06-06,28.00,92.50,0.00
2023-06-06,28.00,92.75,0.00
2023-06-06,28.00,93.00,0.00
2023-06-07,25.75,91.50,4.21
2023-06-07,25.75,91.75,7.37
2023-06-07,25.75,92.00,9.64
2023-06-07,25.75,92.25,0.00
2023-06-07,25.75,92.50,0.00
2023-06-07,25.75,92.75,0.00
2023-06-07,25.75,93.00,0.02
2023-06-07,26.00,91.50,0.29
2023-06-07,26.00,91.75,2.28
2023-06-07,26.00,92.00,0.00
2023-06-07,26.00,92.25,0.00
2023-06-07,26.00,92.50,0.00
2023-06-07,26.00,92.75,0.00
2023-06-07,26.00,93.00,0.03
2023-06-07,26.25,91.50,0.00
2023-06-07,26.25,91.75,0.00
2023-06-07,26.25,92.00,0.00
2023-06-07,26.25,92.25,0.00
2023-06-07,26.25,92.50,0.00
2023-06-07,26.25,92.75,0.00
2023-06-07,26.25,93.00,0.00
2023-06-07,26.50,91.50,0.00
2023-06-07,26.50,91.75,0.00
2023-06-07,26.50,92.00,0.00
2023-06-07,26.50,92.25,0.00
2023-06-07,26.50,92.50,0.00
2023-06-07,26.50,92.75,0.00
2023-06-07,26.50,93.00,0.00
2023-06-07,26.75,91.50,0.00
2023-06-07,26.75,91.75,0.00
2023-06-07,26.75,92.00,0.00
2023-06-07,26.75,92.25,0.00
2023-06-07,26.75,92.50,0.00
2023-06-07,26.75,92.75,0.00
2023-06-07,26.75,93.00,0.00
2023-06-07,27.00,91.50,0.00
2023-06-07,27.00,91.75,0.00
2023-06-07,27.00,92.00,0.03
2023-06-07,27.00,92.25,0.00
2023-06-07,27.00,92.50,0.00
2023-06-07,27.00,92.75,0.00
2023-06-07,27.00,93.00,0.00
2023-06-07,27.25,91.50,
2023-06-07,27.25,91.75,
2023-06-07,27.25,92.00,0.10
2023-06-07,27.25,92.25,0.05
2023-06-07,27.25,92.50,0.01
2023-06-07,27.25,92.75,0.00
2023-06-07,27.25,93.00,0.00
2023-06-07,27.50,91.50,
2023-06-07,27.50,91.75,0.01
2023-06-07,27.50,92.00,0.06
2023-06-07,27.50,92.25,0.05
2023-06-07,27.50,92.50,0.02
2023-06-07,27.50,92.75,0.00
2023-06-07,27.50,93.00,0.00
2023-06-07,27.75,91.50,0.00
2023-06-07,27.75,91.75,0.01
2023-06-07,27.75,92.00,0.04
2023-06-07,27.75,92.25,0.03
2023-06-07,27.75,92.50,0.02
2023-06-07,27.75,92.75,0.00
2023-06-07,27.75,93.00,0.00
2023-06-07,28.00,91.50,0.01
2023-06-07,28.00,91.75,0.01
2023-06-07,28.00,92.00,0.03
2023-06-07,28.00,92.25,0.03
2023-06-07,28.00,92.50,0.02
2023-06-07,28.00,92.75,0.01
2023-06-07,28.00,93.00,0.00
2023-06-08,25.75,91.50,1.25
2023-06-08,25.75,91.75,1.72
2023-06-08,25.75,92.00,0.17
2023-06-08,25.75,92.25,0.30
2023-06-08,25.75,92.50,0.09
2023-06-08,25.75,92.75,0.00
2023-06-08,25.75,93.00,0.93
2023-06-08,26.00,91.50,0.06
2023-06-08,26.00,91.75,0.49
2023-06-08,26.00,92.00,0.00
2023-06-08,26.00,92.25,0.00
2023-06-08,26.00,92.50,0.00
2023-06-08,26.00,92.75,0.00
2023-06-08,26.00,93.00,1.95
2023-06-08,26.25,91.50,0.00
2023-06-08,26.25,91.75,0.00
2023-06-08,26.25,92.00,0.00
2023-06-08,26.25,92.25,0.00
2023-06-08,26.25,92.50,0.00
2023-06-08,26.25,92.75,0.00
2023-06-08,26.25,93.00,0.00
2023-06-08,26.50,91.50,0.00
2023-06-08,26.50,91.75,0.00
2023-06-08,26.50,92.00,0.00
2023-06-08,26.50,92.25,0.00
2023-06-08,26.50,92.50,0.00
2023-06-08,26.50,92.75,0.00
2023-06-08,26.50,93.00,0.00
2023-06-08,26.75,91.50,0.00
2023-06-08,26.75,91.75,0.00
2023-06-08,26.75,92.00,0.00
2023-06-08,26.75,92.25,0.00
2023-06-08,26.75,92.50,0.00
2023-06-08,26.75,92.75,0.00
2023-06-08,26.75,93.00,0.00
2023-06-08,27.00,91.50,0.00
2023-06-08,27.00,91.75,0.00
2023-06-08,27.00,92.00,0.00
2023-06-08,27.00,92.25,0.00
2023-06-08,27.00,92.50,0.00
2023-06-08,27.00,92.75,0.00
2023-06-08,27.00,93.00,0.00
2023-06-08,27.25,91.50,
2023-06-08,27.25,91.75,
2023-06-08,27.25,92.00,0.00
2023-06-08,27.25,92.25,0.00
2023-06-08,27.25,92.50,0.00
2023-06-08,27.25,92.75,0.00
2023-06-08,27.25,93.00,0.00
2023-06-08,27.50,91.50,
2023-06-08,27.50,91.75,0.00
2023-06-08,27.50,92.00,0.00
2023-06-08,27.50,92.25,0.00
2023-06-08,27.50,92.50,0.00
2023-06-08,27.50,92.75,0.00
2023-06-08,27.50,93.00,0.00
2023-06-08,27.75,91.50,0.00
2023-06-08,27.75,91.75,0.00
2023-06-08,27.75,92.00,0.00
2023-06-08,27.75,92.25,0.00
2023-06-08,27.75,92.50,0.00
2023-06-08,27.75,92.75,0.00
2023-06-08,27.75,93.00,0.00
2023-06-08,28.00,91.50,0.00
2023-06-08,28.00,91.75,0.00
2023-06-08,28.00,92.00,0.00
2023-06-08,28.00,92.25,0.00
2023-06-08,28.00,92.50,0.00
2023-06-08,28.00,92.75,0.00
2023-06-08,28.00,93.00,0.00
2023-06-09,25.75,91.50,58.24
2023-06-09,25.75,91.75,60.26
2023-06-09,25.75,92.00,24.72
2023-06-09,25.75,92.25,6.02
2023-06-09,25.75,92.50,0.90
2023-06-09,25.75,92.75,3.96
2023-06-09,25.75,93.00,10.73
2023-06-09,26.00,91.50,48.95
2023-06-09,26.00,91.75,45.80
2023-06-09,26.00,92.00,15.55
2023-06-09,26.00,92.25,14.15
2023-06-09,26.00,92.50,4.48
2023-06-09,26.00,92.75,6.80
2023-06-09,26.00,93.00,10.19
2023-06-09,26.25,91.50,20.20
2023-06-09,26.25,91.75,31.54
2023-06-09,26.25,92.00,51.12
2023-06-09,26.25,92.25,1.38
2023-06-09,26.25,92.50,1.50
2023-06-09,26.25,92.75,7.49
2023-06-09,26.25,93.00,6.91
2023-06-09,26.50,91.50,1.23
2023-06-09,26.50,91.75,14.46
2023-06-09,26.50,92.00,28.60
2023-06-09,26.50,92.25,3.58
2023-06-09,26.50,92.50,7.46
2023-06-09,26.50,92.75,6.01
2023-06-09,26.50,93.00,4.60
2023-06-09,26.75,91.50,3.77
2023-06-09,26.75,91.75,0.37
2023-06-09,26.75,92.00,14.85
2023-06-09,26.75,92.25,9.00
2023-06-09,26.75,92.50,7.96
2023-06-09,26.75,92.75,7.22
2023-06-09,26.75,93.00,0.83
2023-06-09,27.00,91.50,6.65
2023-06-09,27.00,91.75,9.25
2023-06-09,27.00,92.00,11.54
2023-06-09,27.00,92.25,8.60
2023-06-09,27.00,92.50,7.46
2023-06-09,27.00,92.75,5.17
2023-06-09,27.00,93.00,0.32
2023-06-09,27.25,91.50,
2023-06-09,27.25,91.75,
2023-06-09,27.25,92.00,9.43
2023-06-09,27.25,92.25,8.40
2023-06-09,27.25,92.50,5.99
2023-06-09,27.25,92.75,5.21
2023-06-09,27.25,93.00,1.75
2023-06-09,27.50,91.50,
2023-06-09,27.50,91.75,32.57
2023-06-09,27.50,92.00,17.05
2023-06-09,27.50,92.25,8.05
2023-06-09,27.50,92.50,6.27
2023-06-09,27.50,92.75,5.20
2023-06-09,27.50,93.00,3.87
2023-06-09,27.75,91.50,40.37
2023-06-09,27.75,91.75,35.28
2023-06-09,27.75,92.00,23.09
2023-06-09,27.75,92.25,10.32
2023-06-09,27.75,92.50,6.86
2023-06-09,27.75,92.75,4.88
2023-06-09,27.75,93.00,4.26
2023-06-09,28.00,91.50,39.08
2023-06-09,28.00,91.75,35.56
2023-06-09,28.00,92.00,27.84
2023-06-09,28.00,92.25,15.40
2023-06-09,28.00,92.50,6.70
2023-06-09,28.00,92.75,5.36
2023-06-09,28.00,93.00,4.63
2023-06-10,25.75,91.50,25.22
2023-06-10,25.75,91.75,25.83
2023-06-10,25.75,92.00,16.01
2023-06-10,25.75,92.25,5.73
2023-06-10,25.75,92.50,2.86
2023-06-10,25.75,92.75,3.32
2023-06-10,25.75,93.00,20.77
2023-06-10,26.00,91.50,17.96
2023-06-10,26.00,91.75,22.39
2023-06-10,26.00,92.00,15.19
2023-06-10,26.00,92.25,6.83
2023-06-10,26.00,92.50,3.28
2023-06-10,26.00,92.75,12.29
2023-06-10,26.00,93.00,20.01
2023-06-10,26.25,91.50,6.88
2023-06-10,26.25,91.75,20.31
2023-06-10,26.25,92.00,27.13
2023-06-10,26.25,92.25,21.79
2023-06-10,26.25,92.50,20.21
2023-06-10,26.25,92.75,25.29
2023-06-10,26.25,93.00,14.79
2023-06-10,26.50,91.50,1.63
2023-06-10,26.50,91.75,9.84
2023-06-10,26.50,92.00,24.26
2023-06-10,26.50,92.25,30.94
2023-06-10,26.50,92.50,7.17
2023-06-10,26.50,92.75,11.46
2023-06-10,26.50,93.00,2.44
2023-06-10,26.75,91.50,7.28
2023-06-10,26.75,91.75,1.32
2023-06-10,26.75,92.00,33.48
2023-06-10,26.75,92.25,8.47
2023-06-10,26.75,92.50,6.26
2023-06-10,26.75,92.75,10.05
2023-06-10,26.75,93.00,7.56
2023-06-10,27.00,91.50,6.86
2023-06-10,27.00,91.75,8.94
2023-06-10,27.00,92.00,15.75
2023-06-10,27.00,92.25,30.74
2023-06-10,27.00,92.50,24.68
2023-06-10,27.00,92.75,19.26
2023-06-10,27.00,93.00,10.84
2023-06-10,27.25,91.50,
2023-06-10,27.25,91.75,
2023-06-10,27.25,92.00,4.67
2023-06-10,27.25,92.25,16.67
2023-06-10,27.25,92.50,17.95
2023-06-10,27.25,92.75,18.12
2023-06-10,27.25,93.00,13.67
2023-06-10,27.50,91.50,
2023-06-10,27.50,91.75,27.10
2023-06-10,27.50,92.00,13.81
2023-06-10,27.50,92.25,13.82
2023-06-10,27.50,92.50,16.49
2023-06-10,27.50,92.75,18.51
2023-06-10,27.50,93.00,14.05
2023-06-10,27.75,91.50,33.38
2023-06-10,27.75,91.75,29.32
2023-06-10,27.75,92.00,19.68
2023-06-10,27.75,92.25,17.38
2023-06-10,27.75,92.50,17.45
2023-06-10,27.75,92.75,16.45
2023-06-10,27.75,93.00,12.86
2023-06-10,28.00,91.50,32.20
2023-06-10,28.00,91.75,29.32
2023-06-10,28.00,92.00,23.53
2023-06-10,28.00,92.25,18.57
2023-06-10,28.00,92.50,15.82
2023-06-10,28.00,92.75,13.88
2023-06-10,28.00,93.00,12.46
2023-06-11,25.75,91.50,57.47
2023-06-11,25.75,91.75,56.90
2023-06-11,25.75,92.00,30.73
2023-06-11,25.75,92.25,38.06
2023-06-11,25.75,92.50,43.03
2023-06-11,25.75,92.75,31.56
2023-06-11,25.75,93.00,36.83
2023-06-11,26.00,91.50,49.72
2023-06-11,26.00,91.75,41.82
2023-06-11,26.00,92.00,9.83
2023-06-11,26.00,92.25,9.90
2023-06-11,26.00,92.50,29.89
2023-06-11,26.00,92.75,35.60
2023-06-11,26.00,93.00,36.83
2023-06-11,26.25,91.50,38.35
2023-06-11,26.25,91.75,23.91
2023-06-11,26.25,92.00,23.65
2023-06-11,26.25,92.25,18.91
2023-06-11,26.25,92.50,26.14
2023-06-11,26.25,92.75,30.27
2023-06-11,26.25,93.00,37.31
2023-06-11,26.50,91.50,26.79
2023-06-11,26.50,91.75,25.36
2023-06-11,26.50,92.00,50.87
2023-06-11,26.50,92.25,31.22
2023-06-11,26.50,92.50,42.45
2023-06-11,26.50,92.75,39.04
2023-06-11,26.50,93.00,34.71
2023-06-11,26.75,91.50,35.33
2023-06-11,26.75,91.75,2.27
2023-06-11,26.75,92.00,88.86
2023-06-11,26.75,92.25,48.89
2023-06-11,26.75,92.50,50.68
2023-06-11,26.75,92.75,62.73
2023-06-11,26.75,93.00,57.86
2023-06-11,27.00,91.50,28.70
2023-06-11,27.00,91.75,15.63
2023-06-11,27.00,92.00,38.01
2023-06-11,27.00,92.25,101.19
2023-06-11,27.00,92.50,77.35
2023-06-11,27.00,92.75,68.20
2023-06-11,27.00,93.00,70.96
2023-06-11,27.25,91.50,
2023-06-11,27.25,91.75,
2023-06-11,27.25,92.00,4.95
2023-06-11,27.25,92.25,44.45
2023-06-11,27.25,92.50,30.17
2023-06-11,27.25,92.75,29.87
2023-06-11,27.25,93.00,62.50
2023-06-11,27.50,91.50,
2023-06-11,27.50,91.75,13.58
2023-06-11,27.50,92.00,13.78
2023-06-11,27.50,92.25,29.82
2023-06-11,27.50,92.50,28.52
2023-06-11,27.50,92.75,37.37
2023-06-11,27.50,93.00,44.69
2023-06-11,27.75,91.50,12.54
2023-06-11,27.75,91.75,13.36
2023-06-11,27.75,92.00,16.22
2023-06-11,27.75,92.25,32.17
2023-06-11,27.75,92.50,36.55
2023-06-11,27.75,92.75,42.09
2023-06-11,27.75,93.00,47.58
2023-06-11,28.00,91.50,12.20
2023-06-11,28.00,91.75,12.60
2023-06-11,28.00,92.00,10.93
2023-06-11,28.00,92.25,19.98
2023-06-11,28.00,92.50,29.98
2023-06-11,28.00,92.75,33.00
2023-06-11,28.00,93.00,47.01
2023-06-12,25.75,91.50,20.70
2023-06-12,25.75,91.75,24.67
2023-06-12,25.75,92.00,13.11
2023-06-12,25.75,92.25,21.50
2023-06-12,25.75,92.50,25.37
2023-06-12,25.75,92.75,14.29
2023-06-12,25.75,93.00,11.53
2023-06-12,26.00,91.50,4.71
2023-06-12,26.00,91.75,18.80
2023-06-12,26.00,92.00,15.34
2023-06-12,26.00,92.25,6.09
2023-06-12,26.00,92.50,16.08
2023-06-12,26.00,92.75,14.24
2023-06-12,26.00,93.00,11.17
2023-06-12,26.25,91.50,6.98
2023-06-12,26.25,91.75,26.46
2023-06-12,26.25,92.00,34.67
2023-06-12,26.25,92.25,10.63
2023-06-12,26.25,92.50,11.97
2023-06-12,26.25,92.75,14.06
2023-06-12,26.25,93.00,22.74
2023-06-12,26.50,91.50,0.00
2023-06-12,26.50,91.75,8.80
2023-06-12,26.50,92.00,13.97
2023-06-12,26.50,92.25,16.27
2023-06-12,26.50,92.50,15.05
2023-06-12,26.50,92.75,14.74
2023-06-12,26.50,93.00,58.29
2023-06-12,26.75,91.50,0.12
2023-06-12,26.75,91.75,1.01
2023-06-12,26.75,92.00,1.70
2023-06-12,26.75,92.25,7.09
2023-06-12,26.75,92.50,16.46
2023-06-12,26.75,92.75,24.86
2023-06-12,26.75,93.00,92.52
2023-06-12,27.00,91.50,11.98
2023-06-12,27.00,91.75,26.46
2023-06-12,27.00,92.00,24.47
2023-06-12,27.00,92.25,41.29
2023-06-12,27.00,92.50,30.51
2023-06-12,27.00,92.75,38.73
2023-06-12,27.00,93.00,87.12
2023-06-12,27.25,91.50,
2023-06-12,27.25,91.75,
2023-06-12,27.25,92.00,48.40
2023-06-12,27.25,92.25,40.23
2023-06-12,27.25,92.50,16.94
2023-06-12,27.25,92.75,16.10
2023-06-12,27.25,93.00,60.29
2023-06-12,27.50,91.50,
2023-06-12,27.50,91.75,16.12
2023-06-12,27.50,92.00,36.12
2023-06-12,27.50,92.25,35.81
2023-06-12,27.50,92.50,22.16
2023-06-12,27.50,92.75,19.22
2023-06-12,27.50,93.00,32.17
2023-06-12,27.75,91.50,7.66
2023-06-12,27.75,91.75,13.54
2023-06-12,27.75,92.00,28.28
2023-06-12,27.75,92.25,29.96
2023-06-12,27.75,92.50,26.22
2023-06-12,27.75,92.75,21.85
2023-06-12,27.75,93.00,29.03
2023-06-12,28.00,91.50,9.23
2023-06-12,28.00,91.75,13.54
2023-06-12,28.00,92.00,18.98
2023-06-12,28.00,92.25,23.49
2023-06-12,28.00,92.50,24.66
2023-06-12,28.00,92.75,18.77
2023-06-12,28.00,93.00,24.99
2023-06-13,25.75,91.50,26.66
2023-06-13,25.75,91.75,22.39
2023-06-13,25.75,92.00,2.87
2023-06-13,25.75,92.25,0.60
2023-06-13,25.75,92.50,0.31
2023-06-13,25.75,92.75,1.18
2023-06-13,25.75,93.00,0.93
2023-06-13,26.00,91.50,65.80
2023-06-13,26.00,91.75,33.15
2023-06-13,26.00,92.00,7.20
2023-06-13,26.00,92.25,0.13
2023-06-13,26.00,92.50,0.07
2023-06-13,26.00,92.75,0.80
2023-06-13,26.00,93.00,0.98
2023-06-13,26.25,91.50,25.18
2023-06-13,26.25,91.75,14.56
2023-06-13,26.25,92.00,12.08
2023-06-13,26.25,92.25,0.48
2023-06-13,26.25,92.50,1.44
2023-06-13,26.25,92.75,2.73
2023-06-13,26.25,93.00,3.69
2023-06-13,26.50,91.50,16.59
2023-06-13,26.50,91.75,4.01
2023-06-13,26.50,92.00,4.80
2023-06-13,26.50,92.25,2.92
2023-06-13,26.50,92.50,6.81
2023-06-13,26.50,92.75,5.58
2023-06-13,26.50,93.00,7.77
2023-06-13,26.75,91.50,8.47
2023-06-13,26.75,91.75,0.55
2023-06-13,26.75,92.00,0.09
2023-06-13,26.75,92.25,3.91
2023-06-13,26.75,92.50,9.45
2023-06-13,26.75,92.75,12.88
2023-06-13,26.75,93.00,7.06
2023-06-13,27.00,91.50,7.17
2023-06-13,27.00,91.75,5.07
2023-06-13,27.00,92.00,1.91
2023-06-13,27.00,92.25,33.79
2023-06-13,27.00,92.50,23.54
2023-06-13,27.00,92.75,11.93
2023-06-13,27.00,93.00,6.36
2023-06-13,27.25,91.50,
2023-06-13,27.25,91.75,
2023-06-13,27.25,92.00,0.49
2023-06-13,27.25,92.25,14.75
2023-06-13,27.25,92.50,4.83
2023-06-13,27.25,92.75,3.24
2023-06-13,27.25,93.00,5.16
2023-06-13,27.50,91.50,
2023-06-13,27.50,91.75,0.78
2023-06-13,27.50,92.00,0.66
2023-06-13,27.50,92.25,4.31
2023-06-13,27.50,92.50,3.90
2023-06-13,27.50,92.75,5.13
2023-06-13,27.50,93.00,5.57
2023-06-13,27.75,91.50,1.29
2023-06-13,27.75,91.75,1.18
2023-06-13,27.75,92.00,0.84
2023-06-13,27.75,92.25,3.98
2023-06-13,27.75,92.50,5.41
2023-06-13,27.75,92.75,6.04
2023-06-13,27.75,93.00,8.27
2023-06-13,28.00,91.50,1.21
2023-06-13,28.00,91.75,1.09
2023-06-13,28.00,92.00,0.50
2023-06-13,28.00,92.25,0.16
2023-06-13,28.00,92.50,3.12
2023-06-13,28.00,92.75,4.90
2023-06-13,28.00,93.00,9.34
2023-06-14,25.75,91.50,52.82
2023-06-14,25.75,91.75,51.56
2023-06-14,25.75,92.00,30.09
2023-06-14,25.75,92.25,22.92
2023-06-14,25.75,92.50,18.73
2023-06-14,25.75,92.75,33.35
2023-06-14,25.75,93.00,16.06
2023-06-14,26.00,91.50,20.45
2023-06-14,26.00,91.75,30.04
2023-06-14,26.00,92.00,22.80
2023-06-14,26.00,92.25,22.22
2023-06-14,26.00,92.50,17.75
2023-06-14,26.00,92.75,20.50
2023-06-14,26.00,93.00,15.39
2023-06-14,26.25,91.50,1.70
2023-06-14,26.25,91.75,23.73
2023-06-14,26.25,92.00,27.19
2023-06-14,26.25,92.25,8.05
2023-06-14,26.25,92.50,13.04
2023-06-14,26.25,92.75,9.42
2023-06-14,26.25,93.00,17.86
2023-06-14,26.50,91.50,11.01
2023-06-14,26.50,91.75,18.70
2023-06-14,26.50,92.00,35.50
2023-06-14,26.50,92.25,21.46
2023-06-14,26.50,92.50,25.84
2023-06-14,26.50,92.75,23.71
2023-06-14,26.50,93.00,27.51
2023-06-14,26.75,91.50,1.23
2023-06-14,26.75,91.75,1.10
2023-06-14,26.75,92.00,36.98
2023-06-14,26.75,92.25,42.80
2023-06-14,26.75,92.50,30.28
2023-06-14,26.75,92.75,35.10
2023-06-14,26.75,93.00,59.01
2023-06-14,27.00,91.50,0.54
2023-06-14,27.00,91.75,3.65
2023-06-14,27.00,92.00,16.89
2023-06-14,27.00,92.25,24.97
2023-06-14,27.00,92.50,26.17
2023-06-14,27.00,92.75,45.35
2023-06-14,27.00,93.00,71.01
2023-06-14,27.25,91.50,
2023-06-14,27.25,91.75,
2023-06-14,27.25,92.00,0.37
2023-06-14,27.25,92.25,13.68
2023-06-14,27.25,92.50,22.97
2023-06-14,27.25,92.75,27.43
2023-06-14,27.25,93.00,58.92
2023-06-14,27.50,91.50,
2023-06-14,27.50,91.75,1.04
2023-06-14,27.50,92.00,0.31
2023-06-14,27.50,92.25,7.73
2023-06-14,27.50,92.50,22.13
2023-06-14,27.50,92.75,29.94
2023-06-14,27.50,93.00,33.63
2023-06-14,27.75,91.50,2.45
2023-06-14,27.75,91.75,1.81
2023-06-14,27.75,92.00,0.83
2023-06-14,27.75,92.25,8.55
2023-06-14,27.75,92.50,18.53
2023-06-14,27.75,92.75,29.59
2023-06-14,27.75,93.00,25.85
2023-06-14,28.00,91.50,2.12
2023-06-14,28.00,91.75,1.73
2023-06-14,28.00,92.00,2.54
2023-06-14,28.00,92.25,9.59
2023-06-14,28.00,92.50,16.93
2023-06-14,28.00,92.75,20.34
2023-06-14,28.00,93.00,20.45
2023-06-15,25.75,91.50,59.94
2023-06-15,25.75,91.75,52.00
2023-06-15,25.75,92.00,35.50
2023-06-15,25.75,92.25,39.38
2023-06-15,25.75,92.50,37.33
2023-06-15,25.75,92.75,20.64
2023-06-15,25.75,93.00,32.23
2023-06-15,26.00,91.50,31.50
2023-06-15,26.00,91.75,32.16
2023-06-15,26.00,92.00,13.55
2023-06-15,26.00,92.25,15.05
2023-06-15,26.00,92.50,25.03
2023-06-15,26.00,92.75,28.92
2023-06-15,26.00,93.00,30.65
2023-06-15,26.25,91.50,40.13
2023-06-15,26.25,91.75,21.17
2023-06-15,26.25,92.00,20.34
2023-06-15,26.25,92.25,16.60
2023-06-15,26.25,92.50,19.69
2023-06-15,26.25,92.75,26.98
2023-06-15,26.25,93.00,22.55
2023-06-15,26.50,91.50,25.55
2023-06-15,26.50,91.75,10.87
2023-06-15,26.50,92.00,36.07
2023-06-15,26.50,92.25,27.91
2023-06-15,26.50,92.50,23.75
2023-06-15,26.50,92.75,23.54
2023-06-15,26.50,93.00,14.08
2023-06-15,26.75,91.50,62.46
2023-06-15,26.75,91.75,2.72
2023-06-15,26.75,92.00,58.75
2023-06-15,26.75,92.25,30.76
2023-06-15,26.75,92.50,27.55
2023-06-15,26.75,92.75,33.31
2023-06-15,26.75,93.00,21.95
2023-06-15,27.00,91.50,68.57
2023-06-15,27.00,91.75,51.96
2023-06-15,27.00,92.00,43.78
2023-06-15,27.00,92.25,60.13
2023-06-15,27.00,92.50,48.08
2023-06-15,27.00,92.75,39.36
2023-06-15,27.00,93.00,28.38
2023-06-15,27.25,91.50,
2023-06-15,27.25,91.75,
2023-06-15,27.25,92.00,15.74
2023-06-15,27.25,92.25,35.01
2023-06-15,27.25,92.50,28.60
2023-06-15,27.25,92.75,27.86
2023-06-15,27.25,93.00,29.01
2023-06-15,27.50,91.50,
2023-06-15,27.50,91.75,8.74
2023-06-15,27.50,92.00,13.53
2023-06-15,27.50,92.25,18.97
2023-06-15,27.50,92.50,27.03
2023-06-15,27.50,92.75,30.18
2023-06-15,27.50,93.00,25.45
2023-06-15,27.75,91.50,8.28
2023-06-15,27.75,91.75,10.27
2023-06-15,27.75,92.00,12.61
2023-06-15,27.75,92.25,18.37
2023-06-15,27.75,92.50,26.59
2023-06-15,27.75,92.75,28.49
2023-06-15,27.75,93.00,24.28
2023-06-15,28.00,91.50,8.86
2023-06-15,28.00,91.75,9.68
2023-06-15,28.00,92.00,8.37
2023-06-15,28.00,92.25,14.63
2023-06-15,28.00,92.50,23.02
2023-06-15,28.00,92.75,23.68
2023-06-15,28.00,93.00,23.54
2023-06-16,25.75,91.50,24.96
2023-06-16,25.75,91.75,16.40
2023-06-16,25.75,92.00,28.86
2023-06-16,25.75,92.25,23.53
2023-06-16,25.75,92.50,15.24
2023-06-16,25.75,92.75,9.75
2023-06-16,25.75,93.00,18.23
2023-06-16,26.00,91.50,18.21
2023-06-16,26.00,91.75,10.54
2023-06-16,26.00,92.00,13.30
2023-06-16,26.00,92.25,24.01
2023-06-16,26.00,92.50,17.06
2023-06-16,26.00,92.75,15.21
2023-06-16,26.00,93.00,17.77
2023-06-16,26.25,91.50,26.75
2023-06-16,26.25,91.75,12.28
2023-06-16,26.25,92.00,11.22
2023-06-16,26.25,92.25,28.05
2023-06-16,26.25,92.50,37.06
2023-06-16,26.25,92.75,42.11
2023-06-16,26.25,93.00,20.37
2023-06-16,26.50,91.50,78.83
2023-06-16,26.50,91.75,24.98
2023-06-16,26.50,92.00,50.83
2023-06-16,26.50,92.25,54.40
2023-06-16,26.50,92.50,58.22
2023-06-16,26.50,92.75,54.37
2023-06-16,26.50,93.00,44.23
2023-06-16,26.75,91.50,116.82
2023-06-16,26.75,91.75,6.63
2023-06-16,26.75,92.00,104.97
2023-06-16,26.75,92.25,53.34
2023-06-16,26.75,92.50,56.75
2023-06-16,26.75,92.75,55.71
2023-06-16,26.75,93.00,62.40
2023-06-16,27.00,91.50,81.92
2023-06-16,27.00,91.75,46.84
2023-06-16,27.00,92.00,57.28
2023-06-16,27.00,92.25,39.82
2023-06-16,27.00,92.50,36.57
2023-06-16,27.00,92.75,41.26
2023-06-16,27.00,93.00,62.80
2023-06-16,27.25,91.50,
2023-06-16,27.25,91.75,
2023-06-16,27.25,92.00,16.30
2023-06-16,27.25,92.25,25.11
2023-06-16,27.25,92.50,20.35
2023-06-16,27.25,92.75,21.05
2023-06-16,27.25,93.00,54.34
2023-06-16,27.50,91.50,
2023-06-16,27.50,91.75,13.96
2023-06-16,27.50,92.00,14.33
2023-06-16,27.50,92.25,15.65
2023-06-16,27.50,92.50,18.66
2023-06-16,27.50,92.75,24.14
2023-06-16,27.50,93.00,40.12
2023-06-16,27.75,91.50,20.46
2023-06-16,27.75,91.75,18.85
2023-06-16,27.75,92.00,16.05
2023-06-16,27.75,92.25,14.92
2023-06-16,27.75,92.50,18.89
2023-06-16,27.75,92.75,31.00
2023-06-16,27.75,93.00,44.04
2023-06-16,28.00,91.50,19.30
2023-06-16,28.00,91.75,18.08
2023-06-16,28.00,92.00,14.50
2023-06-16,28.00,92.25,14.03
2023-06-16,28.00,92.50,16.87
2023-06-16,28.00,92.75,29.89
2023-06-16,28.00,93.00,44.09
2023-06-17,25.75,91.50,24.05
2023-06-17,25.75,91.75,23.96
2023-06-17,25.75,92.00,30.84
2023-06-17,25.75,92.25,18.76
2023-06-17,25.75,92.50,14.80
2023-06-17,25.75,92.75,9.69
2023-06-17,25.75,93.00,10.93
2023-06-17,26.00,91.50,23.97
2023-06-17,26.00,91.75,21.99
2023-06-17,26.00,92.00,19.39
2023-06-17,26.00,92.25,19.42
2023-06-17,26.00,92.50,18.19
2023-06-17,26.00,92.75,11.62
2023-06-17,26.00,93.00,12.37
2023-06-17,26.25,91.50,35.84
2023-06-17,26.25,91.75,26.53
2023-06-17,26.25,92.00,25.15
2023-06-17,26.25,92.25,20.14
2023-06-17,26.25,92.50,23.38
2023-06-17,26.25,92.75,18.53
2023-06-17,26.25,93.00,15.57
2023-06-17,26.50,91.50,42.54
2023-06-17,26.50,91.75,47.94
2023-06-17,26.50,92.00,48.53
2023-06-17,26.50,92.25,22.96
2023-06-17,26.50,92.50,26.54
2023-06-17,26.50,92.75,25.74
2023-06-17,26.50,93.00,16.93
2023-06-17,26.75,91.50,56.00
2023-06-17,26.75,91.75,51.22
2023-06-17,26.75,92.00,90.60
2023-06-17,26.75,92.25,34.22
2023-06-17,26.75,92.50,30.48
2023-06-17,26.75,92.75,37.34
2023-06-17,26.75,93.00,44.17
2023-06-17,27.00,91.50,43.95
2023-06-17,27.00,91.75,32.16
2023-06-17,27.00,92.00,40.89
2023-06-17,27.00,92.25,60.46
2023-06-17,27.00,92.50,46.77
2023-06-17,27.00,92.75,43.13
2023-06-17,27.00,93.00,52.81
2023-06-17,27.25,91.50,
2023-06-17,27.25,91.75,
2023-06-17,27.25,92.00,3.98
2023-06-17,27.25,92.25,29.01
2023-06-17,27.25,92.50,21.68
2023-06-17,27.25,92.75,22.53
2023-06-17,27.25,93.00,48.98
2023-06-17,27.50,91.50,
2023-06-17,27.50,91.75,9.88
2023-06-17,27.50,92.00,5.24
2023-06-17,27.50,92.25,12.18
2023-06-17,27.50,92.50,19.91
2023-06-17,27.50,92.75,25.56
2023-06-17,27.50,93.00,29.90
2023-06-17,27.75,91.50,19.87
2023-06-17,27.75,91.75,15.70
2023-06-17,27.75,92.00,8.84
2023-06-17,27.75,92.25,12.13
2023-06-17,27.75,92.50,19.78
2023-06-17,27.75,92.75,25.44
2023-06-17,27.75,93.00,27.03
2023-06-17,28.00,91.50,17.65
2023-06-17,28.00,91.75,14.97
2023-06-17,28.00,92.00,10.84
2023-06-17,28.00,92.25,9.77
2023-06-17,28.00,92.50,15.93
2023-06-17,28.00,92.75,18.29
2023-06-17,28.00,93.00,24.02
2023-06-18,25.75,91.50,26.96
2023-06-18,25.75,91.75,12.37
2023-06-18,25.75,92.00,17.85
2023-06-18,25.75,92.25,20.80
2023-06-18,25.75,92.50,16.46
2023-06-18,25.75,92.75,5.47
2023-06-18,25.75,93.00,22.74
2023-06-18,26.00,91.50,15.13
2023-06-18,26.00,91.75,10.99
2023-06-18,26.00,92.00,10.68
2023-06-18,26.00,92.25,17.42
2023-06-18,26.00,92.50,15.43
2023-06-18,26.00,92.75,16.62
2023-06-18,26.00,93.00,22.12
2023-06-18,26.25,91.50,30.03
2023-06-18,26.25,91.75,12.93
2023-06-18,26.25,92.00,14.20
2023-06-18,26.25,92.25,7.98
2023-06-18,26.25,92.50,16.80
2023-06-18,26.25,92.75,27.70
2023-06-18,26.25,93.00,22.76
2023-06-18,26.50,91.50,61.51
2023-06-18,26.50,91.75,11.39
2023-06-18,26.50,92.00,21.59
2023-06-18,26.50,92.25,24.16
2023-06-18,26.50,92.50,46.53
2023-06-18,26.50,92.75,39.78
2023-06-18,26.50,93.00,37.46
2023-06-18,26.75,91.50,52.39
2023-06-18,26.75,91.75,1.07
2023-06-18,26.75,92.00,37.04
2023-06-18,26.75,92.25,31.77
2023-06-18,26.75,92.50,49.09
2023-06-18,26.75,92.75,48.82
2023-06-18,26.75,93.00,27.80
2023-06-18,27.00,91.50,38.35
2023-06-18,27.00,91.75,26.65
2023-06-18,27.00,92.00,23.17
2023-06-18,27.00,92.25,52.21
2023-06-18,27.00,92.50,44.51
2023-06-18,27.00,92.75,29.40
2023-06-18,27.00,93.00,21.45
2023-06-18,27.25,91.50,
2023-06-18,27.25,91.75,
2023-06-18,27.25,92.00,4.89
2023-06-18,27.25,92.25,25.98
2023-06-18,27.25,92.50,19.10
2023-06-18,27.25,92.75,17.30
2023-06-18,27.25,93.00,15.63
2023-06-18,27.50,91.50,
2023-06-18,27.50,91.75,7.33
2023-06-18,27.50,92.00,5.67
2023-06-18,27.50,92.25,11.13
2023-06-18,27.50,92.50,17.06
2023-06-18,27.50,92.75,18.64
2023-06-18,27.50,93.00,12.55
2023-06-18,27.75,91.50,12.76
2023-06-18,27.75,91.75,10.92
2023-06-18,27.75,92.00,7.51
2023-06-18,27.75,92.25,10.96
2023-06-18,27.75,92.50,17.20
2023-06-18,27.75,92.75,15.24
2023-06-18,27.75,93.00,10.55
2023-06-18,28.00,91.50,11.67
2023-06-18,28.00,91.75,10.34
2023-06-18,28.00,92.00,7.44
2023-06-18,28.00,92.25,8.04
2023-06-18,28.00,92.50,13.84
2023-06-18,28.00,92.75,10.67
2023-06-18,28.00,93.00,9.48
2023-06-19,25.75,91.50,25.05
2023-06-19,25.75,91.75,14.67
2023-06-19,25.75,92.00,18.32
2023-06-19,25.75,92.25,13.60
2023-06-19,25.75,92.50,6.61
2023-06-19,25.75,92.75,6.63
2023-06-19,25.75,93.00,13.31
2023-06-19,26.00,91.50,16.38
2023-06-19,26.00,91.75,13.03
2023-06-19,26.00,92.00,11.44
2023-06-19,26.00,92.25,12.35
2023-06-19,26.00,92.50,9.22
2023-06-19,26.00,92.75,10.38
2023-06-19,26.00,93.00,13.02
2023-06-19,26.25,91.50,34.84
2023-06-19,26.25,91.75,16.05
2023-06-19,26.25,92.00,14.06
2023-06-19,26.25,92.25,9.23
2023-06-19,26.25,92.50,12.05
2023-06-19,26.25,92.75,14.23
2023-06-19,26.25,93.00,12.89
2023-06-19,26.50,91.50,67.30
2023-06-19,26.50,91.75,28.38
2023-06-19,26.50,92.00,14.28
2023-06-19,26.50,92.25,10.17
2023-06-19,26.50,92.50,19.00
2023-06-19,26.50,92.75,17.00
2023-06-19,26.50,93.00,19.54
2023-06-19,26.75,91.50,59.93
2023-06-19,26.75,91.75,43.03
2023-06-19,26.75,92.00,16.14
2023-06-19,26.75,92.25,17.27
2023-06-19,26.75,92.50,19.01
2023-06-19,26.75,92.75,17.17
2023-06-19,26.75,93.00,22.01
2023-06-19,27.00,91.50,38.35
2023-06-19,27.00,91.75,10.43
2023-06-19,27.00,92.00,10.14
2023-06-19,27.00,92.25,10.07
2023-06-19,27.00,92.50,8.83
2023-06-19,27.00,92.75,7.11
2023-06-19,27.00,93.00,17.43
2023-06-19,27.25,91.50,
2023-06-19,27.25,91.75,
2023-06-19,27.25,92.00,6.74
2023-06-19,27.25,92.25,7.01
2023-06-19,27.25,92.50,2.12
2023-06-19,27.25,92.75,1.59
2023-06-19,27.25,93.00,11.77
2023-06-19,27.50,91.50,
2023-06-19,27.50,91.75,4.06
2023-06-19,27.50,92.00,4.58
2023-06-19,27.50,92.25,4.50
2023-06-19,27.50,92.50,1.65
2023-06-19,27.50,92.75,1.77
2023-06-19,27.50,93.00,4.79
2023-06-19,27.75,91.50,5.87
2023-06-19,27.75,91.75,5.37
2023-06-19,27.75,92.00,4.94
2023-06-19,27.75,92.25,3.91
2023-06-19,27.75,92.50,2.79
2023-06-19,27.75,92.75,1.62
2023-06-19,27.75,93.00,3.68
2023-06-19,28.00,91.50,5.53
2023-06-19,28.00,91.75,5.26
2023-06-19,28.00,92.00,4.69
2023-06-19,28.00,92.25,3.02
2023-06-19,28.00,92.50,2.36
2023-06-19,28.00,92.75,0.94
2023-06-19,28.00,93.00,2.51
2023-06-20,25.75,91.50,7.76
2023-06-20,25.75,91.75,7.97
2023-06-20,25.75,92.00,8.77
2023-06-20,25.75,92.25,5.92
2023-06-20,25.75,92.50,1.27
2023-06-20,25.75,92.75,1.66
2023-06-20,25.75,93.00,3.10
2023-06-20,26.00,91.50,1.35
2023-06-20,26.00,91.75,10.62
2023-06-20,26.00,92.00,13.56
2023-06-20,26.00,92.25,5.60
2023-06-20,26.00,92.50,5.84
2023-06-20,26.00,92.75,3.35
2023-06-20,26.00,93.00,2.92
2023-06-20,26.25,91.50,2.86
2023-06-20,26.25,91.75,15.95
2023-06-20,26.25,92.00,11.89
2023-06-20,26.25,92.25,13.74
2023-06-20,26.25,92.50,20.22
2023-06-20,26.25,92.75,18.19
2023-06-20,26.25,93.00,4.73
2023-06-20,26.50,91.50,46.38
2023-06-20,26.50,91.75,65.92
2023-06-20,26.50,92.00,23.60
2023-06-20,26.50,92.25,20.70
2023-06-20,26.50,92.50,37.49
2023-06-20,26.50,92.75,33.14
2023-06-20,26.50,93.00,23.89
2023-06-20,26.75,91.50,103.18
2023-06-20,26.75,91.75,115.05
2023-06-20,26.75,92.00,43.92
2023-06-20,26.75,92.25,31.28
2023-06-20,26.75,92.50,37.10
2023-06-20,26.75,92.75,34.87
2023-06-20,26.75,93.00,29.84
2023-06-20,27.00,91.50,88.11
2023-06-20,27.00,91.75,59.46
2023-06-20,27.00,92.00,34.85
2023-06-20,27.00,92.25,15.67
2023-06-20,27.00,92.50,16.63
2023-06-20,27.00,92.75,21.61
2023-06-20,27.00,93.00,30.70
2023-06-20,27.25,91.50,
2023-06-20,27.25,91.75,
2023-06-20,27.25,92.00,12.54
2023-06-20,27.25,92.25,12.28
2023-06-20,27.25,92.50,9.37
2023-06-20,27.25,92.75,9.39
2023-06-20,27.25,93.00,24.97
2023-06-20,27.50,91.50,
2023-06-20,27.50,91.75,13.67
2023-06-20,27.50,92.00,11.99
2023-06-20,27.50,92.25,8.90
2023-06-20,27.50,92.50,8.50
2023-06-20,27.50,92.75,10.46
2023-06-20,27.50,93.00,12.83
2023-06-20,27.75,91.50,21.71
2023-06-20,27.75,91.75,16.57
2023-06-20,27.75,92.00,14.63
2023-06-20,27.75,92.25,8.24
2023-06-20,27.75,92.50,8.98
2023-06-20,27.75,92.75,10.12
2023-06-20,27.75,93.00,9.58
2023-06-20,28.00,91.50,15.92
2023-06-20,28.00,91.75,13.94
2023-06-20,28.00,92.00,10.75
2023-06-20,28.00,92.25,8.13
2023-06-20,28.00,92.50,8.34
2023-06-20,28.00,92.75,7.11
2023-06-20,28.00,93.00,7.13
2023-06-21,25.75,91.50,16.26
2023-06-21,25.75,91.75,12.73
2023-06-21,25.75,92.00,13.65
2023-06-21,25.75,92.25,6.89
2023-06-21,25.75,92.50,1.38
2023-06-21,25.75,92.75,0.08
2023-06-21,25.75,93.00,2.34
2023-06-21,26.00,91.50,7.72
2023-06-21,26.00,91.75,6.44
2023-06-21,26.00,92.00,9.78
2023-06-21,26.00,92.25,12.84
2023-06-21,26.00,92.50,4.25
2023-06-21,26.00,92.75,1.39
2023-06-21,26.00,93.00,2.24
2023-06-21,26.25,91.50,29.27
2023-06-21,26.25,91.75,11.73
2023-06-21,26.25,92.00,9.20
2023-06-21,26.25,92.25,30.63
2023-06-21,26.25,92.50,29.22
2023-06-21,26.25,92.75,24.66
2023-06-21,26.25,93.00,1.72
2023-06-21,26.50,91.50,134.32
2023-06-21,26.50,91.75,24.44
2023-06-21,26.50,92.00,35.44
2023-06-21,26.50,92.25,46.32
2023-06-21,26.50,92.50,11.28
2023-06-21,26.50,92.75,17.29
2023-06-21,26.50,93.00,2.86
2023-06-21,26.75,91.50,165.36
2023-06-21,26.75,91.75,19.37
2023-06-21,26.75,92.00,70.14
2023-06-21,26.75,92.25,22.29
2023-06-21,26.75,92.50,10.19
2023-06-21,26.75,92.75,15.53
2023-06-21,26.75,93.00,23.51
2023-06-21,27.00,91.50,98.27
2023-06-21,27.00,91.75,23.69
2023-06-21,27.00,92.00,32.66
2023-06-21,27.00,92.25,38.89
2023-06-21,27.00,92.50,29.76
2023-06-21,27.00,92.75,28.51
2023-06-21,27.00,93.00,30.92
2023-06-21,27.25,91.50,
2023-06-21,27.25,91.75,
2023-06-21,27.25,92.00,3.15
2023-06-21,27.25,92.25,19.59
2023-06-21,27.25,92.50,18.62
2023-06-21,27.25,92.75,19.72
2023-06-21,27.25,93.00,32.13
2023-06-21,27.50,91.50,
2023-06-21,27.50,91.75,9.60
2023-06-21,27.50,92.00,5.32
2023-06-21,27.50,92.25,9.87
2023-06-21,27.50,92.50,17.72
2023-06-21,27.50,92.75,21.65
2023-06-21,27.50,93.00,25.92
2023-06-21,27.75,91.50,17.26
2023-06-21,27.75,91.75,13.92
2023-06-21,27.75,92.00,8.24
2023-06-21,27.75,92.25,10.21
2023-06-21,27.75,92.50,16.64
2023-06-21,27.75,92.75,23.58
2023-06-21,27.75,93.00,27.13
2023-06-21,28.00,91.50,15.53
2023-06-21,28.00,91.75,13.36
2023-06-21,28.00,92.00,10.12
2023-06-21,28.00,92.25,9.87
2023-06-21,28.00,92.50,14.32
2023-06-21,28.00,92.75,20.76
2023-06-21,28.00,93.00,26.98
2023-06-22,25.75,91.50,39.00
2023-06-22,25.75,91.75,7.79
2023-06-22,25.75,92.00,12.78
2023-06-22,25.75,92.25,6.91
2023-06-22,25.75,92.50,1.97
2023-06-22,25.75,92.75,0.03
2023-06-22,25.75,93.00,0.14
2023-06-22,26.00,91.50,2.17
2023-06-22,26.00,91.75,2.49
2023-06-22,26.00,92.00,5.58
2023-06-22,26.00,92.25,10.67
2023-06-22,26.00,92.50,4.66
2023-06-22,26.00,92.75,0.53
2023-06-22,26.00,93.00,0.14
2023-06-22,26.25,91.50,9.28
2023-06-22,26.25,91.75,4.21
2023-06-22,26.25,92.00,3.45
2023-06-22,26.25,92.25,15.03
2023-06-22,26.25,92.50,14.57
2023-06-22,26.25,92.75,10.94
2023-06-22,26.25,93.00,1.50
2023-06-22,26.50,91.50,65.83
2023-06-22,26.50,91.75,8.29
2023-06-22,26.50,92.00,18.23
2023-06-22,26.50,92.25,19.98
2023-06-22,26.50,92.50,6.01
2023-06-22,26.50,92.75,8.67
2023-06-22,26.50,93.00,7.18
2023-06-22,26.75,91.50,106.21
2023-06-22,26.75,91.75,1.44
2023-06-22,26.75,92.00,41.11
2023-06-22,26.75,92.25,9.66
2023-06-22,26.75,92.50,6.24
2023-06-22,26.75,92.75,13.28
2023-06-22,26.75,93.00,44.32
2023-06-22,27.00,91.50,64.80
2023-06-22,27.00,91.75,13.62
2023-06-22,27.00,92.00,19.17
2023-06-22,27.00,92.25,27.34
2023-06-22,27.00,92.50,21.78
2023-06-22,27.00,92.75,31.72
2023-06-22,27.00,93.00,55.71
2023-06-22,27.25,91.50,
2023-06-22,27.25,91.75,
2023-06-22,27.25,92.00,2.62
2023-06-22,27.25,92.25,14.52
2023-06-22,27.25,92.50,15.36
2023-06-22,27.25,92.75,18.42
2023-06-22,27.25,93.00,52.23
2023-06-22,27.50,91.50,
2023-06-22,27.50,91.75,3.04
2023-06-22,27.50,92.00,3.11
2023-06-22,27.50,92.25,7.57
2023-06-22,27.50,92.50,14.71
2023-06-22,27.50,92.75,19.67
2023-06-22,27.50,93.00,26.79
2023-06-22,27.75,91.50,3.48
2023-06-22,27.75,91.75,3.51
2023-06-22,27.75,92.00,3.25
2023-06-22,27.75,92.25,7.86
2023-06-22,27.75,92.50,13.46
2023-06-22,27.75,92.75,18.90
2023-06-22,27.75,93.00,20.40
2023-06-22,28.00,91.50,3.44
2023-06-22,28.00,91.75,3.36
2023-06-22,28.00,92.00,3.22
2023-06-22,28.00,92.25,6.87
2023-06-22,28.00,92.50,11.78
2023-06-22,28.00,92.75,12.21
2023-06-22,28.00,93.00,15.38
2023-06-23,25.75,91.50,14.95
2023-06-23,25.75,91.75,6.12
2023-06-23,25.75,92.00,2.01
2023-06-23,25.75,92.25,0.71
2023-06-23,25.75,92.50,0.18
2023-06-23,25.75,92.75,0.04
2023-06-23,25.75,93.00,1.68
2023-06-23,26.00,91.50,0.19
2023-06-23,26.00,91.75,1.85
2023-06-23,26.00,92.00,0.09
2023-06-23,26.00,92.25,0.25
2023-06-23,26.00,92.50,0.08
2023-06-23,26.00,92.75,0.69
2023-06-23,26.00,93.00,2.05
2023-06-23,26.25,91.50,0.67
2023-06-23,26.25,91.75,0.14
2023-06-23,26.25,92.00,0.00
2023-06-23,26.25,92.25,10.24
2023-06-23,26.25,92.50,9.77
2023-06-23,26.25,92.75,8.56
2023-06-23,26.25,93.00,2.86
2023-06-23,26.50,91.50,0.86
2023-06-23,26.50,91.75,1.31
2023-06-23,26.50,92.00,0.33
2023-06-23,26.50,92.25,14.56
2023-06-23,26.50,92.50,3.45
2023-06-23,26.50,92.75,5.51
2023-06-23,26.50,93.00,6.73
2023-06-23,26.75,91.50,2.23
2023-06-23,26.75,91.75,2.47
2023-06-23,26.75,92.00,0.96
2023-06-23,26.75,92.25,0.87
2023-06-23,26.75,92.50,1.79
2023-06-23,26.75,92.75,1.83
2023-06-23,26.75,93.00,4.83
2023-06-23,27.00,91.50,2.36
2023-06-23,27.00,91.75,1.97
2023-06-23,27.00,92.00,0.90
2023-06-23,27.00,92.25,2.58
2023-06-23,27.00,92.50,1.95
2023-06-23,27.00,92.75,0.92
2023-06-23,27.00,93.00,3.34
2023-06-23,27.25,91.50,
2023-06-23,27.25,91.75,
2023-06-23,27.25,92.00,0.26
2023-06-23,27.25,92.25,1.23
2023-06-23,27.25,92.50,0.40
2023-06-23,27.25,92.75,0.34
2023-06-23,27.25,93.00,2.05
2023-06-23,27.50,91.50,
2023-06-23,27.50,91.75,0.89
2023-06-23,27.50,92.00,0.90
2023-06-23,27.50,92.25,0.83
2023-06-23,27.50,92.50,0.36
2023-06-23,27.50,92.75,0.43
2023-06-23,27.50,93.00,1.68
2023-06-23,27.75,91.50,0.20
2023-06-23,27.75,91.75,0.46
2023-06-23,27.75,92.00,0.72
2023-06-23,27.75,92.25,0.87
2023-06-23,27.75,92.50,0.57
2023-06-23,27.75,92.75,0.90
2023-06-23,27.75,93.00,2.26
2023-06-23,28.00,91.50,0.35
2023-06-23,28.00,91.75,0.48
2023-06-23,28.00,92.00,0.51
2023-06-23,28.00,92.25,0.42
2023-06-23,28.00,92.50,0.47
2023-06-23,28.00,92.75,1.11
2023-06-23,28.00,93.00,2.43
2023-06-24,25.75,91.50,3.87
2023-06-24,25.75,91.75,2.42
2023-06-24,25.75,92.00,0.98
2023-06-24,25.75,92.25,0.71
2023-06-24,25.75,92.50,1.25
2023-06-24,25.75,92.75,0.02
2023-06-24,25.75,93.00,0.91
2023-06-24,26.00,91.50,0.37
2023-06-24,26.00,91.75,0.87
2023-06-24,26.00,92.00,0.00
2023-06-24,26.00,92.25,0.44
2023-06-24,26.00,92.50,0.91
2023-06-24,26.00,92.75,0.35
2023-06-24,26.00,93.00,0.80
2023-06-24,26.25,91.50,2.22
2023-06-24,26.25,91.75,0.33
2023-06-24,26.25,92.00,0.00
2023-06-24,26.25,92.25,0.00
2023-06-24,26.25,92.50,0.06
2023-06-24,26.25,92.75,0.00
2023-06-24,26.25,93.00,0.54
2023-06-24,26.50,91.50,0.48
2023-06-24,26.50,91.75,0.00
2023-06-24,26.50,92.00,0.00
2023-06-24,26.50,92.25,0.14
2023-06-24,26.50,92.50,0.20
2023-06-24,26.50,92.75,0.18
2023-06-24,26.50,93.00,0.47
2023-06-24,26.75,91.50,0.00
2023-06-24,26.75,91.75,0.00
2023-06-24,26.75,92.00,0.00
2023-06-24,26.75,92.25,0.15
2023-06-24,26.75,92.50,0.22
2023-06-24,26.75,92.75,0.20
2023-06-24,26.75,93.00,0.00
2023-06-24,27.00,91.50,0.38
2023-06-24,27.00,91.75,0.81
2023-06-24,27.00,92.00,0.31
2023-06-24,27.00,92.25,0.00
2023-06-24,27.00,92.50,0.04
2023-06-24,27.00,92.75,0.00
2023-06-24,27.00,93.00,0.00
2023-06-24,27.25,91.50,
2023-06-24,27.25,91.75,
2023-06-24,27.25,92.00,0.18
2023-06-24,27.25,92.25,0.09
2023-06-24,27.25,92.50,0.01
2023-06-24,27.25,92.75,0.00
2023-06-24,27.25,93.00,0.00
2023-06-24,27.50,91.50,
2023-06-24,27.50,91.75,3.95
2023-06-24,27.50,92.00,1.09
2023-06-24,27.50,92.25,0.35
2023-06-24,27.50,92.50,0.04
2023-06-24,27.50,92.75,0.00
2023-06-24,27.50,93.00,0.00
2023-06-24,27.75,91.50,8.52
2023-06-24,27.75,91.75,6.31
2023-06-24,27.75,92.00,2.86
2023-06-24,27.75,92.25,0.39
2023-06-24,27.75,92.50,0.11
2023-06-24,27.75,92.75,0.00
2023-06-24,27.75,93.00,0.00
2023-06-24,28.00,91.50,7.42
2023-06-24,28.00,91.75,6.09
2023-06-24,28.00,92.00,4.27
2023-06-24,28.00,92.25,1.38
2023-06-24,28.00,92.50,0.17
2023-06-24,28.00,92.75,0.01
2023-06-24,28.00,93.00,0.00
2023-06-25,25.75,91.50,0.77
2023-06-25,25.75,91.75,1.39
2023-06-25,25.75,92.00,4.29
2023-06-25,25.75,92.25,3.32
2023-06-25,25.75,92.50,4.88
2023-06-25,25.75,92.75,0.04
2023-06-25,25.75,93.00,12.23
2023-06-25,26.00,91.50,1.05
2023-06-25,26.00,91.75,0.47
2023-06-25,26.00,92.00,1.02
2023-06-25,26.00,92.25,3.41
2023-06-25,26.00,92.50,5.16
2023-06-25,26.00,92.75,1.98
2023-06-25,26.00,93.00,19.49
2023-06-25,26.25,91.50,0.00
2023-06-25,26.25,91.75,0.00
2023-06-25,26.25,92.00,0.05
2023-06-25,26.25,92.25,3.15
2023-06-25,26.25,92.50,2.90
2023-06-25,26.25,92.75,1.74
2023-06-25,26.25,93.00,21.19
2023-06-25,26.50,91.50,0.00
2023-06-25,26.50,91.75,0.54
2023-06-25,26.50,92.00,1.24
2023-06-25,26.50,92.25,0.00
2023-06-25,26.50,92.50,0.15
2023-06-25,26.50,92.75,0.59
2023-06-25,26.50,93.00,7.87
2023-06-25,26.75,91.50,0.00
2023-06-25,26.75,91.75,0.06
2023-06-25,26.75,92.00,3.51
2023-06-25,26.75,92.25,0.26
2023-06-25,26.75,92.50,0.00
2023-06-25,26.75,92.75,0.00
2023-06-25,26.75,93.00,0.62
2023-06-25,27.00,91.50,0.00
2023-06-25,27.00,91.75,0.29
2023-06-25,27.00,92.00,1.21
2023-06-25,27.00,92.25,0.06
2023-06-25,27.00,92.50,0.00
2023-06-25,27.00,92.75,0.00
2023-06-25,27.00,93.00,0.34
2023-06-25,27.25,91.50,
2023-06-25,27.25,91.75,
2023-06-25,27.25,92.00,0.00
2023-06-25,27.25,92.25,0.00
2023-06-25,27.25,92.50,0.00
2023-06-25,27.25,92.75,0.00
2023-06-25,27.25,93.00,0.00
2023-06-25,27.50,91.50,
2023-06-25,27.50,91.75,0.55
2023-06-25,27.50,92.00,0.08
2023-06-25,27.50,92.25,0.00
2023-06-25,27.50,92.50,0.00
2023-06-25,27.50,92.75,0.00
2023-06-25,27.50,93.00,0.00
2023-06-25,27.75,91.50,1.37
2023-06-25,27.75,91.75,0.98
2023-06-25,27.75,92.00,0.39
2023-06-25,27.75,92.25,0.00
2023-06-25,27.75,92.50,0.00
2023-06-25,27.75,92.75,0.00
2023-06-25,27.75,93.00,0.00
2023-06-25,28.00,91.50,1.18
2023-06-25,28.00,91.75,0.94
2023-06-25,28.00,92.00,0.64
2023-06-25,28.00,92.25,0.18
2023-06-25,28.00,92.50,0.00
2023-06-25,28.00,92.75,0.00
2023-06-25,28.00,93.00,0.00
2023-06-26,25.75,91.50,7.76
2023-06-26,25.75,91.75,5.96
2023-06-26,25.75,92.00,7.66
2023-06-26,25.75,92.25,2.31
2023-06-26,25.75,92.50,0.38
2023-06-26,25.75,92.75,0.01
2023-06-26,25.75,93.00,0.00
2023-06-26,26.00,91.50,19.86
2023-06-26,26.00,91.75,20.60
2023-06-26,26.00,92.00,19.14
2023-06-26,26.00,92.25,2.09
2023-06-26,26.00,92.50,4.71
2023-06-26,26.00,92.75,1.25
2023-06-26,26.00,93.00,0.00
2023-06-26,26.25,91.50,14.05
2023-06-26,26.25,91.75,28.78
2023-06-26,26.25,92.00,24.24
2023-06-26,26.25,92.25,11.79
2023-06-26,26.25,92.50,11.48
2023-06-26,26.25,92.75,2.85
2023-06-26,26.25,93.00,1.77
2023-06-26,26.50,91.50,2.28
2023-06-26,26.50,91.75,12.91
2023-06-26,26.50,92.00,22.48
2023-06-26,26.50,92.25,3.61
2023-06-26,26.50,92.50,4.99
2023-06-26,26.50,92.75,6.09
2023-06-26,26.50,93.00,5.46
2023-06-26,26.75,91.50,0.00
2023-06-26,26.75,91.75,0.65
2023-06-26,26.75,92.00,35.58
2023-06-26,26.75,92.25,9.20
2023-06-26,26.75,92.50,5.36
2023-06-26,26.75,92.75,4.87
2023-06-26,26.75,93.00,15.95
2023-06-26,27.00,91.50,2.33
2023-06-26,27.00,91.75,7.71
2023-06-26,27.00,92.00,18.85
2023-06-26,27.00,92.25,3.67
2023-06-26,27.00,92.50,2.86
2023-06-26,27.00,92.75,1.41
2023-06-26,27.00,93.00,13.31
2023-06-26,27.25,91.50,
2023-06-26,27.25,91.75,
2023-06-26,27.25,92.00,12.89
2023-06-26,27.25,92.25,7.09
2023-06-26,27.25,92.50,2.94
2023-06-26,27.25,92.75,2.71
2023-06-26,27.25,93.00,11.12
2023-06-26,27.50,91.50,
2023-06-26,27.50,91.75,5.19
2023-06-26,27.50,92.00,6.82
2023-06-26,27.50,92.25,6.07
2023-06-26,27.50,92.50,2.94
2023-06-26,27.50,92.75,1.92
2023-06-26,27.50,93.00,5.30
2023-06-26,27.75,91.50,9.72
2023-06-26,27.75,91.75,8.50
2023-06-26,27.75,92.00,7.62
2023-06-26,27.75,92.25,4.94
2023-06-26,27.75,92.50,3.87
2023-06-26,27.75,92.75,1.45
2023-06-26,27.75,93.00,4.00
2023-06-26,28.00,91.50,8.87
2023-06-26,28.00,91.75,8.24
2023-06-26,28.00,92.00,7.46
2023-06-26,28.00,92.25,5.53
2023-06-26,28.00,92.50,3.88
2023-06-26,28.00,92.75,2.22
2023-06-26,28.00,93.00,2.85
2023-06-27,25.75,91.50,11.35
2023-06-27,25.75,91.75,9.30
2023-06-27,25.75,92.00,4.96
2023-06-27,25.75,92.25,1.80
2023-06-27,25.75,92.50,0.51
2023-06-27,25.75,92.75,0.06
2023-06-27,25.75,93.00,1.70
2023-06-27,26.00,91.50,2.18
2023-06-27,26.00,91.75,4.56
2023-06-27,26.00,92.00,0.07
2023-06-27,26.00,92.25,0.00
2023-06-27,26.00,92.50,0.00
2023-06-27,26.00,92.75,0.92
2023-06-27,26.00,93.00,1.62
2023-06-27,26.25,91.50,5.48
2023-06-27,26.25,91.75,1.27
2023-06-27,26.25,92.00,0.67
2023-06-27,26.25,92.25,5.52
2023-06-27,26.25,92.50,5.06
2023-06-27,26.25,92.75,4.70
2023-06-27,26.25,93.00,3.57
2023-06-27,26.50,91.50,17.51
2023-06-27,26.50,91.75,8.62
2023-06-27,26.50,92.00,21.56
2023-06-27,26.50,92.25,11.38
2023-06-27,26.50,92.50,0.96
2023-06-27,26.50,92.75,2.23
2023-06-27,26.50,93.00,11.79
2023-06-27,26.75,91.50,11.05
2023-06-27,26.75,91.75,0.50
2023-06-27,26.75,92.00,27.75
2023-06-27,26.75,92.25,24.01
2023-06-27,26.75,92.50,6.20
2023-06-27,26.75,92.75,14.33
2023-06-27,26.75,93.00,35.30
2023-06-27,27.00,91.50,7.37
2023-06-27,27.00,91.75,5.20
2023-06-27,27.00,92.00,15.79
2023-06-27,27.00,92.25,52.33
2023-06-27,27.00,92.50,33.75
2023-06-27,27.00,92.75,28.50
2023-06-27,27.00,93.00,41.98
2023-06-27,27.25,91.50,
2023-06-27,27.25,91.75,
2023-06-27,27.25,92.00,4.98
2023-06-27,27.25,92.25,24.10
2023-06-27,27.25,92.50,7.36
2023-06-27,27.25,92.75,6.82
2023-06-27,27.25,93.00,34.39
2023-06-27,27.50,91.50,
2023-06-27,27.50,91.75,3.33
2023-06-27,27.50,92.00,2.79
2023-06-27,27.50,92.25,8.32
2023-06-27,27.50,92.50,6.19
2023-06-27,27.50,92.75,10.17
2023-06-27,27.50,93.00,14.21
2023-06-27,27.75,91.50,6.98
2023-06-27,27.75,91.75,5.62
2023-06-27,27.75,92.00,3.84
2023-06-27,27.75,92.25,7.41
2023-06-27,27.75,92.50,8.88
2023-06-27,27.75,92.75,9.75
2023-06-27,27.75,93.00,11.20
2023-06-27,28.00,91.50,6.21
2023-06-27,28.00,91.75,5.41
2023-06-27,28.00,92.00,4.22
2023-06-27,28.00,92.25,2.13
2023-06-27,28.00,92.50,5.51
2023-06-27,28.00,92.75,3.31
2023-06-27,28.00,93.00,8.03
2023-06-28,25.75,91.50,20.79
2023-06-28,25.75,91.75,15.15
2023-06-28,25.75,92.00,20.75
2023-06-28,25.75,92.25,1.83
2023-06-28,25.75,92.50,0.34
2023-06-28,25.75,92.75,0.20
2023-06-28,25.75,93.00,6.67
2023-06-28,26.00,91.50,17.06
2023-06-28,26.00,91.75,18.52
2023-06-28,26.00,92.00,14.77
2023-06-28,26.00,92.25,1.27
2023-06-28,26.00,92.50,3.00
2023-06-28,26.00,92.75,4.32
2023-06-28,26.00,93.00,6.52
2023-06-28,26.25,91.50,4.32
2023-06-28,26.25,91.75,18.98
2023-06-28,26.25,92.00,13.71
2023-06-28,26.25,92.25,33.44
2023-06-28,26.25,92.50,32.68
2023-06-28,26.25,92.75,24.49
2023-06-28,26.25,93.00,4.05
2023-06-28,26.50,91.50,3.73
2023-06-28,26.50,91.75,4.14
2023-06-28,26.50,92.00,5.32
2023-06-28,26.50,92.25,40.62
2023-06-28,26.50,92.50,13.31
2023-06-28,26.50,92.75,19.26
2023-06-28,26.50,93.00,1.26
2023-06-28,26.75,91.50,2.37
2023-06-28,26.75,91.75,0.53
2023-06-28,26.75,92.00,1.35
2023-06-28,26.75,92.25,7.12
2023-06-28,26.75,92.50,11.64
2023-06-28,26.75,92.75,16.70
2023-06-28,26.75,93.00,13.91
2023-06-28,27.00,91.50,1.96
2023-06-28,27.00,91.75,1.34
2023-06-28,27.00,92.00,1.82
2023-06-28,27.00,92.25,31.23
2023-06-28,27.00,92.50,24.51
2023-06-28,27.00,92.75,21.95
2023-06-28,27.00,93.00,20.46
2023-06-28,27.25,91.50,
2023-06-28,27.25,91.75,
2023-06-28,27.25,92.00,2.37
2023-06-28,27.25,92.25,15.78
2023-06-28,27.25,92.50,11.69
2023-06-28,27.25,92.75,11.86
2023-06-28,27.25,93.00,19.75
2023-06-28,27.50,91.50,
2023-06-28,27.50,91.75,1.43
2023-06-28,27.50,92.00,1.43
2023-06-28,27.50,92.25,6.70
2023-06-28,27.50,92.50,10.89
2023-06-28,27.50,92.75,13.78
2023-06-28,27.50,93.00,13.20
2023-06-28,27.75,91.50,2.39
2023-06-28,27.75,91.75,2.06
2023-06-28,27.75,92.00,1.67
2023-06-28,27.75,92.25,6.62
2023-06-28,27.75,92.50,10.80
2023-06-28,27.75,92.75,13.46
2023-06-28,27.75,93.00,12.01
2023-06-28,28.00,91.50,2.19
2023-06-28,28.00,91.75,2.00
2023-06-28,28.00,92.00,2.21
2023-06-28,28.00,92.25,4.39
2023-06-28,28.00,92.50,8.74
2023-06-28,28.00,92.75,9.62
2023-06-28,28.00,93.00,10.94
2023-06-29,25.75,91.50,53.27
2023-06-29,25.75,91.75,41.68
2023-06-29,25.75,92.00,21.24
2023-06-29,25.75,92.25,7.45
2023-06-29,25.75,92.50,8.34
2023-06-29,25.75,92.75,0.88
2023-06-29,25.75,93.00,1.07
2023-06-29,26.00,91.50,13.63
2023-06-29,26.00,91.75,20.32
2023-06-29,26.00,92.00,2.33
2023-06-29,26.00,92.25,3.99
2023-06-29,26.00,92.50,5.94
2023-06-29,26.00,92.75,2.78
2023-06-29,26.00,93.00,0.60
2023-06-29,26.25,91.50,2.40
2023-06-29,26.25,91.75,1.57
2023-06-29,26.25,92.00,1.24
2023-06-29,26.25,92.25,1.93
2023-06-29,26.25,92.50,2.50
2023-06-29,26.25,92.75,1.30
2023-06-29,26.25,93.00,7.69
2023-06-29,26.50,91.50,1.72
2023-06-29,26.50,91.75,0.59
2023-06-29,26.50,92.00,0.49
2023-06-29,26.50,92.25,3.69
2023-06-29,26.50,92.50,3.27
2023-06-29,26.50,92.75,3.33
2023-06-29,26.50,93.00,8.99
2023-06-29,26.75,91.50,0.63
2023-06-29,26.75,91.75,0.50
2023-06-29,26.75,92.00,0.02
2023-06-29,26.75,92.25,2.25
2023-06-29,26.75,92.50,3.53
2023-06-29,26.75,92.75,5.48
2023-06-29,26.75,93.00,19.73
2023-06-29,27.00,91.50,1.78
2023-06-29,27.00,91.75,3.50
2023-06-29,27.00,92.00,2.49
2023-06-29,27.00,92.25,2.57
2023-06-29,27.00,92.50,2.81
2023-06-29,27.00,92.75,9.33
2023-06-29,27.00,93.00,21.48
2023-06-29,27.25,91.50,
2023-06-29,27.25,91.75,
2023-06-29,27.25,92.00,3.82
2023-06-29,27.25,92.25,3.08
2023-06-29,27.25,92.50,2.58
2023-06-29,27.25,92.75,3.45
2023-06-29,27.25,93.00,15.36
2023-06-29,27.50,91.50,
2023-06-29,27.50,91.75,3.21
2023-06-29,27.50,92.00,2.45
2023-06-29,27.50,92.25,2.34
2023-06-29,27.50,92.50,2.53
2023-06-29,27.50,92.75,4.28
2023-06-29,27.50,93.00,6.97
2023-06-29,27.75,91.50,6.80
2023-06-29,27.75,91.75,5.42
2023-06-29,27.75,92.00,3.53
2023-06-29,27.75,92.25,2.08
2023-06-29,27.75,92.50,2.53
2023-06-29,27.75,92.75,4.81
2023-06-29,27.75,93.00,5.08
2023-06-29,28.00,91.50,6.03
2023-06-29,28.00,91.75,5.21
2023-06-29,28.00,92.00,4.08
2023-06-29,28.00,92.25,2.81
2023-06-29,28.00,92.50,2.41
2023-06-29,28.00,92.75,2.92
2023-06-29,28.00,93.00,3.54
2023-06-30,25.75,91.50,22.66
2023-06-30,25.75,91.75,13.57
2023-06-30,25.75,92.00,13.55
2023-06-30,25.75,92.25,6.49
2023-06-30,25.75,92.50,4.06
2023-06-30,25.75,92.75,0.06
2023-06-30,25.75,93.00,0.00
2023-06-30,26.00,91.50,2.78
2023-06-30,26.00,91.75,5.12
2023-06-30,26.00,92.00,4.11
2023-06-30,26.00,92.25,6.12
2023-06-30,26.00,92.50,3.76
2023-06-30,26.00,92.75,0.62
2023-06-30,26.00,93.00,0.00
2023-06-30,26.25,91.50,5.19
2023-06-30,26.25,91.75,2.50
2023-06-30,26.25,92.00,0.53
2023-06-30,26.25,92.25,12.92
2023-06-30,26.25,92.50,12.30
2023-06-30,26.25,92.75,9.28
2023-06-30,26.25,93.00,0.02
2023-06-30,26.50,91.50,3.71
2023-06-30,26.50,91.75,1.37
2023-06-30,26.50,92.00,3.29
2023-06-30,26.50,92.25,18.80
2023-06-30,26.50,92.50,3.75
2023-06-30,26.50,92.75,6.59
2023-06-30,26.50,93.00,0.07
2023-06-30,26.75,91.50,0.08
2023-06-30,26.75,91.75,0.14
2023-06-30,26.75,92.00,7.05
2023-06-30,26.75,92.25,3.16
2023-06-30,26.75,92.50,2.10
2023-06-30,26.75,92.75,4.45
2023-06-30,26.75,93.00,13.47
2023-06-30,27.00,91.50,2.49
2023-06-30,27.00,91.75,5.45
2023-06-30,27.00,92.00,4.41
2023-06-30,27.00,92.25,4.04
2023-06-30,27.00,92.50,4.66
2023-06-30,27.00,92.75,12.23
2023-06-30,27.00,93.00,19.41
2023-06-30,27.25,91.50,
2023-06-30,27.25,91.75,
2023-06-30,27.25,92.00,0.33
2023-06-30,27.25,92.25,2.77
2023-06-30,27.25,92.50,6.21
2023-06-30,27.25,92.75,7.80
2023-06-30,27.25,93.00,18.23
2023-06-30,27.50,91.50,
2023-06-30,27.50,91.75,2.52
2023-06-30,27.50,92.00,1.29
2023-06-30,27.50,92.25,2.21
2023-06-30,27.50,92.50,6.13
2023-06-30,27.50,92.75,8.33
2023-06-30,27.50,93.00,9.77
2023-06-30,27.75,91.50,4.44
2023-06-30,27.75,91.75,3.59
2023-06-30,27.75,92.00,2.06
2023-06-30,27.75,92.25,2.52
2023-06-30,27.75,92.50,5.02
2023-06-30,27.75,92.75,8.10
2023-06-30,27.75,93.00,7.00
2023-06-30,28.00,91.50,4.00
2023-06-30,28.00,91.75,3.43
2023-06-30,28.00,92.00,2.67
2023-06-30,28.00,92.25,3.50
2023-06-30,28.00,92.50,4.80
2023-06-30,28.00,92.75,5.36
2023-06-30,28.00,93.00,5.12
2023-07-01,25.75,91.50,13.24
2023-07-01,25.75,91.75,6.26
2023-07-01,25.75,92.00,19.25
2023-07-01,25.75,92.25,8.39
2023-07-01,25.75,92.50,0.95
2023-07-01,25.75,92.75,0.01
2023-07-01,25.75,93.00,0.00
2023-07-01,26.00,91.50,7.32
2023-07-01,26.00,91.75,13.55
2023-07-01,26.00,92.00,20.86
2023-07-01,26.00,92.25,16.16
2023-07-01,26.00,92.50,5.27
2023-07-01,26.00,92.75,0.12
2023-07-01,26.00,93.00,0.00
2023-07-01,26.25,91.50,2.94
2023-07-01,26.25,91.75,15.60
2023-07-01,26.25,92.00,12.84
2023-07-01,26.25,92.25,18.82
2023-07-01,26.25,92.50,18.51
2023-07-01,26.25,92.75,16.64
2023-07-01,26.25,93.00,2.44
2023-07-01,26.50,91.50,7.11
2023-07-01,26.50,91.75,3.60
2023-07-01,26.50,92.00,3.80
2023-07-01,26.50,92.25,26.21
2023-07-01,26.50,92.50,11.07
2023-07-01,26.50,92.75,13.59
2023-07-01,26.50,93.00,11.66
2023-07-01,26.75,91.50,5.22
2023-07-01,26.75,91.75,1.01
2023-07-01,26.75,92.00,0.02
2023-07-01,26.75,92.25,3.29
2023-07-01,26.75,92.50,8.07
2023-07-01,26.75,92.75,7.84
2023-07-01,26.75,93.00,9.65
2023-07-01,27.00,91.50,4.83
2023-07-01,27.00,91.75,4.36
2023-07-01,27.00,92.00,1.49
2023-07-01,27.00,92.25,10.04
2023-07-01,27.00,92.50,11.51
2023-07-01,27.00,92.75,9.82
2023-07-01,27.00,93.00,6.29
2023-07-01,27.25,91.50,
2023-07-01,27.25,91.75,
2023-07-01,27.25,92.00,0.23
2023-07-01,27.25,92.25,6.51
2023-07-01,27.25,92.50,13.43
2023-07-01,27.25,92.75,14.08
2023-07-01,27.25,93.00,5.73
2023-07-01,27.50,91.50,
2023-07-01,27.50,91.75,2.48
2023-07-01,27.50,92.00,0.99
2023-07-01,27.50,92.25,4.28
2023-07-01,27.50,92.50,12.93
2023-07-01,27.50,92.75,13.02
2023-07-01,27.50,93.00,7.73
2023-07-01,27.75,91.50,5.06
2023-07-01,27.75,91.75,3.91
2023-07-01,27.75,92.00,1.98
2023-07-01,27.75,92.25,4.85
2023-07-01,27.75,92.50,10.60
2023-07-01,27.75,92.75,10.07
2023-07-01,27.75,93.00,5.38
2023-07-01,28.00,91.50,4.47
2023-07-01,28.00,91.75,3.73
2023-07-01,28.00,92.00,3.24
2023-07-01,28.00,92.25,6.34
2023-07-01,28.00,92.50,9.93
2023-07-01,28.00,92.75,8.55
2023-07-01,28.00,93.00,4.68
2023-07-02,25.75,91.50,46.83
2023-07-02,25.75,91.75,36.24
2023-07-02,25.75,92.00,24.93
2023-07-02,25.75,92.25,12.38
2023-07-02,25.75,92.50,1.57
2023-07-02,25.75,92.75,0.07
2023-07-02,25.75,93.00,0.00
2023-07-02,26.00,91.50,27.60
2023-07-02,26.00,91.75,24.25
2023-07-02,26.00,92.00,9.73
2023-07-02,26.00,92.25,21.91
2023-07-02,26.00,92.50,7.07
2023-07-02,26.00,92.75,1.95
2023-07-02,26.00,93.00,0.00
2023-07-02,26.25,91.50,9.27
2023-07-02,26.25,91.75,7.13
2023-07-02,26.25,92.00,11.03
2023-07-02,26.25,92.25,2.25
2023-07-02,26.25,92.50,2.98
2023-07-02,26.25,92.75,4.07
2023-07-02,26.25,93.00,0.27
2023-07-02,26.50,91.50,20.96
2023-07-02,26.50,91.75,8.06
2023-07-02,26.50,92.00,13.80
2023-07-02,26.50,92.25,4.44
2023-07-02,26.50,92.50,6.11
2023-07-02,26.50,92.75,5.29
2023-07-02,26.50,93.00,3.08
2023-07-02,26.75,91.50,29.34
2023-07-02,26.75,91.75,1.48
2023-07-02,26.75,92.00,15.92
2023-07-02,26.75,92.25,10.69
2023-07-02,26.75,92.50,9.73
2023-07-02,26.75,92.75,15.64
2023-07-02,26.75,93.00,12.77
2023-07-02,27.00,91.50,22.07
2023-07-02,27.00,91.75,5.38
2023-07-02,27.00,92.00,13.98
2023-07-02,27.00,92.25,43.55
2023-07-02,27.00,92.50,31.80
2023-07-02,27.00,92.75,25.07
2023-07-02,27.00,93.00,18.37
2023-07-02,27.25,91.50,
2023-07-02,27.25,91.75,
2023-07-02,27.25,92.00,1.70
2023-07-02,27.25,92.25,20.54
2023-07-02,27.25,92.50,13.58
2023-07-02,27.25,92.75,13.02
2023-07-02,27.25,93.00,17.47
2023-07-02,27.50,91.50,
2023-07-02,27.50,91.75,3.50
2023-07-02,27.50,92.00,3.63
2023-07-02,27.50,92.25,8.11
2023-07-02,27.50,92.50,12.45
2023-07-02,27.50,92.75,15.03
2023-07-02,27.50,93.00,10.47
2023-07-02,27.75,91.50,4.95
2023-07-02,27.75,91.75,4.72
2023-07-02,27.75,92.00,4.99
2023-07-02,27.75,92.25,8.08
2023-07-02,27.75,92.50,12.78
2023-07-02,27.75,92.75,12.49
2023-07-02,27.75,93.00,7.71
2023-07-02,28.00,91.50,4.41
2023-07-02,28.00,91.75,4.28
2023-07-02,28.00,92.00,3.33
2023-07-02,28.00,92.25,4.75
2023-07-02,28.00,92.50,9.95
2023-07-02,28.00,92.75,7.04
2023-07-02,28.00,93.00,5.99
2023-07-03,25.75,91.50,31.80
2023-07-03,25.75,91.75,27.61
2023-07-03,25.75,92.00,20.96
2023-07-03,25.75,92.25,11.47
2023-07-03,25.75,92.50,6.60
2023-07-03,25.75,92.75,0.92
2023-07-03,25.75,93.00,2.01
2023-07-03,26.00,91.50,3.88
2023-07-03,26.00,91.75,8.63
2023-07-03,26.00,92.00,3.92
2023-07-03,26.00,92.25,9.58
2023-07-03,26.00,92.50,7.75
2023-07-03,26.00,92.75,2.69
2023-07-03,26.00,93.00,2.51
2023-07-03,26.25,91.50,8.06
2023-07-03,26.25,91.75,2.01
2023-07-03,26.25,92.00,1.74
2023-07-03,26.25,92.25,8.56
2023-07-03,26.25,92.50,7.98
2023-07-03,26.25,92.75,4.27
2023-07-03,26.25,93.00,4.40
2023-07-03,26.50,91.50,13.14
2023-07-03,26.50,91.75,5.29
2023-07-03,26.50,92.00,9.78
2023-07-03,26.50,92.25,7.43
2023-07-03,26.50,92.50,1.68
2023-07-03,26.50,92.75,3.04
2023-07-03,26.50,93.00,1.46
2023-07-03,26.75,91.50,11.04
2023-07-03,26.75,91.75,3.05
2023-07-03,26.75,92.00,3.91
2023-07-03,26.75,92.25,15.73
2023-07-03,26.75,92.50,7.26
2023-07-03,26.75,92.75,14.01
2023-07-03,26.75,93.00,6.82
2023-07-03,27.00,91.50,9.49
2023-07-03,27.00,91.75,6.07
2023-07-03,27.00,92.00,5.69
2023-07-03,27.00,92.25,59.16
2023-07-03,27.00,92.50,43.86
2023-07-03,27.00,92.75,26.81
2023-07-03,27.00,93.00,9.67
2023-07-03,27.25,91.50,
2023-07-03,27.25,91.75,
2023-07-03,27.25,92.00,0.63
2023-07-03,27.25,92.25,28.11
2023-07-03,27.25,92.50,22.84
2023-07-03,27.25,92.75,21.89
2023-07-03,27.25,93.00,12.85
2023-07-03,27.50,91.50,
2023-07-03,27.50,91.75,1.27
2023-07-03,27.50,92.00,0.94
2023-07-03,27.50,92.25,11.11
2023-07-03,27.50,92.50,21.40
2023-07-03,27.50,92.75,23.40
2023-07-03,27.50,93.00,16.05
2023-07-03,27.75,91.50,1.87
2023-07-03,27.75,91.75,1.69
2023-07-03,27.75,92.00,1.19
2023-07-03,27.75,92.25,11.37
2023-07-03,27.75,92.50,20.54
2023-07-03,27.75,92.75,20.68
2023-07-03,27.75,93.00,16.35
2023-07-03,28.00,91.50,1.76
2023-07-03,28.00,91.75,1.59
2023-07-03,28.00,92.00,1.92
2023-07-03,28.00,92.25,7.29
2023-07-03,28.00,92.50,16.57
2023-07-03,28.00,92.75,16.68
2023-07-03,28.00,93.00,16.79
2023-07-04,25.75,91.50,21.27
2023-07-04,25.75,91.75,14.77
2023-07-04,25.75,92.00,15.12
2023-07-04,25.75,92.25,13.26
2023-07-04,25.75,92.50,0.69
2023-07-04,25.75,92.75,0.00
2023-07-04,25.75,93.00,0.70
2023-07-04,26.00,91.50,43.56
2023-07-04,26.00,91.75,23.73
2023-07-04,26.00,92.00,14.19
2023-07-04,26.00,92.25,29.64
2023-07-04,26.00,92.50,26.86
2023-07-04,26.00,92.75,5.45
2023-07-04,26.00,93.00,1.86
2023-07-04,26.25,91.50,0.00
2023-07-04,26.25,91.75,6.52
2023-07-04,26.25,92.00,2.51
2023-07-04,26.25,92.25,53.13
2023-07-04,26.25,92.50,50.31
2023-07-04,26.25,92.75,16.76
2023-07-04,26.25,93.00,7.60
2023-07-04,26.50,91.50,0.00
2023-07-04,26.50,91.75,8.09
2023-07-04,26.50,92.00,13.31
2023-07-04,26.50,92.25,10.86
2023-07-04,26.50,92.50,9.17
2023-07-04,26.50,92.75,16.09
2023-07-04,26.50,93.00,9.35
2023-07-04,26.75,91.50,1.22
2023-07-04,26.75,91.75,5.84
2023-07-04,26.75,92.00,27.13
2023-07-04,26.75,92.25,12.95
2023-07-04,26.75,92.50,9.12
2023-07-04,26.75,92.75,11.10
2023-07-04,26.75,93.00,6.84
2023-07-04,27.00,91.50,1.40
2023-07-04,27.00,91.75,3.14
2023-07-04,27.00,92.00,13.74
2023-07-04,27.00,92.25,28.05
2023-07-04,27.00,92.50,27.53
2023-07-04,27.00,92.75,21.36
2023-07-04,27.00,93.00,7.42
2023-07-04,27.25,91.50,
2023-07-04,27.25,91.75,
2023-07-04,27.25,92.00,9.36
2023-07-04,27.25,92.25,20.70
2023-07-04,27.25,92.50,31.57
2023-07-04,27.25,92.75,32.61
2023-07-04,27.25,93.00,13.48
2023-07-04,27.50,91.50,
2023-07-04,27.50,91.75,3.14
2023-07-04,27.50,92.00,4.67
2023-07-04,27.50,92.25,13.95
2023-07-04,27.50,92.50,30.81
2023-07-04,27.50,92.75,30.65
2023-07-04,27.50,93.00,19.54
2023-07-04,27.75,91.50,5.30
2023-07-04,27.75,91.75,4.82
2023-07-04,27.75,92.00,4.88
2023-07-04,27.75,92.25,14.32
2023-07-04,27.75,92.50,26.47
2023-07-04,27.75,92.75,24.96
2023-07-04,27.75,93.00,15.68
2023-07-04,28.00,91.50,4.91
2023-07-04,28.00,91.75,4.73
2023-07-04,28.00,92.00,6.61
2023-07-04,28.00,92.25,16.14
2023-07-04,28.00,92.50,24.75
2023-07-04,28.00,92.75,22.64
2023-07-04,28.00,93.00,14.80
2023-07-05,25.75,91.50,27.10
2023-07-05,25.75,91.75,21.38
2023-07-05,25.75,92.00,10.26
2023-07-05,25.75,92.25,9.13
2023-07-05,25.75,92.50,1.53
2023-07-05,25.75,92.75,0.02
2023-07-05,25.75,93.00,0.22
2023-07-05,26.00,91.50,69.75
2023-07-05,26.00,91.75,33.42
2023-07-05,26.00,92.00,11.62
2023-07-05,26.00,92.25,16.74
2023-07-05,26.00,92.50,5.35
2023-07-05,26.00,92.75,0.09
2023-07-05,26.00,93.00,0.52
2023-07-05,26.25,91.50,31.98
2023-07-05,26.25,91.75,21.81
2023-07-05,26.25,92.00,31.88
2023-07-05,26.25,92.25,0.80
2023-07-05,26.25,92.50,0.00
2023-07-05,26.25,92.75,0.00
2023-07-05,26.25,93.00,1.53
2023-07-05,26.50,91.50,13.50
2023-07-05,26.50,91.75,15.89
2023-07-05,26.50,92.00,18.42
2023-07-05,26.50,92.25,0.17
2023-07-05,26.50,92.50,0.00
2023-07-05,26.50,92.75,0.00
2023-07-05,26.50,93.00,1.26
2023-07-05,26.75,91.50,13.88
2023-07-05,26.75,91.75,5.70
2023-07-05,26.75,92.00,13.51
2023-07-05,26.75,92.25,1.95
2023-07-05,26.75,92.50,0.08
2023-07-05,26.75,92.75,0.00
2023-07-05,26.75,93.00,0.93
2023-07-05,27.00,91.50,8.65
2023-07-05,27.00,91.75,4.80
2023-07-05,27.00,92.00,5.74
2023-07-05,27.00,92.25,0.29
2023-07-05,27.00,92.50,2.56
2023-07-05,27.00,92.75,3.91
2023-07-05,27.00,93.00,1.50
2023-07-05,27.25,91.50,
2023-07-05,27.25,91.75,
2023-07-05,27.25,92.00,0.95
2023-07-05,27.25,92.25,2.05
2023-07-05,27.25,92.50,8.04
2023-07-05,27.25,92.75,8.97
2023-07-05,27.25,93.00,3.70
2023-07-05,27.50,91.50,
2023-07-05,27.50,91.75,8.34
2023-07-05,27.50,92.00,6.42
2023-07-05,27.50,92.25,5.99
2023-07-05,27.50,92.50,8.48
2023-07-05,27.50,92.75,7.99
2023-07-05,27.50,93.00,5.09
2023-07-05,27.75,91.50,4.72
2023-07-05,27.75,91.75,5.50
2023-07-05,27.75,92.00,5.89
2023-07-05,27.75,92.25,7.09
2023-07-05,27.75,92.50,7.34
2023-07-05,27.75,92.75,6.30
2023-07-05,27.75,93.00,3.44
2023-07-05,28.00,91.50,5.35
2023-07-05,28.00,91.75,5.76
2023-07-05,28.00,92.00,6.46
2023-07-05,28.00,92.25,7.68
2023-07-05,28.00,92.50,8.00
2023-07-05,28.00,92.75,5.70
2023-07-05,28.00,93.00,2.94
2023-07-06,25.75,91.50,14.06
2023-07-06,25.75,91.75,13.62
2023-07-06,25.75,92.00,20.00
2023-07-06,25.75,92.25,5.85
2023-07-06,25.75,92.50,3.03
2023-07-06,25.75,92.75,13.99
2023-07-06,25.75,93.00,65.76
2023-07-06,26.00,91.50,5.18
2023-07-06,26.00,91.75,11.55
2023-07-06,26.00,92.00,15.27
2023-07-06,26.00,92.25,11.36
2023-07-06,26.00,92.50,6.73
2023-07-06,26.00,92.75,39.76
2023-07-06,26.00,93.00,62.73
2023-07-06,26.25,91.50,2.41
2023-07-06,26.25,91.75,14.84
2023-07-06,26.25,92.00,12.21
2023-07-06,26.25,92.25,9.08
2023-07-06,26.25,92.50,22.27
2023-07-06,26.25,92.75,35.04
2023-07-06,26.25,93.00,47.48
2023-07-06,26.50,91.50,0.98
2023-07-06,26.50,91.75,6.90
2023-07-06,26.50,92.00,14.10
2023-07-06,26.50,92.25,39.08
2023-07-06,26.50,92.50,34.71
2023-07-06,26.50,92.75,33.09
2023-07-06,26.50,93.00,24.18
2023-07-06,26.75,91.50,0.02
2023-07-06,26.75,91.75,0.01
2023-07-06,26.75,92.00,2.50
2023-07-06,26.75,92.25,37.23
2023-07-06,26.75,92.50,34.86
2023-07-06,26.75,92.75,37.60
2023-07-06,26.75,93.00,97.54
2023-07-06,27.00,91.50,0.84
2023-07-06,27.00,91.75,1.72
2023-07-06,27.00,92.00,4.29
2023-07-06,27.00,92.25,3.98
2023-07-06,27.00,92.50,8.06
2023-07-06,27.00,92.75,37.18
2023-07-06,27.00,93.00,110.97
2023-07-06,27.25,91.50,
2023-07-06,27.25,91.75,
2023-07-06,27.25,92.00,0.07
2023-07-06,27.25,92.25,1.65
2023-07-06,27.25,92.50,2.49
2023-07-06,27.25,92.75,8.70
2023-07-06,27.25,93.00,94.85
2023-07-06,27.50,91.50,
2023-07-06,27.50,91.75,0.12
2023-07-06,27.50,92.00,0.19
2023-07-06,27.50,92.25,0.79
2023-07-06,27.50,92.50,2.00
2023-07-06,27.50,92.75,10.75
2023-07-06,27.50,93.00,38.76
2023-07-06,27.75,91.50,0.09
2023-07-06,27.75,91.75,0.15
2023-07-06,27.75,92.00,0.18
2023-07-06,27.75,92.25,0.85
2023-07-06,27.75,92.50,1.75
2023-07-06,27.75,92.75,14.83
2023-07-06,27.75,93.00,29.08
2023-07-06,28.00,91.50,0.11
2023-07-06,28.00,91.75,0.13
2023-07-06,28.00,92.00,0.12
2023-07-06,28.00,92.25,0.78
2023-07-06,28.00,92.50,1.54
2023-07-06,28.00,92.75,6.40
2023-07-06,28.00,93.00,19.65
2023-07-07,25.75,91.50,20.59
2023-07-07,25.75,91.75,18.12
2023-07-07,25.75,92.00,4.32
2023-07-07,25.75,92.25,2.90
2023-07-07,25.75,92.50,0.23
2023-07-07,25.75,92.75,0.00
2023-07-07,25.75,93.00,0.00
2023-07-07,26.00,91.50,22.11
2023-07-07,26.00,91.75,11.10
2023-07-07,26.00,92.00,5.46
2023-07-07,26.00,92.25,6.92
2023-07-07,26.00,92.50,2.05
2023-07-07,26.00,92.75,0.00
2023-07-07,26.00,93.00,0.00
2023-07-07,26.25,91.50,7.73
2023-07-07,26.25,91.75,6.69
2023-07-07,26.25,92.00,8.27
2023-07-07,26.25,92.25,1.46
2023-07-07,26.25,92.50,1.18
2023-07-07,26.25,92.75,1.38
2023-07-07,26.25,93.00,0.12
2023-07-07,26.50,91.50,2.27
2023-07-07,26.50,91.75,7.87
2023-07-07,26.50,92.00,15.16
2023-07-07,26.50,92.25,1.53
2023-07-07,26.50,92.50,2.46
2023-07-07,26.50,92.75,1.93
2023-07-07,26.50,93.00,1.48
2023-07-07,26.75,91.50,0.18
2023-07-07,26.75,91.75,0.61
2023-07-07,26.75,92.00,33.27
2023-07-07,26.75,92.25,3.59
2023-07-07,26.75,92.50,5.58
2023-07-07,26.75,92.75,14.83
2023-07-07,26.75,93.00,29.88
2023-07-07,27.00,91.50,0.96
2023-07-07,27.00,91.75,4.74
2023-07-07,27.00,92.00,12.21
2023-07-07,27.00,92.25,39.11
2023-07-07,27.00,92.50,31.70
2023-07-07,27.00,92.75,38.80
2023-07-07,27.00,93.00,43.49
2023-07-07,27.25,91.50,
2023-07-07,27.25,91.75,
2023-07-07,27.25,92.00,0.52
2023-07-07,27.25,92.25,20.03
2023-07-07,27.25,92.50,23.14
2023-07-07,27.25,92.75,25.59
2023-07-07,27.25,93.00,42.11
2023-07-07,27.50,91.50,
2023-07-07,27.50,91.75,4.83
2023-07-07,27.50,92.00,1.01
2023-07-07,27.50,92.25,9.23
2023-07-07,27.50,92.50,22.09
2023-07-07,27.50,92.75,27.54
2023-07-07,27.50,93.00,25.19
2023-07-07,27.75,91.50,11.76
2023-07-07,27.75,91.75,8.55
2023-07-07,27.75,92.00,3.59
2023-07-07,27.75,92.25,9.81
2023-07-07,27.75,92.50,19.61
2023-07-07,27.75,92.75,24.74
2023-07-07,27.75,93.00,18.53
2023-07-07,28.00,91.50,10.14
2023-07-07,28.00,91.75,8.19
2023-07-07,28.00,92.00,6.74
2023-07-07,28.00,92.25,9.94
2023-07-07,28.00,92.50,16.97
2023-07-07,28.00,92.75,16.33
2023-07-07,28.00,93.00,14.35
2023-07-08,25.75,91.50,15.92
2023-07-08,25.75,91.75,16.00
2023-07-08,25.75,92.00,10.12
2023-07-08,25.75,92.25,1.42
2023-07-08,25.75,92.50,2.76
2023-07-08,25.75,92.75,10.29
2023-07-08,25.75,93.00,7.21
2023-07-08,26.00,91.50,2.01
2023-07-08,26.00,91.75,7.74
2023-07-08,26.00,92.00,6.75
2023-07-08,26.00,92.25,4.41
2023-07-08,26.00,92.50,4.48
2023-07-08,26.00,92.75,7.06
2023-07-08,26.00,93.00,6.40
2023-07-08,26.25,91.50,9.82
2023-07-08,26.25,91.75,7.48
2023-07-08,26.25,92.00,3.76
2023-07-08,26.25,92.25,5.64
2023-07-08,26.25,92.50,4.94
2023-07-08,26.25,92.75,6.51
2023-07-08,26.25,93.00,2.08
2023-07-08,26.50,91.50,1.44
2023-07-08,26.50,91.75,0.83
2023-07-08,26.50,92.00,1.12
2023-07-08,26.50,92.25,2.98
2023-07-08,26.50,92.50,3.45
2023-07-08,26.50,92.75,4.17
2023-07-08,26.50,93.00,1.51
2023-07-08,26.75,91.50,0.00
2023-07-08,26.75,91.75,0.01
2023-07-08,26.75,92.00,0.01
2023-07-08,26.75,92.25,1.93
2023-07-08,26.75,92.50,13.48
2023-07-08,26.75,92.75,32.29
2023-07-08,26.75,93.00,52.30
2023-07-08,27.00,91.50,0.80
2023-07-08,27.00,91.75,1.67
2023-07-08,27.00,92.00,0.58
2023-07-08,27.00,92.25,119.15
2023-07-08,27.00,92.50,95.44
2023-07-08,27.00,92.75,74.30
2023-07-08,27.00,93.00,66.31
2023-07-08,27.25,91.50,
2023-07-08,27.25,91.75,
2023-07-08,27.25,92.00,0.99
2023-07-08,27.25,92.25,60.59
2023-07-08,27.25,92.50,64.71
2023-07-08,27.25,92.75,67.66
2023-07-08,27.25,93.00,73.87
2023-07-08,27.50,91.50,
2023-07-08,27.50,91.75,4.45
2023-07-08,27.50,92.00,7.11
2023-07-08,27.50,92.25,27.03
2023-07-08,27.50,92.50,61.66
2023-07-08,27.50,92.75,67.42
2023-07-08,27.50,93.00,51.73
2023-07-08,27.75,91.50,0.99
2023-07-08,27.75,91.75,6.08
2023-07-08,27.75,92.00,11.22
2023-07-08,27.75,92.25,28.54
2023-07-08,27.75,92.50,55.59
2023-07-08,27.75,92.75,53.52
2023-07-08,27.75,93.00,37.15
2023-07-08,28.00,91.50,1.00
2023-07-08,28.00,91.75,4.02
2023-07-08,28.00,92.00,8.54
2023-07-08,28.00,92.25,26.86
2023-07-08,28.00,92.50,47.48
2023-07-08,28.00,92.75,37.59
2023-07-08,28.00,93.00,29.28
2023-07-09,25.75,91.50,5.44
2023-07-09,25.75,91.75,4.59
2023-07-09,25.75,92.00,1.99
2023-07-09,25.75,92.25,1.13
2023-07-09,25.75,92.50,0.09
2023-07-09,25.75,92.75,0.00
2023-07-09,25.75,93.00,0.00
2023-07-09,26.00,91.50,8.23
2023-07-09,26.00,91.75,5.52
2023-07-09,26.00,92.00,2.59
2023-07-09,26.00,92.25,2.65
2023-07-09,26.00,92.50,0.80
2023-07-09,26.00,92.75,0.21
2023-07-09,26.00,93.00,0.00
2023-07-09,26.25,91.50,0.00
2023-07-09,26.25,91.75,5.51
2023-07-09,26.25,92.00,10.68
2023-07-09,26.25,92.25,9.38
2023-07-09,26.25,92.50,8.57
2023-07-09,26.25,92.75,6.52
2023-07-09,26.25,93.00,5.75
2023-07-09,26.50,91.50,0.71
2023-07-09,26.50,91.75,5.50
2023-07-09,26.50,92.00,8.50
2023-07-09,26.50,92.25,12.82
2023-07-09,26.50,92.50,2.27
2023-07-09,26.50,92.75,4.31
2023-07-09,26.50,93.00,6.12
2023-07-09,26.75,91.50,0.16
2023-07-09,26.75,91.75,0.15
2023-07-09,26.75,92.00,11.46
2023-07-09,26.75,92.25,1.37
2023-07-09,26.75,92.50,2.99
2023-07-09,26.75,92.75,10.12
2023-07-09,26.75,93.00,36.43
2023-07-09,27.00,91.50,0.45
2023-07-09,27.00,91.75,4.81
2023-07-09,27.00,92.00,14.14
2023-07-09,27.00,92.25,26.93
2023-07-09,27.00,92.50,23.31
2023-07-09,27.00,92.75,31.73
2023-07-09,27.00,93.00,45.26
2023-07-09,27.25,91.50,
2023-07-09,27.25,91.75,
2023-07-09,27.25,92.00,7.80
2023-07-09,27.25,92.25,22.55
2023-07-09,27.25,92.50,23.27
2023-07-09,27.25,92.75,25.23
2023-07-09,27.25,93.00,42.70
2023-07-09,27.50,91.50,
2023-07-09,27.50,91.75,8.22
2023-07-09,27.50,92.00,8.61
2023-07-09,27.50,92.25,18.49
2023-07-09,27.50,92.50,22.67
2023-07-09,27.50,92.75,25.92
2023-07-09,27.50,93.00,27.27
2023-07-09,27.75,91.50,11.35
2023-07-09,27.75,91.75,10.94
2023-07-09,27.75,92.00,11.01
2023-07-09,27.75,92.25,17.34
2023-07-09,27.75,92.50,19.37
2023-07-09,27.75,92.75,24.21
2023-07-09,27.75,93.00,21.82
2023-07-09,28.00,91.50,10.91
2023-07-09,28.00,91.75,10.56
2023-07-09,28.00,92.00,10.83
2023-07-09,28.00,92.25,15.24
2023-07-09,28.00,92.50,19.64
2023-07-09,28.00,92.75,21.01
2023-07-09,28.00,93.00,18.20
2023-07-10,25.75,91.50,24.10
2023-07-10,25.75,91.75,20.43
2023-07-10,25.75,92.00,8.66
2023-07-10,25.75,92.25,1.81
2023-07-10,25.75,92.50,0.43
2023-07-10,25.75,92.75,0.01
2023-07-10,25.75,93.00,0.13
2023-07-10,26.00,91.50,34.45
2023-07-10,26.00,91.75,21.49
2023-07-10,26.00,92.00,3.48
2023-07-10,26.00,92.25,0.73
2023-07-10,26.00,92.50,1.50
2023-07-10,26.00,92.75,0.60
2023-07-10,26.00,93.00,0.10
2023-07-10,26.25,91.50,7.21
2023-07-10,26.25,91.75,8.85
2023-07-10,26.25,92.00,12.54
2023-07-10,26.25,92.25,4.02
2023-07-10,26.25,92.50,4.99
2023-07-10,26.25,92.75,1.95
2023-07-10,26.25,93.00,1.71
2023-07-10,26.50,91.50,1.68
2023-07-10,26.50,91.75,13.07
2023-07-10,26.50,92.00,25.55
2023-07-10,26.50,92.25,8.54
2023-07-10,26.50,92.50,6.36
2023-07-10,26.50,92.75,6.24
2023-07-10,26.50,93.00,1.93
2023-07-10,26.75,91.50,0.42
2023-07-10,26.75,91.75,2.31
2023-07-10,26.75,92.00,22.20
2023-07-10,26.75,92.25,30.43
2023-07-10,26.75,92.50,10.35
2023-07-10,26.75,92.75,11.42
2023-07-10,26.75,93.00,13.52
2023-07-10,27.00,91.50,2.39
2023-07-10,27.00,91.75,5.69
2023-07-10,27.00,92.00,13.33
2023-07-10,27.00,92.25,19.30
2023-07-10,27.00,92.50,20.97
2023-07-10,27.00,92.75,23.18
2023-07-10,27.00,93.00,18.67
2023-07-10,27.25,91.50,
2023-07-10,27.25,91.75,
2023-07-10,27.25,92.00,1.50
2023-07-10,27.25,92.25,12.61
2023-07-10,27.25,92.50,27.43
2023-07-10,27.25,92.75,30.13
2023-07-10,27.25,93.00,22.67
2023-07-10,27.50,91.50,
2023-07-10,27.50,91.75,7.77
2023-07-10,27.50,92.00,4.80
2023-07-10,27.50,92.25,13.65
2023-07-10,27.50,92.50,24.42
2023-07-10,27.50,92.75,28.58
2023-07-10,27.50,93.00,20.23
2023-07-10,27.75,91.50,8.79
2023-07-10,27.75,91.75,8.13
2023-07-10,27.75,92.00,6.38
2023-07-10,27.75,92.25,16.77
2023-07-10,27.75,92.50,21.21
2023-07-10,27.75,92.75,23.24
2023-07-10,27.75,93.00,13.97
2023-07-10,28.00,91.50,8.55
2023-07-10,28.00,91.75,8.01
2023-07-10,28.00,92.00,9.34
2023-07-10,28.00,92.25,16.17
2023-07-10,28.00,92.50,20.87
2023-07-10,28.00,92.75,18.75
2023-07-10,28.00,93.00,11.35
2023-07-11,25.75,91.50,14.74
2023-07-11,25.75,91.75,8.19
2023-07-11,25.75,92.00,16.67
2023-07-11,25.75,92.25,7.96
2023-07-11,25.75,92.50,0.79
2023-07-11,25.75,92.75,0.04
2023-07-11,25.75,93.00,0.00
2023-07-11,26.00,91.50,0.16
2023-07-11,26.00,91.75,5.71
2023-07-11,26.00,92.00,10.78
2023-07-11,26.00,92.25,16.44
2023-07-11,26.00,92.50,5.92
2023-07-11,26.00,92.75,1.72
2023-07-11,26.00,93.00,0.00
2023-07-11,26.25,91.50,0.00
2023-07-11,26.25,91.75,5.67
2023-07-11,26.25,92.00,3.35
2023-07-11,26.25,92.25,7.58
2023-07-11,26.25,92.50,7.36
2023-07-11,26.25,92.75,4.97
2023-07-11,26.25,93.00,5.27
2023-07-11,26.50,91.50,2.28
2023-07-11,26.50,91.75,5.53
2023-07-11,26.50,92.00,7.06
2023-07-11,26.50,92.25,8.83
2023-07-11,26.50,92.50,2.52
2023-07-11,26.50,92.75,3.87
2023-07-11,26.50,93.00,5.61
2023-07-11,26.75,91.50,6.57
2023-07-11,26.75,91.75,5.08
2023-07-11,26.75,92.00,9.00
2023-07-11,26.75,92.25,7.66
2023-07-11,26.75,92.50,3.48
2023-07-11,26.75,92.75,4.90
2023-07-11,26.75,93.00,6.68
2023-07-11,27.00,91.50,5.94
2023-07-11,27.00,91.75,5.14
2023-07-11,27.00,92.00,5.72
2023-07-11,27.00,92.25,15.63
2023-07-11,27.00,92.50,21.29
2023-07-11,27.00,92.75,21.60
2023-07-11,27.00,93.00,7.49
2023-07-11,27.25,91.50,
2023-07-11,27.25,91.75,
2023-07-11,27.25,92.00,1.31
2023-07-11,27.25,92.25,13.33
2023-07-11,27.25,92.50,36.28
2023-07-11,27.25,92.75,39.27
2023-07-11,27.25,93.00,13.79
2023-07-11,27.50,91.50,
2023-07-11,27.50,91.75,5.77
2023-07-11,27.50,92.00,3.90
2023-07-11,27.50,92.25,16.30
2023-07-11,27.50,92.50,31.76
2023-07-11,27.50,92.75,36.03
2023-07-11,27.50,93.00,20.90
2023-07-11,27.75,91.50,6.29
2023-07-11,27.75,91.75,5.93
2023-07-11,27.75,92.00,4.98
2023-07-11,27.75,92.25,20.20
2023-07-11,27.75,92.50,26.75
2023-07-11,27.75,92.75,28.21
2023-07-11,27.75,93.00,14.14
2023-07-11,28.00,91.50,6.13
2023-07-11,28.00,91.75,5.81
2023-07-11,28.00,92.00,9.05
2023-07-11,28.00,92.25,19.81
2023-07-11,28.00,92.50,27.05
2023-07-11,28.00,92.75,24.53
2023-07-11,28.00,93.00,12.28
2023-07-12,25.75,91.50,44.39
2023-07-12,25.75,91.75,21.87
2023-07-12,25.75,92.00,27.34
2023-07-12,25.75,92.25,8.27
2023-07-12,25.75,92.50,5.73
2023-07-12,25.75,92.75,2.04
2023-07-12,25.75,93.00,1.63
2023-07-12,26.00,91.50,25.91
2023-07-12,26.00,91.75,35.57
2023-07-12,26.00,92.00,35.64
2023-07-12,26.00,92.25,13.99
2023-07-12,26.00,92.50,11.48
2023-07-12,26.00,92.75,5.40
2023-07-12,26.00,93.00,2.22
2023-07-12,26.25,91.50,1.07
2023-07-12,26.25,91.75,44.43
2023-07-12,26.25,92.00,42.60
2023-07-12,26.25,92.25,28.11
2023-07-12,26.25,92.50,30.22
2023-07-12,26.25,92.75,24.88
2023-07-12,26.25,93.00,3.77
2023-07-12,26.50,91.50,26.36
2023-07-12,26.50,91.75,17.03
2023-07-12,26.50,92.00,22.13
2023-07-12,26.50,92.25,33.41
2023-07-12,26.50,92.50,26.91
2023-07-12,26.50,92.75,28.34
2023-07-12,26.50,93.00,11.09
2023-07-12,26.75,91.50,47.24
2023-07-12,26.75,91.75,4.09
2023-07-12,26.75,92.00,17.61
2023-07-12,26.75,92.25,16.75
2023-07-12,26.75,92.50,24.63
2023-07-12,26.75,92.75,23.87
2023-07-12,26.75,93.00,11.35
2023-07-12,27.00,91.50,34.26
2023-07-12,27.00,91.75,18.56
2023-07-12,27.00,92.00,12.25
2023-07-12,27.00,92.25,13.39
2023-07-12,27.00,92.50,23.01
2023-07-12,27.00,92.75,27.44
2023-07-12,27.00,93.00,15.88
2023-07-12,27.25,91.50,
2023-07-12,27.25,91.75,
2023-07-12,27.25,92.00,0.92
2023-07-12,27.25,92.25,12.34
2023-07-12,27.25,92.50,35.42
2023-07-12,27.25,92.75,38.82
2023-07-12,27.25,93.00,23.58
2023-07-12,27.50,91.50,
2023-07-12,27.50,91.75,7.23
2023-07-12,27.50,92.00,5.31
2023-07-12,27.50,92.25,15.99
2023-07-12,27.50,92.50,30.84
2023-07-12,27.50,92.75,36.29
2023-07-12,27.50,93.00,25.54
2023-07-12,27.75,91.50,6.26
2023-07-12,27.75,91.75,6.48
2023-07-12,27.75,92.00,6.25
2023-07-12,27.75,92.25,18.92
2023-07-12,27.75,92.50,25.58
2023-07-12,27.75,92.75,30.24
2023-07-12,27.75,93.00,18.96
2023-07-12,28.00,91.50,6.21
2023-07-12,28.00,91.75,6.07
2023-07-12,28.00,92.00,9.14
2023-07-12,28.00,92.25,18.68
2023-07-12,28.00,92.50,26.11
2023-07-12,28.00,92.75,26.09
2023-07-12,28.00,93.00,16.67
2023-07-13,25.75,91.50,29.55
2023-07-13,25.75,91.75,13.25
2023-07-13,25.75,92.00,21.35
2023-07-13,25.75,92.25,5.11
2023-07-13,25.75,92.50,8.85
2023-07-13,25.75,92.75,0.67
2023-07-13,25.75,93.00,0.85
2023-07-13,26.00,91.50,0.33
2023-07-13,26.00,91.75,17.81
2023-07-13,26.00,92.00,25.01
2023-07-13,26.00,92.25,1.86
2023-07-13,26.00,92.50,9.27
2023-07-13,26.00,92.75,4.14
2023-07-13,26.00,93.00,0.37
2023-07-13,26.25,91.50,3.33
2023-07-13,26.25,91.75,31.60
2023-07-13,26.25,92.00,22.81
2023-07-13,26.25,92.25,24.66
2023-07-13,26.25,92.50,23.30
2023-07-13,26.25,92.75,18.19
2023-07-13,26.25,93.00,1.78
2023-07-13,26.50,91.50,15.75
2023-07-13,26.50,91.75,21.12
2023-07-13,26.50,92.00,15.67
2023-07-13,26.50,92.25,22.21
2023-07-13,26.50,92.50,8.05
2023-07-13,26.50,92.75,11.83
2023-07-13,26.50,93.00,4.44
2023-07-13,26.75,91.50,19.10
2023-07-13,26.75,91.75,18.83
2023-07-13,26.75,92.00,26.22
2023-07-13,26.75,92.25,4.18
2023-07-13,26.75,92.50,6.71
2023-07-13,26.75,92.75,11.00
2023-07-13,26.75,93.00,29.88
2023-07-13,27.00,91.50,13.39
2023-07-13,27.00,91.75,8.65
2023-07-13,27.00,92.00,10.78
2023-07-13,27.00,92.25,24.36
2023-07-13,27.00,92.50,25.98
2023-07-13,27.00,92.75,30.11
2023-07-13,27.00,93.00,35.95
2023-07-13,27.25,91.50,
2023-07-13,27.25,91.75,
2023-07-13,27.25,92.00,0.79
2023-07-13,27.25,92.25,15.61
2023-07-13,27.25,92.50,32.68
2023-07-13,27.25,92.75,36.57
2023-07-13,27.25,93.00,40.90
2023-07-13,27.50,91.50,
2023-07-13,27.50,91.75,18.29
2023-07-13,27.50,92.00,8.44
2023-07-13,27.50,92.25,16.29
2023-07-13,27.50,92.50,28.94
2023-07-13,27.50,92.75,34.51
2023-07-13,27.50,93.00,31.17
2023-07-13,27.75,91.50,22.57
2023-07-13,27.75,91.75,19.72
2023-07-13,27.75,92.00,12.87
2023-07-13,27.75,92.25,21.07
2023-07-13,27.75,92.50,25.60
2023-07-13,27.75,92.75,29.42
2023-07-13,27.75,93.00,23.95
2023-07-13,28.00,91.50,21.70
2023-07-13,28.00,91.75,19.62
2023-07-13,28.00,92.00,18.14
2023-07-13,28.00,92.25,21.92
2023-07-13,28.00,92.50,25.03
2023-07-13,28.00,92.75,24.24
2023-07-13,28.00,93.00,20.16
2023-07-14,25.75,91.50,12.22
2023-07-14,25.75,91.75,3.99
2023-07-14,25.75,92.00,8.10
2023-07-14,25.75,92.25,5.33
2023-07-14,25.75,92.50,1.63
2023-07-14,25.75,92.75,1.00
2023-07-14,25.75,93.00,0.54
2023-07-14,26.00,91.50,2.50
2023-07-14,26.00,91.75,5.12
2023-07-14,26.00,92.00,7.92
2023-07-14,26.00,92.25,9.18
2023-07-14,26.00,92.50,4.39
2023-07-14,26.00,92.75,1.06
2023-07-14,26.00,93.00,0.50
2023-07-14,26.25,91.50,0.02
2023-07-14,26.25,91.75,4.53
2023-07-14,26.25,92.00,1.35
2023-07-14,26.25,92.25,17.89
2023-07-14,26.25,92.50,16.95
2023-07-14,26.25,92.75,13.39
2023-07-14,26.25,93.00,1.64
2023-07-14,26.50,91.50,1.86
2023-07-14,26.50,91.75,1.58
2023-07-14,26.50,92.00,2.69
2023-07-14,26.50,92.25,21.41
2023-07-14,26.50,92.50,6.45
2023-07-14,26.50,92.75,9.50
2023-07-14,26.50,93.00,4.84
2023-07-14,26.75,91.50,2.81
2023-07-14,26.75,91.75,1.12
2023-07-14,26.75,92.00,7.22
2023-07-14,26.75,92.25,2.04
2023-07-14,26.75,92.50,3.76
2023-07-14,26.75,92.75,5.27
2023-07-14,26.75,93.00,15.80
2023-07-14,27.00,91.50,2.08
2023-07-14,27.00,91.75,1.39
2023-07-14,27.00,92.00,2.82
2023-07-14,27.00,92.25,5.07
2023-07-14,27.00,92.50,15.95
2023-07-14,27.00,92.75,26.74
2023-07-14,27.00,93.00,21.54
2023-07-14,27.25,91.50,
2023-07-14,27.25,91.75,
2023-07-14,27.25,92.00,0.31
2023-07-14,27.25,92.25,9.55
2023-07-14,27.25,92.50,39.01
2023-07-14,27.25,92.75,43.92
2023-07-14,27.25,93.00,29.39
2023-07-14,27.50,91.50,
2023-07-14,27.50,91.75,5.18
2023-07-14,27.50,92.00,2.23
2023-07-14,27.50,92.25,14.89
2023-07-14,27.50,92.50,34.15
2023-07-14,27.50,92.75,40.26
2023-07-14,27.50,93.00,29.08
2023-07-14,27.75,91.50,6.59
2023-07-14,27.75,91.75,5.67
2023-07-14,27.75,92.00,3.51
2023-07-14,27.75,92.25,19.50
2023-07-14,27.75,92.50,26.84
2023-07-14,27.75,92.75,32.95
2023-07-14,27.75,93.00,20.19
2023-07-14,28.00,91.50,6.33
2023-07-14,28.00,91.75,5.68
2023-07-14,28.00,92.00,9.47
2023-07-14,28.00,92.25,20.82
2023-07-14,28.00,92.50,28.19
2023-07-14,28.00,92.75,28.35
2023-07-14,28.00,93.00,16.77
2023-07-15,25.75,91.50,6.70
2023-07-15,25.75,91.75,2.40
2023-07-15,25.75,92.00,3.85
2023-07-15,25.75,92.25,0.85
2023-07-15,25.75,92.50,0.13
2023-07-15,25.75,92.75,0.60
2023-07-15,25.75,93.00,0.97
2023-07-15,26.00,91.50,7.41
2023-07-15,26.00,91.75,5.52
2023-07-15,26.00,92.00,5.07
2023-07-15,26.00,92.25,1.96
2023-07-15,26.00,92.50,0.92
2023-07-15,26.00,92.75,0.67
2023-07-15,26.00,93.00,1.03
2023-07-15,26.25,91.50,9.91
2023-07-15,26.25,91.75,6.71
2023-07-15,26.25,92.00,3.37
2023-07-15,26.25,92.25,0.84
2023-07-15,26.25,92.50,1.19
2023-07-15,26.25,92.75,1.72
2023-07-15,26.25,93.00,2.19
2023-07-15,26.50,91.50,3.42
2023-07-15,26.50,91.75,16.16
2023-07-15,26.50,92.00,2.43
2023-07-15,26.50,92.25,0.94
2023-07-15,26.50,92.50,2.44
2023-07-15,26.50,92.75,2.07
2023-07-15,26.50,93.00,3.50
2023-07-15,26.75,91.50,6.59
2023-07-15,26.75,91.75,30.80
2023-07-15,26.75,92.00,3.82
2023-07-15,26.75,92.25,1.87
2023-07-15,26.75,92.50,2.77
2023-07-15,26.75,92.75,4.64
2023-07-15,26.75,93.00,15.66
2023-07-15,27.00,91.50,7.62
2023-07-15,27.00,91.75,6.40
2023-07-15,27.00,92.00,2.33
2023-07-15,27.00,92.25,6.12
2023-07-15,27.00,92.50,7.06
2023-07-15,27.00,92.75,12.44
2023-07-15,27.00,93.00,19.41
2023-07-15,27.25,91.50,
2023-07-15,27.25,91.75,
2023-07-15,27.25,92.00,0.46
2023-07-15,27.25,92.25,4.31
2023-07-15,27.25,92.50,9.43
2023-07-15,27.25,92.75,11.09
2023-07-15,27.25,93.00,19.09
2023-07-15,27.50,91.50,
2023-07-15,27.50,91.75,3.30
2023-07-15,27.50,92.00,1.97
2023-07-15,27.50,92.25,4.71
2023-07-15,27.50,92.50,8.56
2023-07-15,27.50,92.75,10.86
2023-07-15,27.50,93.00,11.44
2023-07-15,27.75,91.50,3.61
2023-07-15,27.75,91.75,3.39
2023-07-15,27.75,92.00,2.62
2023-07-15,27.75,92.25,5.74
2023-07-15,27.75,92.50,7.23
2023-07-15,27.75,92.75,9.61
2023-07-15,27.75,93.00,8.17
2023-07-15,28.00,91.50,3.53
2023-07-15,28.00,91.75,3.32
2023-07-15,28.00,92.00,3.61
2023-07-15,28.00,92.25,5.63
2023-07-15,28.00,92.50,7.11
2023-07-15,28.00,92.75,7.05
2023-07-15,28.00,93.00,6.15
2023-07-16,25.75,91.50,2.74
2023-07-16,25.75,91.75,1.57
2023-07-16,25.75,92.00,0.00
2023-07-16,25.75,92.25,0.00
2023-07-16,25.75,92.50,0.00
2023-07-16,25.75,92.75,0.00
2023-07-16,25.75,93.00,0.81
2023-07-16,26.00,91.50,4.88
2023-07-16,26.00,91.75,2.17
2023-07-16,26.00,92.00,0.00
2023-07-16,26.00,92.25,0.00
2023-07-16,26.00,92.50,0.00
2023-07-16,26.00,92.75,0.00
2023-07-16,26.00,93.00,0.70
2023-07-16,26.25,91.50,0.36
2023-07-16,26.25,91.75,0.00
2023-07-16,26.25,92.00,0.00
2023-07-16,26.25,92.25,0.00
2023-07-16,26.25,92.50,0.00
2023-07-16,26.25,92.75,0.00
2023-07-16,26.25,93.00,1.02
2023-07-16,26.50,91.50,0.50
2023-07-16,26.50,91.75,2.11
2023-07-16,26.50,92.00,0.00
2023-07-16,26.50,92.25,0.00
2023-07-16,26.50,92.50,0.00
2023-07-16,26.50,92.75,0.00
2023-07-16,26.50,93.00,1.45
2023-07-16,26.75,91.50,0.64
2023-07-16,26.75,91.75,4.39
2023-07-16,26.75,92.00,0.06
2023-07-16,26.75,92.25,0.00
2023-07-16,26.75,92.50,0.65
2023-07-16,26.75,92.75,2.75
2023-07-16,26.75,93.00,17.39
2023-07-16,27.00,91.50,0.80
2023-07-16,27.00,91.75,0.48
2023-07-16,27.00,92.00,0.03
2023-07-16,27.00,92.25,7.49
2023-07-16,27.00,92.50,5.00
2023-07-16,27.00,92.75,6.68
2023-07-16,27.00,93.00,19.70
2023-07-16,27.25,91.50,
2023-07-16,27.25,91.75,
2023-07-16,27.25,92.00,0.19
2023-07-16,27.25,92.25,3.06
2023-07-16,27.25,92.50,1.05
2023-07-16,27.25,92.75,1.88
2023-07-16,27.25,93.00,17.95
2023-07-16,27.50,91.50,
2023-07-16,27.50,91.75,3.32
2023-07-16,27.50,92.00,1.65
2023-07-16,27.50,92.25,1.73
2023-07-16,27.50,92.50,1.24
2023-07-16,27.50,92.75,2.14
2023-07-16,27.50,93.00,7.24
2023-07-16,27.75,91.50,4.17
2023-07-16,27.75,91.75,3.65
2023-07-16,27.75,92.00,2.50
2023-07-16,27.75,92.25,2.13
2023-07-16,27.75,92.50,1.84
2023-07-16,27.75,92.75,2.37
2023-07-16,27.75,93.00,5.49
2023-07-16,28.00,91.50,3.99
2023-07-16,28.00,91.75,3.63
2023-07-16,28.00,92.00,2.56
2023-07-16,28.00,92.25,1.71
2023-07-16,28.00,92.50,1.20
2023-07-16,28.00,92.75,0.73
2023-07-16,28.00,93.00,3.70
2023-07-17,25.75,91.50,0.36
2023-07-17,25.75,91.75,0.10
2023-07-17,25.75,92.00,1.02
2023-07-17,25.75,92.25,1.32
2023-07-17,25.75,92.50,0.29
2023-07-17,25.75,92.75,0.02
2023-07-17,25.75,93.00,1.01
2023-07-17,26.00,91.50,1.20
2023-07-17,26.00,91.75,0.82
2023-07-17,26.00,92.00,1.59
2023-07-17,26.00,92.25,1.06
2023-07-17,26.00,92.50,0.30
2023-07-17,26.00,92.75,0.23
2023-07-17,26.00,93.00,1.83
2023-07-17,26.25,91.50,3.61
2023-07-17,26.25,91.75,1.63
2023-07-17,26.25,92.00,0.33
2023-07-17,26.25,92.25,29.22
2023-07-17,26.25,92.50,28.13
2023-07-17,26.25,92.75,23.52
2023-07-17,26.25,93.00,4.49
2023-07-17,26.50,91.50,5.65
2023-07-17,26.50,91.75,2.33
2023-07-17,26.50,92.00,3.14
2023-07-17,26.50,92.25,42.90
2023-07-17,26.50,92.50,11.53
2023-07-17,26.50,92.75,17.09
2023-07-17,26.50,93.00,8.15
2023-07-17,26.75,91.50,8.87
2023-07-17,26.75,91.75,2.56
2023-07-17,26.75,92.00,2.13
2023-07-17,26.75,92.25,7.76
2023-07-17,26.75,92.50,7.66
2023-07-17,26.75,92.75,8.97
2023-07-17,26.75,93.00,12.27
2023-07-17,27.00,91.50,10.00
2023-07-17,27.00,91.75,12.35
2023-07-17,27.00,92.00,11.99
2023-07-17,27.00,92.25,14.79
2023-07-17,27.00,92.50,16.19
2023-07-17,27.00,92.75,18.34
2023-07-17,27.00,93.00,14.66
2023-07-17,27.25,91.50,
2023-07-17,27.25,91.75,
2023-07-17,27.25,92.00,20.88
2023-07-17,27.25,92.25,19.22
2023-07-17,27.25,92.50,23.02
2023-07-17,27.25,92.75,23.57
2023-07-17,27.25,93.00,19.79
2023-07-17,27.50,91.50,
2023-07-17,27.50,91.75,17.00
2023-07-17,27.50,92.00,18.77
2023-07-17,27.50,92.25,20.52
2023-07-17,27.50,92.50,22.83
2023-07-17,27.50,92.75,23.79
2023-07-17,27.50,93.00,28.46
2023-07-17,27.75,91.50,16.84
2023-07-17,27.75,91.75,17.05
2023-07-17,27.75,92.00,17.98
2023-07-17,27.75,92.25,20.82
2023-07-17,27.75,92.50,22.39
2023-07-17,27.75,92.75,28.06
2023-07-17,27.75,93.00,34.14
2023-07-17,28.00,91.50,16.91
2023-07-17,28.00,91.75,17.18
2023-07-17,28.00,92.00,18.70
2023-07-17,28.00,92.25,21.10
2023-07-17,28.00,92.50,23.58
2023-07-17,28.00,92.75,31.60
2023-07-17,28.00,93.00,37.19
2023-07-18,25.75,91.50,0.79
2023-07-18,25.75,91.75,0.78
2023-07-18,25.75,92.00,0.35
2023-07-18,25.75,92.25,1.70
2023-07-18,25.75,92.50,1.80
2023-07-18,25.75,92.75,1.00
2023-07-18,25.75,93.00,0.41
2023-07-18,26.00,91.50,0.12
2023-07-18,26.00,91.75,0.96
2023-07-18,26.00,92.00,1.00
2023-07-18,26.00,92.25,0.31
2023-07-18,26.00,92.50,1.59
2023-07-18,26.00,92.75,0.94
2023-07-18,26.00,93.00,0.39
2023-07-18,26.25,91.50,0.39
2023-07-18,26.25,91.75,2.40
2023-07-18,26.25,92.00,3.72
2023-07-18,26.25,92.25,1.67
2023-07-18,26.25,92.50,1.59
2023-07-18,26.25,92.75,0.70
2023-07-18,26.25,93.00,1.17
2023-07-18,26.50,91.50,0.00
2023-07-18,26.50,91.75,2.32
2023-07-18,26.50,92.00,1.81
2023-07-18,26.50,92.25,0.28
2023-07-18,26.50,92.50,0.74
2023-07-18,26.50,92.75,0.84
2023-07-18,26.50,93.00,3.14
2023-07-18,26.75,91.50,0.42
2023-07-18,26.75,91.75,1.99
2023-07-18,26.75,92.00,0.95
2023-07-18,26.75,92.25,0.40
2023-07-18,26.75,92.50,0.63
2023-07-18,26.75,92.75,0.52
2023-07-18,26.75,93.00,1.58
2023-07-18,27.00,91.50,4.22
2023-07-18,27.00,91.75,8.66
2023-07-18,27.00,92.00,6.89
2023-07-18,27.00,92.25,0.61
2023-07-18,27.00,92.50,1.51
2023-07-18,27.00,92.75,2.22
2023-07-18,27.00,93.00,1.18
2023-07-18,27.25,91.50,
2023-07-18,27.25,91.75,
2023-07-18,27.25,92.00,11.96
2023-07-18,27.25,92.25,6.65
2023-07-18,27.25,92.50,5.27
2023-07-18,27.25,92.75,4.89
2023-07-18,27.25,93.00,1.68
2023-07-18,27.50,91.50,
2023-07-18,27.50,91.75,11.03
2023-07-18,27.50,92.00,10.87
2023-07-18,27.50,92.25,7.73
2023-07-18,27.50,92.50,6.07
2023-07-18,27.50,92.75,4.45
2023-07-18,27.50,93.00,3.14
2023-07-18,27.75,91.50,11.29
2023-07-18,27.75,91.75,11.14
2023-07-18,27.75,92.00,10.65
2023-07-18,27.75,92.25,7.15
2023-07-18,27.75,92.50,5.74
2023-07-18,27.75,92.75,3.88
2023-07-18,27.75,93.00,2.72
2023-07-18,28.00,91.50,11.33
2023-07-18,28.00,91.75,11.25
2023-07-18,28.00,92.00,10.88
2023-07-18,28.00,92.25,8.52
2023-07-18,28.00,92.50,6.24
2023-07-18,28.00,92.75,4.68
2023-07-18,28.00,93.00,2.71
2023-07-19,25.75,91.50,0.00
2023-07-19,25.75,91.75,0.00
2023-07-19,25.75,92.00,0.00
2023-07-19,25.75,92.25,0.00
2023-07-19,25.75,92.50,0.00
2023-07-19,25.75,92.75,0.00
2023-07-19,25.75,93.00,0.00
2023-07-19,26.00,91.50,0.00
2023-07-19,26.00,91.75,0.00
2023-07-19,26.00,92.00,0.00
2023-07-19,26.00,92.25,0.00
2023-07-19,26.00,92.50,0.00
2023-07-19,26.00,92.75,0.00
2023-07-19,26.00,93.00,0.00
2023-07-19,26.25,91.50,0.00
2023-07-19,26.25,91.75,0.00
2023-07-19,26.25,92.00,0.00
2023-07-19,26.25,92.25,0.00
2023-07-19,26.25,92.50,0.00
2023-07-19,26.25,92.75,0.00
2023-07-19,26.25,93.00,0.00
2023-07-19,26.50,91.50,0.00
2023-07-19,26.50,91.75,0.00
2023-07-19,26.50,92.00,0.00
2023-07-19,26.50,92.25,0.00
2023-07-19,26.50,92.50,0.00
2023-07-19,26.50,92.75,0.00
2023-07-19,26.50,93.00,0.00
2023-07-19,26.75,91.50,0.00
2023-07-19,26.75,91.75,0.00
2023-07-19,26.75,92.00,0.00
2023-07-19,26.75,92.25,0.00
2023-07-19,26.75,92.50,0.00
2023-07-19,26.75,92.75,0.00
2023-07-19,26.75,93.00,0.00
2023-07-19,27.00,91.50,0.11
2023-07-19,27.00,91.75,0.24
2023-07-19,27.00,92.00,0.08
2023-07-19,27.00,92.25,0.00
2023-07-19,27.00,92.50,0.00
2023-07-19,27.00,92.75,0.00
2023-07-19,27.00,93.00,0.00
2023-07-19,27.25,91.50,
2023-07-19,27.25,91.75,
2023-07-19,27.25,92.00,0.01
2023-07-19,27.25,92.25,0.01
2023-07-19,27.25,92.50,0.00
2023-07-19,27.25,92.75,0.00
2023-07-19,27.25,93.00,0.00
2023-07-19,27.50,91.50,
2023-07-19,27.50,91.75,0.12
2023-07-19,27.50,92.00,0.07
2023-07-19,27.50,92.25,0.02
2023-07-19,27.50,92.50,0.00
2023-07-19,27.50,92.75,0.00
2023-07-19,27.50,93.00,0.00
2023-07-19,27.75,91.50,0.13
2023-07-19,27.75,91.75,0.13
2023-07-19,27.75,92.00,0.08
2023-07-19,27.75,92.25,0.02
2023-07-19,27.75,92.50,0.00
2023-07-19,27.75,92.75,0.00
2023-07-19,27.75,93.00,0.00
2023-07-19,28.00,91.50,0.14
2023-07-19,28.00,91.75,0.11
2023-07-19,28.00,92.00,0.05
2023-07-19,28.00,92.25,0.02
2023-07-19,28.00,92.50,0.00
2023-07-19,28.00,92.75,0.00
2023-07-19,28.00,93.00,0.00
2023-07-20,25.75,91.50,0.21
2023-07-20,25.75,91.75,0.51
2023-07-20,25.75,92.00,0.00
2023-07-20,25.75,92.25,0.21
2023-07-20,25.75,92.50,1.09
2023-07-20,25.75,92.75,9.31
2023-07-20,25.75,93.00,2.78
2023-07-20,26.00,91.50,0.00
2023-07-20,26.00,91.75,0.00
2023-07-20,26.00,92.00,0.00
2023-07-20,26.00,92.25,0.42
2023-07-20,26.00,92.50,1.55
2023-07-20,26.00,92.75,4.25
2023-07-20,26.00,93.00,2.66
2023-07-20,26.25,91.50,0.00
2023-07-20,26.25,91.75,0.00
2023-07-20,26.25,92.00,0.03
2023-07-20,26.25,92.25,2.37
2023-07-20,26.25,92.50,2.17
2023-07-20,26.25,92.75,0.67
2023-07-20,26.25,93.00,0.28
2023-07-20,26.50,91.50,0.00
2023-07-20,26.50,91.75,0.00
2023-07-20,26.50,92.00,0.00
2023-07-20,26.50,92.25,0.00
2023-07-20,26.50,92.50,0.11
2023-07-20,26.50,92.75,0.44
2023-07-20,26.50,93.00,0.24
2023-07-20,26.75,91.50,0.00
2023-07-20,26.75,91.75,0.00
2023-07-20,26.75,92.00,0.00
2023-07-20,26.75,92.25,0.00
2023-07-20,26.75,92.50,0.00
2023-07-20,26.75,92.75,0.00
2023-07-20,26.75,93.00,0.00
2023-07-20,27.00,91.50,0.00
2023-07-20,27.00,91.75,0.00
2023-07-20,27.00,92.00,0.00
2023-07-20,27.00,92.25,0.00
2023-07-20,27.00,92.50,0.00
2023-07-20,27.00,92.75,0.00
2023-07-20,27.00,93.00,0.00
2023-07-20,27.25,91.50,
2023-07-20,27.25,91.75,
2023-07-20,27.25,92.00,0.00
2023-07-20,27.25,92.25,0.00
2023-07-20,27.25,92.50,0.00
2023-07-20,27.25,92.75,0.00
2023-07-20,27.25,93.00,0.00
2023-07-20,27.50,91.50,
2023-07-20,27.50,91.75,0.00
2023-07-20,27.50,92.00,0.00
2023-07-20,27.50,92.25,0.00
2023-07-20,27.50,92.50,0.00
2023-07-20,27.50,92.75,0.00
2023-07-20,27.50,93.00,0.00
2023-07-20,27.75,91.50,0.00
2023-07-20,27.75,91.75,0.00
2023-07-20,27.75,92.00,0.00
2023-07-20,27.75,92.25,0.00
2023-07-20,27.75,92.50,0.00
2023-07-20,27.75,92.75,0.00
2023-07-20,27.75,93.00,0.00
2023-07-20,28.00,91.50,0.00
2023-07-20,28.00,91.75,0.00
2023-07-20,28.00,92.00,0.00
2023-07-20,28.00,92.25,0.00
2023-07-20,28.00,92.50,0.00
2023-07-20,28.00,92.75,0.00
2023-07-20,28.00,93.00,0.00
2023-07-21,25.75,91.50,11.89
2023-07-21,25.75,91.75,13.12
2023-07-21,25.75,92.00,23.97
2023-07-21,25.75,92.25,21.19
2023-07-21,25.75,92.50,7.75
2023-07-21,25.75,92.75,10.99
2023-07-21,25.75,93.00,25.71
2023-07-21,26.00,91.50,23.04
2023-07-21,26.00,91.75,14.58
2023-07-21,26.00,92.00,21.26
2023-07-21,26.00,92.25,36.78
2023-07-21,26.00,92.50,17.89
2023-07-21,26.00,92.75,18.39
2023-07-21,26.00,93.00,25.79
2023-07-21,26.25,91.50,52.08
2023-07-21,26.25,91.75,26.12
2023-07-21,26.25,92.00,27.46
2023-07-21,26.25,92.25,10.18
2023-07-21,26.25,92.50,18.28
2023-07-21,26.25,92.75,17.31
2023-07-21,26.25,93.00,26.81
2023-07-21,26.50,91.50,33.03
2023-07-21,26.50,91.75,18.24
2023-07-21,26.50,92.00,14.72
2023-07-21,26.50,92.25,23.16
2023-07-21,26.50,92.50,37.98
2023-07-21,26.50,92.75,34.47
2023-07-21,26.50,93.00,14.96
2023-07-21,26.75,91.50,51.33
2023-07-21,26.75,91.75,16.45
2023-07-21,26.75,92.00,1.30
2023-07-21,26.75,92.25,31.36
2023-07-21,26.75,92.50,40.16
2023-07-21,26.75,92.75,36.06
2023-07-21,26.75,93.00,13.21
2023-07-21,27.00,91.50,33.32
2023-07-21,27.00,91.75,12.91
2023-07-21,27.00,92.00,7.98
2023-07-21,27.00,92.25,4.61
2023-07-21,27.00,92.50,10.06
2023-07-21,27.00,92.75,7.35
2023-07-21,27.00,93.00,12.15
2023-07-21,27.25,91.50,
2023-07-21,27.25,91.75,
2023-07-21,27.25,92.00,9.10
2023-07-21,27.25,92.25,6.51
2023-07-21,27.25,92.50,3.96
2023-07-21,27.25,92.75,3.72
2023-07-21,27.25,93.00,9.50
2023-07-21,27.50,91.50,
2023-07-21,27.50,91.75,8.78
2023-07-21,27.50,92.00,9.10
2023-07-21,27.50,92.25,6.67
2023-07-21,27.50,92.50,4.55
2023-07-21,27.50,92.75,4.08
2023-07-21,27.50,93.00,6.41
2023-07-21,27.75,91.50,8.51
2023-07-21,27.75,91.75,8.46
2023-07-21,27.75,92.00,8.82
2023-07-21,27.75,92.25,5.81
2023-07-21,27.75,92.50,4.82
2023-07-21,27.75,92.75,4.89
2023-07-21,27.75,93.00,6.41
2023-07-21,28.00,91.50,8.43
2023-07-21,28.00,91.75,8.41
2023-07-21,28.00,92.00,8.03
2023-07-21,28.00,92.25,6.15
2023-07-21,28.00,92.50,4.92
2023-07-21,28.00,92.75,4.95
2023-07-21,28.00,93.00,6.10
2023-07-22,25.75,91.50,9.26
2023-07-22,25.75,91.75,10.06
2023-07-22,25.75,92.00,2.79
2023-07-22,25.75,92.25,0.00
2023-07-22,25.75,92.50,0.00
2023-07-22,25.75,92.75,0.00
2023-07-22,25.75,93.00,0.00
2023-07-22,26.00,91.50,0.02
2023-07-22,26.00,91.75,4.83
2023-07-22,26.00,92.00,0.00
2023-07-22,26.00,92.25,0.00
2023-07-22,26.00,92.50,0.00
2023-07-22,26.00,92.75,0.00
2023-07-22,26.00,93.00,0.00
2023-07-22,26.25,91.50,0.35
2023-07-22,26.25,91.75,0.00
2023-07-22,26.25,92.00,0.00
2023-07-22,26.25,92.25,0.00
2023-07-22,26.25,92.50,0.00
2023-07-22,26.25,92.75,0.00
2023-07-22,26.25,93.00,0.00
2023-07-22,26.50,91.50,0.78
2023-07-22,26.50,91.75,0.00
2023-07-22,26.50,92.00,0.00
2023-07-22,26.50,92.25,0.00
2023-07-22,26.50,92.50,0.00
2023-07-22,26.50,92.75,0.00
2023-07-22,26.50,93.00,0.00
2023-07-22,26.75,91.50,3.20
2023-07-22,26.75,91.75,0.42
2023-07-22,26.75,92.00,0.00
2023-07-22,26.75,92.25,0.00
2023-07-22,26.75,92.50,0.00
2023-07-22,26.75,92.75,0.00
2023-07-22,26.75,93.00,0.00
2023-07-22,27.00,91.50,3.23
2023-07-22,27.00,91.75,1.82
2023-07-22,27.00,92.00,1.21
2023-07-22,27.00,92.25,0.10
2023-07-22,27.00,92.50,3.77
2023-07-22,27.00,92.75,5.75
2023-07-22,27.00,93.00,0.94
2023-07-22,27.25,91.50,
2023-07-22,27.25,91.75,
2023-07-22,27.25,92.00,2.06
2023-07-22,27.25,92.25,3.31
2023-07-22,27.25,92.50,11.96
2023-07-22,27.25,92.75,13.11
2023-07-22,27.25,93.00,4.30
2023-07-22,27.50,91.50,
2023-07-22,27.50,91.75,6.29
2023-07-22,27.50,92.00,3.35
2023-07-22,27.50,92.25,5.29
2023-07-22,27.50,92.50,10.63
2023-07-22,27.50,92.75,11.81
2023-07-22,27.50,93.00,7.46
2023-07-22,27.75,91.50,7.78
2023-07-22,27.75,91.75,6.81
2023-07-22,27.75,92.00,4.45
2023-07-22,27.75,92.25,6.86
2023-07-22,27.75,92.50,8.43
2023-07-22,27.75,92.75,9.65
2023-07-22,27.75,93.00,5.54
2023-07-22,28.00,91.50,7.55
2023-07-22,28.00,91.75,6.88
2023-07-22,28.00,92.00,7.00
2023-07-22,28.00,92.25,8.33
2023-07-22,28.00,92.50,9.05
2023-07-22,28.00,92.75,9.12
2023-07-22,28.00,93.00,5.13
2023-07-23,25.75,91.50,21.83
2023-07-23,25.75,91.75,19.92
2023-07-23,25.75,92.00,12.00
2023-07-23,25.75,92.25,8.57
2023-07-23,25.75,92.50,5.84
2023-07-23,25.75,92.75,29.23
2023-07-23,25.75,93.00,11.87
2023-07-23,26.00,91.50,15.54
2023-07-23,26.00,91.75,15.54
2023-07-23,26.00,92.00,6.93
2023-07-23,26.00,92.25,16.16
2023-07-23,26.00,92.50,7.80
2023-07-23,26.00,92.75,13.54
2023-07-23,26.00,93.00,12.86
2023-07-23,26.25,91.50,6.41
2023-07-23,26.25,91.75,2.32
2023-07-23,26.25,92.00,0.27
2023-07-23,26.25,92.25,4.49
2023-07-23,26.25,92.50,4.10
2023-07-23,26.25,92.75,5.05
2023-07-23,26.25,93.00,9.95
2023-07-23,26.50,91.50,1.68
2023-07-23,26.50,91.75,2.89
2023-07-23,26.50,92.00,6.48
2023-07-23,26.50,92.25,6.97
2023-07-23,26.50,92.50,0.80
2023-07-23,26.50,92.75,1.76
2023-07-23,26.50,93.00,0.54
2023-07-23,26.75,91.50,4.01
2023-07-23,26.75,91.75,1.06
2023-07-23,26.75,92.00,4.26
2023-07-23,26.75,92.25,9.86
2023-07-23,26.75,92.50,0.90
2023-07-23,26.75,92.75,1.51
2023-07-23,26.75,93.00,26.62
2023-07-23,27.00,91.50,2.94
2023-07-23,27.00,91.75,1.85
2023-07-23,27.00,92.00,4.78
2023-07-23,27.00,92.25,0.73
2023-07-23,27.00,92.50,5.42
2023-07-23,27.00,92.75,13.71
2023-07-23,27.00,93.00,30.85
2023-07-23,27.25,91.50,
2023-07-23,27.25,91.75,
2023-07-23,27.25,92.00,4.00
2023-07-23,27.25,92.25,5.20
2023-07-23,27.25,92.50,17.22
2023-07-23,27.25,92.75,20.69
2023-07-23,27.25,93.00,34.05
2023-07-23,27.50,91.50,
2023-07-23,27.50,91.75,2.64
2023-07-23,27.50,92.00,3.15
2023-07-23,27.50,92.25,8.03
2023-07-23,27.50,92.50,15.75
2023-07-23,27.50,92.75,18.28
2023-07-23,27.50,93.00,21.35
2023-07-23,27.75,91.50,2.65
2023-07-23,27.75,91.75,2.66
2023-07-23,27.75,92.00,2.87
2023-07-23,27.75,92.25,9.48
2023-07-23,27.75,92.50,12.25
2023-07-23,27.75,92.75,15.48
2023-07-23,27.75,93.00,15.33
2023-07-23,28.00,91.50,2.66
2023-07-23,28.00,91.75,2.71
2023-07-23,28.00,92.00,5.05
2023-07-23,28.00,92.25,10.16
2023-07-23,28.00,92.50,13.12
2023-07-23,28.00,92.75,13.18
2023-07-23,28.00,93.00,11.67
2023-07-24,25.75,91.50,9.19
2023-07-24,25.75,91.75,7.34
2023-07-24,25.75,92.00,10.22
2023-07-24,25.75,92.25,11.90
2023-07-24,25.75,92.50,19.39
2023-07-24,25.75,92.75,3.01
2023-07-24,25.75,93.00,0.72
2023-07-24,26.00,91.50,22.31
2023-07-24,26.00,91.75,24.14
2023-07-24,26.00,92.00,22.55
2023-07-24,26.00,92.25,3.25
2023-07-24,26.00,92.50,12.20
2023-07-24,26.00,92.75,8.16
2023-07-24,26.00,93.00,1.09
2023-07-24,26.25,91.50,0.51
2023-07-24,26.25,91.75,28.53
2023-07-24,26.25,92.00,23.62
2023-07-24,26.25,92.25,0.63
2023-07-24,26.25,92.50,0.68
2023-07-24,26.25,92.75,1.67
2023-07-24,26.25,93.00,1.90
2023-07-24,26.50,91.50,2.88
2023-07-24,26.50,91.75,16.24
2023-07-24,26.50,92.00,26.26
2023-07-24,26.50,92.25,1.75
2023-07-24,26.50,92.50,3.55
2023-07-24,26.50,92.75,2.82
2023-07-24,26.50,93.00,4.16
2023-07-24,26.75,91.50,1.34
2023-07-24,26.75,91.75,4.79
2023-07-24,26.75,92.00,47.79
2023-07-24,26.75,92.25,8.20
2023-07-24,26.75,92.50,3.48
2023-07-24,26.75,92.75,4.49
2023-07-24,26.75,93.00,18.18
2023-07-24,27.00,91.50,4.96
2023-07-24,27.00,91.75,12.07
2023-07-24,27.00,92.00,20.49
2023-07-24,27.00,92.25,1.11
2023-07-24,27.00,92.50,6.12
2023-07-24,27.00,92.75,16.63
2023-07-24,27.00,93.00,23.26
2023-07-24,27.25,91.50,
2023-07-24,27.25,91.75,
2023-07-24,27.25,92.00,2.48
2023-07-24,27.25,92.25,4.68
2023-07-24,27.25,92.50,17.96
2023-07-24,27.25,92.75,20.99
2023-07-24,27.25,93.00,25.11
2023-07-24,27.50,91.50,
2023-07-24,27.50,91.75,11.50
2023-07-24,27.50,92.00,5.86
2023-07-24,27.50,92.25,7.85
2023-07-24,27.50,92.50,16.18
2023-07-24,27.50,92.75,19.59
2023-07-24,27.50,93.00,17.98
2023-07-24,27.75,91.50,13.41
2023-07-24,27.75,91.75,12.04
2023-07-24,27.75,92.00,7.95
2023-07-24,27.75,92.25,10.06
2023-07-24,27.75,92.50,12.33
2023-07-24,27.75,92.75,16.90
2023-07-24,27.75,93.00,12.63
2023-07-24,28.00,91.50,13.11
2023-07-24,28.00,91.75,12.01
2023-07-24,28.00,92.00,11.61
2023-07-24,28.00,92.25,12.53
2023-07-24,28.00,92.50,13.19
2023-07-24,28.00,92.75,13.90
2023-07-24,28.00,93.00,9.86
2023-07-25,25.75,91.50,3.37
2023-07-25,25.75,91.75,5.17
2023-07-25,25.75,92.00,18.56
2023-07-25,25.75,92.25,11.22
2023-07-25,25.75,92.50,13.92
2023-07-25,25.75,92.75,37.62
2023-07-25,25.75,93.00,12.84
2023-07-25,26.00,91.50,0.00
2023-07-25,26.00,91.75,7.27
2023-07-25,26.00,92.00,14.79
2023-07-25,26.00,92.25,17.75
2023-07-25,26.00,92.50,13.04
2023-07-25,26.00,92.75,18.95
2023-07-25,26.00,93.00,14.28
2023-07-25,26.25,91.50,0.00
2023-07-25,26.25,91.75,11.20
2023-07-25,26.25,92.00,9.96
2023-07-25,26.25,92.25,6.41
2023-07-25,26.25,92.50,9.52
2023-07-25,26.25,92.75,13.26
2023-07-25,26.25,93.00,11.71
2023-07-25,26.50,91.50,0.00
2023-07-25,26.50,91.75,4.40
2023-07-25,26.50,92.00,4.95
2023-07-25,26.50,92.25,15.71
2023-07-25,26.50,92.50,20.09
2023-07-25,26.50,92.75,17.92
2023-07-25,26.50,93.00,11.63
2023-07-25,26.75,91.50,0.42
2023-07-25,26.75,91.75,2.03
2023-07-25,26.75,92.00,4.49
2023-07-25,26.75,92.25,9.30
2023-07-25,26.75,92.50,23.06
2023-07-25,26.75,92.75,33.03
2023-07-25,26.75,93.00,41.72
2023-07-25,27.00,91.50,0.51
2023-07-25,27.00,91.75,0.74
2023-07-25,27.00,92.00,1.61
2023-07-25,27.00,92.25,60.29
2023-07-25,27.00,92.50,49.65
2023-07-25,27.00,92.75,52.01
2023-07-25,27.00,93.00,55.44
2023-07-25,27.25,91.50,
2023-07-25,27.25,91.75,
2023-07-25,27.25,92.00,0.81
2023-07-25,27.25,92.25,28.36
2023-07-25,27.25,92.50,29.89
2023-07-25,27.25,92.75,31.93
2023-07-25,27.25,93.00,53.51
2023-07-25,27.50,91.50,
2023-07-25,27.50,91.75,4.61
2023-07-25,27.50,92.00,5.56
2023-07-25,27.50,92.25,21.08
2023-07-25,27.50,92.50,27.33
2023-07-25,27.50,92.75,34.60
2023-07-25,27.50,93.00,32.07
2023-07-25,27.75,91.50,4.00
2023-07-25,27.75,91.75,4.63
2023-07-25,27.75,92.00,6.82
2023-07-25,27.75,92.25,24.09
2023-07-25,27.75,92.50,28.92
2023-07-25,27.75,92.75,30.93
2023-07-25,27.75,93.00,24.46
2023-07-25,28.00,91.50,3.83
2023-07-25,28.00,91.75,4.23
2023-07-25,28.00,92.00,5.42
2023-07-25,28.00,92.25,16.50
2023-07-25,28.00,92.50,24.83
2023-07-25,28.00,92.75,20.29
2023-07-25,28.00,93.00,19.46
2023-07-26,25.75,91.50,1.89
2023-07-26,25.75,91.75,7.85
2023-07-26,25.75,92.00,8.12
2023-07-26,25.75,92.25,0.37
2023-07-26,25.75,92.50,0.96
2023-07-26,25.75,92.75,1.68
2023-07-26,25.75,93.00,5.09
2023-07-26,26.00,91.50,0.05
2023-07-26,26.00,91.75,0.17
2023-07-26,26.00,92.00,0.06
2023-07-26,26.00,92.25,0.18
2023-07-26,26.00,92.50,0.63
2023-07-26,26.00,92.75,2.87
2023-07-26,26.00,93.00,4.81
2023-07-26,26.25,91.50,0.14
2023-07-26,26.25,91.75,0.00
2023-07-26,26.25,92.00,0.00
2023-07-26,26.25,92.25,0.00
2023-07-26,26.25,92.50,0.06
2023-07-26,26.25,92.75,1.70
2023-07-26,26.25,93.00,5.95
2023-07-26,26.50,91.50,0.36
2023-07-26,26.50,91.75,1.62
2023-07-26,26.50,92.00,2.10
2023-07-26,26.50,92.25,0.14
2023-07-26,26.50,92.50,0.20
2023-07-26,26.50,92.75,0.18
2023-07-26,26.50,93.00,2.37
2023-07-26,26.75,91.50,0.90
2023-07-26,26.75,91.75,1.57
2023-07-26,26.75,92.00,5.93
2023-07-26,26.75,92.25,0.60
2023-07-26,26.75,92.50,7.62
2023-07-26,26.75,92.75,18.31
2023-07-26,26.75,93.00,1.68
2023-07-26,27.00,91.50,1.62
2023-07-26,27.00,91.75,0.71
2023-07-26,27.00,92.00,2.09
2023-07-26,27.00,92.25,85.50
2023-07-26,27.00,92.50,61.53
2023-07-26,27.00,92.75,31.26
2023-07-26,27.00,93.00,3.30
2023-07-26,27.25,91.50,
2023-07-26,27.25,91.75,
2023-07-26,27.25,92.00,1.15
2023-07-26,27.25,92.25,37.12
2023-07-26,27.25,92.50,25.88
2023-07-26,27.25,92.75,23.10
2023-07-26,27.25,93.00,7.81
2023-07-26,27.50,91.50,
2023-07-26,27.50,91.75,4.59
2023-07-26,27.50,92.00,7.22
2023-07-26,27.50,92.25,24.21
2023-07-26,27.50,92.50,23.18
2023-07-26,27.50,92.75,25.31
2023-07-26,27.50,93.00,13.46
2023-07-26,27.75,91.50,3.09
2023-07-26,27.75,91.75,4.39
2023-07-26,27.75,92.00,8.50
2023-07-26,27.75,92.25,26.55
2023-07-26,27.75,92.50,30.59
2023-07-26,27.75,92.75,20.68
2023-07-26,27.75,93.00,14.15
2023-07-26,28.00,91.50,2.96
2023-07-26,28.00,91.75,3.81
2023-07-26,28.00,92.00,3.86
2023-07-26,28.00,92.25,14.96
2023-07-26,28.00,92.50,24.25
2023-07-26,28.00,92.75,15.40
2023-07-26,28.00,93.00,14.98
2023-07-27,25.75,91.50,31.32
2023-07-27,25.75,91.75,19.47
2023-07-27,25.75,92.00,14.99
2023-07-27,25.75,92.25,8.83
2023-07-27,25.75,92.50,0.78
2023-07-27,25.75,92.75,0.02
2023-07-27,25.75,93.00,1.08
2023-07-27,26.00,91.50,28.67
2023-07-27,26.00,91.75,16.51
2023-07-27,26.00,92.00,7.30
2023-07-27,26.00,92.25,19.55
2023-07-27,26.00,92.50,5.91
2023-07-27,26.00,92.75,0.31
2023-07-27,26.00,93.00,1.19
2023-07-27,26.25,91.50,0.46
2023-07-27,26.25,91.75,0.10
2023-07-27,26.25,92.00,0.00
2023-07-27,26.25,92.25,0.00
2023-07-27,26.25,92.50,0.11
2023-07-27,26.25,92.75,0.00
2023-07-27,26.25,93.00,1.74
2023-07-27,26.50,91.50,0.00
2023-07-27,26.50,91.75,1.35
2023-07-27,26.50,92.00,3.06
2023-07-27,26.50,92.25,1.24
2023-07-27,26.50,92.50,0.41
2023-07-27,26.50,92.75,0.37
2023-07-27,26.50,93.00,13.62
2023-07-27,26.75,91.50,0.10
2023-07-27,26.75,91.75,0.49
2023-07-27,26.75,92.00,0.74
2023-07-27,26.75,92.25,5.72
2023-07-27,26.75,92.50,3.30
2023-07-27,26.75,92.75,8.52
2023-07-27,26.75,93.00,26.09
2023-07-27,27.00,91.50,0.10
2023-07-27,27.00,91.75,0.06
2023-07-27,27.00,92.00,1.15
2023-07-27,27.00,92.25,28.01
2023-07-27,27.00,92.50,27.42
2023-07-27,27.00,92.75,30.08
2023-07-27,27.00,93.00,30.05
2023-07-27,27.25,91.50,
2023-07-27,27.25,91.75,
2023-07-27,27.25,92.00,0.46
2023-07-27,27.25,92.25,16.60
2023-07-27,27.25,92.50,31.51
2023-07-27,27.25,92.75,34.52
2023-07-27,27.25,93.00,30.29
2023-07-27,27.50,91.50,
2023-07-27,27.50,91.75,1.56
2023-07-27,27.50,92.00,2.41
2023-07-27,27.50,92.25,16.15
2023-07-27,27.50,92.50,28.07
2023-07-27,27.50,92.75,33.43
2023-07-27,27.50,93.00,25.42
2023-07-27,27.75,91.50,1.09
2023-07-27,27.75,91.75,1.51
2023-07-27,27.75,92.00,2.83
2023-07-27,27.75,92.25,19.38
2023-07-27,27.75,92.50,25.38
2023-07-27,27.75,92.75,28.00
2023-07-27,27.75,93.00,18.79
2023-07-27,28.00,91.50,1.05
2023-07-27,28.00,91.75,1.32
2023-07-27,28.00,92.00,4.58
2023-07-27,28.00,92.25,16.23
2023-07-27,28.00,92.50,24.35
2023-07-27,28.00,92.75,22.27
2023-07-27,28.00,93.00,15.79
2023-07-28,25.75,91.50,17.70
2023-07-28,25.75,91.75,10.82
2023-07-28,25.75,92.00,11.13
2023-07-28,25.75,92.25,1.53
2023-07-28,25.75,92.50,1.45
2023-07-28,25.75,92.75,0.65
2023-07-28,25.75,93.00,1.38
2023-07-28,26.00,91.50,21.07
2023-07-28,26.00,91.75,12.10
2023-07-28,26.00,92.00,4.61
2023-07-28,26.00,92.25,1.83
2023-07-28,26.00,92.50,1.33
2023-07-28,26.00,92.75,1.31
2023-07-28,26.00,93.00,1.32
2023-07-28,26.25,91.50,0.02
2023-07-28,26.25,91.75,4.52
2023-07-28,26.25,92.00,2.73
2023-07-28,26.25,92.25,16.46
2023-07-28,26.25,92.50,20.33
2023-07-28,26.25,92.75,24.00
2023-07-28,26.25,93.00,0.78
2023-07-28,26.50,91.50,0.00
2023-07-28,26.50,91.75,1.42
2023-07-28,26.50,92.00,2.98
2023-07-28,26.50,92.25,32.50
2023-07-28,26.50,92.50,29.65
2023-07-28,26.50,92.75,28.16
2023-07-28,26.50,93.00,21.82
2023-07-28,26.75,91.50,0.00
2023-07-28,26.75,91.75,0.02
2023-07-28,26.75,92.00,1.40
2023-07-28,26.75,92.25,15.40
2023-07-28,26.75,92.50,27.59
2023-07-28,26.75,92.75,31.51
2023-07-28,26.75,93.00,47.53
2023-07-28,27.00,91.50,0.00
2023-07-28,27.00,91.75,0.06
2023-07-28,27.00,92.00,5.38
2023-07-28,27.00,92.25,30.68
2023-07-28,27.00,92.50,28.70
2023-07-28,27.00,92.75,40.56
2023-07-28,27.00,93.00,55.24
2023-07-28,27.25,91.50,
2023-07-28,27.25,91.75,
2023-07-28,27.25,92.00,9.65
2023-07-28,27.25,92.25,25.80
2023-07-28,27.25,92.50,22.63
2023-07-28,27.25,92.75,23.98
2023-07-28,27.25,93.00,48.91
2023-07-28,27.50,91.50,
2023-07-28,27.50,91.75,4.61
2023-07-28,27.50,92.00,8.79
2023-07-28,27.50,92.25,22.26
2023-07-28,27.50,92.50,25.22
2023-07-28,27.50,92.75,25.69
2023-07-28,27.50,93.00,28.21
2023-07-28,27.75,91.50,3.92
2023-07-28,27.75,91.75,4.52
2023-07-28,27.75,92.00,8.00
2023-07-28,27.75,92.25,20.11
2023-07-28,27.75,92.50,25.06
2023-07-28,27.75,92.75,24.39
2023-07-28,27.75,93.00,21.81
2023-07-28,28.00,91.50,3.94
2023-07-28,28.00,91.75,4.40
2023-07-28,28.00,92.00,7.30
2023-07-28,28.00,92.25,16.66
2023-07-28,28.00,92.50,19.94
2023-07-28,28.00,92.75,20.09
2023-07-28,28.00,93.00,17.33
2023-07-29,25.75,91.50,9.68
2023-07-29,25.75,91.75,6.47
2023-07-29,25.75,92.00,7.21
2023-07-29,25.75,92.25,5.26
2023-07-29,25.75,92.50,0.59
2023-07-29,25.75,92.75,0.01
2023-07-29,25.75,93.00,0.46
2023-07-29,26.00,91.50,18.69
2023-07-29,26.00,91.75,2.37
2023-07-29,26.00,92.00,4.49
2023-07-29,26.00,92.25,10.24
2023-07-29,26.00,92.50,3.57
2023-07-29,26.00,92.75,0.22
2023-07-29,26.00,93.00,0.43
2023-07-29,26.25,91.50,15.70
2023-07-29,26.25,91.75,3.22
2023-07-29,26.25,92.00,0.22
2023-07-29,26.25,92.25,29.76
2023-07-29,26.25,92.50,30.83
2023-07-29,26.25,92.75,27.28
2023-07-29,26.25,93.00,0.55
2023-07-29,26.50,91.50,2.64
2023-07-29,26.50,91.75,0.29
2023-07-29,26.50,92.00,0.86
2023-07-29,26.50,92.25,45.57
2023-07-29,26.50,92.50,21.97
2023-07-29,26.50,92.75,25.60
2023-07-29,26.50,93.00,11.06
2023-07-29,26.75,91.50,0.00
2023-07-29,26.75,91.75,0.00
2023-07-29,26.75,92.00,0.21
2023-07-29,26.75,92.25,9.67
2023-07-29,26.75,92.50,20.81
2023-07-29,26.75,92.75,30.03
2023-07-29,26.75,93.00,47.24
2023-07-29,27.00,91.50,0.46
2023-07-29,27.00,91.75,1.00
2023-07-29,27.00,92.00,1.03
2023-07-29,27.00,92.25,53.41
2023-07-29,27.00,92.50,55.28
2023-07-29,27.00,92.75,64.97
2023-07-29,27.00,93.00,62.26
2023-07-29,27.25,91.50,
2023-07-29,27.25,91.75,
2023-07-29,27.25,92.00,1.97
2023-07-29,27.25,92.25,32.60
2023-07-29,27.25,92.50,61.88
2023-07-29,27.25,92.75,68.06
2023-07-29,27.25,93.00,69.99
2023-07-29,27.50,91.50,
2023-07-29,27.50,91.75,5.97
2023-07-29,27.50,92.00,6.30
2023-07-29,27.50,92.25,31.92
2023-07-29,27.50,92.50,55.19
2023-07-29,27.50,92.75,67.11
2023-07-29,27.50,93.00,59.76
2023-07-29,27.75,91.50,5.72
2023-07-29,27.75,91.75,6.09
2023-07-29,27.75,92.00,7.58
2023-07-29,27.75,92.25,38.35
2023-07-29,27.75,92.50,50.24
2023-07-29,27.75,92.75,61.35
2023-07-29,27.75,93.00,51.01
2023-07-29,28.00,91.50,5.54
2023-07-29,28.00,91.75,5.77
2023-07-29,28.00,92.00,11.46
2023-07-29,28.00,92.25,32.85
2023-07-29,28.00,92.50,48.84
2023-07-29,28.00,92.75,51.88
2023-07-29,28.00,93.00,46.68
2023-07-30,25.75,91.50,0.29
2023-07-30,25.75,91.75,0.21
2023-07-30,25.75,92.00,12.22
2023-07-30,25.75,92.25,0.00
2023-07-30,25.75,92.50,0.00
2023-07-30,25.75,92.75,0.00
2023-07-30,25.75,93.00,0.00
2023-07-30,26.00,91.50,7.18
2023-07-30,26.00,91.75,24.24
2023-07-30,26.00,92.00,27.36
2023-07-30,26.00,92.25,0.07
2023-07-30,26.00,92.50,0.00
2023-07-30,26.00,92.75,0.00
2023-07-30,26.00,93.00,0.00
2023-07-30,26.25,91.50,6.80
2023-07-30,26.25,91.75,29.79
2023-07-30,26.25,92.00,9.86
2023-07-30,26.25,92.25,1.75
2023-07-30,26.25,92.50,1.47
2023-07-30,26.25,92.75,1.13
2023-07-30,26.25,93.00,0.75
2023-07-30,26.50,91.50,33.45
2023-07-30,26.50,91.75,2.74
2023-07-30,26.50,92.00,5.64
2023-07-30,26.50,92.25,3.47
2023-07-30,26.50,92.50,0.34
2023-07-30,26.50,92.75,0.70
2023-07-30,26.50,93.00,0.89
2023-07-30,26.75,91.50,62.15
2023-07-30,26.75,91.75,0.95
2023-07-30,26.75,92.00,2.64
2023-07-30,26.75,92.25,7.39
2023-07-30,26.75,92.50,0.67
2023-07-30,26.75,92.75,0.25
2023-07-30,26.75,93.00,3.25
2023-07-30,27.00,91.50,31.74
2023-07-30,27.00,91.75,2.13
2023-07-30,27.00,92.00,3.07
2023-07-30,27.00,92.25,0.44
2023-07-30,27.00,92.50,0.01
2023-07-30,27.00,92.75,0.70
2023-07-30,27.00,93.00,3.31
2023-07-30,27.25,91.50,
2023-07-30,27.25,91.75,
2023-07-30,27.25,92.00,1.12
2023-07-30,27.25,92.25,0.56
2023-07-30,27.25,92.50,0.08
2023-07-30,27.25,92.75,0.19
2023-07-30,27.25,93.00,2.74
2023-07-30,27.50,91.50,
2023-07-30,27.50,91.75,8.36
2023-07-30,27.50,92.00,3.55
2023-07-30,27.50,92.25,0.63
2023-07-30,27.50,92.50,0.24
2023-07-30,27.50,92.75,0.21
2023-07-30,27.50,93.00,1.30
2023-07-30,27.75,91.50,11.25
2023-07-30,27.75,91.75,9.14
2023-07-30,27.75,92.00,5.40
2023-07-30,27.75,92.25,1.29
2023-07-30,27.75,92.50,0.27
2023-07-30,27.75,92.75,0.45
2023-07-30,27.75,93.00,1.22
2023-07-30,28.00,91.50,10.56
2023-07-30,28.00,91.75,9.21
2023-07-30,28.00,92.00,6.86
2023-07-30,28.00,92.25,2.95
2023-07-30,28.00,92.50,0.31
2023-07-30,28.00,92.75,0.45
2023-07-30,28.00,93.00,1.03
2023-07-31,25.75,91.50,16.99
2023-07-31,25.75,91.75,15.51
2023-07-31,25.75,92.00,11.11
2023-07-31,25.75,92.25,9.13
2023-07-31,25.75,92.50,10.31
2023-07-31,25.75,92.75,10.90
2023-07-31,25.75,93.00,15.08
2023-07-31,26.00,91.50,1.83
2023-07-31,26.00,91.75,6.62
2023-07-31,26.00,92.00,0.52
2023-07-31,26.00,92.25,1.74
2023-07-31,26.00,92.50,5.31
2023-07-31,26.00,92.75,8.78
2023-07-31,26.00,93.00,16.06
2023-07-31,26.25,91.50,0.00
2023-07-31,26.25,91.75,0.18
2023-07-31,26.25,92.00,0.07
2023-07-31,26.25,92.25,1.58
2023-07-31,26.25,92.50,1.45
2023-07-31,26.25,92.75,2.40
2023-07-31,26.25,93.00,16.08
2023-07-31,26.50,91.50,0.00
2023-07-31,26.50,91.75,0.00
2023-07-31,26.50,92.00,0.00
2023-07-31,26.50,92.25,0.00
2023-07-31,26.50,92.50,0.08
2023-07-31,26.50,92.75,0.29
2023-07-31,26.50,93.00,10.73
2023-07-31,26.75,91.50,0.00
2023-07-31,26.75,91.75,0.00
2023-07-31,26.75,92.00,0.00
2023-07-31,26.75,92.25,0.00
2023-07-31,26.75,92.50,0.43
2023-07-31,26.75,92.75,1.03
2023-07-31,26.75,93.00,0.00
2023-07-31,27.00,91.50,0.00
2023-07-31,27.00,91.75,0.07
2023-07-31,27.00,92.00,0.97
2023-07-31,27.00,92.25,5.08
2023-07-31,27.00,92.50,3.29
2023-07-31,27.00,92.75,1.36
2023-07-31,27.00,93.00,0.00
2023-07-31,27.25,91.50,
2023-07-31,27.25,91.75,
2023-07-31,27.25,92.00,3.04
2023-07-31,27.25,92.25,3.39
2023-07-31,27.25,92.50,0.90
2023-07-31,27.25,92.75,0.43
2023-07-31,27.25,93.00,0.00
2023-07-31,27.50,91.50,
2023-07-31,27.50,91.75,1.94
2023-07-31,27.50,92.00,2.48
2023-07-31,27.50,92.25,2.53
2023-07-31,27.50,92.50,1.20
2023-07-31,27.50,92.75,0.61
2023-07-31,27.50,93.00,0.00
2023-07-31,27.75,91.50,1.29
2023-07-31,27.75,91.75,1.87
2023-07-31,27.75,92.00,2.27
2023-07-31,27.75,92.25,2.18
2023-07-31,27.75,92.50,1.89
2023-07-31,27.75,92.75,0.34
2023-07-31,27.75,93.00,0.00
2023-07-31,28.00,91.50,1.58
2023-07-31,28.00,91.75,2.00
2023-07-31,28.00,92.00,2.16
2023-07-31,28.00,92.25,1.95
2023-07-31,28.00,92.50,1.53
2023-07-31,28.00,92.75,0.23
2023-07-31,28.00,93.00,0.00
2023-08-01,25.75,91.50,7.29
2023-08-01,25.75,91.75,7.81
2023-08-01,25.75,92.00,0.00
2023-08-01,25.75,92.25,0.00
2023-08-01,25.75,92.50,0.00
2023-08-01,25.75,92.75,0.00
2023-08-01,25.75,93.00,0.00
2023-08-01,26.00,91.50,0.00
2023-08-01,26.00,91.75,0.00
2023-08-01,26.00,92.00,0.00
2023-08-01,26.00,92.25,0.00
2023-08-01,26.00,92.50,0.00
2023-08-01,26.00,92.75,0.00
2023-08-01,26.00,93.00,0.00
2023-08-01,26.25,91.50,0.00
2023-08-01,26.25,91.75,0.00
2023-08-01,26.25,92.00,0.00
2023-08-01,26.25,92.25,0.00
2023-08-01,26.25,92.50,0.00
2023-08-01,26.25,92.75,0.00
2023-08-01,26.25,93.00,0.00
2023-08-01,26.50,91.50,0.00
2023-08-01,26.50,91.75,0.00
2023-08-01,26.50,92.00,0.00
2023-08-01,26.50,92.25,0.00
2023-08-01,26.50,92.50,0.00
2023-08-01,26.50,92.75,0.00
2023-08-01,26.50,93.00,0.00
2023-08-01,26.75,91.50,0.00
2023-08-01,26.75,91.75,0.00
2023-08-01,26.75,92.00,0.00
2023-08-01,26.75,92.25,0.00
2023-08-01,26.75,92.50,0.22
2023-08-01,26.75,92.75,0.54
2023-08-01,26.75,93.00,0.00
2023-08-01,27.00,91.50,0.04
2023-08-01,27.00,91.75,0.18
2023-08-01,27.00,92.00,1.40
2023-08-01,27.00,92.25,2.77
2023-08-01,27.00,92.50,3.39
2023-08-01,27.00,92.75,3.28
2023-08-01,27.00,93.00,0.42
2023-08-01,27.25,91.50,
2023-08-01,27.25,91.75,
2023-08-01,27.25,92.00,4.26
2023-08-01,27.25,92.25,4.05
2023-08-01,27.25,92.50,5.94
2023-08-01,27.25,92.75,6.08
2023-08-01,27.25,93.00,2.86
2023-08-01,27.50,91.50,
2023-08-01,27.50,91.75,1.95
2023-08-01,27.50,92.00,3.09
2023-08-01,27.50,92.25,4.49
2023-08-01,27.50,92.50,5.72
2023-08-01,27.50,92.75,6.16
2023-08-01,27.50,93.00,7.98
2023-08-01,27.75,91.50,1.82
2023-08-01,27.75,91.75,1.97
2023-08-01,27.75,92.00,2.64
2023-08-01,27.75,92.25,4.70
2023-08-01,27.75,92.50,5.62
2023-08-01,27.75,92.75,8.14
2023-08-01,27.75,93.00,10.95
2023-08-01,28.00,91.50,1.86
2023-08-01,28.00,91.75,2.04
2023-08-01,28.00,92.00,2.93
2023-08-01,28.00,92.25,4.58
2023-08-01,28.00,92.50,6.13
2023-08-01,28.00,92.75,9.95
2023-08-01,28.00,93.00,12.60
2023-08-02,25.75,91.50,2.42
2023-08-02,25.75,91.75,1.73
2023-08-02,25.75,92.00,0.36
2023-08-02,25.75,92.25,6.82
2023-08-02,25.75,92.50,1.99
2023-08-02,25.75,92.75,0.57
2023-08-02,25.75,93.00,0.13
2023-08-02,26.00,91.50,0.50
2023-08-02,26.00,91.75,1.34
2023-08-02,26.00,92.00,0.35
2023-08-02,26.00,92.25,0.25
2023-08-02,26.00,92.50,0.11
2023-08-02,26.00,92.75,0.21
2023-08-02,26.00,93.00,0.13
2023-08-02,26.25,91.50,0.52
2023-08-02,26.25,91.75,1.12
2023-08-02,26.25,92.00,2.35
2023-08-02,26.25,92.25,0.06
2023-08-02,26.25,92.50,0.00
2023-08-02,26.25,92.75,0.00
2023-08-02,26.25,93.00,0.00
2023-08-02,26.50,91.50,1.96
2023-08-02,26.50,91.75,0.83
2023-08-02,26.50,92.00,0.99
2023-08-02,26.50,92.25,0.00
2023-08-02,26.50,92.50,0.00
2023-08-02,26.50,92.75,0.00
2023-08-02,26.50,93.00,0.00
2023-08-02,26.75,91.50,0.12
2023-08-02,26.75,91.75,0.00
2023-08-02,26.75,92.00,0.00
2023-08-02,26.75,92.25,0.00
2023-08-02,26.75,92.50,0.00
2023-08-02,26.75,92.75,0.00
2023-08-02,26.75,93.00,0.00
2023-08-02,27.00,91.50,0.00
2023-08-02,27.00,91.75,0.22
2023-08-02,27.00,92.00,3.16
2023-08-02,27.00,92.25,0.49
2023-08-02,27.00,92.50,0.00
2023-08-02,27.00,92.75,0.00
2023-08-02,27.00,93.00,0.00
2023-08-02,27.25,91.50,
2023-08-02,27.25,91.75,
2023-08-02,27.25,92.00,9.71
2023-08-02,27.25,92.25,4.57
2023-08-02,27.25,92.50,0.70
2023-08-02,27.25,92.75,0.00
2023-08-02,27.25,93.00,0.00
2023-08-02,27.50,91.50,
2023-08-02,27.50,91.75,8.38
2023-08-02,27.50,92.00,7.98
2023-08-02,27.50,92.25,4.65
2023-08-02,27.50,92.50,1.86
2023-08-02,27.50,92.75,0.00
2023-08-02,27.50,93.00,0.00
2023-08-02,27.75,91.50,9.67
2023-08-02,27.75,91.75,8.97
2023-08-02,27.75,92.00,7.96
2023-08-02,27.75,92.25,4.28
2023-08-02,27.75,92.50,2.26
2023-08-02,27.75,92.75,0.00
2023-08-02,27.75,93.00,0.00
2023-08-02,28.00,91.50,9.52
2023-08-02,28.00,91.75,9.21
2023-08-02,28.00,92.00,8.35
2023-08-02,28.00,92.25,5.43
2023-08-02,28.00,92.50,2.47
2023-08-02,28.00,92.75,0.75
2023-08-02,28.00,93.00,0.00
2023-08-03,25.75,91.50,6.01
2023-08-03,25.75,91.75,3.17
2023-08-03,25.75,92.00,6.07
2023-08-03,25.75,92.25,4.32
2023-08-03,25.75,92.50,2.65
2023-08-03,25.75,92.75,2.29
2023-08-03,25.75,93.00,23.25
2023-08-03,26.00,91.50,8.07
2023-08-03,26.00,91.75,9.58
2023-08-03,26.00,92.00,9.66
2023-08-03,26.00,92.25,0.03
2023-08-03,26.00,92.50,0.96
2023-08-03,26.00,92.75,11.95
2023-08-03,26.00,93.00,22.03
2023-08-03,26.25,91.50,4.33
2023-08-03,26.25,91.75,11.23
2023-08-03,26.25,92.00,4.53
2023-08-03,26.25,92.25,14.43
2023-08-03,26.25,92.50,13.35
2023-08-03,26.25,92.75,22.55
2023-08-03,26.25,93.00,24.08
2023-08-03,26.50,91.50,15.03
2023-08-03,26.50,91.75,0.65
2023-08-03,26.50,92.00,0.77
2023-08-03,26.50,92.25,19.81
2023-08-03,26.50,92.50,2.95
2023-08-03,26.50,92.75,6.24
2023-08-03,26.50,93.00,16.78
2023-08-03,26.75,91.50,26.41
2023-08-03,26.75,91.75,0.17
2023-08-03,26.75,92.00,0.00
2023-08-03,26.75,92.25,0.33
2023-08-03,26.75,92.50,3.01
2023-08-03,26.75,92.75,7.66
2023-08-03,26.75,93.00,16.59
2023-08-03,27.00,91.50,16.77
2023-08-03,27.00,91.75,2.44
2023-08-03,27.00,92.00,0.83
2023-08-03,27.00,92.25,29.19
2023-08-03,27.00,92.50,20.18
2023-08-03,27.00,92.75,13.28
2023-08-03,27.00,93.00,16.11
2023-08-03,27.25,91.50,
2023-08-03,27.25,91.75,
2023-08-03,27.25,92.00,0.45
2023-08-03,27.25,92.25,12.20
2023-08-03,27.25,92.50,5.94
2023-08-03,27.25,92.75,5.38
2023-08-03,27.25,93.00,11.32
2023-08-03,27.50,91.50,
2023-08-03,27.50,91.75,22.71
2023-08-03,27.50,92.00,9.73
2023-08-03,27.50,92.25,7.40
2023-08-03,27.50,92.50,5.64
2023-08-03,27.50,92.75,6.67
2023-08-03,27.50,93.00,5.62
2023-08-03,27.75,91.50,29.16
2023-08-03,27.75,91.75,24.95
2023-08-03,27.75,92.00,15.57
2023-08-03,27.75,92.25,10.12
2023-08-03,27.75,92.50,8.39
2023-08-03,27.75,92.75,5.43
2023-08-03,27.75,93.00,4.40
2023-08-03,28.00,91.50,27.87
2023-08-03,28.00,91.75,24.94
2023-08-03,28.00,92.00,18.01
2023-08-03,28.00,92.25,10.59
2023-08-03,28.00,92.50,5.99
2023-08-03,28.00,92.75,2.34
2023-08-03,28.00,93.00,3.37
2023-08-04,25.75,91.50,6.24
2023-08-04,25.75,91.75,4.64
2023-08-04,25.75,92.00,3.23
2023-08-04,25.75,92.25,1.78
2023-08-04,25.75,92.50,1.94
2023-08-04,25.75,92.75,0.10
2023-08-04,25.75,93.00,1.59
2023-08-04,26.00,91.50,9.16
2023-08-04,26.00,91.75,5.39
2023-08-04,26.00,92.00,4.32
2023-08-04,26.00,92.25,0.65
2023-08-04,26.00,92.50,2.36
2023-08-04,26.00,92.75,1.45
2023-08-04,26.00,93.00,1.51
2023-08-04,26.25,91.50,35.98
2023-08-04,26.25,91.75,13.59
2023-08-04,26.25,92.00,12.29
2023-08-04,26.25,92.25,5.75
2023-08-04,26.25,92.50,7.56
2023-08-04,26.25,92.75,7.99
2023-08-04,26.25,93.00,0.99
2023-08-04,26.50,91.50,30.36
2023-08-04,26.50,91.75,25.12
2023-08-04,26.50,92.00,48.98
2023-08-04,26.50,92.25,10.50
2023-08-04,26.50,92.50,13.09
2023-08-04,26.50,92.75,11.75
2023-08-04,26.50,93.00,6.67
2023-08-04,26.75,91.50,8.30
2023-08-04,26.75,91.75,6.87
2023-08-04,26.75,92.00,106.03
2023-08-04,26.75,92.25,26.67
2023-08-04,26.75,92.50,13.93
2023-08-04,26.75,92.75,13.05
2023-08-04,26.75,93.00,6.21
2023-08-04,27.00,91.50,16.17
2023-08-04,27.00,91.75,30.49
2023-08-04,27.00,92.00,47.95
2023-08-04,27.00,92.25,14.24
2023-08-04,27.00,92.50,15.66
2023-08-04,27.00,92.75,17.40
2023-08-04,27.00,93.00,8.15
2023-08-04,27.25,91.50,
2023-08-04,27.25,91.75,
2023-08-04,27.25,92.00,6.19
2023-08-04,27.25,92.25,11.45
2023-08-04,27.25,92.50,21.51
2023-08-04,27.25,92.75,22.77
2023-08-04,27.25,93.00,11.74
2023-08-04,27.50,91.50,
2023-08-04,27.50,91.75,7.83
2023-08-04,27.50,92.00,8.62
2023-08-04,27.50,92.25,13.34
2023-08-04,27.50,92.50,19.34
2023-08-04,27.50,92.75,21.48
2023-08-04,27.50,93.00,13.31
2023-08-04,27.75,91.50,4.78
2023-08-04,27.75,91.75,6.44
2023-08-04,27.75,92.00,8.32
2023-08-04,27.75,92.25,13.66
2023-08-04,27.75,92.50,16.86
2023-08-04,27.75,92.75,17.25
2023-08-04,27.75,93.00,9.01
2023-08-04,28.00,91.50,5.26
2023-08-04,28.00,91.75,5.97
2023-08-04,28.00,92.00,8.01
2023-08-04,28.00,92.25,12.84
2023-08-04,28.00,92.50,16.86
2023-08-04,28.00,92.75,14.59
2023-08-04,28.00,93.00,7.55
2023-08-05,25.75,91.50,5.82
2023-08-05,25.75,91.75,4.06
2023-08-05,25.75,92.00,10.84
2023-08-05,25.75,92.25,6.92
2023-08-05,25.75,92.50,1.17
2023-08-05,25.75,92.75,0.99
2023-08-05,25.75,93.00,1.42
2023-08-05,26.00,91.50,6.01
2023-08-05,26.00,91.75,4.00
2023-08-05,26.00,92.00,6.06
2023-08-05,26.00,92.25,10.30
2023-08-05,26.00,92.50,3.49
2023-08-05,26.00,92.75,0.90
2023-08-05,26.00,93.00,1.52
2023-08-05,26.25,91.50,6.66
2023-08-05,26.25,91.75,4.43
2023-08-05,26.25,92.00,3.74
2023-08-05,26.25,92.25,4.11
2023-08-05,26.25,92.50,8.66
2023-08-05,26.25,92.75,6.36
2023-08-05,26.25,93.00,1.50
2023-08-05,26.50,91.50,3.99
2023-08-05,26.50,91.75,5.68
2023-08-05,26.50,92.00,9.64
2023-08-05,26.50,92.25,17.45
2023-08-05,26.50,92.50,20.66
2023-08-05,26.50,92.75,18.77
2023-08-05,26.50,93.00,17.64
2023-08-05,26.75,91.50,1.06
2023-08-05,26.75,91.75,3.03
2023-08-05,26.75,92.00,7.00
2023-08-05,26.75,92.25,24.36
2023-08-05,26.75,92.50,22.90
2023-08-05,26.75,92.75,21.56
2023-08-05,26.75,93.00,16.42
2023-08-05,27.00,91.50,2.10
2023-08-05,27.00,91.75,3.19
2023-08-05,27.00,92.00,6.29
2023-08-05,27.00,92.25,15.09
2023-08-05,27.00,92.50,17.07
2023-08-05,27.00,92.75,13.39
2023-08-05,27.00,93.00,12.39
2023-08-05,27.25,91.50,
2023-08-05,27.25,91.75,
2023-08-05,27.25,92.00,4.22
2023-08-05,27.25,92.25,10.15
2023-08-05,27.25,92.50,15.21
2023-08-05,27.25,92.75,15.68
2023-08-05,27.25,93.00,8.65
2023-08-05,27.50,91.50,
2023-08-05,27.50,91.75,5.36
2023-08-05,27.50,92.00,5.11
2023-08-05,27.50,92.25,9.80
2023-08-05,27.50,92.50,13.77
2023-08-05,27.50,92.75,15.09
2023-08-05,27.50,93.00,9.66
2023-08-05,27.75,91.50,5.56
2023-08-05,27.75,91.75,5.50
2023-08-05,27.75,92.00,5.50
2023-08-05,27.75,92.25,11.09
2023-08-05,27.75,92.50,12.98
2023-08-05,27.75,92.75,12.28
2023-08-05,27.75,93.00,7.19
2023-08-05,28.00,91.50,5.49
2023-08-05,28.00,91.75,5.45
2023-08-05,28.00,92.00,6.31
2023-08-05,28.00,92.25,10.05
2023-08-05,28.00,92.50,12.47
2023-08-05,28.00,92.75,10.35
2023-08-05,28.00,93.00,6.36
2023-08-06,25.75,91.50,11.50
2023-08-06,25.75,91.75,2.78
2023-08-06,25.75,92.00,6.33
2023-08-06,25.75,92.25,2.31
2023-08-06,25.75,92.50,0.49
2023-08-06,25.75,92.75,0.01
2023-08-06,25.75,93.00,0.00
2023-08-06,26.00,91.50,2.30
2023-08-06,26.00,91.75,3.03
2023-08-06,26.00,92.00,4.05
2023-08-06,26.00,92.25,1.97
2023-08-06,26.00,92.50,0.58
2023-08-06,26.00,92.75,0.00
2023-08-06,26.00,93.00,0.00
2023-08-06,26.25,91.50,1.69
2023-08-06,26.25,91.75,3.50
2023-08-06,26.25,92.00,0.93
2023-08-06,26.25,92.25,2.41
2023-08-06,26.25,92.50,4.94
2023-08-06,26.25,92.75,6.73
2023-08-06,26.25,93.00,0.00
2023-08-06,26.50,91.50,1.33
2023-08-06,26.50,91.75,1.35
2023-08-06,26.50,92.00,2.66
2023-08-06,26.50,92.25,8.70
2023-08-06,26.50,92.50,13.91
2023-08-06,26.50,92.75,11.96
2023-08-06,26.50,93.00,5.46
2023-08-06,26.75,91.50,0.27
2023-08-06,26.75,91.75,0.61
2023-08-06,26.75,92.00,6.57
2023-08-06,26.75,92.25,7.59
2023-08-06,26.75,92.50,13.35
2023-08-06,26.75,92.75,12.61
2023-08-06,26.75,93.00,5.58
2023-08-06,27.00,91.50,0.56
2023-08-06,27.00,91.75,1.45
2023-08-06,27.00,92.00,2.73
2023-08-06,27.00,92.25,6.17
2023-08-06,27.00,92.50,18.12
2023-08-06,27.00,92.75,25.04
2023-08-06,27.00,93.00,9.37
2023-08-06,27.25,91.50,
2023-08-06,27.25,91.75,
2023-08-06,27.25,92.00,0.33
2023-08-06,27.25,92.25,9.96
2023-08-06,27.25,92.50,39.18
2023-08-06,27.25,92.75,43.12
2023-08-06,27.25,93.00,19.02
2023-08-06,27.50,91.50,
2023-08-06,27.50,91.75,1.45
2023-08-06,27.50,92.00,1.10
2023-08-06,27.50,92.25,15.09
2023-08-06,27.50,92.50,33.99
2023-08-06,27.50,92.75,39.52
2023-08-06,27.50,93.00,25.38
2023-08-06,27.75,91.50,1.51
2023-08-06,27.75,91.75,1.48
2023-08-06,27.75,92.00,1.39
2023-08-06,27.75,92.25,19.25
2023-08-06,27.75,92.50,27.06
2023-08-06,27.75,92.75,32.16
2023-08-06,27.75,93.00,18.03
2023-08-06,28.00,91.50,1.48
2023-08-06,28.00,91.75,1.43
2023-08-06,28.00,92.00,6.38
2023-08-06,28.00,92.25,19.58
2023-08-06,28.00,92.50,28.36
2023-08-06,28.00,92.75,28.48
2023-08-06,28.00,93.00,15.89
2023-08-07,25.75,91.50,36.55
2023-08-07,25.75,91.75,31.87
2023-08-07,25.75,92.00,29.46
2023-08-07,25.75,92.25,2.56
2023-08-07,25.75,92.50,0.50
2023-08-07,25.75,92.75,0.59
2023-08-07,25.75,93.00,0.60
2023-08-07,26.00,91.50,5.59
2023-08-07,26.00,91.75,26.37
2023-08-07,26.00,92.00,18.78
2023-08-07,26.00,92.25,2.74
2023-08-07,26.00,92.50,2.91
2023-08-07,26.00,92.75,0.43
2023-08-07,26.00,93.00,0.61
2023-08-07,26.25,91.50,9.51
2023-08-07,26.25,91.75,22.31
2023-08-07,26.25,92.00,11.55
2023-08-07,26.25,92.25,5.74
2023-08-07,26.25,92.50,5.82
2023-08-07,26.25,92.75,2.72
2023-08-07,26.25,93.00,1.54
2023-08-07,26.50,91.50,21.81
2023-08-07,26.50,91.75,5.64
2023-08-07,26.50,92.00,3.42
2023-08-07,26.50,92.25,1.51
2023-08-07,26.50,92.50,3.48
2023-08-07,26.50,92.75,3.69
2023-08-07,26.50,93.00,3.08
2023-08-07,26.75,91.50,35.93
2023-08-07,26.75,91.75,1.36
2023-08-07,26.75,92.00,1.45
2023-08-07,26.75,92.25,2.86
2023-08-07,26.75,92.50,4.36
2023-08-07,26.75,92.75,9.04
2023-08-07,26.75,93.00,36.88
2023-08-07,27.00,91.50,21.12
2023-08-07,27.00,91.75,5.51
2023-08-07,27.00,92.00,5.66
2023-08-07,27.00,92.25,14.23
2023-08-07,27.00,92.50,11.93
2023-08-07,27.00,92.75,20.98
2023-08-07,27.00,93.00,45.47
2023-08-07,27.25,91.50,
2023-08-07,27.25,91.75,
2023-08-07,27.25,92.00,6.15
2023-08-07,27.25,92.25,9.81
2023-08-07,27.25,92.50,8.89
2023-08-07,27.25,92.75,11.23
2023-08-07,27.25,93.00,43.24
2023-08-07,27.50,91.50,
2023-08-07,27.50,91.75,9.60
2023-08-07,27.50,92.00,7.72
2023-08-07,27.50,92.25,8.54
2023-08-07,27.50,92.50,9.31
2023-08-07,27.50,92.75,11.84
2023-08-07,27.50,93.00,20.89
2023-08-07,27.75,91.50,10.96
2023-08-07,27.75,91.75,10.02
2023-08-07,27.75,92.00,8.69
2023-08-07,27.75,92.25,9.23
2023-08-07,27.75,92.50,9.18
2023-08-07,27.75,92.75,12.06
2023-08-07,27.75,93.00,16.16
2023-08-07,28.00,91.50,10.59
2023-08-07,28.00,91.75,10.02
2023-08-07,28.00,92.00,9.07
2023-08-07,28.00,92.25,8.79
2023-08-07,28.00,92.50,8.45
2023-08-07,28.00,92.75,8.03
2023-08-07,28.00,93.00,12.06
2023-08-08,25.75,91.50,10.26
2023-08-08,25.75,91.75,4.81
2023-08-08,25.75,92.00,11.23
2023-08-08,25.75,92.25,2.07
2023-08-08,25.75,92.50,0.32
2023-08-08,25.75,92.75,0.67
2023-08-08,25.75,93.00,5.80
2023-08-08,26.00,91.50,1.14
2023-08-08,26.00,91.75,10.84
2023-08-08,26.00,92.00,16.56
2023-08-08,26.00,92.25,3.74
2023-08-08,26.00,92.50,1.45
2023-08-08,26.00,92.75,1.70
2023-08-08,26.00,93.00,10.47
2023-08-08,26.25,91.50,3.27
2023-08-08,26.25,91.75,19.30
2023-08-08,26.25,92.00,13.25
2023-08-08,26.25,92.25,1.46
2023-08-08,26.25,92.50,1.12
2023-08-08,26.25,92.75,1.48
2023-08-08,26.25,93.00,50.63
2023-08-08,26.50,91.50,1.41
2023-08-08,26.50,91.75,7.29
2023-08-08,26.50,92.00,12.62
2023-08-08,26.50,92.25,0.63
2023-08-08,26.50,92.50,0.27
2023-08-08,26.50,92.75,0.45
2023-08-08,26.50,93.00,24.31
2023-08-08,26.75,91.50,0.15
2023-08-08,26.75,91.75,1.01
2023-08-08,26.75,92.00,24.59
2023-08-08,26.75,92.25,1.97
2023-08-08,26.75,92.50,1.01
2023-08-08,26.75,92.75,2.16
2023-08-08,26.75,93.00,3.03
2023-08-08,27.00,91.50,11.38
2023-08-08,27.00,91.75,25.71
2023-08-08,27.00,92.00,17.87
2023-08-08,27.00,92.25,10.13
2023-08-08,27.00,92.50,11.90
2023-08-08,27.00,92.75,11.06
2023-08-08,27.00,93.00,3.53
2023-08-08,27.25,91.50,
2023-08-08,27.25,91.75,
2023-08-08,27.25,92.00,4.85
2023-08-08,27.25,92.25,9.84
2023-08-08,27.25,92.50,18.93
2023-08-08,27.25,92.75,20.13
2023-08-08,27.25,93.00,8.02
2023-08-08,27.50,91.50,
2023-08-08,27.50,91.75,14.82
2023-08-08,27.50,92.00,10.39
2023-08-08,27.50,92.25,11.78
2023-08-08,27.50,92.50,17.00
2023-08-08,27.50,92.75,18.81
2023-08-08,27.50,93.00,13.95
2023-08-08,27.75,91.50,14.17
2023-08-08,27.75,91.75,14.25
2023-08-08,27.75,92.00,12.08
2023-08-08,27.75,92.25,12.75
2023-08-08,27.75,92.50,15.15
2023-08-08,27.75,92.75,16.78
2023-08-08,27.75,93.00,13.10
2023-08-08,28.00,91.50,14.26
2023-08-08,28.00,91.75,13.84
2023-08-08,28.00,92.00,13.28
2023-08-08,28.00,92.25,13.73
2023-08-08,28.00,92.50,15.47
2023-08-08,28.00,92.75,16.50
2023-08-08,28.00,93.00,13.37
2023-08-09,25.75,91.50,19.90
2023-08-09,25.75,91.75,8.01
2023-08-09,25.75,92.00,14.29
2023-08-09,25.75,92.25,10.11
2023-08-09,25.75,92.50,12.41
2023-08-09,25.75,92.75,12.34
2023-08-09,25.75,93.00,3.71
2023-08-09,26.00,91.50,10.19
2023-08-09,26.00,91.75,10.68
2023-08-09,26.00,92.00,11.95
2023-08-09,26.00,92.25,10.96
2023-08-09,26.00,92.50,11.44
2023-08-09,26.00,92.75,7.65
2023-08-09,26.00,93.00,3.49
2023-08-09,26.25,91.50,1.07
2023-08-09,26.25,91.75,11.05
2023-08-09,26.25,92.00,9.50
2023-08-09,26.25,92.25,6.65
2023-08-09,26.25,92.50,9.59
2023-08-09,26.25,92.75,8.48
2023-08-09,26.25,93.00,1.33
2023-08-09,26.50,91.50,34.39
2023-08-09,26.50,91.75,5.05
2023-08-09,26.50,92.00,7.82
2023-08-09,26.50,92.25,12.58
2023-08-09,26.50,92.50,17.19
2023-08-09,26.50,92.75,15.64
2023-08-09,26.50,93.00,8.68
2023-08-09,26.75,91.50,48.45
2023-08-09,26.75,91.75,1.53
2023-08-09,26.75,92.00,10.48
2023-08-09,26.75,92.25,11.49
2023-08-09,26.75,92.50,16.67
2023-08-09,26.75,92.75,14.65
2023-08-09,26.75,93.00,4.15
2023-08-09,27.00,91.50,33.50
2023-08-09,27.00,91.75,18.21
2023-08-09,27.00,92.00,11.75
2023-08-09,27.00,92.25,6.43
2023-08-09,27.00,92.50,16.74
2023-08-09,27.00,92.75,19.03
2023-08-09,27.00,93.00,4.10
2023-08-09,27.25,91.50,
2023-08-09,27.25,91.75,
2023-08-09,27.25,92.00,6.66
2023-08-09,27.25,92.25,12.06
2023-08-09,27.25,92.50,33.83
2023-08-09,27.25,92.75,36.33
2023-08-09,27.25,93.00,12.84
2023-08-09,27.50,91.50,
2023-08-09,27.50,91.75,10.96
2023-08-09,27.50,92.00,9.24
2023-08-09,27.50,92.25,16.88
2023-08-09,27.50,92.50,29.92
2023-08-09,27.50,92.75,33.66
2023-08-09,27.50,93.00,25.80
2023-08-09,27.75,91.50,10.53
2023-08-09,27.75,91.75,10.45
2023-08-09,27.75,92.00,9.80
2023-08-09,27.75,92.25,19.28
2023-08-09,27.75,92.50,25.12
2023-08-09,27.75,92.75,31.02
2023-08-09,27.75,93.00,24.99
2023-08-09,28.00,91.50,10.46
2023-08-09,28.00,91.75,10.21
2023-08-09,28.00,92.00,13.10
2023-08-09,28.00,92.25,20.49
2023-08-09,28.00,92.50,26.77
2023-08-09,28.00,92.75,31.50
2023-08-09,28.00,93.00,26.00
2023-08-10,25.75,91.50,7.70
2023-08-10,25.75,91.75,6.65
2023-08-10,25.75,92.00,2.10
2023-08-10,25.75,92.25,1.03
2023-08-10,25.75,92.50,0.08
2023-08-10,25.75,92.75,0.17
2023-08-10,25.75,93.00,5.86
2023-08-10,26.00,91.50,11.54
2023-08-10,26.00,91.75,6.32
2023-08-10,26.00,92.00,0.90
2023-08-10,26.00,92.25,2.40
2023-08-10,26.00,92.50,0.73
2023-08-10,26.00,92.75,2.60
2023-08-10,26.00,93.00,5.74
2023-08-10,26.25,91.50,0.00
2023-08-10,26.25,91.75,0.00
2023-08-10,26.25,92.00,0.00
2023-08-10,26.25,92.25,5.76
2023-08-10,26.25,92.50,5.30
2023-08-10,26.25,92.75,6.78
2023-08-10,26.25,93.00,19.66
2023-08-10,26.50,91.50,0.00
2023-08-10,26.50,91.75,0.47
2023-08-10,26.50,92.00,0.00
2023-08-10,26.50,92.25,7.81
2023-08-10,26.50,92.50,1.00
2023-08-10,26.50,92.75,2.34
2023-08-10,26.50,93.00,14.03
2023-08-10,26.75,91.50,0.25
2023-08-10,26.75,91.75,1.00
2023-08-10,26.75,92.00,0.01
2023-08-10,26.75,92.25,0.00
2023-08-10,26.75,92.50,0.00
2023-08-10,26.75,92.75,0.00
2023-08-10,26.75,93.00,0.69
2023-08-10,27.00,91.50,3.50
2023-08-10,27.00,91.75,7.06
2023-08-10,27.00,92.00,4.22
2023-08-10,27.00,92.25,0.30
2023-08-10,27.00,92.50,3.39
2023-08-10,27.00,92.75,5.18
2023-08-10,27.00,93.00,1.22
2023-08-10,27.25,91.50,
2023-08-10,27.25,91.75,
2023-08-10,27.25,92.00,6.05
2023-08-10,27.25,92.25,5.06
2023-08-10,27.25,92.50,11.06
2023-08-10,27.25,92.75,11.80
2023-08-10,27.25,93.00,3.84
2023-08-10,27.50,91.50,
2023-08-10,27.50,91.75,6.78
2023-08-10,27.50,92.00,6.17
2023-08-10,27.50,92.25,7.05
2023-08-10,27.50,92.50,10.35
2023-08-10,27.50,92.75,10.61
2023-08-10,27.50,93.00,6.55
2023-08-10,27.75,91.50,6.79
2023-08-10,27.75,91.75,6.74
2023-08-10,27.75,92.00,6.24
2023-08-10,27.75,92.25,7.57
2023-08-10,27.75,92.50,8.51
2023-08-10,27.75,92.75,8.55
2023-08-10,27.75,93.00,4.69
2023-08-10,28.00,91.50,6.83
2023-08-10,28.00,91.75,6.75
2023-08-10,28.00,92.00,7.46
2023-08-10,28.00,92.25,8.64
2023-08-10,28.00,92.50,9.15
2023-08-10,28.00,92.75,8.32
2023-08-10,28.00,93.00,4.25
2023-08-11,25.75,91.50,3.43
2023-08-11,25.75,91.75,2.53
2023-08-11,25.75,92.00,3.64
2023-08-11,25.75,92.25,3.69
2023-08-11,25.75,92.50,0.60
2023-08-11,25.75,92.75,0.00
2023-08-11,25.75,93.00,0.00
2023-08-11,26.00,91.50,10.67
2023-08-11,26.00,91.75,6.39
2023-08-11,26.00,92.00,6.48
2023-08-11,26.00,92.25,5.14
2023-08-11,26.00,92.50,1.55
2023-08-11,26.00,92.75,0.00
2023-08-11,26.00,93.00,0.00
2023-08-11,26.25,91.50,35.28
2023-08-11,26.25,91.75,22.89
2023-08-11,26.25,92.00,35.38
2023-08-11,26.25,92.25,0.90
2023-08-11,26.25,92.50,0.01
2023-08-11,26.25,92.75,0.00
2023-08-11,26.25,93.00,0.00
2023-08-11,26.50,91.50,7.67
2023-08-11,26.50,91.75,13.59
2023-08-11,26.50,92.00,16.45
2023-08-11,26.50,92.25,0.11
2023-08-11,26.50,92.50,0.03
2023-08-11,26.50,92.75,0.03
2023-08-11,26.50,93.00,0.00
2023-08-11,26.75,91.50,0.21
2023-08-11,26.75,91.75,1.06
2023-08-11,26.75,92.00,3.96
2023-08-11,26.75,92.25,0.81
2023-08-11,26.75,92.50,0.08
2023-08-11,26.75,92.75,0.03
2023-08-11,26.75,93.00,3.02
2023-08-11,27.00,91.50,1.80
2023-08-11,27.00,91.75,3.87
2023-08-11,27.00,92.00,3.97
2023-08-11,27.00,92.25,0.31
2023-08-11,27.00,92.50,0.51
2023-08-11,27.00,92.75,0.77
2023-08-11,27.00,93.00,3.03
2023-08-11,27.25,91.50,
2023-08-11,27.25,91.75,
2023-08-11,27.25,92.00,4.34
2023-08-11,27.25,92.25,2.41
2023-08-11,27.25,92.50,1.88
2023-08-11,27.25,92.75,1.94
2023-08-11,27.25,93.00,3.82
2023-08-11,27.50,91.50,
2023-08-11,27.50,91.75,16.96
2023-08-11,27.50,92.00,8.27
2023-08-11,27.50,92.25,2.81
2023-08-11,27.50,92.50,2.18
2023-08-11,27.50,92.75,1.76
2023-08-11,27.50,93.00,3.70
2023-08-11,27.75,91.50,21.38
2023-08-11,27.75,91.75,18.50
2023-08-11,27.75,92.00,11.56
2023-08-11,27.75,92.25,4.06
2023-08-11,27.75,92.50,2.20
2023-08-11,27.75,92.75,2.46
2023-08-11,27.75,93.00,4.40
2023-08-11,28.00,91.50,20.67
2023-08-11,28.00,91.75,18.69
2023-08-11,28.00,92.00,14.49
2023-08-11,28.00,92.25,7.36
2023-08-11,28.00,92.50,2.48
2023-08-11,28.00,92.75,3.33
2023-08-11,28.00,93.00,4.64
2023-08-12,25.75,91.50,5.49
2023-08-12,25.75,91.75,3.65
2023-08-12,25.75,92.00,3.24
2023-08-12,25.75,92.25,1.67
2023-08-12,25.75,92.50,0.00
2023-08-12,25.75,92.75,0.00
2023-08-12,25.75,93.00,0.00
2023-08-12,26.00,91.50,0.00
2023-08-12,26.00,91.75,1.25
2023-08-12,26.00,92.00,0.00
2023-08-12,26.00,92.25,3.38
2023-08-12,26.00,92.50,7.98
2023-08-12,26.00,92.75,0.00
2023-08-12,26.00,93.00,0.00
2023-08-12,26.25,91.50,0.00
2023-08-12,26.25,91.75,0.00
2023-08-12,26.25,92.00,0.27
2023-08-12,26.25,92.25,30.25
2023-08-12,26.25,92.50,28.87
2023-08-12,26.25,92.75,13.00
2023-08-12,26.25,93.00,0.00
2023-08-12,26.50,91.50,1.42
2023-08-12,26.50,91.75,10.92
2023-08-12,26.50,92.00,28.61
2023-08-12,26.50,92.25,26.83
2023-08-12,26.50,92.50,6.70
2023-08-12,26.50,92.75,11.56
2023-08-12,26.50,93.00,9.10
2023-08-12,26.75,91.50,0.41
2023-08-12,26.75,91.75,1.01
2023-08-12,26.75,92.00,8.22
2023-08-12,26.75,92.25,52.71
2023-08-12,26.75,92.50,9.44
2023-08-12,26.75,92.75,7.95
2023-08-12,26.75,93.00,16.86
2023-08-12,27.00,91.50,1.04
2023-08-12,27.00,91.75,2.01
2023-08-12,27.00,92.00,11.78
2023-08-12,27.00,92.25,15.86
2023-08-12,27.00,92.50,13.89
2023-08-12,27.00,92.75,15.55
2023-08-12,27.00,93.00,17.77
2023-08-12,27.25,91.50,
2023-08-12,27.25,91.75,
2023-08-12,27.25,92.00,1.29
2023-08-12,27.25,92.25,8.51
2023-08-12,27.25,92.50,15.24
2023-08-12,27.25,92.75,16.69
2023-08-12,27.25,93.00,15.32
2023-08-12,27.50,91.50,
2023-08-12,27.50,91.75,4.09
2023-08-12,27.50,92.00,3.01
2023-08-12,27.50,92.25,8.37
2023-08-12,27.50,92.50,13.77
2023-08-12,27.50,92.75,16.31
2023-08-12,27.50,93.00,12.06
2023-08-12,27.75,91.50,4.49
2023-08-12,27.75,91.75,4.27
2023-08-12,27.75,92.00,3.76
2023-08-12,27.75,92.25,10.02
2023-08-12,27.75,92.50,12.40
2023-08-12,27.75,92.75,13.53
2023-08-12,27.75,93.00,8.37
2023-08-12,28.00,91.50,4.37
2023-08-12,28.00,91.75,4.19
2023-08-12,28.00,92.00,4.97
2023-08-12,28.00,92.25,9.09
2023-08-12,28.00,92.50,11.89
2023-08-12,28.00,92.75,10.38
2023-08-12,28.00,93.00,6.65
2023-08-13,25.75,91.50,32.73
2023-08-13,25.75,91.75,8.51
2023-08-13,25.75,92.00,10.95
2023-08-13,25.75,92.25,8.32
2023-08-13,25.75,92.50,1.02
2023-08-13,25.75,92.75,0.67
2023-08-13,25.75,93.00,3.15
2023-08-13,26.00,91.50,16.55
2023-08-13,26.00,91.75,8.46
2023-08-13,26.00,92.00,6.96
2023-08-13,26.00,92.25,15.94
2023-08-13,26.00,92.50,5.11
2023-08-13,26.00,92.75,1.63
2023-08-13,26.00,93.00,3.13
2023-08-13,26.25,91.50,8.15
2023-08-13,26.25,91.75,4.45
2023-08-13,26.25,92.00,6.48
2023-08-13,26.25,92.25,9.97
2023-08-13,26.25,92.50,12.90
2023-08-13,26.25,92.75,11.07
2023-08-13,26.25,93.00,4.16
2023-08-13,26.50,91.50,8.49
2023-08-13,26.50,91.75,13.25
2023-08-13,26.50,92.00,28.63
2023-08-13,26.50,92.25,24.50
2023-08-13,26.50,92.50,17.29
2023-08-13,26.50,92.75,17.34
2023-08-13,26.50,93.00,4.81
2023-08-13,26.75,91.50,16.07
2023-08-13,26.75,91.75,1.96
2023-08-13,26.75,92.00,44.84
2023-08-13,26.75,92.25,32.49
2023-08-13,26.75,92.50,21.69
2023-08-13,26.75,92.75,26.31
2023-08-13,26.75,93.00,18.18
2023-08-13,27.00,91.50,28.59
2023-08-13,27.00,91.75,40.48
2023-08-13,27.00,92.00,32.60
2023-08-13,27.00,92.25,47.54
2023-08-13,27.00,92.50,47.36
2023-08-13,27.00,92.75,45.93
2023-08-13,27.00,93.00,27.86
2023-08-13,27.25,91.50,
2023-08-13,27.25,91.75,
2023-08-13,27.25,92.00,5.88
2023-08-13,27.25,92.25,30.17
2023-08-13,27.25,92.50,51.29
2023-08-13,27.25,92.75,54.82
2023-08-13,27.25,93.00,37.71
2023-08-13,27.50,91.50,
2023-08-13,27.50,91.75,34.14
2023-08-13,27.50,92.00,20.78
2023-08-13,27.50,92.25,30.54
2023-08-13,27.50,92.50,45.85
2023-08-13,27.50,92.75,53.51
2023-08-13,27.50,93.00,40.60
2023-08-13,27.75,91.50,36.23
2023-08-13,27.75,91.75,34.37
2023-08-13,27.75,92.00,26.82
2023-08-13,27.75,92.25,35.59
2023-08-13,27.75,92.50,42.44
2023-08-13,27.75,92.75,47.20
2023-08-13,27.75,93.00,34.80
2023-08-13,28.00,91.50,35.66
2023-08-13,28.00,91.75,33.61
2023-08-13,28.00,92.00,31.18
2023-08-13,28.00,92.25,35.44
2023-08-13,28.00,92.50,41.14
2023-08-13,28.00,92.75,40.99
2023-08-13,28.00,93.00,32.92
2023-08-14,25.75,91.50,10.37
2023-08-14,25.75,91.75,10.62
2023-08-14,25.75,92.00,4.23
2023-08-14,25.75,92.25,0.00
2023-08-14,25.75,92.50,0.11
2023-08-14,25.75,92.75,0.99
2023-08-14,25.75,93.00,1.95
2023-08-14,26.00,91.50,7.91
2023-08-14,26.00,91.75,7.56
2023-08-14,26.00,92.00,1.33
2023-08-14,26.00,92.25,0.00
2023-08-14,26.00,92.50,0.06
2023-08-14,26.00,92.75,0.85
2023-08-14,26.00,93.00,2.22
2023-08-14,26.25,91.50,12.00
2023-08-14,26.25,91.75,5.19
2023-08-14,26.25,92.00,5.90
2023-08-14,26.25,92.25,0.15
2023-08-14,26.25,92.50,0.11
2023-08-14,26.25,92.75,0.00
2023-08-14,26.25,93.00,5.61
2023-08-14,26.50,91.50,6.24
2023-08-14,26.50,91.75,2.99
2023-08-14,26.50,92.00,3.57
2023-08-14,26.50,92.25,0.28
2023-08-14,26.50,92.50,0.41
2023-08-14,26.50,92.75,0.37
2023-08-14,26.50,93.00,4.54
2023-08-14,26.75,91.50,6.72
2023-08-14,26.75,91.75,1.10
2023-08-14,26.75,92.00,3.34
2023-08-14,26.75,92.25,0.55
2023-08-14,26.75,92.50,0.45
2023-08-14,26.75,92.75,0.68
2023-08-14,26.75,93.00,5.09
2023-08-14,27.00,91.50,7.92
2023-08-14,27.00,91.75,9.49
2023-08-14,27.00,92.00,16.81
2023-08-14,27.00,92.25,2.06
2023-08-14,27.00,92.50,0.08
2023-08-14,27.00,92.75,1.07
2023-08-14,27.00,93.00,4.71
2023-08-14,27.25,91.50,
2023-08-14,27.25,91.75,
2023-08-14,27.25,92.00,39.75
2023-08-14,27.25,92.25,18.87
2023-08-14,27.25,92.50,2.85
2023-08-14,27.25,92.75,0.22
2023-08-14,27.25,93.00,3.14
2023-08-14,27.50,91.50,
2023-08-14,27.50,91.75,11.82
2023-08-14,27.50,92.00,26.05
2023-08-14,27.50,92.25,19.46
2023-08-14,27.50,92.50,7.64
2023-08-14,27.50,92.75,0.28
2023-08-14,27.50,93.00,1.26
2023-08-14,27.75,91.50,7.89
2023-08-14,27.75,91.75,10.84
2023-08-14,27.75,92.00,19.71
2023-08-14,27.75,92.25,14.66
2023-08-14,27.75,92.50,9.21
2023-08-14,27.75,92.75,0.43
2023-08-14,27.75,93.00,0.95
2023-08-14,28.00,91.50,8.80
2023-08-14,28.00,91.75,11.37
2023-08-14,28.00,92.00,15.18
2023-08-14,28.00,92.25,14.17
2023-08-14,28.00,92.50,10.06
2023-08-14,28.00,92.75,3.21
2023-08-14,28.00,93.00,0.64
2023-08-15,25.75,91.50,16.55
2023-08-15,25.75,91.75,21.78
2023-08-15,25.75,92.00,12.36
2023-08-15,25.75,92.25,7.93
2023-08-15,25.75,92.50,0.80
2023-08-15,25.75,92.75,1.61
2023-08-15,25.75,93.00,2.87
2023-08-15,26.00,91.50,0.00
2023-08-15,26.00,91.75,7.16
2023-08-15,26.00,92.00,7.21
2023-08-15,26.00,92.25,18.55
2023-08-15,26.00,92.50,5.71
2023-08-15,26.00,92.75,1.88
2023-08-15,26.00,93.00,2.92
2023-08-15,26.25,91.50,0.00
2023-08-15,26.25,91.75,1.24
2023-08-15,26.25,92.00,2.60
2023-08-15,26.25,92.25,1.23
2023-08-15,26.25,92.50,1.07
2023-08-15,26.25,92.75,1.85
2023-08-15,26.25,93.00,1.58
2023-08-15,26.50,91.50,0.00
2023-08-15,26.50,91.75,1.53
2023-08-15,26.50,92.00,1.42
2023-08-15,26.50,92.25,1.58
2023-08-15,26.50,92.50,0.20
2023-08-15,26.50,92.75,0.47
2023-08-15,26.50,93.00,0.46
2023-08-15,26.75,91.50,0.21
2023-08-15,26.75,91.75,1.01
2023-08-15,26.75,92.00,0.94
2023-08-15,26.75,92.25,0.07
2023-08-15,26.75,92.50,0.00
2023-08-15,26.75,92.75,0.00
2023-08-15,26.75,93.00,0.00
2023-08-15,27.00,91.50,2.19
2023-08-15,27.00,91.75,4.42
2023-08-15,27.00,92.00,2.09
2023-08-15,27.00,92.25,0.07
2023-08-15,27.00,92.50,0.00
2023-08-15,27.00,92.75,0.00
2023-08-15,27.00,93.00,0.00
2023-08-15,27.25,91.50,
2023-08-15,27.25,91.75,
2023-08-15,27.25,92.00,1.18
2023-08-15,27.25,92.25,0.64
2023-08-15,27.25,92.50,0.08
2023-08-15,27.25,92.75,0.00
2023-08-15,27.25,93.00,0.00
2023-08-15,27.50,91.50,
2023-08-15,27.50,91.75,2.44
2023-08-15,27.50,92.00,1.86
2023-08-15,27.50,92.25,0.78
2023-08-15,27.50,92.50,0.20
2023-08-15,27.50,92.75,0.00
2023-08-15,27.50,93.00,0.00
2023-08-15,27.75,91.50,2.27
2023-08-15,27.75,91.75,2.32
2023-08-15,27.75,92.00,2.03
2023-08-15,27.75,92.25,0.55
2023-08-15,27.75,92.50,0.25
2023-08-15,27.75,92.75,0.00
2023-08-15,27.75,93.00,0.00
2023-08-15,28.00,91.50,2.31
2023-08-15,28.00,91.75,2.26
2023-08-15,28.00,92.00,1.86
2023-08-15,28.00,92.25,0.84
2023-08-15,28.00,92.50,0.27
2023-08-15,28.00,92.75,0.08
2023-08-15,28.00,93.00,0.00
2023-08-16,25.75,91.50,0.38
2023-08-16,25.75,91.75,0.37
2023-08-16,25.75,92.00,10.90
2023-08-16,25.75,92.25,9.33
2023-08-16,25.75,92.50,2.66
2023-08-16,25.75,92.75,0.64
2023-08-16,25.75,93.00,0.25
2023-08-16,26.00,91.50,0.16
2023-08-16,26.00,91.75,4.40
2023-08-16,26.00,92.00,12.02
2023-08-16,26.00,92.25,19.71
2023-08-16,26.00,92.50,11.58
2023-08-16,26.00,92.75,1.08
2023-08-16,26.00,93.00,0.24
2023-08-16,26.25,91.50,0.00
2023-08-16,26.25,91.75,13.84
2023-08-16,26.25,92.00,23.47
2023-08-16,26.25,92.25,13.14
2023-08-16,26.25,92.50,11.76
2023-08-16,26.25,92.75,4.05
2023-08-16,26.25,93.00,0.07
2023-08-16,26.50,91.50,0.00
2023-08-16,26.50,91.75,10.43
2023-08-16,26.50,92.00,13.08
2023-08-16,26.50,92.25,1.58
2023-08-16,26.50,92.50,1.74
2023-08-16,26.50,92.75,3.35
2023-08-16,26.50,93.00,1.11
2023-08-16,26.75,91.50,0.91
2023-08-16,26.75,91.75,2.13
2023-08-16,26.75,92.00,9.53
2023-08-16,26.75,92.25,1.74
2023-08-16,26.75,92.50,1.02
2023-08-16,26.75,92.75,0.80
2023-08-16,26.75,93.00,5.12
2023-08-16,27.00,91.50,1.91
2023-08-16,27.00,91.75,1.91
2023-08-16,27.00,92.00,5.25
2023-08-16,27.00,92.25,0.44
2023-08-16,27.00,92.50,3.19
2023-08-16,27.00,92.75,4.78
2023-08-16,27.00,93.00,5.49
2023-08-16,27.25,91.50,
2023-08-16,27.25,91.75,
2023-08-16,27.25,92.00,4.88
2023-08-16,27.25,92.25,4.15
2023-08-16,27.25,92.50,9.90
2023-08-16,27.25,92.75,10.88
2023-08-16,27.25,93.00,8.08
2023-08-16,27.50,91.50,
2023-08-16,27.50,91.75,1.73
2023-08-16,27.50,92.00,3.26
2023-08-16,27.50,92.25,5.77
2023-08-16,27.50,92.50,8.77
2023-08-16,27.50,92.75,9.24
2023-08-16,27.50,93.00,5.29
2023-08-16,27.75,91.50,1.36
2023-08-16,27.75,91.75,1.65
2023-08-16,27.75,92.00,2.57
2023-08-16,27.75,92.25,5.53
2023-08-16,27.75,92.50,6.23
2023-08-16,27.75,92.75,4.62
2023-08-16,27.75,93.00,3.10
2023-08-16,28.00,91.50,1.45
2023-08-16,28.00,91.75,1.72
2023-08-16,28.00,92.00,3.43
2023-08-16,28.00,92.25,5.97
2023-08-16,28.00,92.50,4.69
2023-08-16,28.00,92.75,3.55
2023-08-16,28.00,93.00,3.01
2023-08-17,25.75,91.50,37.85
2023-08-17,25.75,91.75,41.86
2023-08-17,25.75,92.00,5.86
2023-08-17,25.75,92.25,0.30
2023-08-17,25.75,92.50,0.09
2023-08-17,25.75,92.75,0.00
2023-08-17,25.75,93.00,0.00
2023-08-17,26.00,91.50,0.00
2023-08-17,26.00,91.75,17.27
2023-08-17,26.00,92.00,0.00
2023-08-17,26.00,92.25,0.00
2023-08-17,26.00,92.50,0.00
2023-08-17,26.00,92.75,0.00
2023-08-17,26.00,93.00,0.00
2023-08-17,26.25,91.50,0.00
2023-08-17,26.25,91.75,0.00
2023-08-17,26.25,92.00,0.00
2023-08-17,26.25,92.25,0.00
2023-08-17,26.25,92.50,0.00
2023-08-17,26.25,92.75,0.00
2023-08-17,26.25,93.00,0.00
2023-08-17,26.50,91.50,0.00
2023-08-17,26.50,91.75,3.42
2023-08-17,26.50,92.00,0.33
2023-08-17,26.50,92.25,0.00
2023-08-17,26.50,92.50,0.00
2023-08-17,26.50,92.75,0.00
2023-08-17,26.50,93.00,0.00
2023-08-17,26.75,91.50,1.46
2023-08-17,26.75,91.75,6.86
2023-08-17,26.75,92.00,1.02
2023-08-17,26.75,92.25,0.07
2023-08-17,26.75,92.50,0.00
2023-08-17,26.75,92.75,0.00
2023-08-17,26.75,93.00,0.00
2023-08-17,27.00,91.50,2.96
2023-08-17,27.00,91.75,4.14
2023-08-17,27.00,92.00,1.57
2023-08-17,27.00,92.25,0.04
2023-08-17,27.00,92.50,0.00
2023-08-17,27.00,92.75,0.00
2023-08-17,27.00,93.00,0.00
2023-08-17,27.25,91.50,
2023-08-17,27.25,91.75,
2023-08-17,27.25,92.00,0.48
2023-08-17,27.25,92.25,0.29
2023-08-17,27.25,92.50,0.03
2023-08-17,27.25,92.75,0.00
2023-08-17,27.25,93.00,0.17
2023-08-17,27.50,91.50,
2023-08-17,27.50,91.75,3.52
2023-08-17,27.50,92.00,1.75
2023-08-17,27.50,92.25,0.40
2023-08-17,27.50,92.50,0.16
2023-08-17,27.50,92.75,0.36
2023-08-17,27.50,93.00,1.34
2023-08-17,27.75,91.50,4.00
2023-08-17,27.75,91.75,3.63
2023-08-17,27.75,92.00,2.41
2023-08-17,27.75,92.25,0.35
2023-08-17,27.75,92.50,1.02
2023-08-17,27.75,92.75,1.62
2023-08-17,27.75,93.00,1.98
2023-08-17,28.00,91.50,3.93
2023-08-17,28.00,91.75,3.60
2023-08-17,28.00,92.00,2.70
2023-08-17,28.00,92.25,1.27
2023-08-17,28.00,92.50,1.49
2023-08-17,28.00,92.75,1.90
2023-08-17,28.00,93.00,2.01
2023-08-18,25.75,91.50,2.85
2023-08-18,25.75,91.75,2.95
2023-08-18,25.75,92.00,9.15
2023-08-18,25.75,92.25,1.57
2023-08-18,25.75,92.50,4.39
2023-08-18,25.75,92.75,3.18
2023-08-18,25.75,93.00,0.71
2023-08-18,26.00,91.50,10.25
2023-08-18,26.00,91.75,14.73
2023-08-18,26.00,92.00,18.28
2023-08-18,26.00,92.25,0.26
2023-08-18,26.00,92.50,2.70
2023-08-18,26.00,92.75,2.76
2023-08-18,26.00,93.00,0.70
2023-08-18,26.25,91.50,19.72
2023-08-18,26.25,91.75,29.52
2023-08-18,26.25,92.00,24.95
2023-08-18,26.25,92.25,0.80
2023-08-18,26.25,92.50,1.59
2023-08-18,26.25,92.75,1.96
2023-08-18,26.25,93.00,0.00
2023-08-18,26.50,91.50,2.71
2023-08-18,26.50,91.75,35.18
2023-08-18,26.50,92.00,20.74
2023-08-18,26.50,92.25,3.34
2023-08-18,26.50,92.50,7.01
2023-08-18,26.50,92.75,5.87
2023-08-18,26.50,93.00,2.11
2023-08-18,26.75,91.50,10.30
2023-08-18,26.75,91.75,47.94
2023-08-18,26.75,92.00,34.48
2023-08-18,26.75,92.25,6.41
2023-08-18,26.75,92.50,9.10
2023-08-18,26.75,92.75,11.15
2023-08-18,26.75,93.00,0.51
2023-08-18,27.00,91.50,11.11
2023-08-18,27.00,91.75,10.12
2023-08-18,27.00,92.00,12.89
2023-08-18,27.00,92.25,26.02
2023-08-18,27.00,92.50,18.05
2023-08-18,27.00,92.75,7.67
2023-08-18,27.00,93.00,0.00
2023-08-18,27.25,91.50,
2023-08-18,27.25,91.75,
2023-08-18,27.25,92.00,1.53
2023-08-18,27.25,92.25,10.75
2023-08-18,27.25,92.50,3.70
2023-08-18,27.25,92.75,2.20
2023-08-18,27.25,93.00,0.01
2023-08-18,27.50,91.50,
2023-08-18,27.50,91.75,29.98
2023-08-18,27.50,92.00,12.43
2023-08-18,27.50,92.25,6.34
2023-08-18,27.50,92.50,3.99
2023-08-18,27.50,92.75,0.90
2023-08-18,27.50,93.00,0.02
2023-08-18,27.75,91.50,38.58
2023-08-18,27.75,91.75,33.04
2023-08-18,27.75,92.00,19.93
2023-08-18,27.75,92.25,6.82
2023-08-18,27.75,92.50,1.80
2023-08-18,27.75,92.75,0.00
2023-08-18,27.75,93.00,0.01
2023-08-18,28.00,91.50,37.04
2023-08-18,28.00,91.75,33.16
2023-08-18,28.00,92.00,23.89
2023-08-18,28.00,92.25,4.00
2023-08-18,28.00,92.50,0.83
2023-08-18,28.00,92.75,0.01
2023-08-18,28.00,93.00,0.00
2023-08-19,25.75,91.50,9.67
2023-08-19,25.75,91.75,8.04
2023-08-19,25.75,92.00,1.28
2023-08-19,25.75,92.25,0.48
2023-08-19,25.75,92.50,1.42
2023-08-19,25.75,92.75,1.77
2023-08-19,25.75,93.00,8.77
2023-08-19,26.00,91.50,21.78
2023-08-19,26.00,91.75,9.94
2023-08-19,26.00,92.00,0.23
2023-08-19,26.00,92.25,0.09
2023-08-19,26.00,92.50,0.87
2023-08-19,26.00,92.75,4.22
2023-08-19,26.00,93.00,8.39
2023-08-19,26.25,91.50,0.00
2023-08-19,26.25,91.75,0.09
2023-08-19,26.25,92.00,0.05
2023-08-19,26.25,92.25,29.55
2023-08-19,26.25,92.50,27.17
2023-08-19,26.25,92.75,22.98
2023-08-19,26.25,93.00,17.66
2023-08-19,26.50,91.50,0.94
2023-08-19,26.50,91.75,0.37
2023-08-19,26.50,92.00,0.91
2023-08-19,26.50,92.25,40.14
2023-08-19,26.50,92.50,5.44
2023-08-19,26.50,92.75,12.23
2023-08-19,26.50,93.00,17.57
2023-08-19,26.75,91.50,0.00
2023-08-19,26.75,91.75,0.04
2023-08-19,26.75,92.00,2.40
2023-08-19,26.75,92.25,0.41
2023-08-19,26.75,92.50,0.34
2023-08-19,26.75,92.75,3.49
2023-08-19,26.75,93.00,23.95
2023-08-19,27.00,91.50,0.11
2023-08-19,27.00,91.75,0.40
2023-08-19,27.00,92.00,0.91
2023-08-19,27.00,92.25,0.04
2023-08-19,27.00,92.50,0.56
2023-08-19,27.00,92.75,13.14
2023-08-19,27.00,93.00,28.93
2023-08-19,27.25,91.50,
2023-08-19,27.25,91.75,
2023-08-19,27.25,92.00,0.02
2023-08-19,27.25,92.25,0.32
2023-08-19,27.25,92.50,1.58
2023-08-19,27.25,92.75,3.27
2023-08-19,27.25,93.00,21.27
2023-08-19,27.50,91.50,
2023-08-19,27.50,91.75,2.21
2023-08-19,27.50,92.00,0.76
2023-08-19,27.50,92.25,0.58
2023-08-19,27.50,92.50,1.28
2023-08-19,27.50,92.75,4.53
2023-08-19,27.50,93.00,5.45
2023-08-19,27.75,91.50,2.91
2023-08-19,27.75,91.75,2.45
2023-08-19,27.75,92.00,1.32
2023-08-19,27.75,92.25,0.53
2023-08-19,27.75,92.50,0.71
2023-08-19,27.75,92.75,1.28
2023-08-19,27.75,93.00,0.67
2023-08-19,28.00,91.50,2.79
2023-08-19,28.00,91.75,2.47
2023-08-19,28.00,92.00,2.01
2023-08-19,28.00,92.25,0.89
2023-08-19,28.00,92.50,0.36
2023-08-19,28.00,92.75,0.15
2023-08-19,28.00,93.00,0.18
2023-08-20,25.75,91.50,1.24
2023-08-20,25.75,91.75,0.77
2023-08-20,25.75,92.00,0.15
2023-08-20,25.75,92.25,0.00
2023-08-20,25.75,92.50,0.00
2023-08-20,25.75,92.75,0.00
2023-08-20,25.75,93.00,0.11
2023-08-20,26.00,91.50,2.54
2023-08-20,26.00,91.75,0.43
2023-08-20,26.00,92.00,0.00
2023-08-20,26.00,92.25,0.00
2023-08-20,26.00,92.50,0.00
2023-08-20,26.00,92.75,0.05
2023-08-20,26.00,93.00,0.11
2023-08-20,26.25,91.50,11.65
2023-08-20,26.25,91.75,2.22
2023-08-20,26.25,92.00,0.00
2023-08-20,26.25,92.25,0.00
2023-08-20,26.25,92.50,5.56
2023-08-20,26.25,92.75,11.32
2023-08-20,26.25,93.00,1.15
2023-08-20,26.50,91.50,2.20
2023-08-20,26.50,91.75,2.51
2023-08-20,26.50,92.00,2.80
2023-08-20,26.50,92.25,10.93
2023-08-20,26.50,92.50,27.38
2023-08-20,26.50,92.75,22.14
2023-08-20,26.50,93.00,31.80
2023-08-20,26.75,91.50,0.63
2023-08-20,26.75,91.75,3.00
2023-08-20,26.75,92.00,3.95
2023-08-20,26.75,92.25,15.67
2023-08-20,26.75,92.50,26.80
2023-08-20,26.75,92.75,29.45
2023-08-20,26.75,93.00,67.45
2023-08-20,27.00,91.50,1.52
2023-08-20,27.00,91.75,2.52
2023-08-20,27.00,92.00,2.78
2023-08-20,27.00,92.25,12.30
2023-08-20,27.00,92.50,14.58
2023-08-20,27.00,92.75,34.92
2023-08-20,27.00,93.00,72.33
2023-08-20,27.25,91.50,
2023-08-20,27.25,91.75,
2023-08-20,27.25,92.00,1.29
2023-08-20,27.25,92.25,7.05
2023-08-20,27.25,92.50,10.80
2023-08-20,27.25,92.75,14.27
2023-08-20,27.25,93.00,57.47
2023-08-20,27.50,91.50,
2023-08-20,27.50,91.75,6.12
2023-08-20,27.50,92.00,3.61
2023-08-20,27.50,92.25,6.35
2023-08-20,27.50,92.50,9.08
2023-08-20,27.50,92.75,15.04
2023-08-20,27.50,93.00,14.73
2023-08-20,27.75,91.50,7.22
2023-08-20,27.75,91.75,6.53
2023-08-20,27.75,92.00,4.88
2023-08-20,27.75,92.25,6.83
2023-08-20,27.75,92.50,7.43
2023-08-20,27.75,92.75,7.88
2023-08-20,27.75,93.00,6.39
2023-08-20,28.00,91.50,6.99
2023-08-20,28.00,91.75,6.48
2023-08-20,28.00,92.00,5.95
2023-08-20,28.00,92.25,6.37
2023-08-20,28.00,92.50,6.41
2023-08-20,28.00,92.75,5.57
2023-08-20,28.00,93.00,5.67
2023-08-21,25.75,91.50,2.67
2023-08-21,25.75,91.75,2.59
2023-08-21,25.75,92.00,12.22
2023-08-21,25.75,92.25,9.71
2023-08-21,25.75,92.50,0.72
2023-08-21,25.75,92.75,0.00
2023-08-21,25.75,93.00,0.00
2023-08-21,26.00,91.50,0.00
2023-08-21,26.00,91.75,1.47
2023-08-21,26.00,92.00,8.10
2023-08-21,26.00,92.25,22.58
2023-08-21,26.00,92.50,8.65
2023-08-21,26.00,92.75,0.00
2023-08-21,26.00,93.00,0.00
2023-08-21,26.25,91.50,0.00
2023-08-21,26.25,91.75,0.00
2023-08-21,26.25,92.00,0.07
2023-08-21,26.25,92.25,15.59
2023-08-21,26.25,92.50,14.33
2023-08-21,26.25,92.75,8.92
2023-08-21,26.25,93.00,1.35
2023-08-21,26.50,91.50,0.00
2023-08-21,26.50,91.75,0.00
2023-08-21,26.50,92.00,0.00
2023-08-21,26.50,92.25,14.45
2023-08-21,26.50,92.50,2.10
2023-08-21,26.50,92.75,5.24
2023-08-21,26.50,93.00,6.74
2023-08-21,26.75,91.50,0.00
2023-08-21,26.75,91.75,0.01
2023-08-21,26.75,92.00,0.00
2023-08-21,26.75,92.25,0.00
2023-08-21,26.75,92.50,1.58
2023-08-21,26.75,92.75,3.84
2023-08-21,26.75,93.00,4.74
2023-08-21,27.00,91.50,1.26
2023-08-21,27.00,91.75,2.98
2023-08-21,27.00,92.00,5.35
2023-08-21,27.00,92.25,18.94
2023-08-21,27.00,92.50,16.53
2023-08-21,27.00,92.75,11.74
2023-08-21,27.00,93.00,3.72
2023-08-21,27.25,91.50,
2023-08-21,27.25,91.75,
2023-08-21,27.25,92.00,13.96
2023-08-21,27.25,92.25,16.52
2023-08-21,27.25,92.50,17.15
2023-08-21,27.25,92.75,16.71
2023-08-21,27.25,93.00,5.31
2023-08-21,27.50,91.50,
2023-08-21,27.50,91.75,15.65
2023-08-21,27.50,92.00,14.02
2023-08-21,27.50,92.25,15.68
2023-08-21,27.50,92.50,16.68
2023-08-21,27.50,92.75,14.37
2023-08-21,27.50,93.00,9.98
2023-08-21,27.75,91.50,17.60
2023-08-21,27.75,91.75,16.55
2023-08-21,27.75,92.00,14.88
2023-08-21,27.75,92.25,15.67
2023-08-21,27.75,92.50,12.12
2023-08-21,27.75,92.75,8.92
2023-08-21,27.75,93.00,7.31
2023-08-21,28.00,91.50,17.29
2023-08-21,28.00,91.75,16.74
2023-08-21,28.00,92.00,16.23
2023-08-21,28.00,92.25,12.59
2023-08-21,28.00,92.50,9.65
2023-08-21,28.00,92.75,7.85
2023-08-21,28.00,93.00,7.11
2023-08-22,25.75,91.50,14.60
2023-08-22,25.75,91.75,16.44
2023-08-22,25.75,92.00,4.33
2023-08-22,25.75,92.25,6.81
2023-08-22,25.75,92.50,13.18
2023-08-22,25.75,92.75,1.15
2023-08-22,25.75,93.00,7.26
2023-08-22,26.00,91.50,0.00
2023-08-22,26.00,91.75,6.90
2023-08-22,26.00,92.00,1.75
2023-08-22,26.00,92.25,4.36
2023-08-22,26.00,92.50,10.24
2023-08-22,26.00,92.75,8.38
2023-08-22,26.00,93.00,7.42
2023-08-22,26.25,91.50,0.40
2023-08-22,26.25,91.75,0.27
2023-08-22,26.25,92.00,0.14
2023-08-22,26.25,92.25,24.09
2023-08-22,26.25,92.50,22.17
2023-08-22,26.25,92.75,18.71
2023-08-22,26.25,93.00,7.53
2023-08-22,26.50,91.50,28.34
2023-08-22,26.50,91.75,5.21
2023-08-22,26.50,92.00,0.79
2023-08-22,26.50,92.25,29.69
2023-08-22,26.50,92.50,4.29
2023-08-22,26.50,92.75,9.58
2023-08-22,26.50,93.00,3.20
2023-08-22,26.75,91.50,13.80
2023-08-22,26.75,91.75,10.37
2023-08-22,26.75,92.00,1.33
2023-08-22,26.75,92.25,0.97
2023-08-22,26.75,92.50,1.37
2023-08-22,26.75,92.75,7.31
2023-08-22,26.75,93.00,35.60
2023-08-22,27.00,91.50,13.00
2023-08-22,27.00,91.75,15.51
2023-08-22,27.00,92.00,11.50
2023-08-22,27.00,92.25,11.07
2023-08-22,27.00,92.50,19.07
2023-08-22,27.00,92.75,40.17
2023-08-22,27.00,93.00,49.65
2023-08-22,27.25,91.50,
2023-08-22,27.25,91.75,
2023-08-22,27.25,92.00,19.84
2023-08-22,27.25,92.25,21.10
2023-08-22,27.25,92.50,41.31
2023-08-22,27.25,92.75,46.42
2023-08-22,27.25,93.00,53.99
2023-08-22,27.50,91.50,
2023-08-22,27.50,91.75,13.55
2023-08-22,27.50,92.00,17.10
2023-08-22,27.50,92.25,26.17
2023-08-22,27.50,92.50,38.03
2023-08-22,27.50,92.75,47.16
2023-08-22,27.50,93.00,41.09
2023-08-22,27.75,91.50,12.03
2023-08-22,27.75,91.75,13.05
2023-08-22,27.75,92.00,15.51
2023-08-22,27.75,92.25,27.32
2023-08-22,27.75,92.50,38.84
2023-08-22,27.75,92.75,40.28
2023-08-22,27.75,93.00,37.88
2023-08-22,28.00,91.50,12.34
2023-08-22,28.00,91.75,13.09
2023-08-22,28.00,92.00,18.29
2023-08-22,28.00,92.25,35.44
2023-08-22,28.00,92.50,38.57
2023-08-22,28.00,92.75,38.03
2023-08-22,28.00,93.00,38.09
2023-08-23,25.75,91.50,10.71
2023-08-23,25.75,91.75,9.27
2023-08-23,25.75,92.00,12.06
2023-08-23,25.75,92.25,8.87
2023-08-23,25.75,92.50,8.31
2023-08-23,25.75,92.75,3.90
2023-08-23,25.75,93.00,1.46
2023-08-23,26.00,91.50,10.76
2023-08-23,26.00,91.75,9.04
2023-08-23,26.00,92.00,7.53
2023-08-23,26.00,92.25,9.78
2023-08-23,26.00,92.50,8.88
2023-08-23,26.00,92.75,3.90
2023-08-23,26.00,93.00,1.31
2023-08-23,26.25,91.50,5.80
2023-08-23,26.25,91.75,7.60
2023-08-23,26.25,92.00,8.09
2023-08-23,26.25,92.25,8.21
2023-08-23,26.25,92.50,9.63
2023-08-23,26.25,92.75,6.39
2023-08-23,26.25,93.00,1.18
2023-08-23,26.50,91.50,73.49
2023-08-23,26.50,91.75,30.54
2023-08-23,26.50,92.00,37.86
2023-08-23,26.50,92.25,11.49
2023-08-23,26.50,92.50,10.76
2023-08-23,26.50,92.75,10.61
2023-08-23,26.50,93.00,5.29
2023-08-23,26.75,91.50,76.81
2023-08-23,26.75,91.75,29.75
2023-08-23,26.75,92.00,80.28
2023-08-23,26.75,92.25,24.31
2023-08-23,26.75,92.50,13.21
2023-08-23,26.75,92.75,14.38
2023-08-23,26.75,93.00,7.64
2023-08-23,27.00,91.50,58.79
2023-08-23,27.00,91.75,41.44
2023-08-23,27.00,92.00,52.79
2023-08-23,27.00,92.25,28.75
2023-08-23,27.00,92.50,23.33
2023-08-23,27.00,92.75,17.89
2023-08-23,27.00,93.00,8.98
2023-08-23,27.25,91.50,
2023-08-23,27.25,91.75,
2023-08-23,27.25,92.00,39.18
2023-08-23,27.25,92.25,31.88
2023-08-23,27.25,92.50,22.36
2023-08-23,27.25,92.75,20.40
2023-08-23,27.25,93.00,12.74
2023-08-23,27.50,91.50,
2023-08-23,27.50,91.75,17.40
2023-08-23,27.50,92.00,31.29
2023-08-23,27.50,92.25,31.45
2023-08-23,27.50,92.50,24.15
2023-08-23,27.50,92.75,17.24
2023-08-23,27.50,93.00,14.33
2023-08-23,27.75,91.50,10.58
2023-08-23,27.75,91.75,14.86
2023-08-23,27.75,92.00,25.56
2023-08-23,27.75,92.25,28.30
2023-08-23,27.75,92.50,15.42
2023-08-23,27.75,92.75,9.51
2023-08-23,27.75,93.00,7.55
2023-08-23,28.00,91.50,11.65
2023-08-23,28.00,91.75,14.66
2023-08-23,28.00,92.00,19.49
2023-08-23,28.00,92.25,17.17
2023-08-23,28.00,92.50,11.13
2023-08-23,28.00,92.75,8.11
2023-08-23,28.00,93.00,6.63
2023-08-24,25.75,91.50,16.60
2023-08-24,25.75,91.75,9.18
2023-08-24,25.75,92.00,8.98
2023-08-24,25.75,92.25,2.52
2023-08-24,25.75,92.50,0.26
2023-08-24,25.75,92.75,0.00
2023-08-24,25.75,93.00,0.00
2023-08-24,26.00,91.50,14.49
2023-08-24,26.00,91.75,13.64
2023-08-24,26.00,92.00,10.11
2023-08-24,26.00,92.25,4.36
2023-08-24,26.00,92.50,4.69
2023-08-24,26.00,92.75,0.00
2023-08-24,26.00,93.00,0.00
2023-08-24,26.25,91.50,2.13
2023-08-24,26.25,91.75,9.43
2023-08-24,26.25,92.00,2.70
2023-08-24,26.25,92.25,9.48
2023-08-24,26.25,92.50,8.63
2023-08-24,26.25,92.75,2.37
2023-08-24,26.25,93.00,0.00
2023-08-24,26.50,91.50,2.38
2023-08-24,26.50,91.75,3.23
2023-08-24,26.50,92.00,8.94
2023-08-24,26.50,92.25,2.94
2023-08-24,26.50,92.50,0.85
2023-08-24,26.50,92.75,2.09
2023-08-24,26.50,93.00,1.70
2023-08-24,26.75,91.50,7.74
2023-08-24,26.75,91.75,0.08
2023-08-24,26.75,92.00,2.95
2023-08-24,26.75,92.25,15.40
2023-08-24,26.75,92.50,2.21
2023-08-24,26.75,92.75,3.56
2023-08-24,26.75,93.00,10.88
2023-08-24,27.00,91.50,5.58
2023-08-24,27.00,91.75,2.85
2023-08-24,27.00,92.00,4.71
2023-08-24,27.00,92.25,6.83
2023-08-24,27.00,92.50,8.85
2023-08-24,27.00,92.75,16.25
2023-08-24,27.00,93.00,16.50
2023-08-24,27.25,91.50,
2023-08-24,27.25,91.75,
2023-08-24,27.25,92.00,1.22
2023-08-24,27.25,92.25,5.91
2023-08-24,27.25,92.50,15.80
2023-08-24,27.25,92.75,17.95
2023-08-24,27.25,93.00,17.89
2023-08-24,27.50,91.50,
2023-08-24,27.50,91.75,13.40
2023-08-24,27.50,92.00,5.71
2023-08-24,27.50,92.25,7.35
2023-08-24,27.50,92.50,13.19
2023-08-24,27.50,92.75,15.63
2023-08-24,27.50,93.00,10.23
2023-08-24,27.75,91.50,17.11
2023-08-24,27.75,91.75,14.66
2023-08-24,27.75,92.00,8.84
2023-08-24,27.75,92.25,6.95
2023-08-24,27.75,92.50,7.23
2023-08-24,27.75,92.75,4.42
2023-08-24,27.75,93.00,1.31
2023-08-24,28.00,91.50,16.45
2023-08-24,28.00,91.75,14.73
2023-08-24,28.00,92.00,12.88
2023-08-24,28.00,92.25,7.55
2023-08-24,28.00,92.50,3.69
2023-08-24,28.00,92.75,1.67
2023-08-24,28.00,93.00,0.44
2023-08-25,25.75,91.50,7.79
2023-08-25,25.75,91.75,6.85
2023-08-25,25.75,92.00,10.95
2023-08-25,25.75,92.25,3.85
2023-08-25,25.75,92.50,0.26
2023-08-25,25.75,92.75,0.06
2023-08-25,25.75,93.00,1.88
2023-08-25,26.00,91.50,5.06
2023-08-25,26.00,91.75,2.86
2023-08-25,26.00,92.00,2.91
2023-08-25,26.00,92.25,8.83
2023-08-25,26.00,92.50,4.83
2023-08-25,26.00,92.75,0.90
2023-08-25,26.00,93.00,1.78
2023-08-25,26.25,91.50,8.71
2023-08-25,26.25,91.75,0.68
2023-08-25,26.25,92.00,0.08
2023-08-25,26.25,92.25,13.43
2023-08-25,26.25,92.50,12.35
2023-08-25,26.25,92.75,7.98
2023-08-25,26.25,93.00,3.87
2023-08-25,26.50,91.50,14.49
2023-08-25,26.50,91.75,5.30
2023-08-25,26.50,92.00,3.34
2023-08-25,26.50,92.25,10.26
2023-08-25,26.50,92.50,1.60
2023-08-25,26.50,92.75,4.16
2023-08-25,26.50,93.00,3.80
2023-08-25,26.75,91.50,2.24
2023-08-25,26.75,91.75,8.18
2023-08-25,26.75,92.00,9.53
2023-08-25,26.75,92.25,0.71
2023-08-25,26.75,92.50,0.00
2023-08-25,26.75,92.75,0.72
2023-08-25,26.75,93.00,4.25
2023-08-25,27.00,91.50,3.59
2023-08-25,27.00,91.75,5.08
2023-08-25,27.00,92.00,4.83
2023-08-25,27.00,92.25,0.23
2023-08-25,27.00,92.50,7.51
2023-08-25,27.00,92.75,14.25
2023-08-25,27.00,93.00,7.46
2023-08-25,27.25,91.50,
2023-08-25,27.25,91.75,
2023-08-25,27.25,92.00,1.30
2023-08-25,27.25,92.25,5.25
2023-08-25,27.25,92.50,23.64
2023-08-25,27.25,92.75,26.43
2023-08-25,27.25,93.00,13.21
2023-08-25,27.50,91.50,
2023-08-25,27.50,91.75,4.36
2023-08-25,27.50,92.00,2.47
2023-08-25,27.50,92.25,9.19
2023-08-25,27.50,92.50,19.34
2023-08-25,27.50,92.75,22.19
2023-08-25,27.50,93.00,14.69
2023-08-25,27.75,91.50,4.96
2023-08-25,27.75,91.75,4.52
2023-08-25,27.75,92.00,3.16
2023-08-25,27.75,92.25,8.36
2023-08-25,27.75,92.50,10.75
2023-08-25,27.75,92.75,6.75
2023-08-25,27.75,93.00,2.27
2023-08-25,28.00,91.50,4.86
2023-08-25,28.00,91.75,4.50
2023-08-25,28.00,92.00,6.81
2023-08-25,28.00,92.25,9.67
2023-08-25,28.00,92.50,5.53
2023-08-25,28.00,92.75,3.15
2023-08-25,28.00,93.00,0.87
2023-08-26,25.75,91.50,5.67
2023-08-26,25.75,91.75,5.90
2023-08-26,25.75,92.00,5.22
2023-08-26,25.75,92.25,1.88
2023-08-26,25.75,92.50,0.51
2023-08-26,25.75,92.75,0.51
2023-08-26,25.75,93.00,16.92
2023-08-26,26.00,91.50,4.78
2023-08-26,26.00,91.75,7.95
2023-08-26,26.00,92.00,7.54
2023-08-26,26.00,92.25,0.33
2023-08-26,26.00,92.50,0.10
2023-08-26,26.00,92.75,7.67
2023-08-26,26.00,93.00,16.27
2023-08-26,26.25,91.50,2.33
2023-08-26,26.25,91.75,11.66
2023-08-26,26.25,92.00,12.17
2023-08-26,26.25,92.25,8.63
2023-08-26,26.25,92.50,11.32
2023-08-26,26.25,92.75,14.93
2023-08-26,26.25,93.00,25.73
2023-08-26,26.50,91.50,5.10
2023-08-26,26.50,91.75,43.38
2023-08-26,26.50,92.00,35.48
2023-08-26,26.50,92.25,22.43
2023-08-26,26.50,92.50,15.01
2023-08-26,26.50,92.75,15.41
2023-08-26,26.50,93.00,18.74
2023-08-26,26.75,91.50,26.31
2023-08-26,26.75,91.75,56.91
2023-08-26,26.75,92.00,67.97
2023-08-26,26.75,92.25,28.55
2023-08-26,26.75,92.50,17.75
2023-08-26,26.75,92.75,19.81
2023-08-26,26.75,93.00,16.95
2023-08-26,27.00,91.50,24.26
2023-08-26,27.00,91.75,19.42
2023-08-26,27.00,92.00,29.14
2023-08-26,27.00,92.25,25.51
2023-08-26,27.00,92.50,26.85
2023-08-26,27.00,92.75,27.52
2023-08-26,27.00,93.00,21.48
2023-08-26,27.25,91.50,
2023-08-26,27.25,91.75,
2023-08-26,27.25,92.00,2.89
2023-08-26,27.25,92.25,15.98
2023-08-26,27.25,92.50,30.41
2023-08-26,27.25,92.75,32.94
2023-08-26,27.25,93.00,23.74
2023-08-26,27.50,91.50,
2023-08-26,27.50,91.75,8.86
2023-08-26,27.50,92.00,6.62
2023-08-26,27.50,92.25,16.47
2023-08-26,27.50,92.50,25.79
2023-08-26,27.50,92.75,27.32
2023-08-26,27.50,93.00,15.49
2023-08-26,27.75,91.50,9.05
2023-08-26,27.75,91.75,8.83
2023-08-26,27.75,92.00,8.01
2023-08-26,27.75,92.25,15.82
2023-08-26,27.75,92.50,13.95
2023-08-26,27.75,92.75,7.42
2023-08-26,27.75,93.00,1.82
2023-08-26,28.00,91.50,8.88
2023-08-26,28.00,91.75,8.58
2023-08-26,28.00,92.00,10.20
2023-08-26,28.00,92.25,11.49
2023-08-26,28.00,92.50,7.07
2023-08-26,28.00,92.75,2.79
2023-08-26,28.00,93.00,0.60
2023-08-27,25.75,91.50,70.36
2023-08-27,25.75,91.75,61.60
2023-08-27,25.75,92.00,28.99
2023-08-27,25.75,92.25,11.74
2023-08-27,25.75,92.50,18.06
2023-08-27,25.75,92.75,0.63
2023-08-27,25.75,93.00,4.17
2023-08-27,26.00,91.50,28.83
2023-08-27,26.00,91.75,42.18
2023-08-27,26.00,92.00,20.75
2023-08-27,26.00,92.25,6.84
2023-08-27,26.00,92.50,17.01
2023-08-27,26.00,92.75,8.82
2023-08-27,26.00,93.00,4.08
2023-08-27,26.25,91.50,36.84
2023-08-27,26.25,91.75,32.39
2023-08-27,26.25,92.00,25.71
2023-08-27,26.25,92.25,16.39
2023-08-27,26.25,92.50,18.68
2023-08-27,26.25,92.75,18.66
2023-08-27,26.25,93.00,5.30
2023-08-27,26.50,91.50,68.97
2023-08-27,26.50,91.75,20.04
2023-08-27,26.50,92.00,29.36
2023-08-27,26.50,92.25,16.12
2023-08-27,26.50,92.50,23.59
2023-08-27,26.50,92.75,21.51
2023-08-27,26.50,93.00,18.16
2023-08-27,26.75,91.50,57.85
2023-08-27,26.75,91.75,10.28
2023-08-27,26.75,92.00,32.45
2023-08-27,26.75,92.25,29.04
2023-08-27,26.75,92.50,23.78
2023-08-27,26.75,92.75,25.28
2023-08-27,26.75,93.00,44.01
2023-08-27,27.00,91.50,47.16
2023-08-27,27.00,91.75,39.94
2023-08-27,27.00,92.00,30.17
2023-08-27,27.00,92.25,27.72
2023-08-27,27.00,92.50,27.57
2023-08-27,27.00,92.75,37.22
2023-08-27,27.00,93.00,50.70
2023-08-27,27.25,91.50,
2023-08-27,27.25,91.75,
2023-08-27,27.25,92.00,13.03
2023-08-27,27.25,92.25,21.57
2023-08-27,27.25,92.50,28.49
2023-08-27,27.25,92.75,31.23
2023-08-27,27.25,93.00,51.49
2023-08-27,27.50,91.50,
2023-08-27,27.50,91.75,27.19
2023-08-27,27.50,92.00,21.09
2023-08-27,27.50,92.25,22.10
2023-08-27,27.50,92.50,25.19
2023-08-27,27.50,92.75,26.46
2023-08-27,27.50,93.00,20.69
2023-08-27,27.75,91.50,26.93
2023-08-27,27.75,91.75,26.52
2023-08-27,27.75,92.00,23.62
2023-08-27,27.75,92.25,19.48
2023-08-27,27.75,92.50,14.41
2023-08-27,27.75,92.75,9.22
2023-08-27,27.75,93.00,4.83
2023-08-27,28.00,91.50,26.75
2023-08-27,28.00,91.75,25.95
2023-08-27,28.00,92.00,24.18
2023-08-27,28.00,92.25,14.55
2023-08-27,28.00,92.50,8.37
2023-08-27,28.00,92.75,5.11
2023-08-27,28.00,93.00,3.03
2023-08-28,25.75,91.50,19.61
2023-08-28,25.75,91.75,21.50
2023-08-28,25.75,92.00,13.14
2023-08-28,25.75,92.25,22.45
2023-08-28,25.75,92.50,20.88
2023-08-28,25.75,92.75,14.45
2023-08-28,25.75,93.00,11.32
2023-08-28,26.00,91.50,3.76
2023-08-28,26.00,91.75,8.08
2023-08-28,26.00,92.00,9.87
2023-08-28,26.00,92.25,9.54
2023-08-28,26.00,92.50,14.21
2023-08-28,26.00,92.75,14.99
2023-08-28,26.00,93.00,10.86
2023-08-28,26.25,91.50,20.47
2023-08-28,26.25,91.75,16.05
2023-08-28,26.25,92.00,23.14
2023-08-28,26.25,92.25,10.74
2023-08-28,26.25,92.50,14.89
2023-08-28,26.25,92.75,14.83
2023-08-28,26.25,93.00,5.81
2023-08-28,26.50,91.50,79.88
2023-08-28,26.50,91.75,41.90
2023-08-28,26.50,92.00,38.34
2023-08-28,26.50,92.25,25.21
2023-08-28,26.50,92.50,30.06
2023-08-28,26.50,92.75,27.42
2023-08-28,26.50,93.00,9.70
2023-08-28,26.75,91.50,101.13
2023-08-28,26.75,91.75,47.61
2023-08-28,26.75,92.00,56.75
2023-08-28,26.75,92.25,39.29
2023-08-28,26.75,92.50,31.85
2023-08-28,26.75,92.75,36.25
2023-08-28,26.75,93.00,47.50
2023-08-28,27.00,91.50,90.35
2023-08-28,27.00,91.75,56.01
2023-08-28,27.00,92.00,49.88
2023-08-28,27.00,92.25,48.77
2023-08-28,27.00,92.50,36.32
2023-08-28,27.00,92.75,40.56
2023-08-28,27.00,93.00,55.48
2023-08-28,27.25,91.50,
2023-08-28,27.25,91.75,
2023-08-28,27.25,92.00,48.31
2023-08-28,27.25,92.25,45.88
2023-08-28,27.25,92.50,37.46
2023-08-28,27.25,92.75,39.15
2023-08-28,27.25,93.00,59.29
2023-08-28,27.50,91.50,
2023-08-28,27.50,91.75,33.19
2023-08-28,27.50,92.00,43.24
2023-08-28,27.50,92.25,42.85
2023-08-28,27.50,92.50,37.18
2023-08-28,27.50,92.75,33.71
2023-08-28,27.50,93.00,25.77
2023-08-28,27.75,91.50,30.80
2023-08-28,27.75,91.75,31.66
2023-08-28,27.75,92.00,36.52
2023-08-28,27.75,92.25,34.55
2023-08-28,27.75,92.50,28.43
2023-08-28,27.75,92.75,17.84
2023-08-28,27.75,93.00,13.77
2023-08-28,28.00,91.50,30.84
2023-08-28,28.00,91.75,31.81
2023-08-28,28.00,92.00,34.44
2023-08-28,28.00,92.25,28.28
2023-08-28,28.00,92.50,21.18
2023-08-28,28.00,92.75,14.39
2023-08-28,28.00,93.00,12.60
2023-08-29,25.75,91.50,2.37
2023-08-29,25.75,91.75,2.30
2023-08-29,25.75,92.00,0.98
2023-08-29,25.75,92.25,0.98
2023-08-29,25.75,92.50,0.03
2023-08-29,25.75,92.75,0.00
2023-08-29,25.75,93.00,0.00
2023-08-29,26.00,91.50,0.71
2023-08-29,26.00,91.75,1.54
2023-08-29,26.00,92.00,0.63
2023-08-29,26.00,92.25,2.10
2023-08-29,26.00,92.50,2.93
2023-08-29,26.00,92.75,0.00
2023-08-29,26.00,93.00,0.00
2023-08-29,26.25,91.50,6.17
2023-08-29,26.25,91.75,1.79
2023-08-29,26.25,92.00,2.44
2023-08-29,26.25,92.25,7.47
2023-08-29,26.25,92.50,8.35
2023-08-29,26.25,92.75,6.55
2023-08-29,26.25,93.00,0.00
2023-08-29,26.50,91.50,11.02
2023-08-29,26.50,91.75,3.17
2023-08-29,26.50,92.00,6.36
2023-08-29,26.50,92.25,4.26
2023-08-29,26.50,92.50,8.74
2023-08-29,26.50,92.75,8.14
2023-08-29,26.50,93.00,4.55
2023-08-29,26.75,91.50,7.84
2023-08-29,26.75,91.75,0.34
2023-08-29,26.75,92.00,15.16
2023-08-29,26.75,92.25,4.45
2023-08-29,26.75,92.50,9.70
2023-08-29,26.75,92.75,12.26
2023-08-29,26.75,93.00,4.48
2023-08-29,27.00,91.50,9.87
2023-08-29,27.00,91.75,10.38
2023-08-29,27.00,92.00,10.27
2023-08-29,27.00,92.25,27.21
2023-08-29,27.00,92.50,22.34
2023-08-29,27.00,92.75,17.23
2023-08-29,27.00,93.00,6.35
2023-08-29,27.25,91.50,
2023-08-29,27.25,91.75,
2023-08-29,27.25,92.00,6.54
2023-08-29,27.25,92.25,15.92
2023-08-29,27.25,92.50,15.30
2023-08-29,27.25,92.75,14.78
2023-08-29,27.25,93.00,8.66
2023-08-29,27.50,91.50,
2023-08-29,27.50,91.75,5.51
2023-08-29,27.50,92.00,7.80
2023-08-29,27.50,92.25,13.31
2023-08-29,27.50,92.50,14.14
2023-08-29,27.50,92.75,12.37
2023-08-29,27.50,93.00,8.83
2023-08-29,27.75,91.50,3.72
2023-08-29,27.75,91.75,4.88
2023-08-29,27.75,92.00,7.43
2023-08-29,27.75,92.25,13.24
2023-08-29,27.75,92.50,9.02
2023-08-29,27.75,92.75,5.88
2023-08-29,27.75,93.00,4.26
2023-08-29,28.00,91.50,3.92
2023-08-29,28.00,91.75,4.62
2023-08-29,28.00,92.00,5.73
2023-08-29,28.00,92.25,7.12
2023-08-29,28.00,92.50,6.26
2023-08-29,28.00,92.75,4.54
2023-08-29,28.00,93.00,3.78
2023-08-30,25.75,91.50,0.00
2023-08-30,25.75,91.75,0.00
2023-08-30,25.75,92.00,0.00
2023-08-30,25.75,92.25,0.00
2023-08-30,25.75,92.50,0.00
2023-08-30,25.75,92.75,0.00
2023-08-30,25.75,93.00,0.00
2023-08-30,26.00,91.50,0.00
2023-08-30,26.00,91.75,0.00
2023-08-30,26.00,92.00,0.00
2023-08-30,26.00,92.25,0.00
2023-08-30,26.00,92.50,0.00
2023-08-30,26.00,92.75,0.00
2023-08-30,26.00,93.00,0.00
2023-08-30,26.25,91.50,0.00
2023-08-30,26.25,91.75,0.00
2023-08-30,26.25,92.00,0.00
2023-08-30,26.25,92.25,0.00
2023-08-30,26.25,92.50,0.00
2023-08-30,26.25,92.75,0.00
2023-08-30,26.25,93.00,0.00
2023-08-30,26.50,91.50,0.00
2023-08-30,26.50,91.75,0.00
2023-08-30,26.50,92.00,0.00
2023-08-30,26.50,92.25,0.00
2023-08-30,26.50,92.50,0.00
2023-08-30,26.50,92.75,0.00
2023-08-30,26.50,93.00,0.00
2023-08-30,26.75,91.50,0.00
2023-08-30,26.75,91.75,0.00
2023-08-30,26.75,92.00,0.00
2023-08-30,26.75,92.25,0.00
2023-08-30,26.75,92.50,0.00
2023-08-30,26.75,92.75,0.00
2023-08-30,26.75,93.00,0.00
2023-08-30,27.00,91.50,0.00
2023-08-30,27.00,91.75,0.02
2023-08-30,27.00,92.00,0.34
2023-08-30,27.00,92.25,0.05
2023-08-30,27.00,92.50,0.00
2023-08-30,27.00,92.75,0.00
2023-08-30,27.00,93.00,0.00
2023-08-30,27.25,91.50,
2023-08-30,27.25,91.75,
2023-08-30,27.25,92.00,1.06
2023-08-30,27.25,92.25,0.50
2023-08-30,27.25,92.50,0.08
2023-08-30,27.25,92.75,0.00
2023-08-30,27.25,93.00,0.00
2023-08-30,27.50,91.50,
2023-08-30,27.50,91.75,0.97
2023-08-30,27.50,92.00,0.89
2023-08-30,27.50,92.25,0.51
2023-08-30,27.50,92.50,0.20
2023-08-30,27.50,92.75,0.00
2023-08-30,27.50,93.00,0.00
2023-08-30,27.75,91.50,1.13
2023-08-30,27.75,91.75,1.04
2023-08-30,27.75,92.00,0.90
2023-08-30,27.75,92.25,0.45
2023-08-30,27.75,92.50,0.10
2023-08-30,27.75,92.75,0.00
2023-08-30,27.75,93.00,0.00
2023-08-30,28.00,91.50,1.11
2023-08-30,28.00,91.75,1.07
2023-08-30,28.00,92.00,0.96
2023-08-30,28.00,92.25,0.33
2023-08-30,28.00,92.50,0.06
2023-08-30,28.00,92.75,0.01
2023-08-30,28.00,93.00,0.00
2023-08-31,25.75,91.50,0.00
2023-08-31,25.75,91.75,0.00
2023-08-31,25.75,92.00,0.00
2023-08-31,25.75,92.25,0.00
2023-08-31,25.75,92.50,0.00
2023-08-31,25.75,92.75,0.00
2023-08-31,25.75,93.00,0.00
2023-08-31,26.00,91.50,0.00
2023-08-31,26.00,91.75,0.00
2023-08-31,26.00,92.00,0.00
2023-08-31,26.00,92.25,0.00
2023-08-31,26.00,92.50,0.00
2023-08-31,26.00,92.75,0.00
2023-08-31,26.00,93.00,0.00
2023-08-31,26.25,91.50,0.00
2023-08-31,26.25,91.75,0.00
2023-08-31,26.25,92.00,0.00
2023-08-31,26.25,92.25,0.00
2023-08-31,26.25,92.50,0.00
2023-08-31,26.25,92.75,0.00
2023-08-31,26.25,93.00,0.00
2023-08-31,26.50,91.50,0.00
2023-08-31,26.50,91.75,0.00
2023-08-31,26.50,92.00,0.00
2023-08-31,26.50,92.25,0.00
2023-08-31,26.50,92.50,0.00
2023-08-31,26.50,92.75,0.00
2023-08-31,26.50,93.00,0.00
2023-08-31,26.75,91.50,0.00
2023-08-31,26.75,91.75,0.00
2023-08-31,26.75,92.00,0.00
2023-08-31,26.75,92.25,0.00
2023-08-31,26.75,92.50,0.00
2023-08-31,26.75,92.75,0.00
2023-08-31,26.75,93.00,0.00
2023-08-31,27.00,91.50,0.00
2023-08-31,27.00,91.75,0.00
2023-08-31,27.00,92.00,0.03
2023-08-31,27.00,92.25,0.00
2023-08-31,27.00,92.50,0.00
2023-08-31,27.00,92.75,0.00
2023-08-31,27.00,93.00,0.00
2023-08-31,27.25,91.50,
2023-08-31,27.25,91.75,
2023-08-31,27.25,92.00,0.10
2023-08-31,27.25,92.25,0.05
2023-08-31,27.25,92.50,0.01
2023-08-31,27.25,92.75,0.00
2023-08-31,27.25,93.00,0.00
2023-08-31,27.50,91.50,
2023-08-31,27.50,91.75,0.04
2023-08-31,27.50,92.00,0.06
2023-08-31,27.50,92.25,0.05
2023-08-31,27.50,92.50,0.02
2023-08-31,27.50,92.75,0.00
2023-08-31,27.50,93.00,0.00
2023-08-31,27.75,91.50,0.04
2023-08-31,27.75,91.75,0.05
2023-08-31,27.75,92.00,0.05
2023-08-31,27.75,92.25,0.04
2023-08-31,27.75,92.50,0.01
2023-08-31,27.75,92.75,0.00
2023-08-31,27.75,93.00,0.00
2023-08-31,28.00,91.50,0.05
2023-08-31,28.00,91.75,0.06
2023-08-31,28.00,92.00,0.05
2023-08-31,28.00,92.25,0.03
2023-08-31,28.00,92.50,0.01
2023-08-31,28.00,92.75,0.00
2023-08-31,28.00,93.00,0.00
2023-09-01,25.75,91.50,8.89
2023-09-01,25.75,91.75,10.73
2023-09-01,25.75,92.00,7.50
2023-09-01,25.75,92.25,1.26
2023-09-01,25.75,92.50,0.36
2023-09-01,25.75,92.75,0.00
2023-09-01,25.75,93.00,0.00
2023-09-01,26.00,91.50,0.00
2023-09-01,26.00,91.75,4.89
2023-09-01,26.00,92.00,0.00
2023-09-01,26.00,92.25,0.00
2023-09-01,26.00,92.50,0.00
2023-09-01,26.00,92.75,0.00
2023-09-01,26.00,93.00,0.00
2023-09-01,26.25,91.50,0.00
2023-09-01,26.25,91.75,0.00
2023-09-01,26.25,92.00,0.00
2023-09-01,26.25,92.25,22.30
2023-09-01,26.25,92.50,20.50
2023-09-01,26.25,92.75,16.01
2023-09-01,26.25,93.00,0.00
2023-09-01,26.50,91.50,0.00
2023-09-01,26.50,91.75,0.00
2023-09-01,26.50,92.00,0.00
2023-09-01,26.50,92.25,30.23
2023-09-01,26.50,92.50,3.89
2023-09-01,26.50,92.75,9.05
2023-09-01,26.50,93.00,0.00
2023-09-01,26.75,91.50,0.00
2023-09-01,26.75,91.75,0.00
2023-09-01,26.75,92.00,0.00
2023-09-01,26.75,92.25,0.00
2023-09-01,26.75,92.50,2.40
2023-09-01,26.75,92.75,5.81
2023-09-01,26.75,93.00,0.00
2023-09-01,27.00,91.50,0.00
2023-09-01,27.00,91.75,0.02
2023-09-01,27.00,92.00,0.34
2023-09-01,27.00,92.25,27.79
2023-09-01,27.00,92.50,18.52
2023-09-01,27.00,92.75,7.67
2023-09-01,27.00,93.00,0.00
2023-09-01,27.25,91.50,
2023-09-01,27.25,91.75,
2023-09-01,27.25,92.00,1.42
2023-09-01,27.25,92.25,11.66
2023-09-01,27.25,92.50,3.93
2023-09-01,27.25,92.75,2.41
2023-09-01,27.25,93.00,0.02
2023-09-01,27.50,91.50,
2023-09-01,27.50,91.75,0.90
2023-09-01,27.50,92.00,2.71
2023-09-01,27.50,92.25,6.74
2023-09-01,27.50,92.50,4.36
2023-09-01,27.50,92.75,0.99
2023-09-01,27.50,93.00,0.08
2023-09-01,27.75,91.50,0.05
2023-09-01,27.75,91.75,0.72
2023-09-01,27.75,92.00,2.73
2023-09-01,27.75,92.25,7.47
2023-09-01,27.75,92.50,1.97
2023-09-01,27.75,92.75,0.02
2023-09-01,27.75,93.00,0.03
2023-09-01,28.00,91.50,0.07
2023-09-01,28.00,91.75,0.54
2023-09-01,28.00,92.00,0.30
2023-09-01,28.00,92.25,0.22
2023-09-01,28.00,92.50,0.90
2023-09-01,28.00,92.75,0.03
2023-09-01,28.00,93.00,0.01
2023-09-02,25.75,91.50,1.19
2023-09-02,25.75,91.75,3.01
2023-09-02,25.75,92.00,5.38
2023-09-02,25.75,92.25,1.38
2023-09-02,25.75,92.50,0.39
2023-09-02,25.75,92.75,0.00
2023-09-02,25.75,93.00,0.00
2023-09-02,26.00,91.50,0.00
2023-09-02,26.00,91.75,0.65
2023-09-02,26.00,92.00,0.00
2023-09-02,26.00,92.25,0.00
2023-09-02,26.00,92.50,0.00
2023-09-02,26.00,92.75,0.00
2023-09-02,26.00,93.00,0.00
2023-09-02,26.25,91.50,0.00
2023-09-02,26.25,91.75,0.00
2023-09-02,26.25,92.00,0.00
2023-09-02,26.25,92.25,0.00
2023-09-02,26.25,92.50,0.00
2023-09-02,26.25,92.75,0.00
2023-09-02,26.25,93.00,0.00
2023-09-02,26.50,91.50,1.51
2023-09-02,26.50,91.75,1.06
2023-09-02,26.50,92.00,2.90
2023-09-02,26.50,92.25,0.91
2023-09-02,26.50,92.50,0.00
2023-09-02,26.50,92.75,0.00
2023-09-02,26.50,93.00,0.00
2023-09-02,26.75,91.50,0.46
2023-09-02,26.75,91.75,0.00
2023-09-02,26.75,92.00,0.69
2023-09-02,26.75,92.25,5.14
2023-09-02,26.75,92.50,0.87
2023-09-02,26.75,92.75,0.58
2023-09-02,26.75,93.00,2.02
2023-09-02,27.00,91.50,0.00
2023-09-02,27.00,91.75,0.00
2023-09-02,27.00,92.00,1.07
2023-09-02,27.00,92.25,2.38
2023-09-02,27.00,92.50,1.07
2023-09-02,27.00,92.75,1.65
2023-09-02,27.00,93.00,2.98
2023-09-02,27.25,91.50,
2023-09-02,27.25,91.75,
2023-09-02,27.25,92.00,0.04
2023-09-02,27.25,92.25,0.46
2023-09-02,27.25,92.50,0.00
2023-09-02,27.25,92.75,0.28
2023-09-02,27.25,93.00,2.51
2023-09-02,27.50,91.50,
2023-09-02,27.50,91.75,0.00
2023-09-02,27.50,92.00,0.00
2023-09-02,27.50,92.25,0.00
2023-09-02,27.50,92.50,0.08
2023-09-02,27.50,92.75,0.21
2023-09-02,27.50,93.00,0.55
2023-09-02,27.75,91.50,0.00
2023-09-02,27.75,91.75,0.00
2023-09-02,27.75,92.00,0.00
2023-09-02,27.75,92.25,0.00
2023-09-02,27.75,92.50,0.00
2023-09-02,27.75,92.75,0.10
2023-09-02,27.75,93.00,0.07
2023-09-02,28.00,91.50,0.00
2023-09-02,28.00,91.75,0.00
2023-09-02,28.00,92.00,0.00
2023-09-02,28.00,92.25,0.00
2023-09-02,28.00,92.50,0.00
2023-09-02,28.00,92.75,0.00
2023-09-02,28.00,93.00,0.02
2023-09-03,25.75,91.50,4.68
2023-09-03,25.75,91.75,3.77
2023-09-03,25.75,92.00,1.81
2023-09-03,25.75,92.25,0.30
2023-09-03,25.75,92.50,0.27
2023-09-03,25.75,92.75,1.62
2023-09-03,25.75,93.00,3.31
2023-09-03,26.00,91.50,0.52
2023-09-03,26.00,91.75,1.85
2023-09-03,26.00,92.00,0.00
2023-09-03,26.00,92.25,0.00
2023-09-03,26.00,92.50,0.09
2023-09-03,26.00,92.75,1.99
2023-09-03,26.00,93.00,3.16
2023-09-03,26.25,91.50,0.00
2023-09-03,26.25,91.75,0.00
2023-09-03,26.25,92.00,0.00
2023-09-03,26.25,92.25,0.00
2023-09-03,26.25,92.50,0.00
2023-09-03,26.25,92.75,1.64
2023-09-03,26.25,93.00,1.83
2023-09-03,26.50,91.50,0.00
2023-09-03,26.50,91.75,2.06
2023-09-03,26.50,92.00,4.72
2023-09-03,26.50,92.25,0.00
2023-09-03,26.50,92.50,0.00
2023-09-03,26.50,92.75,0.00
2023-09-03,26.50,93.00,0.00
2023-09-03,26.75,91.50,0.00
2023-09-03,26.75,91.75,0.24
2023-09-03,26.75,92.00,13.31
2023-09-03,26.75,92.25,1.00
2023-09-03,26.75,92.50,0.00
2023-09-03,26.75,92.75,0.00
2023-09-03,26.75,93.00,0.00
2023-09-03,27.00,91.50,0.00
2023-09-03,27.00,91.75,0.86
2023-09-03,27.00,92.00,4.58
2023-09-03,27.00,92.25,0.24
2023-09-03,27.00,92.50,0.00
2023-09-03,27.00,92.75,0.00
2023-09-03,27.00,93.00,0.00
2023-09-03,27.25,91.50,
2023-09-03,27.25,91.75,
2023-09-03,27.25,92.00,0.06
2023-09-03,27.25,92.25,0.00
2023-09-03,27.25,92.50,0.00
2023-09-03,27.25,92.75,0.00
2023-09-03,27.25,93.00,0.00
2023-09-03,27.50,91.50,
2023-09-03,27.50,91.75,0.00
2023-09-03,27.50,92.00,0.00
2023-09-03,27.50,92.25,0.00
2023-09-03,27.50,92.50,0.00
2023-09-03,27.50,92.75,0.00
2023-09-03,27.50,93.00,0.00
2023-09-03,27.75,91.50,0.00
2023-09-03,27.75,91.75,0.00
2023-09-03,27.75,92.00,0.00
2023-09-03,27.75,92.25,0.00
2023-09-03,27.75,92.50,0.00
2023-09-03,27.75,92.75,0.00
2023-09-03,27.75,93.00,0.00
2023-09-03,28.00,91.50,0.00
2023-09-03,28.00,91.75,0.00
2023-09-03,28.00,92.00,0.00
2023-09-03,28.00,92.25,0.00
2023-09-03,28.00,92.50,0.00
2023-09-03,28.00,92.75,0.00
2023-09-03,28.00,93.00,0.00
2023-09-04,25.75,91.50,0.00
2023-09-04,25.75,91.75,0.00
2023-09-04,25.75,92.00,0.00
2023-09-04,25.75,92.25,0.00
2023-09-04,25.75,92.50,0.00
2023-09-04,25.75,92.75,0.00
2023-09-04,25.75,93.00,0.00
2023-09-04,26.00,91.50,0.00
2023-09-04,26.00,91.75,0.00
2023-09-04,26.00,92.00,0.00
2023-09-04,26.00,92.25,0.00
2023-09-04,26.00,92.50,0.00
2023-09-04,26.00,92.75,0.00
2023-09-04,26.00,93.00,0.00
2023-09-04,26.25,91.50,0.00
2023-09-04,26.25,91.75,0.00
2023-09-04,26.25,92.00,0.00
2023-09-04,26.25,92.25,0.00
2023-09-04,26.25,92.50,0.00
2023-09-04,26.25,92.75,0.00
2023-09-04,26.25,93.00,0.00
2023-09-04,26.50,91.50,0.00
2023-09-04,26.50,91.75,0.00
2023-09-04,26.50,92.00,0.00
2023-09-04,26.50,92.25,0.00
2023-09-04,26.50,92.50,0.00
2023-09-04,26.50,92.75,0.00
2023-09-04,26.50,93.00,0.00
2023-09-04,26.75,91.50,0.00
2023-09-04,26.75,91.75,0.00
2023-09-04,26.75,92.00,0.00
2023-09-04,26.75,92.25,0.00
2023-09-04,26.75,92.50,0.00
2023-09-04,26.75,92.75,0.00
2023-09-04,26.75,93.00,0.00
2023-09-04,27.00,91.50,0.00
2023-09-04,27.00,91.75,0.00
2023-09-04,27.00,92.00,0.00
2023-09-04,27.00,92.25,0.00
2023-09-04,27.00,92.50,0.00
2023-09-04,27.00,92.75,0.00
2023-09-04,27.00,93.00,0.00
2023-09-04,27.25,91.50,
2023-09-04,27.25,91.75,
2023-09-04,27.25,92.00,0.00
2023-09-04,27.25,92.25,0.00
2023-09-04,27.25,92.50,0.00
2023-09-04,27.25,92.75,0.00
2023-09-04,27.25,93.00,0.00
2023-09-04,27.50,91.50,
2023-09-04,27.50,91.75,0.00
2023-09-04,27.50,92.00,0.00
2023-09-04,27.50,92.25,0.00
2023-09-04,27.50,92.50,0.00
2023-09-04,27.50,92.75,0.00
2023-09-04,27.50,93.00,0.00
2023-09-04,27.75,91.50,0.00
2023-09-04,27.75,91.75,0.00
2023-09-04,27.75,92.00,0.00
2023-09-04,27.75,92.25,0.00
2023-09-04,27.75,92.50,0.00
2023-09-04,27.75,92.75,0.00
2023-09-04,27.75,93.00,0.00
2023-09-04,28.00,91.50,0.00
2023-09-04,28.00,91.75,0.00
2023-09-04,28.00,92.00,0.00
2023-09-04,28.00,92.25,0.00
2023-09-04,28.00,92.50,0.00
2023-09-04,28.00,92.75,0.00
2023-09-04,28.00,93.00,0.00
2023-09-05,25.75,91.50,0.00
2023-09-05,25.75,91.75,0.25
2023-09-05,25.75,92.00,0.31
2023-09-05,25.75,92.25,0.00
2023-09-05,25.75,92.50,0.00
2023-09-05,25.75,92.75,0.00
2023-09-05,25.75,93.00,0.00
2023-09-05,26.00,91.50,0.00
2023-09-05,26.00,91.75,0.00
2023-09-05,26.00,92.00,0.00
2023-09-05,26.00,92.25,0.00
2023-09-05,26.00,92.50,0.00
2023-09-05,26.00,92.75,0.00
2023-09-05,26.00,93.00,0.00
2023-09-05,26.25,91.50,0.00
2023-09-05,26.25,91.75,0.00
2023-09-05,26.25,92.00,0.00
2023-09-05,26.25,92.25,0.00
2023-09-05,26.25,92.50,0.00
2023-09-05,26.25,92.75,0.00
2023-09-05,26.25,93.00,0.00
2023-09-05,26.50,91.50,0.00
2023-09-05,26.50,91.75,0.00
2023-09-05,26.50,92.00,0.00
2023-09-05,26.50,92.25,0.00
2023-09-05,26.50,92.50,0.00
2023-09-05,26.50,92.75,0.00
2023-09-05,26.50,93.00,3.65
2023-09-05,26.75,91.50,0.00
2023-09-05,26.75,91.75,0.00
2023-09-05,26.75,92.00,0.00
2023-09-05,26.75,92.25,0.00
2023-09-05,26.75,92.50,0.00
2023-09-05,26.75,92.75,0.00
2023-09-05,26.75,93.00,0.00
2023-09-05,27.00,91.50,0.00
2023-09-05,27.00,91.75,0.00
2023-09-05,27.00,92.00,0.00
2023-09-05,27.00,92.25,0.00
2023-09-05,27.00,92.50,0.00
2023-09-05,27.00,92.75,0.00
2023-09-05,27.00,93.00,0.00
2023-09-05,27.25,91.50,
2023-09-05,27.25,91.75,
2023-09-05,27.25,92.00,0.00
2023-09-05,27.25,92.25,0.00
2023-09-05,27.25,92.50,0.00
2023-09-05,27.25,92.75,0.00
2023-09-05,27.25,93.00,0.00
2023-09-05,27.50,91.50,
2023-09-05,27.50,91.75,0.00
2023-09-05,27.50,92.00,0.00
2023-09-05,27.50,92.25,0.00
2023-09-05,27.50,92.50,0.00
2023-09-05,27.50,92.75,0.00
2023-09-05,27.50,93.00,0.00
2023-09-05,27.75,91.50,0.00
2023-09-05,27.75,91.75,0.00
2023-09-05,27.75,92.00,0.00
2023-09-05,27.75,92.25,0.00
2023-09-05,27.75,92.50,0.00
2023-09-05,27.75,92.75,0.00
2023-09-05,27.75,93.00,0.00
2023-09-05,28.00,91.50,0.00
2023-09-05,28.00,91.75,0.00
2023-09-05,28.00,92.00,0.00
2023-09-05,28.00,92.25,0.00
2023-09-05,28.00,92.50,0.00
2023-09-05,28.00,92.75,0.00
2023-09-05,28.00,93.00,0.00
2023-09-06,25.75,91.50,1.31
2023-09-06,25.75,91.75,0.98
2023-09-06,25.75,92.00,0.06
2023-09-06,25.75,92.25,0.00
2023-09-06,25.75,92.50,0.00
2023-09-06,25.75,92.75,0.00
2023-09-06,25.75,93.00,0.00
2023-09-06,26.00,91.50,0.05
2023-09-06,26.00,91.75,0.17
2023-09-06,26.00,92.00,0.00
2023-09-06,26.00,92.25,0.00
2023-09-06,26.00,92.50,0.00
2023-09-06,26.00,92.75,0.00
2023-09-06,26.00,93.00,0.00
2023-09-06,26.25,91.50,0.00
2023-09-06,26.25,91.75,0.00
2023-09-06,26.25,92.00,0.00
2023-09-06,26.25,92.25,0.00
2023-09-06,26.25,92.50,0.00
2023-09-06,26.25,92.75,0.00
2023-09-06,26.25,93.00,0.00
2023-09-06,26.50,91.50,0.00
2023-09-06,26.50,91.75,0.00
2023-09-06,26.50,92.00,0.00
2023-09-06,26.50,92.25,0.00
2023-09-06,26.50,92.50,0.00
2023-09-06,26.50,92.75,0.00
2023-09-06,26.50,93.00,0.00
2023-09-06,26.75,91.50,0.00
2023-09-06,26.75,91.75,0.00
2023-09-06,26.75,92.00,0.00
2023-09-06,26.75,92.25,0.00
2023-09-06,26.75,92.50,0.00
2023-09-06,26.75,92.75,0.00
2023-09-06,26.75,93.00,0.00
2023-09-06,27.00,91.50,0.00
2023-09-06,27.00,91.75,0.00
2023-09-06,27.00,92.00,0.00
2023-09-06,27.00,92.25,0.00
2023-09-06,27.00,92.50,0.00
2023-09-06,27.00,92.75,0.00
2023-09-06,27.00,93.00,0.00
2023-09-06,27.25,91.50,
2023-09-06,27.25,91.75,
2023-09-06,27.25,92.00,0.00
2023-09-06,27.25,92.25,0.00
2023-09-06,27.25,92.50,0.00
2023-09-06,27.25,92.75,0.00
2023-09-06,27.25,93.00,0.00
2023-09-06,27.50,91.50,
2023-09-06,27.50,91.75,0.00
2023-09-06,27.50,92.00,0.00
2023-09-06,27.50,92.25,0.00
2023-09-06,27.50,92.50,0.00
2023-09-06,27.50,92.75,0.00
2023-09-06,27.50,93.00,0.00
2023-09-06,27.75,91.50,0.00
2023-09-06,27.75,91.75,0.00
2023-09-06,27.75,92.00,0.00
2023-09-06,27.75,92.25,0.00
2023-09-06,27.75,92.50,0.00
2023-09-06,27.75,92.75,0.00
2023-09-06,27.75,93.00,0.00
2023-09-06,28.00,91.50,0.00
2023-09-06,28.00,91.75,0.00
2023-09-06,28.00,92.00,0.00
2023-09-06,28.00,92.25,0.00
2023-09-06,28.00,92.50,0.00
2023-09-06,28.00,92.75,0.00
2023-09-06,28.00,93.00,0.00
2023-09-07,25.75,91.50,0.38
2023-09-07,25.75,91.75,0.00
2023-09-07,25.75,92.00,0.00
2023-09-07,25.75,92.25,2.06
2023-09-07,25.75,92.50,5.26
2023-09-07,25.75,92.75,0.16
2023-09-07,25.75,93.00,0.00
2023-09-07,26.00,91.50,2.44
2023-09-07,26.00,91.75,0.00
2023-09-07,26.00,92.00,0.00
2023-09-07,26.00,92.25,0.12
2023-09-07,26.00,92.50,3.29
2023-09-07,26.00,92.75,2.12
2023-09-07,26.00,93.00,0.00
2023-09-07,26.25,91.50,0.50
2023-09-07,26.25,91.75,0.00
2023-09-07,26.25,92.00,0.00
2023-09-07,26.25,92.25,0.00
2023-09-07,26.25,92.50,0.00
2023-09-07,26.25,92.75,0.00
2023-09-07,26.25,93.00,0.00
2023-09-07,26.50,91.50,0.00
2023-09-07,26.50,91.75,0.00
2023-09-07,26.50,92.00,0.00
2023-09-07,26.50,92.25,0.00
2023-09-07,26.50,92.50,0.00
2023-09-07,26.50,92.75,0.00
2023-09-07,26.50,93.00,0.00
2023-09-07,26.75,91.50,0.00
2023-09-07,26.75,91.75,0.00
2023-09-07,26.75,92.00,0.00
2023-09-07,26.75,92.25,0.00
2023-09-07,26.75,92.50,0.00
2023-09-07,26.75,92.75,0.00
2023-09-07,26.75,93.00,0.00
2023-09-07,27.00,91.50,0.00
2023-09-07,27.00,91.75,0.00
2023-09-07,27.00,92.00,0.00
2023-09-07,27.00,92.25,0.00
2023-09-07,27.00,92.50,0.00
2023-09-07,27.00,92.75,0.00
2023-09-07,27.00,93.00,0.00
2023-09-07,27.25,91.50,
2023-09-07,27.25,91.75,
2023-09-07,27.25,92.00,0.00
2023-09-07,27.25,92.25,0.00
2023-09-07,27.25,92.50,0.00
2023-09-07,27.25,92.75,0.00
2023-09-07,27.25,93.00,0.27
2023-09-07,27.50,91.50,
2023-09-07,27.50,91.75,0.00
2023-09-07,27.50,92.00,0.00
2023-09-07,27.50,92.25,0.00
2023-09-07,27.50,92.50,0.00
2023-09-07,27.50,92.75,0.16
2023-09-07,27.50,93.00,1.34
2023-09-07,27.75,91.50,0.00
2023-09-07,27.75,91.75,0.00
2023-09-07,27.75,92.00,0.00
2023-09-07,27.75,92.25,0.00
2023-09-07,27.75,92.50,0.21
2023-09-07,27.75,92.75,1.06
2023-09-07,27.75,93.00,2.45
2023-09-07,28.00,91.50,0.00
2023-09-07,28.00,91.75,0.00
2023-09-07,28.00,92.00,0.00
2023-09-07,28.00,92.25,0.00
2023-09-07,28.00,92.50,0.71
2023-09-07,28.00,92.75,1.55
2023-09-07,28.00,93.00,2.98
2023-09-08,25.75,91.50,19.18
2023-09-08,25.75,91.75,18.96
2023-09-08,25.75,92.00,10.36
2023-09-08,25.75,92.25,2.98
2023-09-08,25.75,92.50,0.89
2023-09-08,25.75,92.75,1.19
2023-09-08,25.75,93.00,0.81
2023-09-08,26.00,91.50,1.30
2023-09-08,26.00,91.75,8.49
2023-09-08,26.00,92.00,6.27
2023-09-08,26.00,92.25,0.72
2023-09-08,26.00,92.50,1.69
2023-09-08,26.00,92.75,1.00
2023-09-08,26.00,93.00,1.69
2023-09-08,26.25,91.50,0.34
2023-09-08,26.25,91.75,6.41
2023-09-08,26.25,92.00,1.83
2023-09-08,26.25,92.25,3.90
2023-09-08,26.25,92.50,3.53
2023-09-08,26.25,92.75,1.05
2023-09-08,26.25,93.00,3.74
2023-09-08,26.50,91.50,4.24
2023-09-08,26.50,91.75,3.16
2023-09-08,26.50,92.00,1.60
2023-09-08,26.50,92.25,0.00
2023-09-08,26.50,92.50,0.19
2023-09-08,26.50,92.75,0.71
2023-09-08,26.50,93.00,1.35
2023-09-08,26.75,91.50,6.47
2023-09-08,26.75,91.75,4.52
2023-09-08,26.75,92.00,4.63
2023-09-08,26.75,92.25,0.33
2023-09-08,26.75,92.50,0.71
2023-09-08,26.75,92.75,1.72
2023-09-08,26.75,93.00,0.69
2023-09-08,27.00,91.50,4.86
2023-09-08,27.00,91.75,5.24
2023-09-08,27.00,92.00,4.21
2023-09-08,27.00,92.25,8.55
2023-09-08,27.00,92.50,5.48
2023-09-08,27.00,92.75,2.27
2023-09-08,27.00,93.00,0.38
2023-09-08,27.25,91.50,
2023-09-08,27.25,91.75,
2023-09-08,27.25,92.00,4.90
2023-09-08,27.25,92.25,5.76
2023-09-08,27.25,92.50,1.15
2023-09-08,27.25,92.75,0.71
2023-09-08,27.25,93.00,0.16
2023-09-08,27.50,91.50,
2023-09-08,27.50,91.75,0.77
2023-09-08,27.50,92.00,2.21
2023-09-08,27.50,92.25,3.61
2023-09-08,27.50,92.50,1.58
2023-09-08,27.50,92.75,1.12
2023-09-08,27.50,93.00,0.81
2023-09-08,27.75,91.50,0.14
2023-09-08,27.75,91.75,0.24
2023-09-08,27.75,92.00,1.16
2023-09-08,27.75,92.25,2.57
2023-09-08,27.75,92.50,2.57
2023-09-08,27.75,92.75,1.20
2023-09-08,27.75,93.00,1.47
2023-09-08,28.00,91.50,0.07
2023-09-08,28.00,91.75,0.15
2023-09-08,28.00,92.00,0.54
2023-09-08,28.00,92.25,1.49
2023-09-08,28.00,92.50,1.74
2023-09-08,28.00,92.75,1.29
2023-09-08,28.00,93.00,1.79
2023-09-09,25.75,91.50,4.89
2023-09-09,25.75,91.75,3.80
2023-09-09,25.75,92.00,3.19
2023-09-09,25.75,92.25,2.19
2023-09-09,25.75,92.50,0.24
2023-09-09,25.75,92.75,0.58
2023-09-09,25.75,93.00,0.11
2023-09-09,26.00,91.50,11.74
2023-09-09,26.00,91.75,4.45
2023-09-09,26.00,92.00,2.62
2023-09-09,26.00,92.25,5.14
2023-09-09,26.00,92.50,1.59
2023-09-09,26.00,92.75,0.24
2023-09-09,26.00,93.00,0.63
2023-09-09,26.25,91.50,16.17
2023-09-09,26.25,91.75,3.64
2023-09-09,26.25,92.00,0.20
2023-09-09,26.25,92.25,3.84
2023-09-09,26.25,92.50,3.53
2023-09-09,26.25,92.75,2.76
2023-09-09,26.25,93.00,3.39
2023-09-09,26.50,91.50,1.58
2023-09-09,26.50,91.75,10.20
2023-09-09,26.50,92.00,1.90
2023-09-09,26.50,92.25,5.21
2023-09-09,26.50,92.50,0.67
2023-09-09,26.50,92.75,1.56
2023-09-09,26.50,93.00,4.27
2023-09-09,26.75,91.50,4.23
2023-09-09,26.75,91.75,19.65
2023-09-09,26.75,92.00,5.62
2023-09-09,26.75,92.25,0.40
2023-09-09,26.75,92.50,0.00
2023-09-09,26.75,92.75,0.00
2023-09-09,26.75,93.00,0.00
2023-09-09,27.00,91.50,7.12
2023-09-09,27.00,91.75,9.42
2023-09-09,27.00,92.00,2.10
2023-09-09,27.00,92.25,0.10
2023-09-09,27.00,92.50,0.85
2023-09-09,27.00,92.75,1.30
2023-09-09,27.00,93.00,0.21
2023-09-09,27.25,91.50,
2023-09-09,27.25,91.75,
2023-09-09,27.25,92.00,0.03
2023-09-09,27.25,92.25,0.46
2023-09-09,27.25,92.50,2.68
2023-09-09,27.25,92.75,2.97
2023-09-09,27.25,93.00,1.16
2023-09-09,27.50,91.50,
2023-09-09,27.50,91.75,0.48
2023-09-09,27.50,92.00,0.14
2023-09-09,27.50,92.25,0.89
2023-09-09,27.50,92.50,2.32
2023-09-09,27.50,92.75,2.79
2023-09-09,27.50,93.00,2.60
2023-09-09,27.75,91.50,0.01
2023-09-09,27.75,91.75,0.03
2023-09-09,27.75,92.00,0.22
2023-09-09,27.75,92.25,1.24
2023-09-09,27.75,92.50,1.89
2023-09-09,27.75,92.75,2.90
2023-09-09,27.75,93.00,2.92
2023-09-09,28.00,91.50,0.00
2023-09-09,28.00,91.75,0.04
2023-09-09,28.00,92.00,0.28
2023-09-09,28.00,92.25,1.31
2023-09-09,28.00,92.50,2.10
2023-09-09,28.00,92.75,3.13
2023-09-09,28.00,93.00,3.18
2023-09-10,25.75,91.50,60.14
2023-09-10,25.75,91.75,59.67
2023-09-10,25.75,92.00,12.11
2023-09-10,25.75,92.25,0.32
2023-09-10,25.75,92.50,0.00
2023-09-10,25.75,92.75,0.00
2023-09-10,25.75,93.00,0.00
2023-09-10,26.00,91.50,4.03
2023-09-10,26.00,91.75,33.53
2023-09-10,26.00,92.00,0.79
2023-09-10,26.00,92.25,0.33
2023-09-10,26.00,92.50,0.00
2023-09-10,26.00,92.75,0.00
2023-09-10,26.00,93.00,0.00
2023-09-10,26.25,91.50,0.00
2023-09-10,26.25,91.75,0.00
2023-09-10,26.25,92.00,0.15
2023-09-10,26.25,92.25,0.55
2023-09-10,26.25,92.50,0.97
2023-09-10,26.25,92.75,0.00
2023-09-10,26.25,93.00,0.27
2023-09-10,26.50,91.50,0.00
2023-09-10,26.50,91.75,0.43
2023-09-10,26.50,92.00,1.50
2023-09-10,26.50,92.25,2.73
2023-09-10,26.50,92.50,3.47
2023-09-10,26.50,92.75,3.13
2023-09-10,26.50,93.00,1.80
2023-09-10,26.75,91.50,0.00
2023-09-10,26.75,91.75,0.01
2023-09-10,26.75,92.00,0.30
2023-09-10,26.75,92.25,4.66
2023-09-10,26.75,92.50,3.99
2023-09-10,26.75,92.75,3.43
2023-09-10,26.75,93.00,0.37
2023-09-10,27.00,91.50,0.00
2023-09-10,27.00,91.75,0.32
2023-09-10,27.00,92.00,1.30
2023-09-10,27.00,92.25,0.16
2023-09-10,27.00,92.50,0.68
2023-09-10,27.00,92.75,0.00
2023-09-10,27.00,93.00,0.36
2023-09-10,27.25,91.50,
2023-09-10,27.25,91.75,
2023-09-10,27.25,92.00,1.19
2023-09-10,27.25,92.25,0.74
2023-09-10,27.25,92.50,0.08
2023-09-10,27.25,92.75,0.02
2023-09-10,27.25,93.00,0.57
2023-09-10,27.50,91.50,
2023-09-10,27.50,91.75,1.13
2023-09-10,27.50,92.00,1.04
2023-09-10,27.50,92.25,0.56
2023-09-10,27.50,92.50,0.22
2023-09-10,27.50,92.75,0.12
2023-09-10,27.50,93.00,1.17
2023-09-10,27.75,91.50,1.19
2023-09-10,27.75,91.75,1.16
2023-09-10,27.75,92.00,1.03
2023-09-10,27.75,92.25,0.51
2023-09-10,27.75,92.50,0.37
2023-09-10,27.75,92.75,0.80
2023-09-10,27.75,93.00,1.98
2023-09-10,28.00,91.50,1.19
2023-09-10,28.00,91.75,1.17
2023-09-10,28.00,92.00,1.05
2023-09-10,28.00,92.25,0.64
2023-09-10,28.00,92.50,0.48
2023-09-10,28.00,92.75,1.32
2023-09-10,28.00,93.00,2.34
2023-09-11,25.75,91.50,11.49
2023-09-11,25.75,91.75,12.24
2023-09-11,25.75,92.00,2.57
2023-09-11,25.75,92.25,0.00
2023-09-11,25.75,92.50,0.00
2023-09-11,25.75,92.75,0.02
2023-09-11,25.75,93.00,0.77
2023-09-11,26.00,91.50,0.78
2023-09-11,26.00,91.75,2.77
2023-09-11,26.00,92.00,0.00
2023-09-11,26.00,92.25,0.00
2023-09-11,26.00,92.50,0.00
2023-09-11,26.00,92.75,0.25
2023-09-11,26.00,93.00,1.53
2023-09-11,26.25,91.50,0.00
2023-09-11,26.25,91.75,0.00
2023-09-11,26.25,92.00,0.00
2023-09-11,26.25,92.25,0.00
2023-09-11,26.25,92.50,0.00
2023-09-11,26.25,92.75,0.00
2023-09-11,26.25,93.00,3.75
2023-09-11,26.50,91.50,1.60
2023-09-11,26.50,91.75,0.31
2023-09-11,26.50,92.00,0.72
2023-09-11,26.50,92.25,0.00
2023-09-11,26.50,92.50,0.00
2023-09-11,26.50,92.75,0.00
2023-09-11,26.50,93.00,0.98
2023-09-11,26.75,91.50,6.22
2023-09-11,26.75,91.75,0.10
2023-09-11,26.75,92.00,2.03
2023-09-11,26.75,92.25,0.15
2023-09-11,26.75,92.50,0.00
2023-09-11,26.75,92.75,0.00
2023-09-11,26.75,93.00,0.00
2023-09-11,27.00,91.50,8.70
2023-09-11,27.00,91.75,9.43
2023-09-11,27.00,92.00,6.66
2023-09-11,27.00,92.25,0.49
2023-09-11,27.00,92.50,0.00
2023-09-11,27.00,92.75,0.00
2023-09-11,27.00,93.00,0.00
2023-09-11,27.25,91.50,
2023-09-11,27.25,91.75,
2023-09-11,27.25,92.00,9.10
2023-09-11,27.25,92.25,4.46
2023-09-11,27.25,92.50,0.64
2023-09-11,27.25,92.75,0.00
2023-09-11,27.25,93.00,0.00
2023-09-11,27.50,91.50,
2023-09-11,27.50,91.75,5.37
2023-09-11,27.50,92.00,7.56
2023-09-11,27.50,92.25,4.83
2023-09-11,27.50,92.50,1.70
2023-09-11,27.50,92.75,0.00
2023-09-11,27.50,93.00,0.00
2023-09-11,27.75,91.50,4.03
2023-09-11,27.75,91.75,4.84
2023-09-11,27.75,92.00,6.46
2023-09-11,27.75,92.25,3.44
2023-09-11,27.75,92.50,2.06
2023-09-11,27.75,92.75,0.00
2023-09-11,27.75,93.00,0.00
2023-09-11,28.00,91.50,4.29
2023-09-11,28.00,91.75,4.82
2023-09-11,28.00,92.00,5.12
2023-09-11,28.00,92.25,3.62
2023-09-11,28.00,92.50,2.25
2023-09-11,28.00,92.75,0.68
2023-09-11,28.00,93.00,0.00
2023-09-12,25.75,91.50,7.82
2023-09-12,25.75,91.75,10.07
2023-09-12,25.75,92.00,14.01
2023-09-12,25.75,92.25,10.35
2023-09-12,25.75,92.50,1.24
2023-09-12,25.75,92.75,0.13
2023-09-12,25.75,93.00,4.27
2023-09-12,26.00,91.50,11.83
2023-09-12,26.00,91.75,6.40
2023-09-12,26.00,92.00,8.54
2023-09-12,26.00,92.25,19.36
2023-09-12,26.00,92.50,5.84
2023-09-12,26.00,92.75,1.96
2023-09-12,26.00,93.00,7.86
2023-09-12,26.25,91.50,12.02
2023-09-12,26.25,91.75,4.46
2023-09-12,26.25,92.00,3.77
2023-09-12,26.25,92.25,0.20
2023-09-12,26.25,92.50,0.00
2023-09-12,26.25,92.75,2.27
2023-09-12,26.25,93.00,17.02
2023-09-12,26.50,91.50,2.16
2023-09-12,26.50,91.75,1.24
2023-09-12,26.50,92.00,1.54
2023-09-12,26.50,92.25,0.00
2023-09-12,26.50,92.50,0.00
2023-09-12,26.50,92.75,0.00
2023-09-12,26.50,93.00,0.00
2023-09-12,26.75,91.50,0.00
2023-09-12,26.75,91.75,0.01
2023-09-12,26.75,92.00,0.00
2023-09-12,26.75,92.25,0.00
2023-09-12,26.75,92.50,0.66
2023-09-12,26.75,92.75,1.61
2023-09-12,26.75,93.00,0.00
2023-09-12,27.00,91.50,0.76
2023-09-12,27.00,91.75,1.63
2023-09-12,27.00,92.00,0.68
2023-09-12,27.00,92.25,7.68
2023-09-12,27.00,92.50,5.12
2023-09-12,27.00,92.75,2.12
2023-09-12,27.00,93.00,0.00
2023-09-12,27.25,91.50,
2023-09-12,27.25,91.75,
2023-09-12,27.25,92.00,0.53
2023-09-12,27.25,92.25,3.32
2023-09-12,27.25,92.50,1.09
2023-09-12,27.25,92.75,0.66
2023-09-12,27.25,93.00,0.00
2023-09-12,27.50,91.50,
2023-09-12,27.50,91.75,3.13
2023-09-12,27.50,92.00,1.94
2023-09-12,27.50,92.25,2.01
2023-09-12,27.50,92.50,1.06
2023-09-12,27.50,92.75,0.95
2023-09-12,27.50,93.00,0.00
2023-09-12,27.75,91.50,3.55
2023-09-12,27.75,91.75,3.28
2023-09-12,27.75,92.00,2.59
2023-09-12,27.75,92.25,2.21
2023-09-12,27.75,92.50,1.95
2023-09-12,27.75,92.75,0.53
2023-09-12,27.75,93.00,0.00
2023-09-12,28.00,91.50,3.45
2023-09-12,28.00,91.75,3.23
2023-09-12,28.00,92.00,2.34
2023-09-12,28.00,92.25,1.64
2023-09-12,28.00,92.50,1.30
2023-09-12,28.00,92.75,0.03
2023-09-12,28.00,93.00,0.00
2023-09-13,25.75,91.50,46.29
2023-09-13,25.75,91.75,38.53
2023-09-13,25.75,92.00,13.02
2023-09-13,25.75,92.25,28.86
2023-09-13,25.75,92.50,48.57
2023-09-13,25.75,92.75,10.57
2023-09-13,25.75,93.00,3.41
2023-09-13,26.00,91.50,5.62
2023-09-13,26.00,91.75,19.23
2023-09-13,26.00,92.00,3.15
2023-09-13,26.00,92.25,18.03
2023-09-13,26.00,92.50,53.40
2023-09-13,26.00,92.75,22.55
2023-09-13,26.00,93.00,5.09
2023-09-13,26.25,91.50,0.04
2023-09-13,26.25,91.75,0.09
2023-09-13,26.25,92.00,0.79
2023-09-13,26.25,92.25,50.91
2023-09-13,26.25,92.50,47.34
2023-09-13,26.25,92.75,13.00
2023-09-13,26.25,93.00,13.48
2023-09-13,26.50,91.50,2.15
2023-09-13,26.50,91.75,1.33
2023-09-13,26.50,92.00,3.73
2023-09-13,26.50,92.25,2.77
2023-09-13,26.50,92.50,4.83
2023-09-13,26.50,92.75,11.59
2023-09-13,26.50,93.00,5.45
2023-09-13,26.75,91.50,4.51
2023-09-13,26.75,91.75,0.08
2023-09-13,26.75,92.00,0.89
2023-09-13,26.75,92.25,8.27
2023-09-13,26.75,92.50,3.15
2023-09-13,26.75,92.75,2.48
2023-09-13,26.75,93.00,0.67
2023-09-13,27.00,91.50,2.91
2023-09-13,27.00,91.75,1.33
2023-09-13,27.00,92.00,3.86
2023-09-13,27.00,92.25,0.47
2023-09-13,27.00,92.50,0.47
2023-09-13,27.00,92.75,0.48
2023-09-13,27.00,93.00,0.99
2023-09-13,27.25,91.50,
2023-09-13,27.25,91.75,
2023-09-13,27.25,92.00,3.09
2023-09-13,27.25,92.25,1.99
2023-09-13,27.25,92.50,0.22
2023-09-13,27.25,92.75,0.06
2023-09-13,27.25,93.00,0.84
2023-09-13,27.50,91.50,
2023-09-13,27.50,91.75,2.52
2023-09-13,27.50,92.00,2.57
2023-09-13,27.50,92.25,1.43
2023-09-13,27.50,92.50,0.60
2023-09-13,27.50,92.75,0.13
2023-09-13,27.50,93.00,0.33
2023-09-13,27.75,91.50,2.64
2023-09-13,27.75,91.75,2.58
2023-09-13,27.75,92.00,2.41
2023-09-13,27.75,92.25,1.27
2023-09-13,27.75,92.50,0.69
2023-09-13,27.75,92.75,0.19
2023-09-13,27.75,93.00,0.24
2023-09-13,28.00,91.50,2.65
2023-09-13,28.00,91.75,2.61
2023-09-13,28.00,92.00,2.41
2023-09-13,28.00,92.25,1.55
2023-09-13,28.00,92.50,0.76
2023-09-13,28.00,92.75,0.31
2023-09-13,28.00,93.00,0.16
2023-09-14,25.75,91.50,0.15
2023-09-14,25.75,91.75,0.14
2023-09-14,25.75,92.00,0.03
2023-09-14,25.75,92.25,0.00
2023-09-14,25.75,92.50,0.16
2023-09-14,25.75,92.75,1.34
2023-09-14,25.75,93.00,0.52
2023-09-14,26.00,91.50,0.00
2023-09-14,26.00,91.75,0.08
2023-09-14,26.00,92.00,0.00
2023-09-14,26.00,92.25,0.00
2023-09-14,26.00,92.50,0.08
2023-09-14,26.00,92.75,0.61
2023-09-14,26.00,93.00,0.52
2023-09-14,26.25,91.50,0.00
2023-09-14,26.25,91.75,0.00
2023-09-14,26.25,92.00,0.00
2023-09-14,26.25,92.25,0.00
2023-09-14,26.25,92.50,0.00
2023-09-14,26.25,92.75,0.13
2023-09-14,26.25,93.00,3.66
2023-09-14,26.50,91.50,0.00
2023-09-14,26.50,91.75,0.00
2023-09-14,26.50,92.00,0.00
2023-09-14,26.50,92.25,0.00
2023-09-14,26.50,92.50,0.00
2023-09-14,26.50,92.75,0.00
2023-09-14,26.50,93.00,4.36
2023-09-14,26.75,91.50,0.00
2023-09-14,26.75,91.75,0.00
2023-09-14,26.75,92.00,0.00
2023-09-14,26.75,92.25,0.00
2023-09-14,26.75,92.50,0.00
2023-09-14,26.75,92.75,0.00
2023-09-14,26.75,93.00,1.21
2023-09-14,27.00,91.50,0.00
2023-09-14,27.00,91.75,0.00
2023-09-14,27.00,92.00,0.00
2023-09-14,27.00,92.25,0.00
2023-09-14,27.00,92.50,0.00
2023-09-14,27.00,92.75,0.00
2023-09-14,27.00,93.00,0.66
2023-09-14,27.25,91.50,
2023-09-14,27.25,91.75,
2023-09-14,27.25,92.00,0.00
2023-09-14,27.25,92.25,0.00
2023-09-14,27.25,92.50,0.00
2023-09-14,27.25,92.75,0.00
2023-09-14,27.25,93.00,0.00
2023-09-14,27.50,91.50,
2023-09-14,27.50,91.75,1.49
2023-09-14,27.50,92.00,0.49
2023-09-14,27.50,92.25,0.00
2023-09-14,27.50,92.50,0.00
2023-09-14,27.50,92.75,0.00
2023-09-14,27.50,93.00,0.00
2023-09-14,27.75,91.50,1.99
2023-09-14,27.75,91.75,1.66
2023-09-14,27.75,92.00,0.88
2023-09-14,27.75,92.25,0.17
2023-09-14,27.75,92.50,0.00
2023-09-14,27.75,92.75,0.00
2023-09-14,27.75,93.00,0.00
2023-09-14,28.00,91.50,1.91
2023-09-14,28.00,91.75,1.68
2023-09-14,28.00,92.00,1.21
2023-09-14,28.00,92.25,0.50
2023-09-14,28.00,92.50,0.00
2023-09-14,28.00,92.75,0.00
2023-09-14,28.00,93.00,0.00
2023-09-15,25.75,91.50,6.52
2023-09-15,25.75,91.75,4.53
2023-09-15,25.75,92.00,0.00
2023-09-15,25.75,92.25,0.00
2023-09-15,25.75,92.50,0.00
2023-09-15,25.75,92.75,0.00
2023-09-15,25.75,93.00,0.00
2023-09-15,26.00,91.50,14.02
2023-09-15,26.00,91.75,11.53
2023-09-15,26.00,92.00,5.78
2023-09-15,26.00,92.25,0.00
2023-09-15,26.00,92.50,0.00
2023-09-15,26.00,92.75,0.00
2023-09-15,26.00,93.00,0.00
2023-09-15,26.25,91.50,0.09
2023-09-15,26.25,91.75,25.30
2023-09-15,26.25,92.00,52.77
2023-09-15,26.25,92.25,1.35
2023-09-15,26.25,92.50,0.00
2023-09-15,26.25,92.75,0.00
2023-09-15,26.25,93.00,0.00
2023-09-15,26.50,91.50,0.00
2023-09-15,26.50,91.75,18.63
2023-09-15,26.50,92.00,22.19
2023-09-15,26.50,92.25,0.00
2023-09-15,26.50,92.50,0.00
2023-09-15,26.50,92.75,0.00
2023-09-15,26.50,93.00,0.00
2023-09-15,26.75,91.50,0.00
2023-09-15,26.75,91.75,0.00
2023-09-15,26.75,92.00,0.00
2023-09-15,26.75,92.25,0.00
2023-09-15,26.75,92.50,0.00
2023-09-15,26.75,92.75,0.00
2023-09-15,26.75,93.00,0.00
2023-09-15,27.00,91.50,0.00
2023-09-15,27.00,91.75,0.00
2023-09-15,27.00,92.00,0.00
2023-09-15,27.00,92.25,0.00
2023-09-15,27.00,92.50,0.00
2023-09-15,27.00,92.75,0.00
2023-09-15,27.00,93.00,0.00
2023-09-15,27.25,91.50,
2023-09-15,27.25,91.75,
2023-09-15,27.25,92.00,0.00
2023-09-15,27.25,92.25,0.00
2023-09-15,27.25,92.50,0.00
2023-09-15,27.25,92.75,0.00
2023-09-15,27.25,93.00,0.14
2023-09-15,27.50,91.50,
2023-09-15,27.50,91.75,0.54
2023-09-15,27.50,92.00,0.18
2023-09-15,27.50,92.25,0.00
2023-09-15,27.50,92.50,0.00
2023-09-15,27.50,92.75,0.08
2023-09-15,27.50,93.00,0.70
2023-09-15,27.75,91.50,0.72
2023-09-15,27.75,91.75,0.60
2023-09-15,27.75,92.00,0.32
2023-09-15,27.75,92.25,0.06
2023-09-15,27.75,92.50,0.07
2023-09-15,27.75,92.75,0.55
2023-09-15,27.75,93.00,1.27
2023-09-15,28.00,91.50,0.69
2023-09-15,28.00,91.75,0.61
2023-09-15,28.00,92.00,0.44
2023-09-15,28.00,92.25,0.18
2023-09-15,28.00,92.50,0.13
2023-09-15,28.00,92.75,0.84
2023-09-15,28.00,93.00,1.55
2023-09-16,25.75,91.50,8.10
2023-09-16,25.75,91.75,7.85
2023-09-16,25.75,92.00,1.51
2023-09-16,25.75,92.25,0.00
2023-09-16,25.75,92.50,0.00
2023-09-16,25.75,92.75,0.00
2023-09-16,25.75,93.00,0.00
2023-09-16,26.00,91.50,0.00
2023-09-16,26.00,91.75,4.45
2023-09-16,26.00,92.00,0.00
2023-09-16,26.00,92.25,0.00
2023-09-16,26.00,92.50,0.00
2023-09-16,26.00,92.75,0.00
2023-09-16,26.00,93.00,0.00
2023-09-16,26.25,91.50,0.00
2023-09-16,26.25,91.75,0.00
2023-09-16,26.25,92.00,0.00
2023-09-16,26.25,92.25,0.00
2023-09-16,26.25,92.50,0.00
2023-09-16,26.25,92.75,0.00
2023-09-16,26.25,93.00,0.00
2023-09-16,26.50,91.50,0.00
2023-09-16,26.50,91.75,0.00
2023-09-16,26.50,92.00,0.00
2023-09-16,26.50,92.25,0.00
2023-09-16,26.50,92.50,0.00
2023-09-16,26.50,92.75,0.00
2023-09-16,26.50,93.00,0.00
2023-09-16,26.75,91.50,0.00
2023-09-16,26.75,91.75,0.00
2023-09-16,26.75,92.00,0.00
2023-09-16,26.75,92.25,0.00
2023-09-16,26.75,92.50,0.00
2023-09-16,26.75,92.75,0.00
2023-09-16,26.75,93.00,0.00
2023-09-16,27.00,91.50,0.00
2023-09-16,27.00,91.75,0.00
2023-09-16,27.00,92.00,0.00
2023-09-16,27.00,92.25,0.00
2023-09-16,27.00,92.50,0.00
2023-09-16,27.00,92.75,0.00
2023-09-16,27.00,93.00,0.00
2023-09-16,27.25,91.50,
2023-09-16,27.25,91.75,
2023-09-16,27.25,92.00,0.00
2023-09-16,27.25,92.25,0.00
2023-09-16,27.25,92.50,0.00
2023-09-16,27.25,92.75,0.00
2023-09-16,27.25,93.00,0.00
2023-09-16,27.50,91.50,
2023-09-16,27.50,91.75,0.41
2023-09-16,27.50,92.00,0.13
2023-09-16,27.50,92.25,0.00
2023-09-16,27.50,92.50,0.00
2023-09-16,27.50,92.75,0.00
2023-09-16,27.50,93.00,0.00
2023-09-16,27.75,91.50,0.54
2023-09-16,27.75,91.75,0.45
2023-09-16,27.75,92.00,0.24
2023-09-16,27.75,92.25,0.05
2023-09-16,27.75,92.50,0.00
2023-09-16,27.75,92.75,0.00
2023-09-16,27.75,93.00,0.00
2023-09-16,28.00,91.50,0.52
2023-09-16,28.00,91.75,0.46
2023-09-16,28.00,92.00,0.33
2023-09-16,28.00,92.25,0.14
2023-09-16,28.00,92.50,0.00
2023-09-16,28.00,92.75,0.00
2023-09-16,28.00,93.00,0.00
2023-09-17,25.75,91.50,0.00
2023-09-17,25.75,91.75,0.00
2023-09-17,25.75,92.00,0.00
2023-09-17,25.75,92.25,0.00
2023-09-17,25.75,92.50,0.00
2023-09-17,25.75,92.75,0.00
2023-09-17,25.75,93.00,0.00
2023-09-17,26.00,91.50,0.00
2023-09-17,26.00,91.75,0.00
2023-09-17,26.00,92.00,0.00
2023-09-17,26.00,92.25,0.00
2023-09-17,26.00,92.50,0.00
2023-09-17,26.00,92.75,0.00
2023-09-17,26.00,93.00,0.00
2023-09-17,26.25,91.50,0.00
2023-09-17,26.25,91.75,0.00
2023-09-17,26.25,92.00,0.00
2023-09-17,26.25,92.25,0.00
2023-09-17,26.25,92.50,0.00
2023-09-17,26.25,92.75,0.00
2023-09-17,26.25,93.00,2.16
2023-09-17,26.50,91.50,0.00
2023-09-17,26.50,91.75,0.00
2023-09-17,26.50,92.00,0.00
2023-09-17,26.50,92.25,0.00
2023-09-17,26.50,92.50,0.00
2023-09-17,26.50,92.75,0.00
2023-09-17,26.50,93.00,1.90
2023-09-17,26.75,91.50,0.00
2023-09-17,26.75,91.75,0.00
2023-09-17,26.75,92.00,0.00
2023-09-17,26.75,92.25,0.00
2023-09-17,26.75,92.50,0.00
2023-09-17,26.75,92.75,0.00
2023-09-17,26.75,93.00,2.34
2023-09-17,27.00,91.50,0.00
2023-09-17,27.00,91.75,0.00
2023-09-17,27.00,92.00,0.00
2023-09-17,27.00,92.25,0.00
2023-09-17,27.00,92.50,0.00
2023-09-17,27.00,92.75,0.00
2023-09-17,27.00,93.00,2.25
2023-09-17,27.25,91.50,
2023-09-17,27.25,91.75,
2023-09-17,27.25,92.00,0.00
2023-09-17,27.25,92.25,0.00
2023-09-17,27.25,92.50,0.00
2023-09-17,27.25,92.75,0.15
2023-09-17,27.25,93.00,2.27
2023-09-17,27.50,91.50,
2023-09-17,27.50,91.75,0.00
2023-09-17,27.50,92.00,0.00
2023-09-17,27.50,92.25,0.00
2023-09-17,27.50,92.50,0.00
2023-09-17,27.50,92.75,0.27
2023-09-17,27.50,93.00,1.43
2023-09-17,27.75,91.50,0.00
2023-09-17,27.75,91.75,0.00
2023-09-17,27.75,92.00,0.00
2023-09-17,27.75,92.25,0.00
2023-09-17,27.75,92.50,0.00
2023-09-17,27.75,92.75,0.52
2023-09-17,27.75,93.00,1.34
2023-09-17,28.00,91.50,0.00
2023-09-17,28.00,91.75,0.00
2023-09-17,28.00,92.00,0.00
2023-09-17,28.00,92.25,0.00
2023-09-17,28.00,92.50,0.00
2023-09-17,28.00,92.75,0.42
2023-09-17,28.00,93.00,1.08
2023-09-18,25.75,91.50,1.37
2023-09-18,25.75,91.75,1.14
2023-09-18,25.75,92.00,0.95
2023-09-18,25.75,92.25,14.85
2023-09-18,25.75,92.50,31.99
2023-09-18,25.75,92.75,3.40
2023-09-18,25.75,93.00,0.65
2023-09-18,26.00,91.50,3.23
2023-09-18,26.00,91.75,1.45
2023-09-18,26.00,92.00,0.09
2023-09-18,26.00,92.25,0.98
2023-09-18,26.00,92.50,19.57
2023-09-18,26.00,92.75,13.45
2023-09-18,26.00,93.00,2.93
2023-09-18,26.25,91.50,0.00
2023-09-18,26.25,91.75,0.00
2023-09-18,26.25,92.00,0.00
2023-09-18,26.25,92.25,0.00
2023-09-18,26.25,92.50,0.00
2023-09-18,26.25,92.75,0.06
2023-09-18,26.25,93.00,10.98
2023-09-18,26.50,91.50,0.00
2023-09-18,26.50,91.75,0.00
2023-09-18,26.50,92.00,0.00
2023-09-18,26.50,92.25,0.00
2023-09-18,26.50,92.50,0.00
2023-09-18,26.50,92.75,0.00
2023-09-18,26.50,93.00,2.37
2023-09-18,26.75,91.50,0.00
2023-09-18,26.75,91.75,0.00
2023-09-18,26.75,92.00,0.00
2023-09-18,26.75,92.25,0.00
2023-09-18,26.75,92.50,0.00
2023-09-18,26.75,92.75,0.00
2023-09-18,26.75,93.00,0.00
2023-09-18,27.00,91.50,0.00
2023-09-18,27.00,91.75,0.00
2023-09-18,27.00,92.00,0.00
2023-09-18,27.00,92.25,0.00
2023-09-18,27.00,92.50,0.00
2023-09-18,27.00,92.75,0.00
2023-09-18,27.00,93.00,0.00
2023-09-18,27.25,91.50,
2023-09-18,27.25,91.75,
2023-09-18,27.25,92.00,0.00
2023-09-18,27.25,92.25,0.00
2023-09-18,27.25,92.50,0.00
2023-09-18,27.25,92.75,0.00
2023-09-18,27.25,93.00,0.00
2023-09-18,27.50,91.50,
2023-09-18,27.50,91.75,0.00
2023-09-18,27.50,92.00,0.00
2023-09-18,27.50,92.25,0.00
2023-09-18,27.50,92.50,0.00
2023-09-18,27.50,92.75,0.00
2023-09-18,27.50,93.00,0.00
2023-09-18,27.75,91.50,0.00
2023-09-18,27.75,91.75,0.00
2023-09-18,27.75,92.00,0.00
2023-09-18,27.75,92.25,0.00
2023-09-18,27.75,92.50,0.00
2023-09-18,27.75,92.75,0.00
2023-09-18,27.75,93.00,0.00
2023-09-18,28.00,91.50,0.00
2023-09-18,28.00,91.75,0.00
2023-09-18,28.00,92.00,0.00
2023-09-18,28.00,92.25,0.00
2023-09-18,28.00,92.50,0.00
2023-09-18,28.00,92.75,0.00
2023-09-18,28.00,93.00,0.00
2023-09-19,25.75,91.50,8.97
2023-09-19,25.75,91.75,9.05
2023-09-19,25.75,92.00,4.22
2023-09-19,25.75,92.25,0.30
2023-09-19,25.75,92.50,0.09
2023-09-19,25.75,92.75,0.00
2023-09-19,25.75,93.00,0.00
2023-09-19,26.00,91.50,1.88
2023-09-19,26.00,91.75,3.24
2023-09-19,26.00,92.00,0.79
2023-09-19,26.00,92.25,0.33
2023-09-19,26.00,92.50,0.00
2023-09-19,26.00,92.75,0.00
2023-09-19,26.00,93.00,0.00
2023-09-19,26.25,91.50,0.36
2023-09-19,26.25,91.75,0.05
2023-09-19,26.25,92.00,0.15
2023-09-19,26.25,92.25,0.55
2023-09-19,26.25,92.50,0.36
2023-09-19,26.25,92.75,0.00
2023-09-19,26.25,93.00,0.00
2023-09-19,26.50,91.50,0.00
2023-09-19,26.50,91.75,0.14
2023-09-19,26.50,92.00,0.66
2023-09-19,26.50,92.25,0.88
2023-09-19,26.50,92.50,1.29
2023-09-19,26.50,92.75,1.16
2023-09-19,26.50,93.00,0.00
2023-09-19,26.75,91.50,0.02
2023-09-19,26.75,91.75,0.02
2023-09-19,26.75,92.00,0.93
2023-09-19,26.75,92.25,1.03
2023-09-19,26.75,92.50,1.42
2023-09-19,26.75,92.75,1.28
2023-09-19,26.75,93.00,0.00
2023-09-19,27.00,91.50,0.92
2023-09-19,27.00,91.75,1.93
2023-09-19,27.00,92.00,0.95
2023-09-19,27.00,92.25,0.02
2023-09-19,27.00,92.50,0.25
2023-09-19,27.00,92.75,0.00
2023-09-19,27.00,93.00,0.00
2023-09-19,27.25,91.50,
2023-09-19,27.25,91.75,
2023-09-19,27.25,92.00,0.06
2023-09-19,27.25,92.25,0.06
2023-09-19,27.25,92.50,0.00
2023-09-19,27.25,92.75,0.00
2023-09-19,27.25,93.00,0.00
2023-09-19,27.50,91.50,
2023-09-19,27.50,91.75,0.35
2023-09-19,27.50,92.00,0.33
2023-09-19,27.50,92.25,0.12
2023-09-19,27.50,92.50,0.00
2023-09-19,27.50,92.75,0.00
2023-09-19,27.50,93.00,0.00
2023-09-19,27.75,91.50,0.10
2023-09-19,27.75,91.75,0.23
2023-09-19,27.75,92.00,0.32
2023-09-19,27.75,92.25,0.00
2023-09-19,27.75,92.50,0.00
2023-09-19,27.75,92.75,0.00
2023-09-19,27.75,93.00,0.00
2023-09-19,28.00,91.50,0.14
2023-09-19,28.00,91.75,0.19
2023-09-19,28.00,92.00,0.16
2023-09-19,28.00,92.25,0.00
2023-09-19,28.00,92.50,0.00
2023-09-19,28.00,92.75,0.00
2023-09-19,28.00,93.00,0.00
2023-09-20,25.75,91.50,8.67
2023-09-20,25.75,91.75,8.02
2023-09-20,25.75,92.00,9.12
2023-09-20,25.75,92.25,8.20
2023-09-20,25.75,92.50,9.34
2023-09-20,25.75,92.75,16.23
2023-09-20,25.75,93.00,23.19
2023-09-20,26.00,91.50,10.28
2023-09-20,26.00,91.75,7.90
2023-09-20,26.00,92.00,7.93
2023-09-20,26.00,92.25,3.51
2023-09-20,26.00,92.50,7.47
2023-09-20,26.00,92.75,16.92
2023-09-20,26.00,93.00,22.28
2023-09-20,26.25,91.50,29.02
2023-09-20,26.25,91.75,17.61
2023-09-20,26.25,92.00,16.49
2023-09-20,26.25,92.25,17.26
2023-09-20,26.25,92.50,20.33
2023-09-20,26.25,92.75,24.76
2023-09-20,26.25,93.00,17.64
2023-09-20,26.50,91.50,11.79
2023-09-20,26.50,91.75,10.00
2023-09-20,26.50,92.00,7.52
2023-09-20,26.50,92.25,27.08
2023-09-20,26.50,92.50,23.47
2023-09-20,26.50,92.75,23.63
2023-09-20,26.50,93.00,19.41
2023-09-20,26.75,91.50,7.70
2023-09-20,26.75,91.75,8.88
2023-09-20,26.75,92.00,3.34
2023-09-20,26.75,92.25,12.40
2023-09-20,26.75,92.50,21.05
2023-09-20,26.75,92.75,18.60
2023-09-20,26.75,93.00,20.75
2023-09-20,27.00,91.50,5.06
2023-09-20,27.00,91.75,2.44
2023-09-20,27.00,92.00,2.46
2023-09-20,27.00,92.25,0.21
2023-09-20,27.00,92.50,5.55
2023-09-20,27.00,92.75,7.78
2023-09-20,27.00,93.00,16.73
2023-09-20,27.25,91.50,
2023-09-20,27.25,91.75,
2023-09-20,27.25,92.00,2.93
2023-09-20,27.25,92.25,2.70
2023-09-20,27.25,92.50,7.20
2023-09-20,27.25,92.75,8.10
2023-09-20,27.25,93.00,12.61
2023-09-20,27.50,91.50,
2023-09-20,27.50,91.75,0.67
2023-09-20,27.50,92.00,1.91
2023-09-20,27.50,92.25,3.85
2023-09-20,27.50,92.50,6.15
2023-09-20,27.50,92.75,7.52
2023-09-20,27.50,93.00,7.51
2023-09-20,27.75,91.50,0.25
2023-09-20,27.75,91.75,0.53
2023-09-20,27.75,92.00,1.36
2023-09-20,27.75,92.25,3.85
2023-09-20,27.75,92.50,5.26
2023-09-20,27.75,92.75,5.27
2023-09-20,27.75,93.00,4.67
2023-09-20,28.00,91.50,0.32
2023-09-20,28.00,91.75,0.55
2023-09-20,28.00,92.00,1.85
2023-09-20,28.00,92.25,4.79
2023-09-20,28.00,92.50,4.65
2023-09-20,28.00,92.75,4.69
2023-09-20,28.00,93.00,4.27
2023-09-21,25.75,91.50,9.60
2023-09-21,25.75,91.75,6.13
2023-09-21,25.75,92.00,10.91
2023-09-21,25.75,92.25,4.06
2023-09-21,25.75,92.50,1.03
2023-09-21,25.75,92.75,2.22
2023-09-21,25.75,93.00,1.96
2023-09-21,26.00,91.50,7.43
2023-09-21,26.00,91.75,9.24
2023-09-21,26.00,92.00,10.71
2023-09-21,26.00,92.25,5.35
2023-09-21,26.00,92.50,2.04
2023-09-21,26.00,92.75,2.31
2023-09-21,26.00,93.00,9.37
2023-09-21,26.25,91.50,15.28
2023-09-21,26.25,91.75,13.71
2023-09-21,26.25,92.00,13.73
2023-09-21,26.25,92.25,5.91
2023-09-21,26.25,92.50,7.74
2023-09-21,26.25,92.75,5.52
2023-09-21,26.25,93.00,13.87
2023-09-21,26.50,91.50,44.21
2023-09-21,26.50,91.75,29.89
2023-09-21,26.50,92.00,20.84
2023-09-21,26.50,92.25,12.31
2023-09-21,26.50,92.50,9.33
2023-09-21,26.50,92.75,9.22
2023-09-21,26.50,93.00,14.53
2023-09-21,26.75,91.50,62.16
2023-09-21,26.75,91.75,39.91
2023-09-21,26.75,92.00,26.79
2023-09-21,26.75,92.25,13.97
2023-09-21,26.75,92.50,13.89
2023-09-21,26.75,92.75,21.35
2023-09-21,26.75,93.00,22.21
2023-09-21,27.00,91.50,48.95
2023-09-21,27.00,91.75,32.12
2023-09-21,27.00,92.00,22.39
2023-09-21,27.00,92.25,53.70
2023-09-21,27.00,92.50,44.32
2023-09-21,27.00,92.75,37.91
2023-09-21,27.00,93.00,29.28
2023-09-21,27.25,91.50,
2023-09-21,27.25,91.75,
2023-09-21,27.25,92.00,12.10
2023-09-21,27.25,92.25,31.73
2023-09-21,27.25,92.50,32.86
2023-09-21,27.25,92.75,33.56
2023-09-21,27.25,93.00,32.47
2023-09-21,27.50,91.50,
2023-09-21,27.50,91.75,15.73
2023-09-21,27.50,92.00,17.33
2023-09-21,27.50,92.25,27.37
2023-09-21,27.50,92.50,30.68
2023-09-21,27.50,92.75,30.41
2023-09-21,27.50,93.00,27.51
2023-09-21,27.75,91.50,12.88
2023-09-21,27.75,91.75,14.45
2023-09-21,27.75,92.00,17.70
2023-09-21,27.75,92.25,27.73
2023-09-21,27.75,92.50,24.57
2023-09-21,27.75,92.75,21.59
2023-09-21,27.75,93.00,19.61
2023-09-21,28.00,91.50,13.02
2023-09-21,28.00,91.75,13.79
2023-09-21,28.00,92.00,15.02
2023-09-21,28.00,92.25,20.01
2023-09-21,28.00,92.50,21.13
2023-09-21,28.00,92.75,19.67
2023-09-21,28.00,93.00,18.61
2023-09-22,25.75,91.50,25.29
2023-09-22,25.75,91.75,15.67
2023-09-22,25.75,92.00,10.22
2023-09-22,25.75,92.25,2.62
2023-09-22,25.75,92.50,0.45
2023-09-22,25.75,92.75,1.06
2023-09-22,25.75,93.00,34.61
2023-09-22,26.00,91.50,10.66
2023-09-22,26.00,91.75,8.59
2023-09-22,26.00,92.00,4.56
2023-09-22,26.00,92.25,3.35
2023-09-22,26.00,92.50,1.00
2023-09-22,26.00,92.75,15.90
2023-09-22,26.00,93.00,31.77
2023-09-22,26.25,91.50,22.60
2023-09-22,26.25,91.75,12.40
2023-09-22,26.25,92.00,15.54
2023-09-22,26.25,92.25,12.94
2023-09-22,26.25,92.50,13.32
2023-09-22,26.25,92.75,28.98
2023-09-22,26.25,93.00,24.32
2023-09-22,26.50,91.50,15.32
2023-09-22,26.50,91.75,10.35
2023-09-22,26.50,92.00,12.78
2023-09-22,26.50,92.25,21.45
2023-09-22,26.50,92.50,9.76
2023-09-22,26.50,92.75,11.54
2023-09-22,26.50,93.00,8.44
2023-09-22,26.75,91.50,10.42
2023-09-22,26.75,91.75,5.19
2023-09-22,26.75,92.00,13.97
2023-09-22,26.75,92.25,8.43
2023-09-22,26.75,92.50,8.49
2023-09-22,26.75,92.75,13.73
2023-09-22,26.75,93.00,55.75
2023-09-22,27.00,91.50,7.83
2023-09-22,27.00,91.75,5.05
2023-09-22,27.00,92.00,7.43
2023-09-22,27.00,92.25,7.10
2023-09-22,27.00,92.50,10.48
2023-09-22,27.00,92.75,32.06
2023-09-22,27.00,93.00,68.73
2023-09-22,27.25,91.50,
2023-09-22,27.25,91.75,
2023-09-22,27.25,92.00,3.23
2023-09-22,27.25,92.25,7.11
2023-09-22,27.25,92.50,16.34
2023-09-22,27.25,92.75,21.46
2023-09-22,27.25,93.00,64.62
2023-09-22,27.50,91.50,
2023-09-22,27.50,91.75,12.25
2023-09-22,27.50,92.00,6.49
2023-09-22,27.50,92.25,8.54
2023-09-22,27.50,92.50,14.14
2023-09-22,27.50,92.75,20.98
2023-09-22,27.50,93.00,21.26
2023-09-22,27.75,91.50,15.07
2023-09-22,27.75,91.75,13.21
2023-09-22,27.75,92.00,8.83
2023-09-22,27.75,92.25,8.70
2023-09-22,27.75,92.50,11.25
2023-09-22,27.75,92.75,11.64
2023-09-22,27.75,93.00,9.53
2023-09-22,28.00,91.50,14.56
2023-09-22,28.00,91.75,13.26
2023-09-22,28.00,92.00,12.20
2023-09-22,28.00,92.25,10.89
2023-09-22,28.00,92.50,9.37
2023-09-22,28.00,92.75,8.88
2023-09-22,28.00,93.00,8.17
2023-09-23,25.75,91.50,8.93
2023-09-23,25.75,91.75,8.02
2023-09-23,25.75,92.00,4.07
2023-09-23,25.75,92.25,1.48
2023-09-23,25.75,92.50,0.10
2023-09-23,25.75,92.75,0.00
2023-09-23,25.75,93.00,0.08
2023-09-23,26.00,91.50,0.48
2023-09-23,26.00,91.75,4.53
2023-09-23,26.00,92.00,3.35
2023-09-23,26.00,92.25,3.49
2023-09-23,26.00,92.50,2.04
2023-09-23,26.00,92.75,0.00
2023-09-23,26.00,93.00,0.06
2023-09-23,26.25,91.50,1.09
2023-09-23,26.25,91.75,2.59
2023-09-23,26.25,92.00,1.47
2023-09-23,26.25,92.25,9.80
2023-09-23,26.25,92.50,9.96
2023-09-23,26.25,92.75,8.69
2023-09-23,26.25,93.00,0.22
2023-09-23,26.50,91.50,0.00
2023-09-23,26.50,91.75,0.44
2023-09-23,26.50,92.00,0.78
2023-09-23,26.50,92.25,11.18
2023-09-23,26.50,92.50,7.37
2023-09-23,26.50,92.75,8.05
2023-09-23,26.50,93.00,7.74
2023-09-23,26.75,91.50,0.00
2023-09-23,26.75,91.75,0.02
2023-09-23,26.75,92.00,0.92
2023-09-23,26.75,92.25,2.47
2023-09-23,26.75,92.50,5.40
2023-09-23,26.75,92.75,4.58
2023-09-23,26.75,93.00,4.84
2023-09-23,27.00,91.50,0.00
2023-09-23,27.00,91.75,0.08
2023-09-23,27.00,92.00,0.66
2023-09-23,27.00,92.25,0.07
2023-09-23,27.00,92.50,8.38
2023-09-23,27.00,92.75,13.82
2023-09-23,27.00,93.00,6.33
2023-09-23,27.25,91.50,
2023-09-23,27.25,91.75,
2023-09-23,27.25,92.00,1.06
2023-09-23,27.25,92.25,5.15
2023-09-23,27.25,92.50,24.12
2023-09-23,27.25,92.75,26.74
2023-09-23,27.25,93.00,12.20
2023-09-23,27.50,91.50,
2023-09-23,27.50,91.75,3.27
2023-09-23,27.50,92.00,1.65
2023-09-23,27.50,92.25,9.02
2023-09-23,27.50,92.50,19.64
2023-09-23,27.50,92.75,22.35
2023-09-23,27.50,93.00,11.67
2023-09-23,27.75,91.50,4.21
2023-09-23,27.75,91.75,3.61
2023-09-23,27.75,92.00,2.26
2023-09-23,27.75,92.25,8.57
2023-09-23,27.75,92.50,11.62
2023-09-23,27.75,92.75,7.20
2023-09-23,27.75,93.00,2.52
2023-09-23,28.00,91.50,4.06
2023-09-23,28.00,91.75,3.67
2023-09-23,28.00,92.00,6.19
2023-09-23,28.00,92.25,10.32
2023-09-23,28.00,92.50,6.69
2023-09-23,28.00,92.75,3.64
2023-09-23,28.00,93.00,1.83
2023-09-24,25.75,91.50,16.08
2023-09-24,25.75,91.75,14.66
2023-09-24,25.75,92.00,14.05
2023-09-24,25.75,92.25,0.06
2023-09-24,25.75,92.50,0.01
2023-09-24,25.75,92.75,0.00
2023-09-24,25.75,93.00,0.00
2023-09-24,26.00,91.50,4.98
2023-09-24,26.00,91.75,19.66
2023-09-24,26.00,92.00,14.83
2023-09-24,26.00,92.25,0.17
2023-09-24,26.00,92.50,0.05
2023-09-24,26.00,92.75,0.00
2023-09-24,26.00,93.00,0.00
2023-09-24,26.25,91.50,2.52
2023-09-24,26.25,91.75,12.75
2023-09-24,26.25,92.00,5.81
2023-09-24,26.25,92.25,8.40
2023-09-24,26.25,92.50,8.30
2023-09-24,26.25,92.75,7.68
2023-09-24,26.25,93.00,0.00
2023-09-24,26.50,91.50,0.37
2023-09-24,26.50,91.75,0.73
2023-09-24,26.50,92.00,1.03
2023-09-24,26.50,92.25,12.37
2023-09-24,26.50,92.50,4.77
2023-09-24,26.50,92.75,6.00
2023-09-24,26.50,93.00,4.28
2023-09-24,26.75,91.50,0.00
2023-09-24,26.75,91.75,0.02
2023-09-24,26.75,92.00,0.92
2023-09-24,26.75,92.25,1.38
2023-09-24,26.75,92.50,4.08
2023-09-24,26.75,92.75,6.08
2023-09-24,26.75,93.00,16.16
2023-09-24,27.00,91.50,0.00
2023-09-24,27.00,91.75,0.06
2023-09-24,27.00,92.00,0.32
2023-09-24,27.00,92.25,12.97
2023-09-24,27.00,92.50,15.43
2023-09-24,27.00,92.75,17.81
2023-09-24,27.00,93.00,18.82
2023-09-24,27.25,91.50,
2023-09-24,27.25,91.75,
2023-09-24,27.25,92.00,0.17
2023-09-24,27.25,92.25,9.10
2023-09-24,27.25,92.50,21.82
2023-09-24,27.25,92.75,24.27
2023-09-24,27.25,93.00,22.34
2023-09-24,27.50,91.50,
2023-09-24,27.50,91.75,1.96
2023-09-24,27.50,92.00,1.51
2023-09-24,27.50,92.25,10.02
2023-09-24,27.50,92.50,18.45
2023-09-24,27.50,92.75,21.09
2023-09-24,27.50,93.00,13.57
2023-09-24,27.75,91.50,2.17
2023-09-24,27.75,91.75,2.09
2023-09-24,27.75,92.00,2.04
2023-09-24,27.75,92.25,10.69
2023-09-24,27.75,92.50,13.82
2023-09-24,27.75,92.75,11.31
2023-09-24,27.75,93.00,8.33
2023-09-24,28.00,91.50,2.08
2023-09-24,28.00,91.75,2.01
2023-09-24,28.00,92.00,4.13
2023-09-24,28.00,92.25,11.05
2023-09-24,28.00,92.50,10.87
2023-09-24,28.00,92.75,8.95
2023-09-24,28.00,93.00,8.06
2023-09-25,25.75,91.50,14.70
2023-09-25,25.75,91.75,9.87
2023-09-25,25.75,92.00,13.21
2023-09-25,25.75,92.25,9.27
2023-09-25,25.75,92.50,0.72
2023-09-25,25.75,92.75,0.18
2023-09-25,25.75,93.00,6.71
2023-09-25,26.00,91.50,16.17
2023-09-25,26.00,91.75,9.90
2023-09-25,26.00,92.00,8.39
2023-09-25,26.00,92.25,21.70
2023-09-25,26.00,92.50,6.57
2023-09-25,26.00,92.75,2.71
2023-09-25,26.00,93.00,6.46
2023-09-25,26.25,91.50,0.56
2023-09-25,26.25,91.75,0.66
2023-09-25,26.25,92.00,1.06
2023-09-25,26.25,92.25,0.85
2023-09-25,26.25,92.50,1.00
2023-09-25,26.25,92.75,2.64
2023-09-25,26.25,93.00,8.77
2023-09-25,26.50,91.50,1.58
2023-09-25,26.50,91.75,0.82
2023-09-25,26.50,92.00,0.42
2023-09-25,26.50,92.25,1.70
2023-09-25,26.50,92.50,1.00
2023-09-25,26.50,92.75,1.10
2023-09-25,26.50,93.00,4.77
2023-09-25,26.75,91.50,0.21
2023-09-25,26.75,91.75,0.98
2023-09-25,26.75,92.00,0.02
2023-09-25,26.75,92.25,0.63
2023-09-25,26.75,92.50,1.60
2023-09-25,26.75,92.75,4.89
2023-09-25,26.75,93.00,13.83
2023-09-25,27.00,91.50,0.70
2023-09-25,27.00,91.75,1.16
2023-09-25,27.00,92.00,0.36
2023-09-25,27.00,92.25,7.66
2023-09-25,27.00,92.50,6.06
2023-09-25,27.00,92.75,12.79
2023-09-25,27.00,93.00,19.75
2023-09-25,27.25,91.50,
2023-09-25,27.25,91.75,
2023-09-25,27.25,92.00,0.13
2023-09-25,27.25,92.25,3.60
2023-09-25,27.25,92.50,3.51
2023-09-25,27.25,92.75,4.53
2023-09-25,27.25,93.00,16.62
2023-09-25,27.50,91.50,
2023-09-25,27.50,91.75,6.08
2023-09-25,27.50,92.00,2.64
2023-09-25,27.50,92.25,2.66
2023-09-25,27.50,92.50,3.26
2023-09-25,27.50,92.75,5.41
2023-09-25,27.50,93.00,5.78
2023-09-25,27.75,91.50,7.66
2023-09-25,27.75,91.75,6.64
2023-09-25,27.75,92.00,4.18
2023-09-25,27.75,92.25,3.04
2023-09-25,27.75,92.50,3.10
2023-09-25,27.75,92.75,3.52
2023-09-25,27.75,93.00,3.23
2023-09-25,28.00,91.50,7.36
2023-09-25,28.00,91.75,6.63
2023-09-25,28.00,92.00,5.07
2023-09-25,28.00,92.25,2.90
2023-09-25,28.00,92.50,2.99
2023-09-25,28.00,92.75,2.83
2023-09-25,28.00,93.00,3.02
2023-09-26,25.75,91.50,0.10
2023-09-26,25.75,91.75,0.10
2023-09-26,25.75,92.00,2.18
2023-09-26,25.75,92.25,0.21
2023-09-26,25.75,92.50,0.05
2023-09-26,25.75,92.75,0.00
2023-09-26,25.75,93.00,0.05
2023-09-26,26.00,91.50,0.00
2023-09-26,26.00,91.75,2.42
2023-09-26,26.00,92.00,4.58
2023-09-26,26.00,92.25,1.81
2023-09-26,26.00,92.50,0.68
2023-09-26,26.00,92.75,0.18
2023-09-26,26.00,93.00,0.00
2023-09-26,26.25,91.50,0.00
2023-09-26,26.25,91.75,4.48
2023-09-26,26.25,92.00,3.15
2023-09-26,26.25,92.25,1.63
2023-09-26,26.25,92.50,1.90
2023-09-26,26.25,92.75,0.40
2023-09-26,26.25,93.00,2.34
2023-09-26,26.50,91.50,0.00
2023-09-26,26.50,91.75,1.24
2023-09-26,26.50,92.00,0.92
2023-09-26,26.50,92.25,1.09
2023-09-26,26.50,92.50,1.68
2023-09-26,26.50,92.75,1.73
2023-09-26,26.50,93.00,10.20
2023-09-26,26.75,91.50,0.21
2023-09-26,26.75,91.75,0.98
2023-09-26,26.75,92.00,0.02
2023-09-26,26.75,92.25,1.19
2023-09-26,26.75,92.50,2.82
2023-09-26,26.75,92.75,4.50
2023-09-26,26.75,93.00,11.88
2023-09-26,27.00,91.50,0.20
2023-09-26,27.00,91.75,0.11
2023-09-26,27.00,92.00,0.03
2023-09-26,27.00,92.25,12.23
2023-09-26,27.00,92.50,12.42
2023-09-26,27.00,92.75,10.80
2023-09-26,27.00,93.00,10.55
2023-09-26,27.25,91.50,
2023-09-26,27.25,91.75,
2023-09-26,27.25,92.00,0.26
2023-09-26,27.25,92.25,7.38
2023-09-26,27.25,92.50,14.07
2023-09-26,27.25,92.75,15.15
2023-09-26,27.25,93.00,10.08
2023-09-26,27.50,91.50,
2023-09-26,27.50,91.75,3.85
2023-09-26,27.50,92.00,2.14
2023-09-26,27.50,92.25,7.21
2023-09-26,27.50,92.50,12.12
2023-09-26,27.50,92.75,13.07
2023-09-26,27.50,93.00,8.85
2023-09-26,27.75,91.50,4.71
2023-09-26,27.75,91.75,4.20
2023-09-26,27.75,92.00,3.14
2023-09-26,27.75,92.25,7.78
2023-09-26,27.75,92.50,9.13
2023-09-26,27.75,92.75,7.47
2023-09-26,27.75,93.00,5.80
2023-09-26,28.00,91.50,4.52
2023-09-26,28.00,91.75,4.16
2023-09-26,28.00,92.00,4.64
2023-09-26,28.00,92.25,7.43
2023-09-26,28.00,92.50,7.27
2023-09-26,28.00,92.75,6.19
2023-09-26,28.00,93.00,5.59
2023-09-27,25.75,91.50,14.02
2023-09-27,25.75,91.75,12.63
2023-09-27,25.75,92.00,4.01
2023-09-27,25.75,92.25,0.10
2023-09-27,25.75,92.50,0.00
2023-09-27,25.75,92.75,0.00
2023-09-27,25.75,93.00,0.00
2023-09-27,26.00,91.50,18.52
2023-09-27,26.00,91.75,11.42
2023-09-27,26.00,92.00,0.00
2023-09-27,26.00,92.25,0.21
2023-09-27,26.00,92.50,0.50
2023-09-27,26.00,92.75,0.00
2023-09-27,26.00,93.00,0.00
2023-09-27,26.25,91.50,13.21
2023-09-27,26.25,91.75,1.99
2023-09-27,26.25,92.00,0.02
2023-09-27,26.25,92.25,1.18
2023-09-27,26.25,92.50,1.09
2023-09-27,26.25,92.75,0.30
2023-09-27,26.25,93.00,0.00
2023-09-27,26.50,91.50,2.34
2023-09-27,26.50,91.75,0.00
2023-09-27,26.50,92.00,0.00
2023-09-27,26.50,92.25,0.00
2023-09-27,26.50,92.50,0.06
2023-09-27,26.50,92.75,0.22
2023-09-27,26.50,93.00,0.00
2023-09-27,26.75,91.50,6.09
2023-09-27,26.75,91.75,0.05
2023-09-27,26.75,92.00,0.00
2023-09-27,26.75,92.25,0.00
2023-09-27,26.75,92.50,0.00
2023-09-27,26.75,92.75,0.00
2023-09-27,26.75,93.00,0.00
2023-09-27,27.00,91.50,3.79
2023-09-27,27.00,91.75,1.63
2023-09-27,27.00,92.00,0.58
2023-09-27,27.00,92.25,0.00
2023-09-27,27.00,92.50,0.53
2023-09-27,27.00,92.75,0.81
2023-09-27,27.00,93.00,0.13
2023-09-27,27.25,91.50,
2023-09-27,27.25,91.75,
2023-09-27,27.25,92.00,0.14
2023-09-27,27.25,92.25,0.42
2023-09-27,27.25,92.50,1.66
2023-09-27,27.25,92.75,1.84
2023-09-27,27.25,93.00,0.59
2023-09-27,27.50,91.50,
2023-09-27,27.50,91.75,1.27
2023-09-27,27.50,92.00,0.66
2023-09-27,27.50,92.25,0.74
2023-09-27,27.50,92.50,1.45
2023-09-27,27.50,92.75,1.65
2023-09-27,27.50,93.00,0.98
2023-09-27,27.75,91.50,1.42
2023-09-27,27.75,91.75,1.27
2023-09-27,27.75,92.00,0.88
2023-09-27,27.75,92.25,0.91
2023-09-27,27.75,92.50,1.13
2023-09-27,27.75,92.75,1.30
2023-09-27,27.75,93.00,0.65
2023-09-27,28.00,91.50,1.37
2023-09-27,28.00,91.75,1.25
2023-09-27,28.00,92.00,1.17
2023-09-27,28.00,92.25,1.16
2023-09-27,28.00,92.50,1.21
2023-09-27,28.00,92.75,1.18
2023-09-27,28.00,93.00,0.57
2023-09-28,25.75,91.50,0.20
2023-09-28,25.75,91.75,0.19
2023-09-28,25.75,92.00,0.04
2023-09-28,25.75,92.25,0.00
2023-09-28,25.75,92.50,0.00
2023-09-28,25.75,92.75,0.00
2023-09-28,25.75,93.00,0.00
2023-09-28,26.00,91.50,0.00
2023-09-28,26.00,91.75,0.11
2023-09-28,26.00,92.00,0.00
2023-09-28,26.00,92.25,0.00
2023-09-28,26.00,92.50,0.00
2023-09-28,26.00,92.75,0.00
2023-09-28,26.00,93.00,0.00
2023-09-28,26.25,91.50,0.00
2023-09-28,26.25,91.75,0.00
2023-09-28,26.25,92.00,0.00
2023-09-28,26.25,92.25,0.00
2023-09-28,26.25,92.50,0.00
2023-09-28,26.25,92.75,0.00
2023-09-28,26.25,93.00,0.00
2023-09-28,26.50,91.50,0.00
2023-09-28,26.50,91.75,0.00
2023-09-28,26.50,92.00,0.00
2023-09-28,26.50,92.25,0.00
2023-09-28,26.50,92.50,0.00
2023-09-28,26.50,92.75,0.00
2023-09-28,26.50,93.00,0.00
2023-09-28,26.75,91.50,0.00
2023-09-28,26.75,91.75,0.00
2023-09-28,26.75,92.00,0.00
2023-09-28,26.75,92.25,0.00
2023-09-28,26.75,92.50,0.00
2023-09-28,26.75,92.75,0.00
2023-09-28,26.75,93.00,0.00
2023-09-28,27.00,91.50,0.00
2023-09-28,27.00,91.75,0.00
2023-09-28,27.00,92.00,0.00
2023-09-28,27.00,92.25,0.00
2023-09-28,27.00,92.50,0.00
2023-09-28,27.00,92.75,0.00
2023-09-28,27.00,93.00,0.00
2023-09-28,27.25,91.50,
2023-09-28,27.25,91.75,
2023-09-28,27.25,92.00,0.00
2023-09-28,27.25,92.25,0.00
2023-09-28,27.25,92.50,0.00
2023-09-28,27.25,92.75,0.00
2023-09-28,27.25,93.00,0.00
2023-09-28,27.50,91.50,
2023-09-28,27.50,91.75,3.24
2023-09-28,27.50,92.00,1.07
2023-09-28,27.50,92.25,0.00
2023-09-28,27.50,92.50,0.21
2023-09-28,27.50,92.75,0.91
2023-09-28,27.50,93.00,1.69
2023-09-28,27.75,91.50,4.35
2023-09-28,27.75,91.75,3.63
2023-09-28,27.75,92.00,1.92
2023-09-28,27.75,92.25,0.47
2023-09-28,27.75,92.50,2.46
2023-09-28,27.75,92.75,3.70
2023-09-28,27.75,93.00,4.41
2023-09-28,28.00,91.50,4.16
2023-09-28,28.00,91.75,3.67
2023-09-28,28.00,92.00,2.65
2023-09-28,28.00,92.25,2.46
2023-09-28,28.00,92.50,3.66
2023-09-28,28.00,92.75,4.30
2023-09-28,28.00,93.00,4.77
2023-09-29,25.75,91.50,0.00
2023-09-29,25.75,91.75,0.00
2023-09-29,25.75,92.00,0.00
2023-09-29,25.75,92.25,0.00
2023-09-29,25.75,92.50,0.00
2023-09-29,25.75,92.75,0.00
2023-09-29,25.75,93.00,0.00
2023-09-29,26.00,91.50,0.00
2023-09-29,26.00,91.75,0.00
2023-09-29,26.00,92.00,0.00
2023-09-29,26.00,92.25,0.00
2023-09-29,26.00,92.50,0.00
2023-09-29,26.00,92.75,0.00
2023-09-29,26.00,93.00,0.00
2023-09-29,26.25,91.50,0.00
2023-09-29,26.25,91.75,0.00
2023-09-29,26.25,92.00,0.00
2023-09-29,26.25,92.25,0.00
2023-09-29,26.25,92.50,0.00
2023-09-29,26.25,92.75,0.00
2023-09-29,26.25,93.00,0.00
2023-09-29,26.50,91.50,0.00
2023-09-29,26.50,91.75,0.00
2023-09-29,26.50,92.00,0.00
2023-09-29,26.50,92.25,0.00
2023-09-29,26.50,92.50,0.00
2023-09-29,26.50,92.75,0.00
2023-09-29,26.50,93.00,0.00
2023-09-29,26.75,91.50,0.00
2023-09-29,26.75,91.75,0.00
2023-09-29,26.75,92.00,0.00
2023-09-29,26.75,92.25,0.00
2023-09-29,26.75,92.50,0.00
2023-09-29,26.75,92.75,0.00
2023-09-29,26.75,93.00,0.00
2023-09-29,27.00,91.50,0.00
2023-09-29,27.00,91.75,0.00
2023-09-29,27.00,92.00,0.00
2023-09-29,27.00,92.25,0.00
2023-09-29,27.00,92.50,0.00
2023-09-29,27.00,92.75,0.00
2023-09-29,27.00,93.00,0.00
2023-09-29,27.25,91.50,
2023-09-29,27.25,91.75,
2023-09-29,27.25,92.00,0.00
2023-09-29,27.25,92.25,0.00
2023-09-29,27.25,92.50,0.00
2023-09-29,27.25,92.75,0.00
2023-09-29,27.25,93.00,0.00
2023-09-29,27.50,91.50,
2023-09-29,27.50,91.75,4.19
2023-09-29,27.50,92.00,1.38
2023-09-29,27.50,92.25,0.00
2023-09-29,27.50,92.50,0.04
2023-09-29,27.50,92.75,0.18
2023-09-29,27.50,93.00,0.34
2023-09-29,27.75,91.50,5.61
2023-09-29,27.75,91.75,4.68
2023-09-29,27.75,92.00,2.48
2023-09-29,27.75,92.25,0.09
2023-09-29,27.75,92.50,0.49
2023-09-29,27.75,92.75,0.74
2023-09-29,27.75,93.00,0.88
2023-09-29,28.00,91.50,5.38
2023-09-29,28.00,91.75,4.74
2023-09-29,28.00,92.00,3.42
2023-09-29,28.00,92.25,0.96
2023-09-29,28.00,92.50,0.73
2023-09-29,28.00,92.75,0.86
2023-09-29,28.00,93.00,0.95
2023-09-30,25.75,91.50,1.86
2023-09-30,25.75,91.75,0.13
2023-09-30,25.75,92.00,0.00
2023-09-30,25.75,92.25,0.00
2023-09-30,25.75,92.50,0.00
2023-09-30,25.75,92.75,0.00
2023-09-30,25.75,93.00,0.00
2023-09-30,26.00,91.50,0.00
2023-09-30,26.00,91.75,0.00
2023-09-30,26.00,92.00,0.00
2023-09-30,26.00,92.25,0.00
2023-09-30,26.00,92.50,0.00
2023-09-30,26.00,92.75,0.00
2023-09-30,26.00,93.00,0.00
2023-09-30,26.25,91.50,0.00
2023-09-30,26.25,91.75,0.00
2023-09-30,26.25,92.00,0.00
2023-09-30,26.25,92.25,0.00
2023-09-30,26.25,92.50,0.00
2023-09-30,26.25,92.75,0.00
2023-09-30,26.25,93.00,0.00
2023-09-30,26.50,91.50,0.00
2023-09-30,26.50,91.75,0.00
2023-09-30,26.50,92.00,0.00
2023-09-30,26.50,92.25,0.00
2023-09-30,26.50,92.50,0.00
2023-09-30,26.50,92.75,0.00
2023-09-30,26.50,93.00,0.00
2023-09-30,26.75,91.50,0.00
2023-09-30,26.75,91.75,0.00
2023-09-30,26.75,92.00,0.00
2023-09-30,26.75,92.25,0.00
2023-09-30,26.75,92.50,0.00
2023-09-30,26.75,92.75,0.00
2023-09-30,26.75,93.00,0.00
2023-09-30,27.00,91.50,0.00
2023-09-30,27.00,91.75,0.00
2023-09-30,27.00,92.00,0.00
2023-09-30,27.00,92.25,0.00
2023-09-30,27.00,92.50,0.00
2023-09-30,27.00,92.75,0.00
2023-09-30,27.00,93.00,0.00
2023-09-30,27.25,91.50,
2023-09-30,27.25,91.75,
2023-09-30,27.25,92.00,0.00
2023-09-30,27.25,92.25,0.00
2023-09-30,27.25,92.50,0.00
2023-09-30,27.25,92.75,0.00
2023-09-30,27.25,93.00,0.00
2023-09-30,27.50,91.50,
2023-09-30,27.50,91.75,0.00
2023-09-30,27.50,92.00,0.00
2023-09-30,27.50,92.25,0.00
2023-09-30,27.50,92.50,0.00
2023-09-30,27.50,92.75,0.00
2023-09-30,27.50,93.00,0.00
2023-09-30,27.75,91.50,0.00
2023-09-30,27.75,91.75,0.00
2023-09-30,27.75,92.00,0.00
2023-09-30,27.75,92.25,0.00
2023-09-30,27.75,92.50,0.00
2023-09-30,27.75,92.75,0.00
2023-09-30,27.75,93.00,0.00
2023-09-30,28.00,91.50,0.00
2023-09-30,28.00,91.75,0.00
2023-09-30,28.00,92.00,0.00
2023-09-30,28.00,92.25,0.00
2023-09-30,28.00,92.50,0.00
2023-09-30,28.00,92.75,0.00
2023-09-30,28.00,93.00,0.00
2023-10-01,25.75,91.50,0.95
2023-10-01,25.75,91.75,1.04
2023-10-01,25.75,92.00,1.69
2023-10-01,25.75,92.25,1.74
2023-10-01,25.75,92.50,3.55
2023-10-01,25.75,92.75,16.10
2023-10-01,25.75,93.00,3.55
2023-10-01,26.00,91.50,11.03
2023-10-01,26.00,91.75,0.02
2023-10-01,26.00,92.00,1.16
2023-10-01,26.00,92.25,2.75
2023-10-01,26.00,92.50,2.74
2023-10-01,26.00,92.75,6.65
2023-10-01,26.00,93.00,3.80
2023-10-01,26.25,91.50,53.32
2023-10-01,26.25,91.75,9.00
2023-10-01,26.25,92.00,0.20
2023-10-01,26.25,92.25,0.11
2023-10-01,26.25,92.50,5.20
2023-10-01,26.25,92.75,1.27
2023-10-01,26.25,93.00,0.07
2023-10-01,26.50,91.50,1.73
2023-10-01,26.50,91.75,5.78
2023-10-01,26.50,92.00,7.98
2023-10-01,26.50,92.25,13.50
2023-10-01,26.50,92.50,19.37
2023-10-01,26.50,92.75,17.18
2023-10-01,26.50,93.00,13.63
2023-10-01,26.75,91.50,5.55
2023-10-01,26.75,91.75,5.60
2023-10-01,26.75,92.00,12.36
2023-10-01,26.75,92.25,21.23
2023-10-01,26.75,92.50,22.05
2023-10-01,26.75,92.75,20.50
2023-10-01,26.75,93.00,12.81
2023-10-01,27.00,91.50,4.87
2023-10-01,27.00,91.75,6.12
2023-10-01,27.00,92.00,8.59
2023-10-01,27.00,92.25,8.44
2023-10-01,27.00,92.50,10.23
2023-10-01,27.00,92.75,6.09
2023-10-01,27.00,93.00,8.82
2023-10-01,27.25,91.50,
2023-10-01,27.25,91.75,
2023-10-01,27.25,92.00,1.33
2023-10-01,27.25,92.25,4.46
2023-10-01,27.25,92.50,5.49
2023-10-01,27.25,92.75,5.55
2023-10-01,27.25,93.00,3.54
2023-10-01,27.50,91.50,
2023-10-01,27.50,91.75,1.57
2023-10-01,27.50,92.00,1.97
2023-10-01,27.50,92.25,4.26
2023-10-01,27.50,92.50,4.83
2023-10-01,27.50,92.75,4.52
2023-10-01,27.50,93.00,2.46
2023-10-01,27.75,91.50,1.24
2023-10-01,27.75,91.75,1.38
2023-10-01,27.75,92.00,2.02
2023-10-01,27.75,92.25,3.86
2023-10-01,27.75,92.50,2.55
2023-10-01,27.75,92.75,1.17
2023-10-01,27.75,93.00,0.27
2023-10-01,28.00,91.50,1.23
2023-10-01,28.00,91.75,1.33
2023-10-01,28.00,92.00,1.43
2023-10-01,28.00,92.25,1.95
2023-10-01,28.00,92.50,1.29
2023-10-01,28.00,92.75,0.42
2023-10-01,28.00,93.00,0.09
2023-10-02,25.75,91.50,8.89
2023-10-02,25.75,91.75,5.44
2023-10-02,25.75,92.00,3.99
2023-10-02,25.75,92.25,2.31
2023-10-02,25.75,92.50,0.49
2023-10-02,25.75,92.75,0.00
2023-10-02,25.75,93.00,0.00
2023-10-02,26.00,91.50,2.01
2023-10-02,26.00,91.75,4.75
2023-10-02,26.00,92.00,4.51
2023-10-02,26.00,92.25,1.91
2023-10-02,26.00,92.50,0.58
2023-10-02,26.00,92.75,0.00
2023-10-02,26.00,93.00,0.00
2023-10-02,26.25,91.50,1.29
2023-10-02,26.25,91.75,4.06
2023-10-02,26.25,92.00,1.08
2023-10-02,26.25,92.25,0.00
2023-10-02,26.25,92.50,0.23
2023-10-02,26.25,92.75,0.00
2023-10-02,26.25,93.00,0.00
2023-10-02,26.50,91.50,0.24
2023-10-02,26.50,91.75,7.47
2023-10-02,26.50,92.00,10.16
2023-10-02,26.50,92.25,1.63
2023-10-02,26.50,92.50,0.82
2023-10-02,26.50,92.75,0.74
2023-10-02,26.50,93.00,1.17
2023-10-02,26.75,91.50,1.46
2023-10-02,26.75,91.75,7.12
2023-10-02,26.75,92.00,19.95
2023-10-02,26.75,92.25,8.08
2023-10-02,26.75,92.50,1.65
2023-10-02,26.75,92.75,1.50
2023-10-02,26.75,93.00,3.06
2023-10-02,27.00,91.50,2.42
2023-10-02,27.00,91.75,8.15
2023-10-02,27.00,92.00,10.45
2023-10-02,27.00,92.25,3.57
2023-10-02,27.00,92.50,2.11
2023-10-02,27.00,92.75,1.13
2023-10-02,27.00,93.00,2.71
2023-10-02,27.25,91.50,
2023-10-02,27.25,91.75,
2023-10-02,27.25,92.00,0.42
2023-10-02,27.25,92.25,1.49
2023-10-02,27.25,92.50,0.42
2023-10-02,27.25,92.75,0.39
2023-10-02,27.25,93.00,2.03
2023-10-02,27.50,91.50,
2023-10-02,27.50,91.75,14.94
2023-10-02,27.50,92.00,4.94
2023-10-02,27.50,92.25,1.51
2023-10-02,27.50,92.50,0.47
2023-10-02,27.50,92.75,0.18
2023-10-02,27.50,93.00,0.12
2023-10-02,27.75,91.50,17.53
2023-10-02,27.75,91.75,15.98
2023-10-02,27.75,92.00,9.55
2023-10-02,27.75,92.25,0.82
2023-10-02,27.75,92.50,0.22
2023-10-02,27.75,92.75,0.02
2023-10-02,27.75,93.00,0.02
2023-10-02,28.00,91.50,17.22
2023-10-02,28.00,91.75,15.69
2023-10-02,28.00,92.00,10.85
2023-10-02,28.00,92.25,1.71
2023-10-02,28.00,92.50,0.10
2023-10-02,28.00,92.75,0.00
2023-10-02,28.00,93.00,0.00
2023-10-03,25.75,91.50,11.68
2023-10-03,25.75,91.75,8.88
2023-10-03,25.75,92.00,11.94
2023-10-03,25.75,92.25,6.07
2023-10-03,25.75,92.50,2.89
2023-10-03,25.75,92.75,0.20
2023-10-03,25.75,93.00,4.33
2023-10-03,26.00,91.50,12.19
2023-10-03,26.00,91.75,7.54
2023-10-03,26.00,92.00,7.92
2023-10-03,26.00,92.25,11.22
2023-10-03,26.00,92.50,7.04
2023-10-03,26.00,92.75,2.85
2023-10-03,26.00,93.00,3.72
2023-10-03,26.25,91.50,19.01
2023-10-03,26.25,91.75,7.87
2023-10-03,26.25,92.00,2.55
2023-10-03,26.25,92.25,7.82
2023-10-03,26.25,92.50,7.87
2023-10-03,26.25,92.75,6.54
2023-10-03,26.25,93.00,4.90
2023-10-03,26.50,91.50,0.00
2023-10-03,26.50,91.75,0.47
2023-10-03,26.50,92.00,0.66
2023-10-03,26.50,92.25,4.09
2023-10-03,26.50,92.50,4.79
2023-10-03,26.50,92.75,5.22
2023-10-03,26.50,93.00,6.43
2023-10-03,26.75,91.50,0.28
2023-10-03,26.75,91.75,0.00
2023-10-03,26.75,92.00,0.01
2023-10-03,26.75,92.25,1.97
2023-10-03,26.75,92.50,6.06
2023-10-03,26.75,92.75,15.51
2023-10-03,26.75,93.00,56.61
2023-10-03,27.00,91.50,1.19
2023-10-03,27.00,91.75,0.55
2023-10-03,27.00,92.00,3.45
2023-10-03,27.00,92.25,24.74
2023-10-03,27.00,92.50,19.96
2023-10-03,27.00,92.75,39.52
2023-10-03,27.00,93.00,73.75
2023-10-03,27.25,91.50,
2023-10-03,27.25,91.75,
2023-10-03,27.25,92.00,2.43
2023-10-03,27.25,92.25,11.32
2023-10-03,27.25,92.50,12.80
2023-10-03,27.25,92.75,16.76
2023-10-03,27.25,93.00,67.07
2023-10-03,27.50,91.50,
2023-10-03,27.50,91.75,14.23
2023-10-03,27.50,92.00,8.18
2023-10-03,27.50,92.25,11.74
2023-10-03,27.50,92.50,11.50
2023-10-03,27.50,92.75,16.13
2023-10-03,27.50,93.00,17.39
2023-10-03,27.75,91.50,15.59
2023-10-03,27.75,91.75,14.92
2023-10-03,27.75,92.00,11.76
2023-10-03,27.75,92.25,10.15
2023-10-03,27.75,92.50,5.98
2023-10-03,27.75,92.75,4.81
2023-10-03,27.75,93.00,2.66
2023-10-03,28.00,91.50,15.36
2023-10-03,28.00,91.75,14.54
2023-10-03,28.00,92.00,11.03
2023-10-03,28.00,92.25,5.37
2023-10-03,28.00,92.50,2.98
2023-10-03,28.00,92.75,1.64
2023-10-03,28.00,93.00,0.89
2023-10-04,25.75,91.50,3.95
2023-10-04,25.75,91.75,2.09
2023-10-04,25.75,92.00,12.34
2023-10-04,25.75,92.25,8.33
2023-10-04,25.75,92.50,18.08
2023-10-04,25.75,92.75,5.64
2023-10-04,25.75,93.00,6.51
2023-10-04,26.00,91.50,8.22
2023-10-04,26.00,91.75,21.84
2023-10-04,26.00,92.00,29.17
2023-10-04,26.00,92.25,0.40
2023-10-04,26.00,92.50,10.94
2023-10-04,26.00,92.75,11.21
2023-10-04,26.00,93.00,6.10
2023-10-04,26.25,91.50,18.97
2023-10-04,26.25,91.75,45.27
2023-10-04,26.25,92.00,41.06
2023-10-04,26.25,92.25,3.06
2023-10-04,26.25,92.50,0.00
2023-10-04,26.25,92.75,2.88
2023-10-04,26.25,93.00,4.87
2023-10-04,26.50,91.50,16.26
2023-10-04,26.50,91.75,13.73
2023-10-04,26.50,92.00,14.55
2023-10-04,26.50,92.25,0.00
2023-10-04,26.50,92.50,0.00
2023-10-04,26.50,92.75,1.57
2023-10-04,26.50,93.00,15.02
2023-10-04,26.75,91.50,7.77
2023-10-04,26.75,91.75,3.48
2023-10-04,26.75,92.00,0.97
2023-10-04,26.75,92.25,0.07
2023-10-04,26.75,92.50,1.63
2023-10-04,26.75,92.75,5.83
2023-10-04,26.75,93.00,26.62
2023-10-04,27.00,91.50,13.91
2023-10-04,27.00,91.75,7.42
2023-10-04,27.00,92.00,9.40
2023-10-04,27.00,92.25,19.80
2023-10-04,27.00,92.50,17.55
2023-10-04,27.00,92.75,20.17
2023-10-04,27.00,93.00,27.97
2023-10-04,27.25,91.50,
2023-10-04,27.25,91.75,
2023-10-04,27.25,92.00,20.11
2023-10-04,27.25,92.25,19.80
2023-10-04,27.25,92.50,19.70
2023-10-04,27.25,92.75,20.36
2023-10-04,27.25,93.00,25.79
2023-10-04,27.50,91.50,
2023-10-04,27.50,91.75,10.56
2023-10-04,27.50,92.00,17.41
2023-10-04,27.50,92.25,19.92
2023-10-04,27.50,92.50,19.62
2023-10-04,27.50,92.75,18.44
2023-10-04,27.50,93.00,17.44
2023-10-04,27.75,91.50,9.16
2023-10-04,27.75,91.75,10.13
2023-10-04,27.75,92.00,14.39
2023-10-04,27.75,92.25,19.20
2023-10-04,27.75,92.50,14.61
2023-10-04,27.75,92.75,12.06
2023-10-04,27.75,93.00,10.54
2023-10-04,28.00,91.50,9.24
2023-10-04,28.00,91.75,10.31
2023-10-04,28.00,92.00,12.85
2023-10-04,28.00,92.25,14.52
2023-10-04,28.00,92.50,11.96
2023-10-04,28.00,92.75,10.65
2023-10-04,28.00,93.00,9.60
2023-10-05,25.75,91.50,9.88
2023-10-05,25.75,91.75,7.51
2023-10-05,25.75,92.00,9.69
2023-10-05,25.75,92.25,7.73
2023-10-05,25.75,92.50,1.07
2023-10-05,25.75,92.75,0.09
2023-10-05,25.75,93.00,2.84
2023-10-05,26.00,91.50,10.80
2023-10-05,26.00,91.75,8.34
2023-10-05,26.00,92.00,9.64
2023-10-05,26.00,92.25,13.08
2023-10-05,26.00,92.50,3.86
2023-10-05,26.00,92.75,1.31
2023-10-05,26.00,93.00,2.59
2023-10-05,26.25,91.50,25.56
2023-10-05,26.25,91.75,19.24
2023-10-05,26.25,92.00,29.72
2023-10-05,26.25,92.25,6.31
2023-10-05,26.25,92.50,5.75
2023-10-05,26.25,92.75,6.96
2023-10-05,26.25,93.00,1.69
2023-10-05,26.50,91.50,17.74
2023-10-05,26.50,91.75,12.44
2023-10-05,26.50,92.00,16.26
2023-10-05,26.50,92.25,9.89
2023-10-05,26.50,92.50,6.19
2023-10-05,26.50,92.75,6.41
2023-10-05,26.50,93.00,6.15
2023-10-05,26.75,91.50,4.97
2023-10-05,26.75,91.75,1.55
2023-10-05,26.75,92.00,3.43
2023-10-05,26.75,92.25,7.54
2023-10-05,26.75,92.50,6.24
2023-10-05,26.75,92.75,8.85
2023-10-05,26.75,93.00,35.01
2023-10-05,27.00,91.50,4.06
2023-10-05,27.00,91.75,3.23
2023-10-05,27.00,92.00,4.76
2023-10-05,27.00,92.25,9.34
2023-10-05,27.00,92.50,13.20
2023-10-05,27.00,92.75,23.87
2023-10-05,27.00,93.00,41.23
2023-10-05,27.25,91.50,
2023-10-05,27.25,91.75,
2023-10-05,27.25,92.00,6.07
2023-10-05,27.25,92.25,10.38
2023-10-05,27.25,92.50,22.30
2023-10-05,27.25,92.75,25.97
2023-10-05,27.25,93.00,43.12
2023-10-05,27.50,91.50,
2023-10-05,27.50,91.75,12.05
2023-10-05,27.50,92.00,8.03
2023-10-05,27.50,92.25,12.29
2023-10-05,27.50,92.50,19.69
2023-10-05,27.50,92.75,24.32
2023-10-05,27.50,93.00,22.84
2023-10-05,27.75,91.50,14.39
2023-10-05,27.75,91.75,12.92
2023-10-05,27.75,92.00,9.71
2023-10-05,27.75,92.25,12.92
2023-10-05,27.75,92.50,17.32
2023-10-05,27.75,92.75,17.28
2023-10-05,27.75,93.00,15.41
2023-10-05,28.00,91.50,13.99
2023-10-05,28.00,91.75,13.02
2023-10-05,28.00,92.00,13.26
2023-10-05,28.00,92.25,16.14
2023-10-05,28.00,92.50,15.63
2023-10-05,28.00,92.75,15.40
2023-10-05,28.00,93.00,14.52
2023-10-06,25.75,91.50,53.20
2023-10-06,25.75,91.75,43.33
2023-10-06,25.75,92.00,42.99
2023-10-06,25.75,92.25,24.99
2023-10-06,25.75,92.50,23.70
2023-10-06,25.75,92.75,79.51
2023-10-06,25.75,93.00,39.53
2023-10-06,26.00,91.50,39.64
2023-10-06,26.00,91.75,40.41
2023-10-06,26.00,92.00,33.00
2023-10-06,26.00,92.25,32.16
2023-10-06,26.00,92.50,26.79
2023-10-06,26.00,92.75,43.61
2023-10-06,26.00,93.00,38.61
2023-10-06,26.25,91.50,35.03
2023-10-06,26.25,91.75,35.34
2023-10-06,26.25,92.00,25.76
2023-10-06,26.25,92.25,22.88
2023-10-06,26.25,92.50,26.40
2023-10-06,26.25,92.75,34.58
2023-10-06,26.25,93.00,18.68
2023-10-06,26.50,91.50,9.61
2023-10-06,26.50,91.75,12.78
2023-10-06,26.50,92.00,15.78
2023-10-06,26.50,92.25,23.87
2023-10-06,26.50,92.50,27.56
2023-10-06,26.50,92.75,28.13
2023-10-06,26.50,93.00,16.17
2023-10-06,26.75,91.50,5.35
2023-10-06,26.75,91.75,6.12
2023-10-06,26.75,92.00,12.53
2023-10-06,26.75,92.25,20.72
2023-10-06,26.75,92.50,26.71
2023-10-06,26.75,92.75,25.22
2023-10-06,26.75,93.00,19.87
2023-10-06,27.00,91.50,7.22
2023-10-06,27.00,91.75,9.56
2023-10-06,27.00,92.00,8.56
2023-10-06,27.00,92.25,12.44
2023-10-06,27.00,92.50,13.99
2023-10-06,27.00,92.75,13.61
2023-10-06,27.00,93.00,19.75
2023-10-06,27.25,91.50,
2023-10-06,27.25,91.75,
2023-10-06,27.25,92.00,2.45
2023-10-06,27.25,92.25,7.20
2023-10-06,27.25,92.50,8.39
2023-10-06,27.25,92.75,9.00
2023-10-06,27.25,93.00,18.00
2023-10-06,27.50,91.50,
2023-10-06,27.50,91.75,6.34
2023-10-06,27.50,92.00,4.90
2023-10-06,27.50,92.25,6.39
2023-10-06,27.50,92.50,7.38
2023-10-06,27.50,92.75,8.10
2023-10-06,27.50,93.00,7.95
2023-10-06,27.75,91.50,6.18
2023-10-06,27.75,91.75,6.20
2023-10-06,27.75,92.00,5.67
2023-10-06,27.75,92.25,6.32
2023-10-06,27.75,92.50,5.77
2023-10-06,27.75,92.75,5.27
2023-10-06,27.75,93.00,4.68
2023-10-06,28.00,91.50,6.16
2023-10-06,28.00,91.75,6.02
2023-10-06,28.00,92.00,5.54
2023-10-06,28.00,92.25,4.98
2023-10-06,28.00,92.50,4.85
2023-10-06,28.00,92.75,4.57
2023-10-06,28.00,93.00,4.25
2023-10-07,25.75,91.50,30.41
2023-10-07,25.75,91.75,26.44
2023-10-07,25.75,92.00,28.48
2023-10-07,25.75,92.25,9.62
2023-10-07,25.75,92.50,4.66
2023-10-07,25.75,92.75,1.68
2023-10-07,25.75,93.00,3.34
2023-10-07,26.00,91.50,45.08
2023-10-07,26.00,91.75,39.37
2023-10-07,26.00,92.00,30.01
2023-10-07,26.00,92.25,12.36
2023-10-07,26.00,92.50,8.65
2023-10-07,26.00,92.75,3.39
2023-10-07,26.00,93.00,4.62
2023-10-07,26.25,91.50,25.40
2023-10-07,26.25,91.75,46.64
2023-10-07,26.25,92.00,50.80
2023-10-07,26.25,92.25,13.32
2023-10-07,26.25,92.50,12.33
2023-10-07,26.25,92.75,7.81
2023-10-07,26.25,93.00,12.58
2023-10-07,26.50,91.50,7.48
2023-10-07,26.50,91.75,25.19
2023-10-07,26.50,92.00,25.21
2023-10-07,26.50,92.25,9.08
2023-10-07,26.50,92.50,7.09
2023-10-07,26.50,92.75,8.14
2023-10-07,26.50,93.00,12.49
2023-10-07,26.75,91.50,10.60
2023-10-07,26.75,91.75,14.43
2023-10-07,26.75,92.00,13.04
2023-10-07,26.75,92.25,7.49
2023-10-07,26.75,92.50,7.44
2023-10-07,26.75,92.75,9.41
2023-10-07,26.75,93.00,13.44
2023-10-07,27.00,91.50,7.91
2023-10-07,27.00,91.75,4.91
2023-10-07,27.00,92.00,7.69
2023-10-07,27.00,92.25,15.83
2023-10-07,27.00,92.50,11.92
2023-10-07,27.00,92.75,11.22
2023-10-07,27.00,93.00,13.99
2023-10-07,27.25,91.50,
2023-10-07,27.25,91.75,
2023-10-07,27.25,92.00,6.19
2023-10-07,27.25,92.25,9.47
2023-10-07,27.25,92.50,5.38
2023-10-07,27.25,92.75,5.03
2023-10-07,27.25,93.00,10.12
2023-10-07,27.50,91.50,
2023-10-07,27.50,91.75,3.92
2023-10-07,27.50,92.00,5.73
2023-10-07,27.50,92.25,7.36
2023-10-07,27.50,92.50,6.14
2023-10-07,27.50,92.75,6.60
2023-10-07,27.50,93.00,7.78
2023-10-07,27.75,91.50,3.37
2023-10-07,27.75,91.75,3.80
2023-10-07,27.75,92.00,5.31
2023-10-07,27.75,92.25,8.44
2023-10-07,27.75,92.50,8.97
2023-10-07,27.75,92.75,10.39
2023-10-07,27.75,93.00,11.52
2023-10-07,28.00,91.50,3.41
2023-10-07,28.00,91.75,3.76
2023-10-07,28.00,92.00,4.00
2023-10-07,28.00,92.25,7.67
2023-10-07,28.00,92.50,10.60
2023-10-07,28.00,92.75,11.16
2023-10-07,28.00,93.00,12.08
2023-10-08,25.75,91.50,21.29
2023-10-08,25.75,91.75,21.60
2023-10-08,25.75,92.00,8.38
2023-10-08,25.75,92.25,6.63
2023-10-08,25.75,92.50,2.13
2023-10-08,25.75,92.75,3.11
2023-10-08,25.75,93.00,1.62
2023-10-08,26.00,91.50,2.88
2023-10-08,26.00,91.75,4.49
2023-10-08,26.00,92.00,5.09
2023-10-08,26.00,92.25,9.28
2023-10-08,26.00,92.50,3.45
2023-10-08,26.00,92.75,1.89
2023-10-08,26.00,93.00,1.57
2023-10-08,26.25,91.50,2.78
2023-10-08,26.25,91.75,1.95
2023-10-08,26.25,92.00,0.46
2023-10-08,26.25,92.25,3.35
2023-10-08,26.25,92.50,3.36
2023-10-08,26.25,92.75,2.83
2023-10-08,26.25,93.00,2.73
2023-10-08,26.50,91.50,4.54
2023-10-08,26.50,91.75,6.47
2023-10-08,26.50,92.00,4.04
2023-10-08,26.50,92.25,6.13
2023-10-08,26.50,92.50,1.93
2023-10-08,26.50,92.75,2.54
2023-10-08,26.50,93.00,5.43
2023-10-08,26.75,91.50,2.50
2023-10-08,26.75,91.75,10.35
2023-10-08,26.75,92.00,4.65
2023-10-08,26.75,92.25,5.91
2023-10-08,26.75,92.50,3.06
2023-10-08,26.75,92.75,4.33
2023-10-08,26.75,93.00,4.55
2023-10-08,27.00,91.50,4.30
2023-10-08,27.00,91.75,5.53
2023-10-08,27.00,92.00,5.39
2023-10-08,27.00,92.25,14.04
2023-10-08,27.00,92.50,12.47
2023-10-08,27.00,92.75,10.36
2023-10-08,27.00,93.00,7.50
2023-10-08,27.25,91.50,
2023-10-08,27.25,91.75,
2023-10-08,27.25,92.00,1.35
2023-10-08,27.25,92.25,7.31
2023-10-08,27.25,92.50,11.59
2023-10-08,27.25,92.75,12.32
2023-10-08,27.25,93.00,8.81
2023-10-08,27.50,91.50,
2023-10-08,27.50,91.75,7.43
2023-10-08,27.50,92.00,4.52
2023-10-08,27.50,92.25,7.98
2023-10-08,27.50,92.50,11.12
2023-10-08,27.50,92.75,14.45
2023-10-08,27.50,93.00,15.99
2023-10-08,27.75,91.50,7.77
2023-10-08,27.75,91.75,7.56
2023-10-08,27.75,92.00,6.44
2023-10-08,27.75,92.25,9.58
2023-10-08,27.75,92.50,18.16
2023-10-08,27.75,92.75,22.39
2023-10-08,27.75,93.00,24.18
2023-10-08,28.00,91.50,7.69
2023-10-08,28.00,91.75,7.36
2023-10-08,28.00,92.00,7.20
2023-10-08,28.00,92.25,15.19
2023-10-08,28.00,92.50,21.74
2023-10-08,28.00,92.75,23.94
2023-10-08,28.00,93.00,25.30
2023-10-09,25.75,91.50,2.25
2023-10-09,25.75,91.75,2.94
2023-10-09,25.75,92.00,3.66
2023-10-09,25.75,92.25,1.00
2023-10-09,25.75,92.50,0.74
2023-10-09,25.75,92.75,0.01
2023-10-09,25.75,93.00,0.07
2023-10-09,26.00,91.50,2.67
2023-10-09,26.00,91.75,1.34
2023-10-09,26.00,92.00,0.49
2023-10-09,26.00,92.25,1.09
2023-10-09,26.00,92.50,0.71
2023-10-09,26.00,92.75,0.16
2023-10-09,26.00,93.00,0.07
2023-10-09,26.25,91.50,4.21
2023-10-09,26.25,91.75,0.80
2023-10-09,26.25,92.00,0.03
2023-10-09,26.25,92.25,5.54
2023-10-09,26.25,92.50,8.84
2023-10-09,26.25,92.75,11.51
2023-10-09,26.25,93.00,0.73
2023-10-09,26.50,91.50,4.29
2023-10-09,26.50,91.75,1.85
2023-10-09,26.50,92.00,4.68
2023-10-09,26.50,92.25,15.40
2023-10-09,26.50,92.50,19.37
2023-10-09,26.50,92.75,17.14
2023-10-09,26.50,93.00,10.94
2023-10-09,26.75,91.50,0.16
2023-10-09,26.75,91.75,0.11
2023-10-09,26.75,92.00,6.38
2023-10-09,26.75,92.25,13.67
2023-10-09,26.75,92.50,18.66
2023-10-09,26.75,92.75,23.49
2023-10-09,26.75,93.00,50.22
2023-10-09,27.00,91.50,0.44
2023-10-09,27.00,91.75,1.59
2023-10-09,27.00,92.00,9.20
2023-10-09,27.00,92.25,13.86
2023-10-09,27.00,92.50,23.59
2023-10-09,27.00,92.75,51.72
2023-10-09,27.00,93.00,67.72
2023-10-09,27.25,91.50,
2023-10-09,27.25,91.75,
2023-10-09,27.25,92.00,18.57
2023-10-09,27.25,92.25,21.43
2023-10-09,27.25,92.50,42.96
2023-10-09,27.25,92.75,48.82
2023-10-09,27.25,93.00,69.69
2023-10-09,27.50,91.50,
2023-10-09,27.50,91.75,4.12
2023-10-09,27.50,92.00,12.14
2023-10-09,27.50,92.25,25.76
2023-10-09,27.50,92.50,37.77
2023-10-09,27.50,92.75,44.63
2023-10-09,27.50,93.00,33.17
2023-10-09,27.75,91.50,1.95
2023-10-09,27.75,91.75,3.66
2023-10-09,27.75,92.00,9.01
2023-10-09,27.75,92.25,25.03
2023-10-09,27.75,92.50,24.59
2023-10-09,27.75,92.75,18.61
2023-10-09,27.75,93.00,11.46
2023-10-09,28.00,91.50,2.38
2023-10-09,28.00,91.75,3.87
2023-10-09,28.00,92.00,11.43
2023-10-09,28.00,92.25,22.47
2023-10-09,28.00,92.50,16.85
2023-10-09,28.00,92.75,11.96
2023-10-09,28.00,93.00,9.43
2023-10-10,25.75,91.50,6.87
2023-10-10,25.75,91.75,5.69
2023-10-10,25.75,92.00,15.04
2023-10-10,25.75,92.25,11.71
2023-10-10,25.75,92.50,0.88
2023-10-10,25.75,92.75,0.00
2023-10-10,25.75,93.00,0.00
2023-10-10,26.00,91.50,12.26
2023-10-10,26.00,91.75,7.13
2023-10-10,26.00,92.00,10.94
2023-10-10,26.00,92.25,27.31
2023-10-10,26.00,92.50,9.57
2023-10-10,26.00,92.75,0.00
2023-10-10,26.00,93.00,0.00
2023-10-10,26.25,91.50,1.71
2023-10-10,26.25,91.75,1.93
2023-10-10,26.25,92.00,2.76
2023-10-10,26.25,92.25,11.97
2023-10-10,26.25,92.50,13.24
2023-10-10,26.25,92.75,9.34
2023-10-10,26.25,93.00,0.00
2023-10-10,26.50,91.50,5.57
2023-10-10,26.50,91.75,8.72
2023-10-10,26.50,92.00,12.74
2023-10-10,26.50,92.25,16.57
2023-10-10,26.50,92.50,11.42
2023-10-10,26.50,92.75,12.33
2023-10-10,26.50,93.00,2.61
2023-10-10,26.75,91.50,1.78
2023-10-10,26.75,91.75,6.40
2023-10-10,26.75,92.00,30.30
2023-10-10,26.75,92.25,9.76
2023-10-10,26.75,92.50,11.15
2023-10-10,26.75,92.75,12.15
2023-10-10,26.75,93.00,10.16
2023-10-10,27.00,91.50,3.09
2023-10-10,27.00,91.75,4.53
2023-10-10,27.00,92.00,11.36
2023-10-10,27.00,92.25,14.68
2023-10-10,27.00,92.50,18.06
2023-10-10,27.00,92.75,18.89
2023-10-10,27.00,93.00,13.34
2023-10-10,27.25,91.50,
2023-10-10,27.25,91.75,
2023-10-10,27.25,92.00,0.38
2023-10-10,27.25,92.25,10.05
2023-10-10,27.25,92.50,24.30
2023-10-10,27.25,92.75,26.59
2023-10-10,27.25,93.00,18.63
2023-10-10,27.50,91.50,
2023-10-10,27.50,91.75,0.74
2023-10-10,27.50,92.00,1.40
2023-10-10,27.50,92.25,11.21
2023-10-10,27.50,92.50,20.47
2023-10-10,27.50,92.75,23.07
2023-10-10,27.50,93.00,14.62
2023-10-10,27.75,91.50,0.11
2023-10-10,27.75,91.75,0.54
2023-10-10,27.75,92.00,1.50
2023-10-10,27.75,92.25,11.73
2023-10-10,27.75,92.50,14.92
2023-10-10,27.75,92.75,11.89
2023-10-10,27.75,93.00,8.49
2023-10-10,28.00,91.50,0.15
2023-10-10,28.00,91.75,0.40
2023-10-10,28.00,92.00,3.29
2023-10-10,28.00,92.25,11.70
2023-10-10,28.00,92.50,11.43
2023-10-10,28.00,92.75,9.24
2023-10-10,28.00,93.00,8.12
2023-10-11,25.75,91.50,0.20
2023-10-11,25.75,91.75,0.19
2023-10-11,25.75,92.00,0.04
2023-10-11,25.75,92.25,0.00
2023-10-11,25.75,92.50,0.00
2023-10-11,25.75,92.75,0.00
2023-10-11,25.75,93.00,0.00
2023-10-11,26.00,91.50,0.00
2023-10-11,26.00,91.75,0.11
2023-10-11,26.00,92.00,0.00
2023-10-11,26.00,92.25,0.00
2023-10-11,26.00,92.50,0.00
2023-10-11,26.00,92.75,0.00
2023-10-11,26.00,93.00,0.00
2023-10-11,26.25,91.50,0.00
2023-10-11,26.25,91.75,0.00
2023-10-11,26.25,92.00,0.00
2023-10-11,26.25,92.25,0.00
2023-10-11,26.25,92.50,0.00
2023-10-11,26.25,92.75,0.00
2023-10-11,26.25,93.00,0.00
2023-10-11,26.50,91.50,0.00
2023-10-11,26.50,91.75,0.00
2023-10-11,26.50,92.00,0.00
2023-10-11,26.50,92.25,0.00
2023-10-11,26.50,92.50,0.00
2023-10-11,26.50,92.75,0.00
2023-10-11,26.50,93.00,0.00
2023-10-11,26.75,91.50,0.00
2023-10-11,26.75,91.75,0.00
2023-10-11,26.75,92.00,0.00
2023-10-11,26.75,92.25,0.00
2023-10-11,26.75,92.50,0.00
2023-10-11,26.75,92.75,0.00
2023-10-11,26.75,93.00,0.00
2023-10-11,27.00,91.50,0.00
2023-10-11,27.00,91.75,0.00
2023-10-11,27.00,92.00,0.00
2023-10-11,27.00,92.25,0.00
2023-10-11,27.00,92.50,0.00
2023-10-11,27.00,92.75,0.00
2023-10-11,27.00,93.00,0.00
2023-10-11,27.25,91.50,
2023-10-11,27.25,91.75,
2023-10-11,27.25,92.00,0.00
2023-10-11,27.25,92.25,0.00
2023-10-11,27.25,92.50,0.00
2023-10-11,27.25,92.75,0.00
2023-10-11,27.25,93.00,0.29
2023-10-11,27.50,91.50,
2023-10-11,27.50,91.75,0.00
2023-10-11,27.50,92.00,0.00
2023-10-11,27.50,92.25,0.00
2023-10-11,27.50,92.50,0.74
2023-10-11,27.50,92.75,3.27
2023-10-11,27.50,93.00,7.19
2023-10-11,27.75,91.50,0.00
2023-10-11,27.75,91.75,0.00
2023-10-11,27.75,92.00,0.00
2023-10-11,27.75,92.25,1.70
2023-10-11,27.75,92.50,8.86
2023-10-11,27.75,92.75,13.56
2023-10-11,27.75,93.00,16.23
2023-10-11,28.00,91.50,0.00
2023-10-11,28.00,91.75,0.00
2023-10-11,28.00,92.00,0.00
2023-10-11,28.00,92.25,7.33
2023-10-11,28.00,92.50,13.18
2023-10-11,28.00,92.75,15.79
2023-10-11,28.00,93.00,17.32
2023-10-12,25.75,91.50,0.08
2023-10-12,25.75,91.75,0.20
2023-10-12,25.75,92.00,0.00
2023-10-12,25.75,92.25,0.00
2023-10-12,25.75,92.50,0.07
2023-10-12,25.75,92.75,0.57
2023-10-12,25.75,93.00,0.12
2023-10-12,26.00,91.50,0.00
2023-10-12,26.00,91.75,0.00
2023-10-12,26.00,92.00,0.00
2023-10-12,26.00,92.25,0.00
2023-10-12,26.00,92.50,0.03
2023-10-12,26.00,92.75,0.21
2023-10-12,26.00,93.00,0.13
2023-10-12,26.25,91.50,0.00
2023-10-12,26.25,91.75,0.00
2023-10-12,26.25,92.00,0.00
2023-10-12,26.25,92.25,0.00
2023-10-12,26.25,92.50,0.00
2023-10-12,26.25,92.75,0.00
2023-10-12,26.25,93.00,0.00
2023-10-12,26.50,91.50,0.00
2023-10-12,26.50,91.75,0.38
2023-10-12,26.50,92.00,1.04
2023-10-12,26.50,92.25,0.33
2023-10-12,26.50,92.50,0.00
2023-10-12,26.50,92.75,0.00
2023-10-12,26.50,93.00,0.00
2023-10-12,26.75,91.50,0.00
2023-10-12,26.75,91.75,0.00
2023-10-12,26.75,92.00,0.25
2023-10-12,26.75,92.25,1.85
2023-10-12,26.75,92.50,0.15
2023-10-12,26.75,92.75,0.00
2023-10-12,26.75,93.00,0.00
2023-10-12,27.00,91.50,0.00
2023-10-12,27.00,91.75,0.00
2023-10-12,27.00,92.00,0.38
2023-10-12,27.00,92.25,0.09
2023-10-12,27.00,92.50,0.00
2023-10-12,27.00,92.75,0.00
2023-10-12,27.00,93.00,0.00
2023-10-12,27.25,91.50,
2023-10-12,27.25,91.75,
2023-10-12,27.25,92.00,0.00
2023-10-12,27.25,92.25,0.00
2023-10-12,27.25,92.50,0.00
2023-10-12,27.25,92.75,0.00
2023-10-12,27.25,93.00,0.00
2023-10-12,27.50,91.50,
2023-10-12,27.50,91.75,0.00
2023-10-12,27.50,92.00,0.00
2023-10-12,27.50,92.25,0.00
2023-10-12,27.50,92.50,0.08
2023-10-12,27.50,92.75,0.36
2023-10-12,27.50,93.00,0.68
2023-10-12,27.75,91.50,0.00
2023-10-12,27.75,91.75,0.00
2023-10-12,27.75,92.00,0.00
2023-10-12,27.75,92.25,0.19
2023-10-12,27.75,92.50,0.98
2023-10-12,27.75,92.75,1.48
2023-10-12,27.75,93.00,1.76
2023-10-12,28.00,91.50,0.00
2023-10-12,28.00,91.75,0.00
2023-10-12,28.00,92.00,0.00
2023-10-12,28.00,92.25,0.81
2023-10-12,28.00,92.50,1.46
2023-10-12,28.00,92.75,1.72
2023-10-12,28.00,93.00,1.91
2023-10-13,25.75,91.50,0.00
2023-10-13,25.75,91.75,0.00
2023-10-13,25.75,92.00,0.00
2023-10-13,25.75,92.25,0.00
2023-10-13,25.75,92.50,1.07
2023-10-13,25.75,92.75,9.03
2023-10-13,25.75,93.00,3.46
2023-10-13,26.00,91.50,0.16
2023-10-13,26.00,91.75,0.00
2023-10-13,26.00,92.00,0.00
2023-10-13,26.00,92.25,0.00
2023-10-13,26.00,92.50,0.54
2023-10-13,26.00,92.75,4.05
2023-10-13,26.00,93.00,3.47
2023-10-13,26.25,91.50,0.69
2023-10-13,26.25,91.75,0.14
2023-10-13,26.25,92.00,0.00
2023-10-13,26.25,92.25,0.00
2023-10-13,26.25,92.50,1.62
2023-10-13,26.25,92.75,2.32
2023-10-13,26.25,93.00,0.92
2023-10-13,26.50,91.50,1.94
2023-10-13,26.50,91.75,0.00
2023-10-13,26.50,92.00,0.00
2023-10-13,26.50,92.25,3.52
2023-10-13,26.50,92.50,6.78
2023-10-13,26.50,92.75,5.77
2023-10-13,26.50,93.00,18.88
2023-10-13,26.75,91.50,0.29
2023-10-13,26.75,91.75,0.00
2023-10-13,26.75,92.00,0.02
2023-10-13,26.75,92.25,4.01
2023-10-13,26.75,92.50,8.48
2023-10-13,26.75,92.75,9.84
2023-10-13,26.75,93.00,16.53
2023-10-13,27.00,91.50,0.00
2023-10-13,27.00,91.75,0.00
2023-10-13,27.00,92.00,0.00
2023-10-13,27.00,92.25,18.98
2023-10-13,27.00,92.50,13.80
2023-10-13,27.00,92.75,5.75
2023-10-13,27.00,93.00,8.79
2023-10-13,27.25,91.50,
2023-10-13,27.25,91.75,
2023-10-13,27.25,92.00,0.25
2023-10-13,27.25,92.25,7.64
2023-10-13,27.25,92.50,2.72
2023-10-13,27.25,92.75,1.65
2023-10-13,27.25,93.00,0.00
2023-10-13,27.50,91.50,
2023-10-13,27.50,91.75,0.50
2023-10-13,27.50,92.00,1.43
2023-10-13,27.50,92.25,4.27
2023-10-13,27.50,92.50,2.97
2023-10-13,27.50,92.75,1.22
2023-10-13,27.50,93.00,1.01
2023-10-13,27.75,91.50,0.00
2023-10-13,27.75,91.75,0.40
2023-10-13,27.75,92.00,1.58
2023-10-13,27.75,92.25,5.08
2023-10-13,27.75,92.50,2.76
2023-10-13,27.75,92.75,2.22
2023-10-13,27.75,93.00,2.64
2023-10-13,28.00,91.50,0.00
2023-10-13,28.00,91.75,0.27
2023-10-13,28.00,92.00,0.00
2023-10-13,28.00,92.25,1.22
2023-10-13,28.00,92.50,2.77
2023-10-13,28.00,92.75,2.58
2023-10-13,28.00,93.00,2.86
2023-10-14,25.75,91.50,0.00
2023-10-14,25.75,91.75,0.00
2023-10-14,25.75,92.00,0.00
2023-10-14,25.75,92.25,0.00
2023-10-14,25.75,92.50,0.00
2023-10-14,25.75,92.75,0.00
2023-10-14,25.75,93.00,0.00
2023-10-14,26.00,91.50,0.00
2023-10-14,26.00,91.75,0.00
2023-10-14,26.00,92.00,0.00
2023-10-14,26.00,92.25,0.00
2023-10-14,26.00,92.50,0.00
2023-10-14,26.00,92.75,0.00
2023-10-14,26.00,93.00,0.00
2023-10-14,26.25,91.50,0.00
2023-10-14,26.25,91.75,0.00
2023-10-14,26.25,92.00,0.00
2023-10-14,26.25,92.25,0.00
2023-10-14,26.25,92.50,0.00
2023-10-14,26.25,92.75,0.00
2023-10-14,26.25,93.00,0.00
2023-10-14,26.50,91.50,0.00
2023-10-14,26.50,91.75,0.00
2023-10-14,26.50,92.00,0.00
2023-10-14,26.50,92.25,0.00
2023-10-14,26.50,92.50,0.00
2023-10-14,26.50,92.75,0.00
2023-10-14,26.50,93.00,0.00
2023-10-14,26.75,91.50,0.05
2023-10-14,26.75,91.75,0.00
2023-10-14,26.75,92.00,0.00
2023-10-14,26.75,92.25,0.00
2023-10-14,26.75,92.50,0.00
2023-10-14,26.75,92.75,0.00
2023-10-14,26.75,93.00,0.00
2023-10-14,27.00,91.50,0.10
2023-10-14,27.00,91.75,0.00
2023-10-14,27.00,92.00,0.00
2023-10-14,27.00,92.25,0.00
2023-10-14,27.00,92.50,0.00
2023-10-14,27.00,92.75,0.00
2023-10-14,27.00,93.00,0.00
2023-10-14,27.25,91.50,
2023-10-14,27.25,91.75,
2023-10-14,27.25,92.00,0.00
2023-10-14,27.25,92.25,0.00
2023-10-14,27.25,92.50,0.00
2023-10-14,27.25,92.75,0.00
2023-10-14,27.25,93.00,0.00
2023-10-14,27.50,91.50,
2023-10-14,27.50,91.75,0.95
2023-10-14,27.50,92.00,0.31
2023-10-14,27.50,92.25,0.00
2023-10-14,27.50,92.50,0.00
2023-10-14,27.50,92.75,0.00
2023-10-14,27.50,93.00,0.00
2023-10-14,27.75,91.50,1.27
2023-10-14,27.75,91.75,1.06
2023-10-14,27.75,92.00,0.56
2023-10-14,27.75,92.25,0.00
2023-10-14,27.75,92.50,0.00
2023-10-14,27.75,92.75,0.00
2023-10-14,27.75,93.00,0.00
2023-10-14,28.00,91.50,1.21
2023-10-14,28.00,91.75,1.07
2023-10-14,28.00,92.00,0.77
2023-10-14,28.00,92.25,0.13
2023-10-14,28.00,92.50,0.00
2023-10-14,28.00,92.75,0.00
2023-10-14,28.00,93.00,0.00
2023-10-15,25.75,91.50,0.01
2023-10-15,25.75,91.75,0.02
2023-10-15,25.75,92.00,0.00
2023-10-15,25.75,92.25,1.50
2023-10-15,25.75,92.50,0.68
2023-10-15,25.75,92.75,2.10
2023-10-15,25.75,93.00,0.45
2023-10-15,26.00,91.50,0.00
2023-10-15,26.00,91.75,0.00
2023-10-15,26.00,92.00,0.00
2023-10-15,26.00,92.25,0.00
2023-10-15,26.00,92.50,0.13
2023-10-15,26.00,92.75,0.78
2023-10-15,26.00,93.00,0.48
2023-10-15,26.25,91.50,0.00
2023-10-15,26.25,91.75,0.00
2023-10-15,26.25,92.00,0.00
2023-10-15,26.25,92.25,0.00
2023-10-15,26.25,92.50,0.00
2023-10-15,26.25,92.75,0.00
2023-10-15,26.25,93.00,0.00
2023-10-15,26.50,91.50,0.00
2023-10-15,26.50,91.75,0.00
2023-10-15,26.50,92.00,0.00
2023-10-15,26.50,92.25,0.00
2023-10-15,26.50,92.50,0.00
2023-10-15,26.50,92.75,0.00
2023-10-15,26.50,93.00,0.00
2023-10-15,26.75,91.50,0.00
2023-10-15,26.75,91.75,0.00
2023-10-15,26.75,92.00,0.00
2023-10-15,26.75,92.25,0.00
2023-10-15,26.75,92.50,0.00
2023-10-15,26.75,92.75,0.48
2023-10-15,26.75,93.00,1.90
2023-10-15,27.00,91.50,0.00
2023-10-15,27.00,91.75,0.00
2023-10-15,27.00,92.00,0.00
2023-10-15,27.00,92.25,0.00
2023-10-15,27.00,92.50,0.00
2023-10-15,27.00,92.75,1.87
2023-10-15,27.00,93.00,3.18
2023-10-15,27.25,91.50,
2023-10-15,27.25,91.75,
2023-10-15,27.25,92.00,0.00
2023-10-15,27.25,92.25,0.00
2023-10-15,27.25,92.50,0.00
2023-10-15,27.25,92.75,0.19
2023-10-15,27.25,93.00,2.55
2023-10-15,27.50,91.50,
2023-10-15,27.50,91.75,5.13
2023-10-15,27.50,92.00,1.70
2023-10-15,27.50,92.25,0.00
2023-10-15,27.50,92.50,0.08
2023-10-15,27.50,92.75,0.83
2023-10-15,27.50,93.00,1.39
2023-10-15,27.75,91.50,6.88
2023-10-15,27.75,91.75,5.74
2023-10-15,27.75,92.00,3.04
2023-10-15,27.75,92.25,0.19
2023-10-15,27.75,92.50,0.98
2023-10-15,27.75,92.75,1.61
2023-10-15,27.75,93.00,1.85
2023-10-15,28.00,91.50,6.59
2023-10-15,28.00,91.75,5.80
2023-10-15,28.00,92.00,4.19
2023-10-15,28.00,92.25,1.49
2023-10-15,28.00,92.50,1.46
2023-10-15,28.00,92.75,1.72
2023-10-15,28.00,93.00,1.93
2023-10-16,25.75,91.50,0.00
2023-10-16,25.75,91.75,0.00
2023-10-16,25.75,92.00,0.00
2023-10-16,25.75,92.25,0.00
2023-10-16,25.75,92.50,0.00
2023-10-16,25.75,92.75,0.00
2023-10-16,25.75,93.00,0.00
2023-10-16,26.00,91.50,0.00
2023-10-16,26.00,91.75,0.00
2023-10-16,26.00,92.00,0.00
2023-10-16,26.00,92.25,0.00
2023-10-16,26.00,92.50,0.00
2023-10-16,26.00,92.75,0.00
2023-10-16,26.00,93.00,0.00
2023-10-16,26.25,91.50,0.00
2023-10-16,26.25,91.75,0.00
2023-10-16,26.25,92.00,0.00
2023-10-16,26.25,92.25,0.00
2023-10-16,26.25,92.50,0.00
2023-10-16,26.25,92.75,0.00
2023-10-16,26.25,93.00,0.00
2023-10-16,26.50,91.50,0.00
2023-10-16,26.50,91.75,0.00
2023-10-16,26.50,92.00,0.00
2023-10-16,26.50,92.25,0.00
2023-10-16,26.50,92.50,0.00
2023-10-16,26.50,92.75,0.00
2023-10-16,26.50,93.00,0.00
2023-10-16,26.75,91.50,0.00
2023-10-16,26.75,91.75,0.00
2023-10-16,26.75,92.00,0.00
2023-10-16,26.75,92.25,0.00
2023-10-16,26.75,92.50,0.00
2023-10-16,26.75,92.75,0.00
2023-10-16,26.75,93.00,0.00
2023-10-16,27.00,91.50,0.00
2023-10-16,27.00,91.75,0.00
2023-10-16,27.00,92.00,0.00
2023-10-16,27.00,92.25,0.00
2023-10-16,27.00,92.50,0.00
2023-10-16,27.00,92.75,0.00
2023-10-16,27.00,93.00,0.00
2023-10-16,27.25,91.50,
2023-10-16,27.25,91.75,
2023-10-16,27.25,92.00,0.00
2023-10-16,27.25,92.25,0.00
2023-10-16,27.25,92.50,0.00
2023-10-16,27.25,92.75,0.00
2023-10-16,27.25,93.00,0.00
2023-10-16,27.50,91.50,
2023-10-16,27.50,91.75,0.00
2023-10-16,27.50,92.00,0.00
2023-10-16,27.50,92.25,0.00
2023-10-16,27.50,92.50,0.00
2023-10-16,27.50,92.75,0.00
2023-10-16,27.50,93.00,0.00
2023-10-16,27.75,91.50,0.00
2023-10-16,27.75,91.75,0.00
2023-10-16,27.75,92.00,0.00
2023-10-16,27.75,92.25,0.00
2023-10-16,27.75,92.50,0.00
2023-10-16,27.75,92.75,0.00
2023-10-16,27.75,93.00,0.00
2023-10-16,28.00,91.50,0.00
2023-10-16,28.00,91.75,0.00
2023-10-16,28.00,92.00,0.00
2023-10-16,28.00,92.25,0.00
2023-10-16,28.00,92.50,0.00
2023-10-16,28.00,92.75,0.00
2023-10-16,28.00,93.00,0.00
2023-10-17,25.75,91.50,0.00
2023-10-17,25.75,91.75,0.00
2023-10-17,25.75,92.00,0.00
2023-10-17,25.75,92.25,0.00
2023-10-17,25.75,92.50,0.00
2023-10-17,25.75,92.75,0.00
2023-10-17,25.75,93.00,0.00
2023-10-17,26.00,91.50,0.00
2023-10-17,26.00,91.75,0.00
2023-10-17,26.00,92.00,0.00
2023-10-17,26.00,92.25,0.00
2023-10-17,26.00,92.50,0.00
2023-10-17,26.00,92.75,0.00
2023-10-17,26.00,93.00,0.00
2023-10-17,26.25,91.50,0.00
2023-10-17,26.25,91.75,0.00
2023-10-17,26.25,92.00,0.00
2023-10-17,26.25,92.25,0.00
2023-10-17,26.25,92.50,0.00
2023-10-17,26.25,92.75,0.00
2023-10-17,26.25,93.00,0.00
2023-10-17,26.50,91.50,0.00
2023-10-17,26.50,91.75,0.00
2023-10-17,26.50,92.00,0.00
2023-10-17,26.50,92.25,0.00
2023-10-17,26.50,92.50,0.00
2023-10-17,26.50,92.75,0.00
2023-10-17,26.50,93.00,0.00
2023-10-17,26.75,91.50,0.00
2023-10-17,26.75,91.75,0.00
2023-10-17,26.75,92.00,0.00
2023-10-17,26.75,92.25,0.00
2023-10-17,26.75,92.50,0.00
2023-10-17,26.75,92.75,0.00
2023-10-17,26.75,93.00,0.00
2023-10-17,27.00,91.50,0.00
2023-10-17,27.00,91.75,0.00
2023-10-17,27.00,92.00,0.00
2023-10-17,27.00,92.25,0.00
2023-10-17,27.00,92.50,0.00
2023-10-17,27.00,92.75,0.00
2023-10-17,27.00,93.00,0.00
2023-10-17,27.25,91.50,
2023-10-17,27.25,91.75,
2023-10-17,27.25,92.00,0.00
2023-10-17,27.25,92.25,0.00
2023-10-17,27.25,92.50,0.00
2023-10-17,27.25,92.75,0.00
2023-10-17,27.25,93.00,0.00
2023-10-17,27.50,91.50,
2023-10-17,27.50,91.75,0.00
2023-10-17,27.50,92.00,0.00
2023-10-17,27.50,92.25,0.00
2023-10-17,27.50,92.50,0.00
2023-10-17,27.50,92.75,0.00
2023-10-17,27.50,93.00,0.00
2023-10-17,27.75,91.50,0.00
2023-10-17,27.75,91.75,0.00
2023-10-17,27.75,92.00,0.00
2023-10-17,27.75,92.25,0.00
2023-10-17,27.75,92.50,0.00
2023-10-17,27.75,92.75,0.00
2023-10-17,27.75,93.00,0.00
2023-10-17,28.00,91.50,0.00
2023-10-17,28.00,91.75,0.00
2023-10-17,28.00,92.00,0.00
2023-10-17,28.00,92.25,0.00
2023-10-17,28.00,92.50,0.00
2023-10-17,28.00,92.75,0.00
2023-10-17,28.00,93.00,0.00
2023-10-18,25.75,91.50,7.71
2023-10-18,25.75,91.75,6.36
2023-10-18,25.75,92.00,0.17
2023-10-18,25.75,92.25,0.00
2023-10-18,25.75,92.50,0.00
2023-10-18,25.75,92.75,0.00
2023-10-18,25.75,93.00,0.00
2023-10-18,26.00,91.50,16.94
2023-10-18,26.00,91.75,8.09
2023-10-18,26.00,92.00,0.00
2023-10-18,26.00,92.25,0.00
2023-10-18,26.00,92.50,0.00
2023-10-18,26.00,92.75,0.00
2023-10-18,26.00,93.00,0.00
2023-10-18,26.25,91.50,0.00
2023-10-18,26.25,91.75,0.00
2023-10-18,26.25,92.00,0.00
2023-10-18,26.25,92.25,0.00
2023-10-18,26.25,92.50,0.00
2023-10-18,26.25,92.75,0.00
2023-10-18,26.25,93.00,0.00
2023-10-18,26.50,91.50,0.00
2023-10-18,26.50,91.75,0.00
2023-10-18,26.50,92.00,0.00
2023-10-18,26.50,92.25,0.00
2023-10-18,26.50,92.50,0.00
2023-10-18,26.50,92.75,0.00
2023-10-18,26.50,93.00,0.00
2023-10-18,26.75,91.50,0.00
2023-10-18,26.75,91.75,0.00
2023-10-18,26.75,92.00,0.00
2023-10-18,26.75,92.25,0.00
2023-10-18,26.75,92.50,0.00
2023-10-18,26.75,92.75,0.00
2023-10-18,26.75,93.00,0.00
2023-10-18,27.00,91.50,0.00
2023-10-18,27.00,91.75,0.00
2023-10-18,27.00,92.00,0.00
2023-10-18,27.00,92.25,0.00
2023-10-18,27.00,92.50,0.00
2023-10-18,27.00,92.75,0.00
2023-10-18,27.00,93.00,0.00
2023-10-18,27.25,91.50,
2023-10-18,27.25,91.75,
2023-10-18,27.25,92.00,0.00
2023-10-18,27.25,92.25,0.00
2023-10-18,27.25,92.50,0.00
2023-10-18,27.25,92.75,0.00
2023-10-18,27.25,93.00,0.00
2023-10-18,27.50,91.50,
2023-10-18,27.50,91.75,0.00
2023-10-18,27.50,92.00,0.00
2023-10-18,27.50,92.25,0.00
2023-10-18,27.50,92.50,0.00
2023-10-18,27.50,92.75,0.00
2023-10-18,27.50,93.00,0.00
2023-10-18,27.75,91.50,0.00
2023-10-18,27.75,91.75,0.00
2023-10-18,27.75,92.00,0.00
2023-10-18,27.75,92.25,0.00
2023-10-18,27.75,92.50,0.00
2023-10-18,27.75,92.75,0.00
2023-10-18,27.75,93.00,0.00
2023-10-18,28.00,91.50,0.00
2023-10-18,28.00,91.75,0.00
2023-10-18,28.00,92.00,0.00
2023-10-18,28.00,92.25,0.00
2023-10-18,28.00,92.50,0.00
2023-10-18,28.00,92.75,0.00
2023-10-18,28.00,93.00,0.00
2023-10-19,25.75,91.50,0.00
2023-10-19,25.75,91.75,0.00
2023-10-19,25.75,92.00,0.00
2023-10-19,25.75,92.25,0.00
2023-10-19,25.75,92.50,0.00
2023-10-19,25.75,92.75,0.00
2023-10-19,25.75,93.00,0.00
2023-10-19,26.00,91.50,0.00
2023-10-19,26.00,91.75,0.00
2023-10-19,26.00,92.00,0.00
2023-10-19,26.00,92.25,0.00
2023-10-19,26.00,92.50,0.00
2023-10-19,26.00,92.75,0.00
2023-10-19,26.00,93.00,0.00
2023-10-19,26.25,91.50,0.00
2023-10-19,26.25,91.75,0.00
2023-10-19,26.25,92.00,0.00
2023-10-19,26.25,92.25,1.17
2023-10-19,26.25,92.50,1.07
2023-10-19,26.25,92.75,0.84
2023-10-19,26.25,93.00,0.00
2023-10-19,26.50,91.50,0.00
2023-10-19,26.50,91.75,0.00
2023-10-19,26.50,92.00,0.00
2023-10-19,26.50,92.25,1.58
2023-10-19,26.50,92.50,0.20
2023-10-19,26.50,92.75,0.47
2023-10-19,26.50,93.00,0.00
2023-10-19,26.75,91.50,0.00
2023-10-19,26.75,91.75,0.00
2023-10-19,26.75,92.00,0.00
2023-10-19,26.75,92.25,0.00
2023-10-19,26.75,92.50,0.00
2023-10-19,26.75,92.75,0.21
2023-10-19,26.75,93.00,1.19
2023-10-19,27.00,91.50,0.00
2023-10-19,27.00,91.75,0.00
2023-10-19,27.00,92.00,0.00
2023-10-19,27.00,92.25,0.00
2023-10-19,27.00,92.50,0.00
2023-10-19,27.00,92.75,0.80
2023-10-19,27.00,93.00,1.72
2023-10-19,27.25,91.50,
2023-10-19,27.25,91.75,
2023-10-19,27.25,92.00,0.00
2023-10-19,27.25,92.25,0.00
2023-10-19,27.25,92.50,0.00
2023-10-19,27.25,92.75,0.11
2023-10-19,27.25,93.00,1.46
2023-10-19,27.50,91.50,
2023-10-19,27.50,91.75,0.81
2023-10-19,27.50,92.00,0.27
2023-10-19,27.50,92.25,0.00
2023-10-19,27.50,92.50,0.18
2023-10-19,27.50,92.75,1.02
2023-10-19,27.50,93.00,1.83
2023-10-19,27.75,91.50,1.09
2023-10-19,27.75,91.75,0.91
2023-10-19,27.75,92.00,0.48
2023-10-19,27.75,92.25,0.43
2023-10-19,27.75,92.50,2.22
2023-10-19,27.75,92.75,3.39
2023-10-19,27.75,93.00,4.00
2023-10-19,28.00,91.50,1.04
2023-10-19,28.00,91.75,0.92
2023-10-19,28.00,92.00,0.66
2023-10-19,28.00,92.25,1.94
2023-10-19,28.00,92.50,3.29
2023-10-19,28.00,92.75,3.87
2023-10-19,28.00,93.00,4.30
2023-10-20,25.75,91.50,0.00
2023-10-20,25.75,91.75,0.96
2023-10-20,25.75,92.00,2.66
2023-10-20,25.75,92.25,0.00
2023-10-20,25.75,92.50,0.00
2023-10-20,25.75,92.75,0.00
2023-10-20,25.75,93.00,0.00
2023-10-20,26.00,91.50,0.00
2023-10-20,26.00,91.75,0.00
2023-10-20,26.00,92.00,0.00
2023-10-20,26.00,92.25,0.00
2023-10-20,26.00,92.50,0.00
2023-10-20,26.00,92.75,0.00
2023-10-20,26.00,93.00,0.00
2023-10-20,26.25,91.50,0.00
2023-10-20,26.25,91.75,0.00
2023-10-20,26.25,92.00,0.00
2023-10-20,26.25,92.25,0.00
2023-10-20,26.25,92.50,0.00
2023-10-20,26.25,92.75,0.00
2023-10-20,26.25,93.00,0.00
2023-10-20,26.50,91.50,0.00
2023-10-20,26.50,91.75,0.00
2023-10-20,26.50,92.00,0.00
2023-10-20,26.50,92.25,0.00
2023-10-20,26.50,92.50,0.00
2023-10-20,26.50,92.75,0.00
2023-10-20,26.50,93.00,0.00
2023-10-20,26.75,91.50,0.00
2023-10-20,26.75,91.75,0.00
2023-10-20,26.75,92.00,0.00
2023-10-20,26.75,92.25,0.00
2023-10-20,26.75,92.50,0.66
2023-10-20,26.75,92.75,1.61
2023-10-20,26.75,93.00,0.00
2023-10-20,27.00,91.50,0.00
2023-10-20,27.00,91.75,0.00
2023-10-20,27.00,92.00,0.00
2023-10-20,27.00,92.25,7.66
2023-10-20,27.00,92.50,5.12
2023-10-20,27.00,92.75,2.12
2023-10-20,27.00,93.00,0.00
2023-10-20,27.25,91.50,
2023-10-20,27.25,91.75,
2023-10-20,27.25,92.00,0.10
2023-10-20,27.25,92.25,3.09
2023-10-20,27.25,92.50,1.06
2023-10-20,27.25,92.75,0.66
2023-10-20,27.25,93.00,0.00
2023-10-20,27.50,91.50,
2023-10-20,27.50,91.75,0.20
2023-10-20,27.50,92.00,0.58
2023-10-20,27.50,92.25,1.72
2023-10-20,27.50,92.50,1.33
2023-10-20,27.50,92.75,1.09
2023-10-20,27.50,93.00,1.52
2023-10-20,27.75,91.50,0.00
2023-10-20,27.75,91.75,0.16
2023-10-20,27.75,92.00,0.64
2023-10-20,27.75,92.25,2.36
2023-10-20,27.75,92.50,2.73
2023-10-20,27.75,92.75,3.33
2023-10-20,27.75,93.00,3.97
2023-10-20,28.00,91.50,0.00
2023-10-20,28.00,91.75,0.11
2023-10-20,28.00,92.00,0.00
2023-10-20,28.00,92.25,1.83
2023-10-20,28.00,92.50,3.53
2023-10-20,28.00,92.75,3.87
2023-10-20,28.00,93.00,4.29
2023-10-21,25.75,91.50,0.59
2023-10-21,25.75,91.75,0.57
2023-10-21,25.75,92.00,0.11
2023-10-21,25.75,92.25,0.00
2023-10-21,25.75,92.50,0.00
2023-10-21,25.75,92.75,0.00
2023-10-21,25.75,93.00,0.00
2023-10-21,26.00,91.50,0.00
2023-10-21,26.00,91.75,0.33
2023-10-21,26.00,92.00,0.00
2023-10-21,26.00,92.25,0.00
2023-10-21,26.00,92.50,0.00
2023-10-21,26.00,92.75,0.00
2023-10-21,26.00,93.00,0.00
2023-10-21,26.25,91.50,0.00
2023-10-21,26.25,91.75,0.00
2023-10-21,26.25,92.00,0.00
2023-10-21,26.25,92.25,0.00
2023-10-21,26.25,92.50,0.00
2023-10-21,26.25,92.75,0.00
2023-10-21,26.25,93.00,0.00
2023-10-21,26.50,91.50,0.00
2023-10-21,26.50,91.75,0.00
2023-10-21,26.50,92.00,0.00
2023-10-21,26.50,92.25,0.00
2023-10-21,26.50,92.50,0.00
2023-10-21,26.50,92.75,0.00
2023-10-21,26.50,93.00,0.00
2023-10-21,26.75,91.50,0.00
2023-10-21,26.75,91.75,0.00
2023-10-21,26.75,92.00,0.00
2023-10-21,26.75,92.25,0.00
2023-10-21,26.75,92.50,0.00
2023-10-21,26.75,92.75,0.00
2023-10-21,26.75,93.00,0.00
2023-10-21,27.00,91.50,0.00
2023-10-21,27.00,91.75,0.00
2023-10-21,27.00,92.00,0.00
2023-10-21,27.00,92.25,0.00
2023-10-21,27.00,92.50,0.00
2023-10-21,27.00,92.75,0.00
2023-10-21,27.00,93.00,0.00
2023-10-21,27.25,91.50,
2023-10-21,27.25,91.75,
2023-10-21,27.25,92.00,0.00
2023-10-21,27.25,92.25,0.00
2023-10-21,27.25,92.50,0.00
2023-10-21,27.25,92.75,0.00
2023-10-21,27.25,93.00,0.00
2023-10-21,27.50,91.50,
2023-10-21,27.50,91.75,0.00
2023-10-21,27.50,92.00,0.00
2023-10-21,27.50,92.25,0.00
2023-10-21,27.50,92.50,0.00
2023-10-21,27.50,92.75,0.00
2023-10-21,27.50,93.00,0.00
2023-10-21,27.75,91.50,0.00
2023-10-21,27.75,91.75,0.00
2023-10-21,27.75,92.00,0.00
2023-10-21,27.75,92.25,0.00
2023-10-21,27.75,92.50,0.00
2023-10-21,27.75,92.75,0.00
2023-10-21,27.75,93.00,0.00
2023-10-21,28.00,91.50,0.00
2023-10-21,28.00,91.75,0.00
2023-10-21,28.00,92.00,0.00
2023-10-21,28.00,92.25,0.00
2023-10-21,28.00,92.50,0.00
2023-10-21,28.00,92.75,0.00
2023-10-21,28.00,93.00,0.00
2023-10-22,25.75,91.50,0.00
2023-10-22,25.75,91.75,0.00
2023-10-22,25.75,92.00,0.00
2023-10-22,25.75,92.25,0.00
2023-10-22,25.75,92.50,0.00
2023-10-22,25.75,92.75,0.00
2023-10-22,25.75,93.00,0.00
2023-10-22,26.00,91.50,0.00
2023-10-22,26.00,91.75,0.00
2023-10-22,26.00,92.00,0.00
2023-10-22,26.00,92.25,0.00
2023-10-22,26.00,92.50,0.00
2023-10-22,26.00,92.75,0.00
2023-10-22,26.00,93.00,0.00
2023-10-22,26.25,91.50,0.00
2023-10-22,26.25,91.75,0.00
2023-10-22,26.25,92.00,0.00
2023-10-22,26.25,92.25,0.00
2023-10-22,26.25,92.50,0.00
2023-10-22,26.25,92.75,0.00
2023-10-22,26.25,93.00,0.00
2023-10-22,26.50,91.50,0.00
2023-10-22,26.50,91.75,0.00
2023-10-22,26.50,92.00,0.00
2023-10-22,26.50,92.25,0.00
2023-10-22,26.50,92.50,0.00
2023-10-22,26.50,92.75,0.00
2023-10-22,26.50,93.00,0.00
2023-10-22,26.75,91.50,0.00
2023-10-22,26.75,91.75,0.00
2023-10-22,26.75,92.00,0.00
2023-10-22,26.75,92.25,0.00
2023-10-22,26.75,92.50,0.00
2023-10-22,26.75,92.75,0.00
2023-10-22,26.75,93.00,0.00
2023-10-22,27.00,91.50,0.00
2023-10-22,27.00,91.75,0.00
2023-10-22,27.00,92.00,0.00
2023-10-22,27.00,92.25,0.00
2023-10-22,27.00,92.50,0.00
2023-10-22,27.00,92.75,0.00
2023-10-22,27.00,93.00,0.00
2023-10-22,27.25,91.50,
2023-10-22,27.25,91.75,
2023-10-22,27.25,92.00,0.00
2023-10-22,27.25,92.25,0.00
2023-10-22,27.25,92.50,0.00
2023-10-22,27.25,92.75,0.00
2023-10-22,27.25,93.00,0.00
2023-10-22,27.50,91.50,
2023-10-22,27.50,91.75,0.00
2023-10-22,27.50,92.00,0.00
2023-10-22,27.50,92.25,0.00
2023-10-22,27.50,92.50,0.00
2023-10-22,27.50,92.75,0.00
2023-10-22,27.50,93.00,0.00
2023-10-22,27.75,91.50,0.00
2023-10-22,27.75,91.75,0.00
2023-10-22,27.75,92.00,0.00
2023-10-22,27.75,92.25,0.00
2023-10-22,27.75,92.50,0.00
2023-10-22,27.75,92.75,0.00
2023-10-22,27.75,93.00,0.00
2023-10-22,28.00,91.50,0.00
2023-10-22,28.00,91.75,0.00
2023-10-22,28.00,92.00,0.00
2023-10-22,28.00,92.25,0.00
2023-10-22,28.00,92.50,0.00
2023-10-22,28.00,92.75,0.00
2023-10-22,28.00,93.00,0.00
2023-10-23,25.75,91.50,0.17
2023-10-23,25.75,91.75,0.41
2023-10-23,25.75,92.00,0.00
2023-10-23,25.75,92.25,0.00
2023-10-23,25.75,92.50,0.00
2023-10-23,25.75,92.75,0.00
2023-10-23,25.75,93.00,0.00
2023-10-23,26.00,91.50,0.00
2023-10-23,26.00,91.75,0.00
2023-10-23,26.00,92.00,0.00
2023-10-23,26.00,92.25,0.00
2023-10-23,26.00,92.50,0.00
2023-10-23,26.00,92.75,0.00
2023-10-23,26.00,93.00,0.00
2023-10-23,26.25,91.50,0.00
2023-10-23,26.25,91.75,0.00
2023-10-23,26.25,92.00,0.00
2023-10-23,26.25,92.25,0.00
2023-10-23,26.25,92.50,0.00
2023-10-23,26.25,92.75,0.00
2023-10-23,26.25,93.00,0.00
2023-10-23,26.50,91.50,0.00
2023-10-23,26.50,91.75,0.00
2023-10-23,26.50,92.00,0.00
2023-10-23,26.50,92.25,0.00
2023-10-23,26.50,92.50,0.00
2023-10-23,26.50,92.75,0.00
2023-10-23,26.50,93.00,0.00
2023-10-23,26.75,91.50,0.00
2023-10-23,26.75,91.75,0.00
2023-10-23,26.75,92.00,0.00
2023-10-23,26.75,92.25,0.00
2023-10-23,26.75,92.50,0.00
2023-10-23,26.75,92.75,0.00
2023-10-23,26.75,93.00,0.00
2023-10-23,27.00,91.50,0.00
2023-10-23,27.00,91.75,0.00
2023-10-23,27.00,92.00,0.00
2023-10-23,27.00,92.25,0.00
2023-10-23,27.00,92.50,0.00
2023-10-23,27.00,92.75,0.00
2023-10-23,27.00,93.00,0.00
2023-10-23,27.25,91.50,
2023-10-23,27.25,91.75,
2023-10-23,27.25,92.00,0.00
2023-10-23,27.25,92.25,0.00
2023-10-23,27.25,92.50,0.00
2023-10-23,27.25,92.75,0.00
2023-10-23,27.25,93.00,0.00
2023-10-23,27.50,91.50,
2023-10-23,27.50,91.75,0.00
2023-10-23,27.50,92.00,0.00
2023-10-23,27.50,92.25,0.00
2023-10-23,27.50,92.50,0.00
2023-10-23,27.50,92.75,0.00
2023-10-23,27.50,93.00,0.00
2023-10-23,27.75,91.50,0.00
2023-10-23,27.75,91.75,0.00
2023-10-23,27.75,92.00,0.00
2023-10-23,27.75,92.25,0.00
2023-10-23,27.75,92.50,0.00
2023-10-23,27.75,92.75,0.00
2023-10-23,27.75,93.00,0.00
2023-10-23,28.00,91.50,0.00
2023-10-23,28.00,91.75,0.00
2023-10-23,28.00,92.00,0.00
2023-10-23,28.00,92.25,0.00
2023-10-23,28.00,92.50,0.00
2023-10-23,28.00,92.75,0.00
2023-10-23,28.00,93.00,0.00
2023-10-24,25.75,91.50,0.62
2023-10-24,25.75,91.75,1.09
2023-10-24,25.75,92.00,1.36
2023-10-24,25.75,92.25,0.00
2023-10-24,25.75,92.50,0.07
2023-10-24,25.75,92.75,0.57
2023-10-24,25.75,93.00,0.12
2023-10-24,26.00,91.50,0.00
2023-10-24,26.00,91.75,0.33
2023-10-24,26.00,92.00,0.00
2023-10-24,26.00,92.25,0.00
2023-10-24,26.00,92.50,0.03
2023-10-24,26.00,92.75,0.21
2023-10-24,26.00,93.00,0.13
2023-10-24,26.25,91.50,0.00
2023-10-24,26.25,91.75,0.00
2023-10-24,26.25,92.00,0.00
2023-10-24,26.25,92.25,0.00
2023-10-24,26.25,92.50,0.00
2023-10-24,26.25,92.75,0.00
2023-10-24,26.25,93.00,0.00
2023-10-24,26.50,91.50,0.00
2023-10-24,26.50,91.75,0.00
2023-10-24,26.50,92.00,0.00
2023-10-24,26.50,92.25,0.00
2023-10-24,26.50,92.50,0.00
2023-10-24,26.50,92.75,0.00
2023-10-24,26.50,93.00,0.00
2023-10-24,26.75,91.50,0.00
2023-10-24,26.75,91.75,0.00
2023-10-24,26.75,92.00,0.00
2023-10-24,26.75,92.25,0.00
2023-10-24,26.75,92.50,0.00
2023-10-24,26.75,92.75,0.00
2023-10-24,26.75,93.00,0.00
2023-10-24,27.00,91.50,0.00
2023-10-24,27.00,91.75,0.00
2023-10-24,27.00,92.00,0.00
2023-10-24,27.00,92.25,0.00
2023-10-24,27.00,92.50,0.00
2023-10-24,27.00,92.75,0.00
2023-10-24,27.00,93.00,0.00
2023-10-24,27.25,91.50,
2023-10-24,27.25,91.75,
2023-10-24,27.25,92.00,0.00
2023-10-24,27.25,92.25,0.00
2023-10-24,27.25,92.50,0.00
2023-10-24,27.25,92.75,0.00
2023-10-24,27.25,93.00,0.00
2023-10-24,27.50,91.50,
2023-10-24,27.50,91.75,0.00
2023-10-24,27.50,92.00,0.00
2023-10-24,27.50,92.25,0.00
2023-10-24,27.50,92.50,0.00
2023-10-24,27.50,92.75,0.00
2023-10-24,27.50,93.00,0.00
2023-10-24,27.75,91.50,0.00
2023-10-24,27.75,91.75,0.00
2023-10-24,27.75,92.00,0.00
2023-10-24,27.75,92.25,0.00
2023-10-24,27.75,92.50,0.00
2023-10-24,27.75,92.75,0.00
2023-10-24,27.75,93.00,0.00
2023-10-24,28.00,91.50,0.00
2023-10-24,28.00,91.75,0.00
2023-10-24,28.00,92.00,0.00
2023-10-24,28.00,92.25,0.00
2023-10-24,28.00,92.50,0.00
2023-10-24,28.00,92.75,0.00
2023-10-24,28.00,93.00,0.00
2023-10-25,25.75,91.50,0.02
2023-10-25,25.75,91.75,0.05
2023-10-25,25.75,92.00,0.04
2023-10-25,25.75,92.25,0.04
2023-10-25,25.75,92.50,0.00
2023-10-25,25.75,92.75,0.00
2023-10-25,25.75,93.00,0.11
2023-10-25,26.00,91.50,0.00
2023-10-25,26.00,91.75,0.00
2023-10-25,26.00,92.00,0.03
2023-10-25,26.00,92.25,0.08
2023-10-25,26.00,92.50,0.03
2023-10-25,26.00,92.75,0.05
2023-10-25,26.00,93.00,0.11
2023-10-25,26.25,91.50,0.00
2023-10-25,26.25,91.75,0.00
2023-10-25,26.25,92.00,0.00
2023-10-25,26.25,92.25,0.00
2023-10-25,26.25,92.50,0.00
2023-10-25,26.25,92.75,0.06
2023-10-25,26.25,93.00,0.07
2023-10-25,26.50,91.50,0.00
2023-10-25,26.50,91.75,0.00
2023-10-25,26.50,92.00,0.00
2023-10-25,26.50,92.25,0.00
2023-10-25,26.50,92.50,0.00
2023-10-25,26.50,92.75,0.00
2023-10-25,26.50,93.00,0.00
2023-10-25,26.75,91.50,0.00
2023-10-25,26.75,91.75,0.00
2023-10-25,26.75,92.00,0.00
2023-10-25,26.75,92.25,0.00
2023-10-25,26.75,92.50,0.00
2023-10-25,26.75,92.75,0.00
2023-10-25,26.75,93.00,0.00
2023-10-25,27.00,91.50,0.00
2023-10-25,27.00,91.75,0.00
2023-10-25,27.00,92.00,0.00
2023-10-25,27.00,92.25,0.00
2023-10-25,27.00,92.50,0.00
2023-10-25,27.00,92.75,0.00
2023-10-25,27.00,93.00,0.00
2023-10-25,27.25,91.50,
2023-10-25,27.25,91.75,
2023-10-25,27.25,92.00,0.00
2023-10-25,27.25,92.25,0.00
2023-10-25,27.25,92.50,0.00
2023-10-25,27.25,92.75,0.00
2023-10-25,27.25,93.00,0.00
2023-10-25,27.50,91.50,
2023-10-25,27.50,91.75,0.00
2023-10-25,27.50,92.00,0.00
2023-10-25,27.50,92.25,0.00
2023-10-25,27.50,92.50,0.00
2023-10-25,27.50,92.75,0.00
2023-10-25,27.50,93.00,0.00
2023-10-25,27.75,91.50,0.00
2023-10-25,27.75,91.75,0.00
2023-10-25,27.75,92.00,0.00
2023-10-25,27.75,92.25,0.00
2023-10-25,27.75,92.50,0.00
2023-10-25,27.75,92.75,0.00
2023-10-25,27.75,93.00,0.00
2023-10-25,28.00,91.50,0.00
2023-10-25,28.00,91.75,0.00
2023-10-25,28.00,92.00,0.00
2023-10-25,28.00,92.25,0.00
2023-10-25,28.00,92.50,0.00
2023-10-25,28.00,92.75,0.00
2023-10-25,28.00,93.00,0.00
2023-10-26,25.75,91.50,0.78
2023-10-26,25.75,91.75,1.36
2023-10-26,25.75,92.00,0.16
2023-10-26,25.75,92.25,0.00
2023-10-26,25.75,92.50,0.00
2023-10-26,25.75,92.75,0.00
2023-10-26,25.75,93.00,0.00
2023-10-26,26.00,91.50,0.02
2023-10-26,26.00,91.75,0.14
2023-10-26,26.00,92.00,0.00
2023-10-26,26.00,92.25,0.00
2023-10-26,26.00,92.50,0.00
2023-10-26,26.00,92.75,0.00
2023-10-26,26.00,93.00,0.00
2023-10-26,26.25,91.50,0.00
2023-10-26,26.25,91.75,0.00
2023-10-26,26.25,92.00,0.00
2023-10-26,26.25,92.25,0.00
2023-10-26,26.25,92.50,0.00
2023-10-26,26.25,92.75,0.00
2023-10-26,26.25,93.00,0.00
2023-10-26,26.50,91.50,0.00
2023-10-26,26.50,91.75,0.00
2023-10-26,26.50,92.00,0.00
2023-10-26,26.50,92.25,0.00
2023-10-26,26.50,92.50,0.00
2023-10-26,26.50,92.75,0.00
2023-10-26,26.50,93.00,0.00
2023-10-26,26.75,91.50,0.00
2023-10-26,26.75,91.75,0.00
2023-10-26,26.75,92.00,0.00
2023-10-26,26.75,92.25,0.00
2023-10-26,26.75,92.50,0.00
2023-10-26,26.75,92.75,0.00
2023-10-26,26.75,93.00,0.00
2023-10-26,27.00,91.50,0.00
2023-10-26,27.00,91.75,0.00
2023-10-26,27.00,92.00,0.00
2023-10-26,27.00,92.25,0.00
2023-10-26,27.00,92.50,0.00
2023-10-26,27.00,92.75,0.00
2023-10-26,27.00,93.00,0.00
2023-10-26,27.25,91.50,
2023-10-26,27.25,91.75,
2023-10-26,27.25,92.00,0.00
2023-10-26,27.25,92.25,0.00
2023-10-26,27.25,92.50,0.00
2023-10-26,27.25,92.75,0.00
2023-10-26,27.25,93.00,0.00
2023-10-26,27.50,91.50,
2023-10-26,27.50,91.75,0.00
2023-10-26,27.50,92.00,0.00
2023-10-26,27.50,92.25,0.00
2023-10-26,27.50,92.50,0.00
2023-10-26,27.50,92.75,0.00
2023-10-26,27.50,93.00,0.00
2023-10-26,27.75,91.50,0.00
2023-10-26,27.75,91.75,0.00
2023-10-26,27.75,92.00,0.00
2023-10-26,27.75,92.25,0.00
2023-10-26,27.75,92.50,0.00
2023-10-26,27.75,92.75,0.00
2023-10-26,27.75,93.00,0.00
2023-10-26,28.00,91.50,0.00
2023-10-26,28.00,91.75,0.00
2023-10-26,28.00,92.00,0.00
2023-10-26,28.00,92.25,0.00
2023-10-26,28.00,92.50,0.00
2023-10-26,28.00,92.75,0.00
2023-10-26,28.00,93.00,0.00
2023-10-27,25.75,91.50,0.22
2023-10-27,25.75,91.75,0.53
2023-10-27,25.75,92.00,0.00
2023-10-27,25.75,92.25,14.90
2023-10-27,25.75,92.50,12.22
2023-10-27,25.75,92.75,0.34
2023-10-27,25.75,93.00,2.76
2023-10-27,26.00,91.50,0.00
2023-10-27,26.00,91.75,0.00
2023-10-27,26.00,92.00,0.00
2023-10-27,26.00,92.25,0.21
2023-10-27,26.00,92.50,5.61
2023-10-27,26.00,92.75,4.75
2023-10-27,26.00,93.00,3.08
2023-10-27,26.25,91.50,0.00
2023-10-27,26.25,91.75,0.00
2023-10-27,26.25,92.00,0.00
2023-10-27,26.25,92.25,0.00
2023-10-27,26.25,92.50,0.00
2023-10-27,26.25,92.75,0.94
2023-10-27,26.25,93.00,3.77
2023-10-27,26.50,91.50,0.00
2023-10-27,26.50,91.75,0.00
2023-10-27,26.50,92.00,0.00
2023-10-27,26.50,92.25,0.00
2023-10-27,26.50,92.50,0.00
2023-10-27,26.50,92.75,0.00
2023-10-27,26.50,93.00,0.00
2023-10-27,26.75,91.50,0.00
2023-10-27,26.75,91.75,0.00
2023-10-27,26.75,92.00,0.00
2023-10-27,26.75,92.25,0.00
2023-10-27,26.75,92.50,0.00
2023-10-27,26.75,92.75,0.00
2023-10-27,26.75,93.00,0.00
2023-10-27,27.00,91.50,0.00
2023-10-27,27.00,91.75,0.00
2023-10-27,27.00,92.00,0.00
2023-10-27,27.00,92.25,0.00
2023-10-27,27.00,92.50,0.00
2023-10-27,27.00,92.75,0.00
2023-10-27,27.00,93.00,0.00
2023-10-27,27.25,91.50,
2023-10-27,27.25,91.75,
2023-10-27,27.25,92.00,0.00
2023-10-27,27.25,92.25,0.00
2023-10-27,27.25,92.50,0.00
2023-10-27,27.25,92.75,0.00
2023-10-27,27.25,93.00,0.00
2023-10-27,27.50,91.50,
2023-10-27,27.50,91.75,0.00
2023-10-27,27.50,92.00,0.00
2023-10-27,27.50,92.25,0.00
2023-10-27,27.50,92.50,0.00
2023-10-27,27.50,92.75,0.00
2023-10-27,27.50,93.00,0.00
2023-10-27,27.75,91.50,0.00
2023-10-27,27.75,91.75,0.00
2023-10-27,27.75,92.00,0.00
2023-10-27,27.75,92.25,0.00
2023-10-27,27.75,92.50,0.00
2023-10-27,27.75,92.75,0.00
2023-10-27,27.75,93.00,0.00
2023-10-27,28.00,91.50,0.00
2023-10-27,28.00,91.75,0.00
2023-10-27,28.00,92.00,0.00
2023-10-27,28.00,92.25,0.00
2023-10-27,28.00,92.50,0.00
2023-10-27,28.00,92.75,0.00
2023-10-27,28.00,93.00,0.00
2023-10-28,25.75,91.50,12.35
2023-10-28,25.75,91.75,11.97
2023-10-28,25.75,92.00,2.30
2023-10-28,25.75,92.25,0.00
2023-10-28,25.75,92.50,0.00
2023-10-28,25.75,92.75,0.00
2023-10-28,25.75,93.00,0.00
2023-10-28,26.00,91.50,0.00
2023-10-28,26.00,91.75,6.79
2023-10-28,26.00,92.00,0.00
2023-10-28,26.00,92.25,0.00
2023-10-28,26.00,92.50,0.00
2023-10-28,26.00,92.75,0.00
2023-10-28,26.00,93.00,0.00
2023-10-28,26.25,91.50,0.00
2023-10-28,26.25,91.75,0.00
2023-10-28,26.25,92.00,0.00
2023-10-28,26.25,92.25,0.00
2023-10-28,26.25,92.50,0.00
2023-10-28,26.25,92.75,0.00
2023-10-28,26.25,93.00,0.00
2023-10-28,26.50,91.50,0.00
2023-10-28,26.50,91.75,0.00
2023-10-28,26.50,92.00,0.00
2023-10-28,26.50,92.25,0.00
2023-10-28,26.50,92.50,0.00
2023-10-28,26.50,92.75,0.00
2023-10-28,26.50,93.00,0.00
2023-10-28,26.75,91.50,0.00
2023-10-28,26.75,91.75,0.00
2023-10-28,26.75,92.00,0.00
2023-10-28,26.75,92.25,0.00
2023-10-28,26.75,92.50,0.00
2023-10-28,26.75,92.75,0.00
2023-10-28,26.75,93.00,0.00
2023-10-28,27.00,91.50,0.00
2023-10-28,27.00,91.75,0.00
2023-10-28,27.00,92.00,0.00
2023-10-28,27.00,92.25,0.00
2023-10-28,27.00,92.50,0.00
2023-10-28,27.00,92.75,0.00
2023-10-28,27.00,93.00,0.00
2023-10-28,27.25,91.50,
2023-10-28,27.25,91.75,
2023-10-28,27.25,92.00,0.00
2023-10-28,27.25,92.25,0.00
2023-10-28,27.25,92.50,0.00
2023-10-28,27.25,92.75,0.00
2023-10-28,27.25,93.00,0.16
2023-10-28,27.50,91.50,
2023-10-28,27.50,91.75,0.00
2023-10-28,27.50,92.00,0.00
2023-10-28,27.50,92.25,0.00
2023-10-28,27.50,92.50,0.08
2023-10-28,27.50,92.75,0.36
2023-10-28,27.50,93.00,1.29
2023-10-28,27.75,91.50,0.00
2023-10-28,27.75,91.75,0.00
2023-10-28,27.75,92.00,0.00
2023-10-28,27.75,92.25,0.19
2023-10-28,27.75,92.50,0.98
2023-10-28,27.75,92.75,1.61
2023-10-28,27.75,93.00,1.97
2023-10-28,28.00,91.50,0.00
2023-10-28,28.00,91.75,0.00
2023-10-28,28.00,92.00,0.00
2023-10-28,28.00,92.25,0.81
2023-10-28,28.00,92.50,1.46
2023-10-28,28.00,92.75,1.89
2023-10-28,28.00,93.00,2.00
2023-10-29,25.75,91.50,0.03
2023-10-29,25.75,91.75,0.08
2023-10-29,25.75,92.00,0.00
2023-10-29,25.75,92.25,0.00
2023-10-29,25.75,92.50,0.00
2023-10-29,25.75,92.75,0.00
2023-10-29,25.75,93.00,0.00
2023-10-29,26.00,91.50,0.00
2023-10-29,26.00,91.75,0.00
2023-10-29,26.00,92.00,0.00
2023-10-29,26.00,92.25,0.00
2023-10-29,26.00,92.50,0.00
2023-10-29,26.00,92.75,0.00
2023-10-29,26.00,93.00,0.00
2023-10-29,26.25,91.50,0.00
2023-10-29,26.25,91.75,0.00
2023-10-29,26.25,92.00,0.00
2023-10-29,26.25,92.25,0.00
2023-10-29,26.25,92.50,0.00
2023-10-29,26.25,92.75,0.00
2023-10-29,26.25,93.00,0.00
2023-10-29,26.50,91.50,0.00
2023-10-29,26.50,91.75,0.00
2023-10-29,26.50,92.00,0.00
2023-10-29,26.50,92.25,0.00
2023-10-29,26.50,92.50,0.00
2023-10-29,26.50,92.75,0.00
2023-10-29,26.50,93.00,0.00
2023-10-29,26.75,91.50,0.00
2023-10-29,26.75,91.75,0.00
2023-10-29,26.75,92.00,0.00
2023-10-29,26.75,92.25,0.00
2023-10-29,26.75,92.50,0.00
2023-10-29,26.75,92.75,0.00
2023-10-29,26.75,93.00,0.00
2023-10-29,27.00,91.50,0.00
2023-10-29,27.00,91.75,0.00
2023-10-29,27.00,92.00,0.00
2023-10-29,27.00,92.25,0.00
2023-10-29,27.00,92.50,0.00
2023-10-29,27.00,92.75,0.00
2023-10-29,27.00,93.00,0.00
2023-10-29,27.25,91.50,
2023-10-29,27.25,91.75,
2023-10-29,27.25,92.00,0.00
2023-10-29,27.25,92.25,0.00
2023-10-29,27.25,92.50,0.00
2023-10-29,27.25,92.75,0.00
2023-10-29,27.25,93.00,0.00
2023-10-29,27.50,91.50,
2023-10-29,27.50,91.75,0.00
2023-10-29,27.50,92.00,0.00
2023-10-29,27.50,92.25,0.00
2023-10-29,27.50,92.50,0.00
2023-10-29,27.50,92.75,0.00
2023-10-29,27.50,93.00,0.00
2023-10-29,27.75,91.50,0.00
2023-10-29,27.75,91.75,0.00
2023-10-29,27.75,92.00,0.00
2023-10-29,27.75,92.25,0.00
2023-10-29,27.75,92.50,0.00
2023-10-29,27.75,92.75,0.00
2023-10-29,27.75,93.00,0.00
2023-10-29,28.00,91.50,0.00
2023-10-29,28.00,91.75,0.00
2023-10-29,28.00,92.00,0.00
2023-10-29,28.00,92.25,0.00
2023-10-29,28.00,92.50,0.00
2023-10-29,28.00,92.75,0.00
2023-10-29,28.00,93.00,0.00
2023-10-30,25.75,91.50,0.00
2023-10-30,25.75,91.75,0.00
2023-10-30,25.75,92.00,0.00
2023-10-30,25.75,92.25,0.00
2023-10-30,25.75,92.50,0.00
2023-10-30,25.75,92.75,0.00
2023-10-30,25.75,93.00,0.00
2023-10-30,26.00,91.50,0.00
2023-10-30,26.00,91.75,0.00
2023-10-30,26.00,92.00,0.00
2023-10-30,26.00,92.25,0.00
2023-10-30,26.00,92.50,0.00
2023-10-30,26.00,92.75,0.00
2023-10-30,26.00,93.00,0.00
2023-10-30,26.25,91.50,0.00
2023-10-30,26.25,91.75,0.00
2023-10-30,26.25,92.00,0.00
2023-10-30,26.25,92.25,0.00
2023-10-30,26.25,92.50,0.00
2023-10-30,26.25,92.75,0.00
2023-10-30,26.25,93.00,0.00
2023-10-30,26.50,91.50,0.00
2023-10-30,26.50,91.75,0.00
2023-10-30,26.50,92.00,0.00
2023-10-30,26.50,92.25,0.00
2023-10-30,26.50,92.50,0.00
2023-10-30,26.50,92.75,0.00
2023-10-30,26.50,93.00,0.00
2023-10-30,26.75,91.50,0.00
2023-10-30,26.75,91.75,0.00
2023-10-30,26.75,92.00,0.00
2023-10-30,26.75,92.25,0.00
2023-10-30,26.75,92.50,0.00
2023-10-30,26.75,92.75,0.00
2023-10-30,26.75,93.00,0.00
2023-10-30,27.00,91.50,0.00
2023-10-30,27.00,91.75,0.00
2023-10-30,27.00,92.00,0.00
2023-10-30,27.00,92.25,0.00
2023-10-30,27.00,92.50,0.00
2023-10-30,27.00,92.75,0.00
2023-10-30,27.00,93.00,0.00
2023-10-30,27.25,91.50,
2023-10-30,27.25,91.75,
2023-10-30,27.25,92.00,0.00
2023-10-30,27.25,92.25,0.00
2023-10-30,27.25,92.50,0.00
2023-10-30,27.25,92.75,0.00
2023-10-30,27.25,93.00,0.00
2023-10-30,27.50,91.50,
2023-10-30,27.50,91.75,0.00
2023-10-30,27.50,92.00,0.00
2023-10-30,27.50,92.25,0.00
2023-10-30,27.50,92.50,0.00
2023-10-30,27.50,92.75,0.00
2023-10-30,27.50,93.00,0.00
2023-10-30,27.75,91.50,0.00
2023-10-30,27.75,91.75,0.00
2023-10-30,27.75,92.00,0.00
2023-10-30,27.75,92.25,0.00
2023-10-30,27.75,92.50,0.00
2023-10-30,27.75,92.75,0.00
2023-10-30,27.75,93.00,0.00
2023-10-30,28.00,91.50,0.00
2023-10-30,28.00,91.75,0.00
2023-10-30,28.00,92.00,0.00
2023-10-30,28.00,92.25,0.00
2023-10-30,28.00,92.50,0.00
2023-10-30,28.00,92.75,0.00
2023-10-30,28.00,93.00,0.00
2023-10-31,25.75,91.50,0.00
2023-10-31,25.75,91.75,0.00
2023-10-31,25.75,92.00,0.00
2023-10-31,25.75,92.25,0.00
2023-10-31,25.75,92.50,0.00
2023-10-31,25.75,92.75,0.00
2023-10-31,25.75,93.00,0.00
2023-10-31,26.00,91.50,0.00
2023-10-31,26.00,91.75,0.00
2023-10-31,26.00,92.00,0.00
2023-10-31,26.00,92.25,0.00
2023-10-31,26.00,92.50,0.00
2023-10-31,26.00,92.75,0.00
2023-10-31,26.00,93.00,0.00
2023-10-31,26.25,91.50,0.00
2023-10-31,26.25,91.75,0.00
2023-10-31,26.25,92.00,0.00
2023-10-31,26.25,92.25,0.00
2023-10-31,26.25,92.50,0.00
2023-10-31,26.25,92.75,0.00
2023-10-31,26.25,93.00,0.00
2023-10-31,26.50,91.50,0.00
2023-10-31,26.50,91.75,0.00
2023-10-31,26.50,92.00,0.00
2023-10-31,26.50,92.25,0.00
2023-10-31,26.50,92.50,0.00
2023-10-31,26.50,92.75,0.00
2023-10-31,26.50,93.00,0.00
2023-10-31,26.75,91.50,0.00
2023-10-31,26.75,91.75,0.00
2023-10-31,26.75,92.00,0.00
2023-10-31,26.75,92.25,0.00
2023-10-31,26.75,92.50,0.00
2023-10-31,26.75,92.75,0.00
2023-10-31,26.75,93.00,0.00
2023-10-31,27.00,91.50,0.00
2023-10-31,27.00,91.75,0.00
2023-10-31,27.00,92.00,0.00
2023-10-31,27.00,92.25,0.00
2023-10-31,27.00,92.50,0.00
2023-10-31,27.00,92.75,0.00
2023-10-31,27.00,93.00,0.00
2023-10-31,27.25,91.50,
2023-10-31,27.25,91.75,
2023-10-31,27.25,92.00,0.00
2023-10-31,27.25,92.25,0.00
2023-10-31,27.25,92.50,0.00
2023-10-31,27.25,92.75,0.00
2023-10-31,27.25,93.00,0.00
2023-10-31,27.50,91.50,
2023-10-31,27.50,91.75,0.00
2023-10-31,27.50,92.00,0.00
2023-10-31,27.50,92.25,0.00
2023-10-31,27.50,92.50,0.00
2023-10-31,27.50,92.75,0.00
2023-10-31,27.50,93.00,0.00
2023-10-31,27.75,91.50,0.00
2023-10-31,27.75,91.75,0.00
2023-10-31,27.75,92.00,0.00
2023-10-31,27.75,92.25,0.00
2023-10-31,27.75,92.50,0.00
2023-10-31,27.75,92.75,0.00
2023-10-31,27.75,93.00,0.00
2023-10-31,28.00,91.50,0.00
2023-10-31,28.00,91.75,0.00
2023-10-31,28.00,92.00,0.00
2023-10-31,28.00,92.25,0.00
2023-10-31,28.00,92.50,0.00
2023-10-31,28.00,92.75,0.00
2023-10-31,28.00,93.00,0.00
2023-11-01,25.75,91.50,0.00
2023-11-01,25.75,91.75,0.00
2023-11-01,25.75,92.00,0.00
2023-11-01,25.75,92.25,0.00
2023-11-01,25.75,92.50,0.00
2023-11-01,25.75,92.75,0.00
2023-11-01,25.75,93.00,0.00
2023-11-01,26.00,91.50,0.00
2023-11-01,26.00,91.75,0.00
2023-11-01,26.00,92.00,0.00
2023-11-01,26.00,92.25,0.00
2023-11-01,26.00,92.50,0.00
2023-11-01,26.00,92.75,0.00
2023-11-01,26.00,93.00,0.00
2023-11-01,26.25,91.50,0.00
2023-11-01,26.25,91.75,0.00
2023-11-01,26.25,92.00,0.00
2023-11-01,26.25,92.25,0.00
2023-11-01,26.25,92.50,0.00
2023-11-01,26.25,92.75,0.00
2023-11-01,26.25,93.00,0.00
2023-11-01,26.50,91.50,0.00
2023-11-01,26.50,91.75,0.00
2023-11-01,26.50,92.00,0.00
2023-11-01,26.50,92.25,0.00
2023-11-01,26.50,92.50,0.00
2023-11-01,26.50,92.75,0.00
2023-11-01,26.50,93.00,0.00
2023-11-01,26.75,91.50,0.00
2023-11-01,26.75,91.75,0.00
2023-11-01,26.75,92.00,0.00
2023-11-01,26.75,92.25,0.00
2023-11-01,26.75,92.50,0.00
2023-11-01,26.75,92.75,0.00
2023-11-01,26.75,93.00,0.00
2023-11-01,27.00,91.50,0.00
2023-11-01,27.00,91.75,0.00
2023-11-01,27.00,92.00,0.00
2023-11-01,27.00,92.25,0.00
2023-11-01,27.00,92.50,0.00
2023-11-01,27.00,92.75,0.00
2023-11-01,27.00,93.00,0.00
2023-11-01,27.25,91.50,
2023-11-01,27.25,91.75,
2023-11-01,27.25,92.00,0.00
2023-11-01,27.25,92.25,0.00
2023-11-01,27.25,92.50,0.00
2023-11-01,27.25,92.75,0.00
2023-11-01,27.25,93.00,0.00
2023-11-01,27.50,91.50,
2023-11-01,27.50,91.75,0.00
2023-11-01,27.50,92.00,0.00
2023-11-01,27.50,92.25,0.00
2023-11-01,27.50,92.50,0.00
2023-11-01,27.50,92.75,0.00
2023-11-01,27.50,93.00,0.00
2023-11-01,27.75,91.50,0.00
2023-11-01,27.75,91.75,0.00
2023-11-01,27.75,92.00,0.00
2023-11-01,27.75,92.25,0.00
2023-11-01,27.75,92.50,0.00
2023-11-01,27.75,92.75,0.00
2023-11-01,27.75,93.00,0.00
2023-11-01,28.00,91.50,0.00
2023-11-01,28.00,91.75,0.00
2023-11-01,28.00,92.00,0.00
2023-11-01,28.00,92.25,0.00
2023-11-01,28.00,92.50,0.00
2023-11-01,28.00,92.75,0.00
2023-11-01,28.00,93.00,0.00
2023-11-02,25.75,91.50,0.00
2023-11-02,25.75,91.75,0.00
2023-11-02,25.75,92.00,0.00
2023-11-02,25.75,92.25,0.00
2023-11-02,25.75,92.50,0.00
2023-11-02,25.75,92.75,0.00
2023-11-02,25.75,93.00,0.00
2023-11-02,26.00,91.50,0.00
2023-11-02,26.00,91.75,0.00
2023-11-02,26.00,92.00,0.00
2023-11-02,26.00,92.25,0.00
2023-11-02,26.00,92.50,0.00
2023-11-02,26.00,92.75,0.00
2023-11-02,26.00,93.00,0.00
2023-11-02,26.25,91.50,0.00
2023-11-02,26.25,91.75,0.00
2023-11-02,26.25,92.00,0.00
2023-11-02,26.25,92.25,0.00
2023-11-02,26.25,92.50,0.00
2023-11-02,26.25,92.75,0.00
2023-11-02,26.25,93.00,0.00
2023-11-02,26.50,91.50,0.00
2023-11-02,26.50,91.75,0.00
2023-11-02,26.50,92.00,0.00
2023-11-02,26.50,92.25,0.00
2023-11-02,26.50,92.50,0.00
2023-11-02,26.50,92.75,0.00
2023-11-02,26.50,93.00,0.00
2023-11-02,26.75,91.50,0.00
2023-11-02,26.75,91.75,0.00
2023-11-02,26.75,92.00,0.00
2023-11-02,26.75,92.25,0.00
2023-11-02,26.75,92.50,0.00
2023-11-02,26.75,92.75,0.00
2023-11-02,26.75,93.00,0.00
2023-11-02,27.00,91.50,0.00
2023-11-02,27.00,91.75,0.00
2023-11-02,27.00,92.00,0.00
2023-11-02,27.00,92.25,0.00
2023-11-02,27.00,92.50,0.00
2023-11-02,27.00,92.75,0.00
2023-11-02,27.00,93.00,0.00
2023-11-02,27.25,91.50,
2023-11-02,27.25,91.75,
2023-11-02,27.25,92.00,0.00
2023-11-02,27.25,92.25,0.00
2023-11-02,27.25,92.50,0.00
2023-11-02,27.25,92.75,0.00
2023-11-02,27.25,93.00,0.00
2023-11-02,27.50,91.50,
2023-11-02,27.50,91.75,0.00
2023-11-02,27.50,92.00,0.00
2023-11-02,27.50,92.25,0.00
2023-11-02,27.50,92.50,0.00
2023-11-02,27.50,92.75,0.00
2023-11-02,27.50,93.00,0.00
2023-11-02,27.75,91.50,0.00
2023-11-02,27.75,91.75,0.00
2023-11-02,27.75,92.00,0.00
2023-11-02,27.75,92.25,0.00
2023-11-02,27.75,92.50,0.00
2023-11-02,27.75,92.75,0.00
2023-11-02,27.75,93.00,0.00
2023-11-02,28.00,91.50,0.00
2023-11-02,28.00,91.75,0.00
2023-11-02,28.00,92.00,0.00
2023-11-02,28.00,92.25,0.00
2023-11-02,28.00,92.50,0.00
2023-11-02,28.00,92.75,0.00
2023-11-02,28.00,93.00,0.00
2023-11-03,25.75,91.50,0.00
2023-11-03,25.75,91.75,0.00
2023-11-03,25.75,92.00,0.00
2023-11-03,25.75,92.25,0.00
2023-11-03,25.75,92.50,0.00
2023-11-03,25.75,92.75,0.00
2023-11-03,25.75,93.00,0.00
2023-11-03,26.00,91.50,0.00
2023-11-03,26.00,91.75,0.00
2023-11-03,26.00,92.00,0.00
2023-11-03,26.00,92.25,0.00
2023-11-03,26.00,92.50,0.00
2023-11-03,26.00,92.75,0.00
2023-11-03,26.00,93.00,0.00
2023-11-03,26.25,91.50,0.00
2023-11-03,26.25,91.75,0.00
2023-11-03,26.25,92.00,0.00
2023-11-03,26.25,92.25,0.00
2023-11-03,26.25,92.50,0.00
2023-11-03,26.25,92.75,0.00
2023-11-03,26.25,93.00,0.00
2023-11-03,26.50,91.50,0.00
2023-11-03,26.50,91.75,0.00
2023-11-03,26.50,92.00,0.00
2023-11-03,26.50,92.25,0.00
2023-11-03,26.50,92.50,0.00
2023-11-03,26.50,92.75,0.00
2023-11-03,26.50,93.00,0.00
2023-11-03,26.75,91.50,0.00
2023-11-03,26.75,91.75,0.00
2023-11-03,26.75,92.00,0.00
2023-11-03,26.75,92.25,0.00
2023-11-03,26.75,92.50,0.00
2023-11-03,26.75,92.75,0.00
2023-11-03,26.75,93.00,0.00
2023-11-03,27.00,91.50,0.00
2023-11-03,27.00,91.75,0.00
2023-11-03,27.00,92.00,0.00
2023-11-03,27.00,92.25,0.00
2023-11-03,27.00,92.50,0.00
2023-11-03,27.00,92.75,0.00
2023-11-03,27.00,93.00,0.00
2023-11-03,27.25,91.50,
2023-11-03,27.25,91.75,
2023-11-03,27.25,92.00,0.00
2023-11-03,27.25,92.25,0.00
2023-11-03,27.25,92.50,0.00
2023-11-03,27.25,92.75,0.00
2023-11-03,27.25,93.00,0.00
2023-11-03,27.50,91.50,
2023-11-03,27.50,91.75,0.00
2023-11-03,27.50,92.00,0.00
2023-11-03,27.50,92.25,0.00
2023-11-03,27.50,92.50,0.00
2023-11-03,27.50,92.75,0.00
2023-11-03,27.50,93.00,0.00
2023-11-03,27.75,91.50,0.00
2023-11-03,27.75,91.75,0.00
2023-11-03,27.75,92.00,0.00
2023-11-03,27.75,92.25,0.00
2023-11-03,27.75,92.50,0.00
2023-11-03,27.75,92.75,0.00
2023-11-03,27.75,93.00,0.00
2023-11-03,28.00,91.50,0.00
2023-11-03,28.00,91.75,0.00
2023-11-03,28.00,92.00,0.00
2023-11-03,28.00,92.25,0.00
2023-11-03,28.00,92.50,0.00
2023-11-03,28.00,92.75,0.00
2023-11-03,28.00,93.00,0.00
2023-11-04,25.75,91.50,0.00
2023-11-04,25.75,91.75,0.00
2023-11-04,25.75,92.00,0.00
2023-11-04,25.75,92.25,0.00
2023-11-04,25.75,92.50,0.00
2023-11-04,25.75,92.75,0.00
2023-11-04,25.75,93.00,0.00
2023-11-04,26.00,91.50,0.00
2023-11-04,26.00,91.75,0.00
2023-11-04,26.00,92.00,0.00
2023-11-04,26.00,92.25,0.00
2023-11-04,26.00,92.50,0.00
2023-11-04,26.00,92.75,0.00
2023-11-04,26.00,93.00,0.00
2023-11-04,26.25,91.50,0.00
2023-11-04,26.25,91.75,0.00
2023-11-04,26.25,92.00,0.00
2023-11-04,26.25,92.25,0.00
2023-11-04,26.25,92.50,0.00
2023-11-04,26.25,92.75,0.00
2023-11-04,26.25,93.00,0.00
2023-11-04,26.50,91.50,0.00
2023-11-04,26.50,91.75,0.00
2023-11-04,26.50,92.00,0.00
2023-11-04,26.50,92.25,0.00
2023-11-04,26.50,92.50,0.00
2023-11-04,26.50,92.75,0.00
2023-11-04,26.50,93.00,0.00
2023-11-04,26.75,91.50,0.00
2023-11-04,26.75,91.75,0.00
2023-11-04,26.75,92.00,0.00
2023-11-04,26.75,92.25,0.00
2023-11-04,26.75,92.50,0.00
2023-11-04,26.75,92.75,0.00
2023-11-04,26.75,93.00,0.00
2023-11-04,27.00,91.50,0.00
2023-11-04,27.00,91.75,0.00
2023-11-04,27.00,92.00,0.00
2023-11-04,27.00,92.25,0.00
2023-11-04,27.00,92.50,0.00
2023-11-04,27.00,92.75,0.00
2023-11-04,27.00,93.00,0.00
2023-11-04,27.25,91.50,
2023-11-04,27.25,91.75,
2023-11-04,27.25,92.00,0.00
2023-11-04,27.25,92.25,0.00
2023-11-04,27.25,92.50,0.00
2023-11-04,27.25,92.75,0.00
2023-11-04,27.25,93.00,0.00
2023-11-04,27.50,91.50,
2023-11-04,27.50,91.75,0.00
2023-11-04,27.50,92.00,0.00
2023-11-04,27.50,92.25,0.00
2023-11-04,27.50,92.50,0.47
2023-11-04,27.50,92.75,2.09
2023-11-04,27.50,93.00,3.88
2023-11-04,27.75,91.50,0.00
2023-11-04,27.75,91.75,0.00
2023-11-04,27.75,92.00,0.00
2023-11-04,27.75,92.25,1.09
2023-11-04,27.75,92.50,5.66
2023-11-04,27.75,92.75,8.52
2023-11-04,27.75,93.00,10.14
2023-11-04,28.00,91.50,0.00
2023-11-04,28.00,91.75,0.00
2023-11-04,28.00,92.00,0.00
2023-11-04,28.00,92.25,4.68
2023-11-04,28.00,92.50,8.42
2023-11-04,28.00,92.75,9.90
2023-11-04,28.00,93.00,10.96
2023-11-05,25.75,91.50,0.00
2023-11-05,25.75,91.75,0.00
2023-11-05,25.75,92.00,0.04
2023-11-05,25.75,92.25,0.03
2023-11-05,25.75,92.50,0.14
2023-11-05,25.75,92.75,1.15
2023-11-05,25.75,93.00,0.24
2023-11-05,26.00,91.50,0.00
2023-11-05,26.00,91.75,0.06
2023-11-05,26.00,92.00,0.25
2023-11-05,26.00,92.25,0.14
2023-11-05,26.00,92.50,0.24
2023-11-05,26.00,92.75,0.43
2023-11-05,26.00,93.00,0.26
2023-11-05,26.25,91.50,0.00
2023-11-05,26.25,91.75,0.15
2023-11-05,26.25,92.00,0.06
2023-11-05,26.25,92.25,0.50
2023-11-05,26.25,92.50,0.36
2023-11-05,26.25,92.75,0.10
2023-11-05,26.25,93.00,2.16
2023-11-05,26.50,91.50,0.00
2023-11-05,26.50,91.75,0.00
2023-11-05,26.50,92.00,0.07
2023-11-05,26.50,92.25,0.00
2023-11-05,26.50,92.50,0.02
2023-11-05,26.50,92.75,0.07
2023-11-05,26.50,93.00,1.90
2023-11-05,26.75,91.50,0.00
2023-11-05,26.75,91.75,0.00
2023-11-05,26.75,92.00,0.00
2023-11-05,26.75,92.25,0.00
2023-11-05,26.75,92.50,0.82
2023-11-05,26.75,92.75,3.33
2023-11-05,26.75,93.00,5.95
2023-11-05,27.00,91.50,0.00
2023-11-05,27.00,91.75,0.00
2023-11-05,27.00,92.00,0.00
2023-11-05,27.00,92.25,9.49
2023-11-05,27.00,92.50,7.94
2023-11-05,27.00,92.75,10.28
2023-11-05,27.00,93.00,9.85
2023-11-05,27.25,91.50,
2023-11-05,27.25,91.75,
2023-11-05,27.25,92.00,0.12
2023-11-05,27.25,92.25,4.80
2023-11-05,27.25,92.50,6.36
2023-11-05,27.25,92.75,6.99
2023-11-05,27.25,93.00,9.57
2023-11-05,27.50,91.50,
2023-11-05,27.50,91.75,2.01
2023-11-05,27.50,92.00,1.29
2023-11-05,27.50,92.25,3.93
2023-11-05,27.50,92.50,6.77
2023-11-05,27.50,92.75,11.78
2023-11-05,27.50,93.00,14.67
2023-11-05,27.75,91.50,2.35
2023-11-05,27.75,91.75,2.17
2023-11-05,27.75,92.00,1.83
2023-11-05,27.75,92.25,6.97
2023-11-05,27.75,92.50,17.93
2023-11-05,27.75,92.75,24.25
2023-11-05,27.75,93.00,27.41
2023-11-05,28.00,91.50,2.25
2023-11-05,28.00,91.75,2.12
2023-11-05,28.00,92.00,2.14
2023-11-05,28.00,92.25,14.56
2023-11-05,28.00,92.50,23.78
2023-11-05,28.00,92.75,26.77
2023-11-05,28.00,93.00,29.23
2023-11-06,25.75,91.50,0.00
2023-11-06,25.75,91.75,0.00
2023-11-06,25.75,92.00,0.00
2023-11-06,25.75,92.25,0.00
2023-11-06,25.75,92.50,0.00
2023-11-06,25.75,92.75,0.00
2023-11-06,25.75,93.00,0.00
2023-11-06,26.00,91.50,0.00
2023-11-06,26.00,91.75,0.00
2023-11-06,26.00,92.00,0.00
2023-11-06,26.00,92.25,0.00
2023-11-06,26.00,92.50,0.00
2023-11-06,26.00,92.75,0.00
2023-11-06,26.00,93.00,0.00
2023-11-06,26.25,91.50,0.00
2023-11-06,26.25,91.75,0.00
2023-11-06,26.25,92.00,0.00
2023-11-06,26.25,92.25,0.00
2023-11-06,26.25,92.50,0.00
2023-11-06,26.25,92.75,0.00
2023-11-06,26.25,93.00,0.00
2023-11-06,26.50,91.50,0.00
2023-11-06,26.50,91.75,0.00
2023-11-06,26.50,92.00,0.00
2023-11-06,26.50,92.25,0.00
2023-11-06,26.50,92.50,0.00
2023-11-06,26.50,92.75,0.00
2023-11-06,26.50,93.00,0.00
2023-11-06,26.75,91.50,0.00
2023-11-06,26.75,91.75,0.00
2023-11-06,26.75,92.00,0.00
2023-11-06,26.75,92.25,0.00
2023-11-06,26.75,92.50,0.00
2023-11-06,26.75,92.75,0.00
2023-11-06,26.75,93.00,0.00
2023-11-06,27.00,91.50,0.00
2023-11-06,27.00,91.75,0.00
2023-11-06,27.00,92.00,0.00
2023-11-06,27.00,92.25,0.00
2023-11-06,27.00,92.50,0.00
2023-11-06,27.00,92.75,0.00
2023-11-06,27.00,93.00,0.00
2023-11-06,27.25,91.50,
2023-11-06,27.25,91.75,
2023-11-06,27.25,92.00,0.00
2023-11-06,27.25,92.25,0.00
2023-11-06,27.25,92.50,0.00
2023-11-06,27.25,92.75,0.00
2023-11-06,27.25,93.00,0.08
2023-11-06,27.50,91.50,
2023-11-06,27.50,91.75,0.00
2023-11-06,27.50,92.00,0.00
2023-11-06,27.50,92.25,0.00
2023-11-06,27.50,92.50,0.00
2023-11-06,27.50,92.75,0.00
2023-11-06,27.50,93.00,0.29
2023-11-06,27.75,91.50,0.00
2023-11-06,27.75,91.75,0.00
2023-11-06,27.75,92.00,0.00
2023-11-06,27.75,92.25,0.00
2023-11-06,27.75,92.50,0.00
2023-11-06,27.75,92.75,0.06
2023-11-06,27.75,93.00,0.10
2023-11-06,28.00,91.50,0.00
2023-11-06,28.00,91.75,0.00
2023-11-06,28.00,92.00,0.00
2023-11-06,28.00,92.25,0.00
2023-11-06,28.00,92.50,0.00
2023-11-06,28.00,92.75,0.08
2023-11-06,28.00,93.00,0.04
2023-11-07,25.75,91.50,0.00
2023-11-07,25.75,91.75,0.00
2023-11-07,25.75,92.00,0.00
2023-11-07,25.75,92.25,0.00
2023-11-07,25.75,92.50,0.00
2023-11-07,25.75,92.75,0.00
2023-11-07,25.75,93.00,0.00
2023-11-07,26.00,91.50,0.00
2023-11-07,26.00,91.75,0.00
2023-11-07,26.00,92.00,0.00
2023-11-07,26.00,92.25,0.00
2023-11-07,26.00,92.50,0.00
2023-11-07,26.00,92.75,0.00
2023-11-07,26.00,93.00,0.00
2023-11-07,26.25,91.50,0.00
2023-11-07,26.25,91.75,0.00
2023-11-07,26.25,92.00,0.00
2023-11-07,26.25,92.25,0.00
2023-11-07,26.25,92.50,0.00
2023-11-07,26.25,92.75,0.00
2023-11-07,26.25,93.00,0.00
2023-11-07,26.50,91.50,0.00
2023-11-07,26.50,91.75,0.00
2023-11-07,26.50,92.00,0.00
2023-11-07,26.50,92.25,0.00
2023-11-07,26.50,92.50,0.00
2023-11-07,26.50,92.75,0.00
2023-11-07,26.50,93.00,0.00
2023-11-07,26.75,91.50,0.00
2023-11-07,26.75,91.75,0.00
2023-11-07,26.75,92.00,0.00
2023-11-07,26.75,92.25,0.00
2023-11-07,26.75,92.50,0.00
2023-11-07,26.75,92.75,0.00
2023-11-07,26.75,93.00,0.00
2023-11-07,27.00,91.50,0.00
2023-11-07,27.00,91.75,0.00
2023-11-07,27.00,92.00,0.00
2023-11-07,27.00,92.25,0.00
2023-11-07,27.00,92.50,0.00
2023-11-07,27.00,92.75,0.00
2023-11-07,27.00,93.00,0.00
2023-11-07,27.25,91.50,
2023-11-07,27.25,91.75,
2023-11-07,27.25,92.00,0.00
2023-11-07,27.25,92.25,0.00
2023-11-07,27.25,92.50,0.00
2023-11-07,27.25,92.75,0.00
2023-11-07,27.25,93.00,0.12
2023-11-07,27.50,91.50,
2023-11-07,27.50,91.75,0.00
2023-11-07,27.50,92.00,0.00
2023-11-07,27.50,92.25,0.00
2023-11-07,27.50,92.50,0.00
2023-11-07,27.50,92.75,0.00
2023-11-07,27.50,93.00,0.45
2023-11-07,27.75,91.50,0.00
2023-11-07,27.75,91.75,0.00
2023-11-07,27.75,92.00,0.00
2023-11-07,27.75,92.25,0.00
2023-11-07,27.75,92.50,0.00
2023-11-07,27.75,92.75,0.09
2023-11-07,27.75,93.00,0.15
2023-11-07,28.00,91.50,0.00
2023-11-07,28.00,91.75,0.00
2023-11-07,28.00,92.00,0.00
2023-11-07,28.00,92.25,0.00
2023-11-07,28.00,92.50,0.00
2023-11-07,28.00,92.75,0.12
2023-11-07,28.00,93.00,0.07
2023-11-08,25.75,91.50,0.00
2023-11-08,25.75,91.75,0.00
2023-11-08,25.75,92.00,0.00
2023-11-08,25.75,92.25,0.00
2023-11-08,25.75,92.50,0.00
2023-11-08,25.75,92.75,0.00
2023-11-08,25.75,93.00,0.00
2023-11-08,26.00,91.50,0.00
2023-11-08,26.00,91.75,0.00
2023-11-08,26.00,92.00,0.00
2023-11-08,26.00,92.25,0.00
2023-11-08,26.00,92.50,0.00
2023-11-08,26.00,92.75,0.00
2023-11-08,26.00,93.00,0.00
2023-11-08,26.25,91.50,0.00
2023-11-08,26.25,91.75,0.00
2023-11-08,26.25,92.00,0.00
2023-11-08,26.25,92.25,0.00
2023-11-08,26.25,92.50,0.00
2023-11-08,26.25,92.75,0.00
2023-11-08,26.25,93.00,0.00
2023-11-08,26.50,91.50,0.00
2023-11-08,26.50,91.75,0.00
2023-11-08,26.50,92.00,0.00
2023-11-08,26.50,92.25,0.00
2023-11-08,26.50,92.50,0.00
2023-11-08,26.50,92.75,0.00
2023-11-08,26.50,93.00,0.00
2023-11-08,26.75,91.50,0.00
2023-11-08,26.75,91.75,0.00
2023-11-08,26.75,92.00,0.00
2023-11-08,26.75,92.25,0.00
2023-11-08,26.75,92.50,0.00
2023-11-08,26.75,92.75,0.00
2023-11-08,26.75,93.00,0.00
2023-11-08,27.00,91.50,0.00
2023-11-08,27.00,91.75,0.00
2023-11-08,27.00,92.00,0.00
2023-11-08,27.00,92.25,0.00
2023-11-08,27.00,92.50,0.00
2023-11-08,27.00,92.75,0.00
2023-11-08,27.00,93.00,0.00
2023-11-08,27.25,91.50,
2023-11-08,27.25,91.75,
2023-11-08,27.25,92.00,0.00
2023-11-08,27.25,92.25,0.00
2023-11-08,27.25,92.50,0.00
2023-11-08,27.25,92.75,0.00
2023-11-08,27.25,93.00,0.00
2023-11-08,27.50,91.50,
2023-11-08,27.50,91.75,0.00
2023-11-08,27.50,92.00,0.00
2023-11-08,27.50,92.25,0.00
2023-11-08,27.50,92.50,0.00
2023-11-08,27.50,92.75,0.00
2023-11-08,27.50,93.00,0.00
2023-11-08,27.75,91.50,0.00
2023-11-08,27.75,91.75,0.00
2023-11-08,27.75,92.00,0.00
2023-11-08,27.75,92.25,0.00
2023-11-08,27.75,92.50,0.00
2023-11-08,27.75,92.75,0.00
2023-11-08,27.75,93.00,0.00
2023-11-08,28.00,91.50,0.00
2023-11-08,28.00,91.75,0.00
2023-11-08,28.00,92.00,0.00
2023-11-08,28.00,92.25,0.00
2023-11-08,28.00,92.50,0.00
2023-11-08,28.00,92.75,0.00
2023-11-08,28.00,93.00,0.00
2023-11-09,25.75,91.50,0.08
2023-11-09,25.75,91.75,0.18
2023-11-09,25.75,92.00,0.00
2023-11-09,25.75,92.25,0.00
2023-11-09,25.75,92.50,0.00
2023-11-09,25.75,92.75,0.00
2023-11-09,25.75,93.00,0.00
2023-11-09,26.00,91.50,0.00
2023-11-09,26.00,91.75,0.00
2023-11-09,26.00,92.00,0.00
2023-11-09,26.00,92.25,0.00
2023-11-09,26.00,92.50,0.00
2023-11-09,26.00,92.75,0.00
2023-11-09,26.00,93.00,0.00
2023-11-09,26.25,91.50,0.00
2023-11-09,26.25,91.75,0.00
2023-11-09,26.25,92.00,0.00
2023-11-09,26.25,92.25,0.00
2023-11-09,26.25,92.50,0.00
2023-11-09,26.25,92.75,0.00
2023-11-09,26.25,93.00,0.00
2023-11-09,26.50,91.50,0.00
2023-11-09,26.50,91.75,0.00
2023-11-09,26.50,92.00,0.00
2023-11-09,26.50,92.25,0.00
2023-11-09,26.50,92.50,0.00
2023-11-09,26.50,92.75,0.00
2023-11-09,26.50,93.00,0.00
2023-11-09,26.75,91.50,0.00
2023-11-09,26.75,91.75,0.00
2023-11-09,26.75,92.00,0.00
2023-11-09,26.75,92.25,0.00
2023-11-09,26.75,92.50,0.00
2023-11-09,26.75,92.75,0.00
2023-11-09,26.75,93.00,0.00
2023-11-09,27.00,91.50,0.00
2023-11-09,27.00,91.75,0.00
2023-11-09,27.00,92.00,0.00
2023-11-09,27.00,92.25,0.00
2023-11-09,27.00,92.50,0.00
2023-11-09,27.00,92.75,0.00
2023-11-09,27.00,93.00,0.00
2023-11-09,27.25,91.50,
2023-11-09,27.25,91.75,
2023-11-09,27.25,92.00,0.00
2023-11-09,27.25,92.25,0.00
2023-11-09,27.25,92.50,0.00
2023-11-09,27.25,92.75,0.00
2023-11-09,27.25,93.00,0.00
2023-11-09,27.50,91.50,
2023-11-09,27.50,91.75,0.00
2023-11-09,27.50,92.00,0.00
2023-11-09,27.50,92.25,0.00
2023-11-09,27.50,92.50,0.00
2023-11-09,27.50,92.75,0.00
2023-11-09,27.50,93.00,0.00
2023-11-09,27.75,91.50,0.00
2023-11-09,27.75,91.75,0.00
2023-11-09,27.75,92.00,0.00
2023-11-09,27.75,92.25,0.00
2023-11-09,27.75,92.50,0.00
2023-11-09,27.75,92.75,0.00
2023-11-09,27.75,93.00,0.00
2023-11-09,28.00,91.50,0.00
2023-11-09,28.00,91.75,0.00
2023-11-09,28.00,92.00,0.00
2023-11-09,28.00,92.25,0.00
2023-11-09,28.00,92.50,0.00
2023-11-09,28.00,92.75,0.00
2023-11-09,28.00,93.00,0.00
2023-11-10,25.75,91.50,0.00
2023-11-10,25.75,91.75,0.00
2023-11-10,25.75,92.00,0.00
2023-11-10,25.75,92.25,0.00
2023-11-10,25.75,92.50,0.00
2023-11-10,25.75,92.75,0.00
2023-11-10,25.75,93.00,0.00
2023-11-10,26.00,91.50,0.00
2023-11-10,26.00,91.75,0.00
2023-11-10,26.00,92.00,0.00
2023-11-10,26.00,92.25,0.00
2023-11-10,26.00,92.50,0.00
2023-11-10,26.00,92.75,0.00
2023-11-10,26.00,93.00,0.00
2023-11-10,26.25,91.50,0.00
2023-11-10,26.25,91.75,0.00
2023-11-10,26.25,92.00,0.00
2023-11-10,26.25,92.25,0.00
2023-11-10,26.25,92.50,0.00
2023-11-10,26.25,92.75,0.00
2023-11-10,26.25,93.00,0.00
2023-11-10,26.50,91.50,0.00
2023-11-10,26.50,91.75,0.00
2023-11-10,26.50,92.00,0.00
2023-11-10,26.50,92.25,0.00
2023-11-10,26.50,92.50,0.00
2023-11-10,26.50,92.75,0.00
2023-11-10,26.50,93.00,0.00
2023-11-10,26.75,91.50,0.00
2023-11-10,26.75,91.75,0.00
2023-11-10,26.75,92.00,0.00
2023-11-10,26.75,92.25,0.00
2023-11-10,26.75,92.50,0.00
2023-11-10,26.75,92.75,0.00
2023-11-10,26.75,93.00,0.00
2023-11-10,27.00,91.50,0.00
2023-11-10,27.00,91.75,0.00
2023-11-10,27.00,92.00,0.00
2023-11-10,27.00,92.25,0.00
2023-11-10,27.00,92.50,0.00
2023-11-10,27.00,92.75,0.00
2023-11-10,27.00,93.00,0.00
2023-11-10,27.25,91.50,
2023-11-10,27.25,91.75,
2023-11-10,27.25,92.00,0.00
2023-11-10,27.25,92.25,0.00
2023-11-10,27.25,92.50,0.00
2023-11-10,27.25,92.75,0.00
2023-11-10,27.25,93.00,0.00
2023-11-10,27.50,91.50,
2023-11-10,27.50,91.75,0.00
2023-11-10,27.50,92.00,0.00
2023-11-10,27.50,92.25,0.00
2023-11-10,27.50,92.50,0.00
2023-11-10,27.50,92.75,0.00
2023-11-10,27.50,93.00,0.00
2023-11-10,27.75,91.50,0.00
2023-11-10,27.75,91.75,0.00
2023-11-10,27.75,92.00,0.00
2023-11-10,27.75,92.25,0.00
2023-11-10,27.75,92.50,0.00
2023-11-10,27.75,92.75,0.00
2023-11-10,27.75,93.00,0.00
2023-11-10,28.00,91.50,0.00
2023-11-10,28.00,91.75,0.00
2023-11-10,28.00,92.00,0.00
2023-11-10,28.00,92.25,0.00
2023-11-10,28.00,92.50,0.00
2023-11-10,28.00,92.75,0.00
2023-11-10,28.00,93.00,0.00
2023-11-11,25.75,91.50,0.00
2023-11-11,25.75,91.75,0.00
2023-11-11,25.75,92.00,0.00
2023-11-11,25.75,92.25,0.00
2023-11-11,25.75,92.50,0.00
2023-11-11,25.75,92.75,0.00
2023-11-11,25.75,93.00,0.00
2023-11-11,26.00,91.50,0.00
2023-11-11,26.00,91.75,0.00
2023-11-11,26.00,92.00,0.00
2023-11-11,26.00,92.25,0.00
2023-11-11,26.00,92.50,0.00
2023-11-11,26.00,92.75,0.00
2023-11-11,26.00,93.00,0.00
2023-11-11,26.25,91.50,0.00
2023-11-11,26.25,91.75,0.00
2023-11-11,26.25,92.00,0.00
2023-11-11,26.25,92.25,0.00
2023-11-11,26.25,92.50,0.00
2023-11-11,26.25,92.75,0.00
2023-11-11,26.25,93.00,0.00
2023-11-11,26.50,91.50,0.00
2023-11-11,26.50,91.75,0.00
2023-11-11,26.50,92.00,0.00
2023-11-11,26.50,92.25,0.00
2023-11-11,26.50,92.50,0.00
2023-11-11,26.50,92.75,0.00
2023-11-11,26.50,93.00,0.00
2023-11-11,26.75,91.50,0.00
2023-11-11,26.75,91.75,0.00
2023-11-11,26.75,92.00,0.00
2023-11-11,26.75,92.25,0.00
2023-11-11,26.75,92.50,0.00
2023-11-11,26.75,92.75,0.00
2023-11-11,26.75,93.00,0.00
2023-11-11,27.00,91.50,0.00
2023-11-11,27.00,91.75,0.00
2023-11-11,27.00,92.00,0.00
2023-11-11,27.00,92.25,0.00
2023-11-11,27.00,92.50,0.00
2023-11-11,27.00,92.75,0.00
2023-11-11,27.00,93.00,0.00
2023-11-11,27.25,91.50,
2023-11-11,27.25,91.75,
2023-11-11,27.25,92.00,0.00
2023-11-11,27.25,92.25,0.00
2023-11-11,27.25,92.50,0.00
2023-11-11,27.25,92.75,0.00
2023-11-11,27.25,93.00,0.00
2023-11-11,27.50,91.50,
2023-11-11,27.50,91.75,0.00
2023-11-11,27.50,92.00,0.00
2023-11-11,27.50,92.25,0.00
2023-11-11,27.50,92.50,0.00
2023-11-11,27.50,92.75,0.00
2023-11-11,27.50,93.00,0.00
2023-11-11,27.75,91.50,0.00
2023-11-11,27.75,91.75,0.00
2023-11-11,27.75,92.00,0.00
2023-11-11,27.75,92.25,0.00
2023-11-11,27.75,92.50,0.00
2023-11-11,27.75,92.75,0.00
2023-11-11,27.75,93.00,0.00
2023-11-11,28.00,91.50,0.00
2023-11-11,28.00,91.75,0.00
2023-11-11,28.00,92.00,0.00
2023-11-11,28.00,92.25,0.00
2023-11-11,28.00,92.50,0.00
2023-11-11,28.00,92.75,0.00
2023-11-11,28.00,93.00,0.00
2023-11-12,25.75,91.50,0.00
2023-11-12,25.75,91.75,0.00
2023-11-12,25.75,92.00,0.00
2023-11-12,25.75,92.25,0.00
2023-11-12,25.75,92.50,0.00
2023-11-12,25.75,92.75,0.00
2023-11-12,25.75,93.00,0.00
2023-11-12,26.00,91.50,0.00
2023-11-12,26.00,91.75,0.00
2023-11-12,26.00,92.00,0.00
2023-11-12,26.00,92.25,0.00
2023-11-12,26.00,92.50,0.00
2023-11-12,26.00,92.75,0.00
2023-11-12,26.00,93.00,0.00
2023-11-12,26.25,91.50,0.00
2023-11-12,26.25,91.75,0.00
2023-11-12,26.25,92.00,0.00
2023-11-12,26.25,92.25,0.00
2023-11-12,26.25,92.50,0.00
2023-11-12,26.25,92.75,0.00
2023-11-12,26.25,93.00,0.00
2023-11-12,26.50,91.50,0.00
2023-11-12,26.50,91.75,0.00
2023-11-12,26.50,92.00,0.00
2023-11-12,26.50,92.25,0.00
2023-11-12,26.50,92.50,0.00
2023-11-12,26.50,92.75,0.00
2023-11-12,26.50,93.00,0.00
2023-11-12,26.75,91.50,0.00
2023-11-12,26.75,91.75,0.00
2023-11-12,26.75,92.00,0.00
2023-11-12,26.75,92.25,0.00
2023-11-12,26.75,92.50,0.00
2023-11-12,26.75,92.75,0.00
2023-11-12,26.75,93.00,0.00
2023-11-12,27.00,91.50,0.00
2023-11-12,27.00,91.75,0.00
2023-11-12,27.00,92.00,0.00
2023-11-12,27.00,92.25,0.00
2023-11-12,27.00,92.50,0.00
2023-11-12,27.00,92.75,0.00
2023-11-12,27.00,93.00,0.00
2023-11-12,27.25,91.50,
2023-11-12,27.25,91.75,
2023-11-12,27.25,92.00,0.00
2023-11-12,27.25,92.25,0.00
2023-11-12,27.25,92.50,0.00
2023-11-12,27.25,92.75,0.00
2023-11-12,27.25,93.00,0.00
2023-11-12,27.50,91.50,
2023-11-12,27.50,91.75,0.00
2023-11-12,27.50,92.00,0.00
2023-11-12,27.50,92.25,0.00
2023-11-12,27.50,92.50,0.00
2023-11-12,27.50,92.75,0.00
2023-11-12,27.50,93.00,0.00
2023-11-12,27.75,91.50,0.00
2023-11-12,27.75,91.75,0.00
2023-11-12,27.75,92.00,0.00
2023-11-12,27.75,92.25,0.00
2023-11-12,27.75,92.50,0.00
2023-11-12,27.75,92.75,0.00
2023-11-12,27.75,93.00,0.00
2023-11-12,28.00,91.50,0.00
2023-11-12,28.00,91.75,0.00
2023-11-12,28.00,92.00,0.00
2023-11-12,28.00,92.25,0.00
2023-11-12,28.00,92.50,0.00
2023-11-12,28.00,92.75,0.00
2023-11-12,28.00,93.00,0.00
2023-11-13,25.75,91.50,0.00
2023-11-13,25.75,91.75,0.00
2023-11-13,25.75,92.00,0.00
2023-11-13,25.75,92.25,0.00
2023-11-13,25.75,92.50,0.00
2023-11-13,25.75,92.75,0.00
2023-11-13,25.75,93.00,0.00
2023-11-13,26.00,91.50,0.00
2023-11-13,26.00,91.75,0.00
2023-11-13,26.00,92.00,0.00
2023-11-13,26.00,92.25,0.00
2023-11-13,26.00,92.50,0.00
2023-11-13,26.00,92.75,0.00
2023-11-13,26.00,93.00,0.00
2023-11-13,26.25,91.50,0.00
2023-11-13,26.25,91.75,0.00
2023-11-13,26.25,92.00,0.00
2023-11-13,26.25,92.25,0.00
2023-11-13,26.25,92.50,0.00
2023-11-13,26.25,92.75,0.00
2023-11-13,26.25,93.00,0.00
2023-11-13,26.50,91.50,0.00
2023-11-13,26.50,91.75,0.00
2023-11-13,26.50,92.00,0.00
2023-11-13,26.50,92.25,0.00
2023-11-13,26.50,92.50,0.00
2023-11-13,26.50,92.75,0.00
2023-11-13,26.50,93.00,0.00
2023-11-13,26.75,91.50,0.00
2023-11-13,26.75,91.75,0.00
2023-11-13,26.75,92.00,0.00
2023-11-13,26.75,92.25,0.00
2023-11-13,26.75,92.50,0.00
2023-11-13,26.75,92.75,0.00
2023-11-13,26.75,93.00,0.00
2023-11-13,27.00,91.50,0.00
2023-11-13,27.00,91.75,0.00
2023-11-13,27.00,92.00,0.00
2023-11-13,27.00,92.25,0.00
2023-11-13,27.00,92.50,0.00
2023-11-13,27.00,92.75,0.00
2023-11-13,27.00,93.00,0.00
2023-11-13,27.25,91.50,
2023-11-13,27.25,91.75,
2023-11-13,27.25,92.00,0.00
2023-11-13,27.25,92.25,0.00
2023-11-13,27.25,92.50,0.00
2023-11-13,27.25,92.75,0.00
2023-11-13,27.25,93.00,0.00
2023-11-13,27.50,91.50,
2023-11-13,27.50,91.75,0.00
2023-11-13,27.50,92.00,0.00
2023-11-13,27.50,92.25,0.00
2023-11-13,27.50,92.50,0.00
2023-11-13,27.50,92.75,0.00
2023-11-13,27.50,93.00,0.00
2023-11-13,27.75,91.50,0.00
2023-11-13,27.75,91.75,0.00
2023-11-13,27.75,92.00,0.00
2023-11-13,27.75,92.25,0.00
2023-11-13,27.75,92.50,0.00
2023-11-13,27.75,92.75,0.00
2023-11-13,27.75,93.00,0.00
2023-11-13,28.00,91.50,0.00
2023-11-13,28.00,91.75,0.00
2023-11-13,28.00,92.00,0.00
2023-11-13,28.00,92.25,0.00
2023-11-13,28.00,92.50,0.00
2023-11-13,28.00,92.75,0.00
2023-11-13,28.00,93.00,0.00
2023-11-14,25.75,91.50,0.00
2023-11-14,25.75,91.75,0.00
2023-11-14,25.75,92.00,0.00
2023-11-14,25.75,92.25,0.00
2023-11-14,25.75,92.50,0.00
2023-11-14,25.75,92.75,0.00
2023-11-14,25.75,93.00,0.00
2023-11-14,26.00,91.50,0.00
2023-11-14,26.00,91.75,0.00
2023-11-14,26.00,92.00,0.00
2023-11-14,26.00,92.25,0.00
2023-11-14,26.00,92.50,0.00
2023-11-14,26.00,92.75,0.00
2023-11-14,26.00,93.00,0.00
2023-11-14,26.25,91.50,0.00
2023-11-14,26.25,91.75,0.00
2023-11-14,26.25,92.00,0.00
2023-11-14,26.25,92.25,0.00
2023-11-14,26.25,92.50,0.00
2023-11-14,26.25,92.75,0.00
2023-11-14,26.25,93.00,0.00
2023-11-14,26.50,91.50,0.00
2023-11-14,26.50,91.75,0.00
2023-11-14,26.50,92.00,0.00
2023-11-14,26.50,92.25,0.00
2023-11-14,26.50,92.50,0.00
2023-11-14,26.50,92.75,0.00
2023-11-14,26.50,93.00,0.00
2023-11-14,26.75,91.50,0.00
2023-11-14,26.75,91.75,0.00
2023-11-14,26.75,92.00,0.00
2023-11-14,26.75,92.25,0.00
2023-11-14,26.75,92.50,0.00
2023-11-14,26.75,92.75,0.00
2023-11-14,26.75,93.00,0.00
2023-11-14,27.00,91.50,0.00
2023-11-14,27.00,91.75,0.00
2023-11-14,27.00,92.00,0.00
2023-11-14,27.00,92.25,0.00
2023-11-14,27.00,92.50,0.00
2023-11-14,27.00,92.75,0.00
2023-11-14,27.00,93.00,0.00
2023-11-14,27.25,91.50,
2023-11-14,27.25,91.75,
2023-11-14,27.25,92.00,0.00
2023-11-14,27.25,92.25,0.00
2023-11-14,27.25,92.50,0.00
2023-11-14,27.25,92.75,0.00
2023-11-14,27.25,93.00,0.00
2023-11-14,27.50,91.50,
2023-11-14,27.50,91.75,0.00
2023-11-14,27.50,92.00,0.00
2023-11-14,27.50,92.25,0.00
2023-11-14,27.50,92.50,0.00
2023-11-14,27.50,92.75,0.00
2023-11-14,27.50,93.00,0.00
2023-11-14,27.75,91.50,0.00
2023-11-14,27.75,91.75,0.00
2023-11-14,27.75,92.00,0.00
2023-11-14,27.75,92.25,0.00
2023-11-14,27.75,92.50,0.00
2023-11-14,27.75,92.75,0.00
2023-11-14,27.75,93.00,0.00
2023-11-14,28.00,91.50,0.00
2023-11-14,28.00,91.75,0.00
2023-11-14,28.00,92.00,0.00
2023-11-14,28.00,92.25,0.00
2023-11-14,28.00,92.50,0.00
2023-11-14,28.00,92.75,0.00
2023-11-14,28.00,93.00,0.00
2023-11-15,25.75,91.50,0.00
2023-11-15,25.75,91.75,0.00
2023-11-15,25.75,92.00,0.00
2023-11-15,25.75,92.25,0.00
2023-11-15,25.75,92.50,0.00
2023-11-15,25.75,92.75,0.00
2023-11-15,25.75,93.00,0.00
2023-11-15,26.00,91.50,0.00
2023-11-15,26.00,91.75,0.00
2023-11-15,26.00,92.00,0.00
2023-11-15,26.00,92.25,0.00
2023-11-15,26.00,92.50,0.00
2023-11-15,26.00,92.75,0.00
2023-11-15,26.00,93.00,0.00
2023-11-15,26.25,91.50,0.00
2023-11-15,26.25,91.75,0.00
2023-11-15,26.25,92.00,0.00
2023-11-15,26.25,92.25,0.00
2023-11-15,26.25,92.50,0.00
2023-11-15,26.25,92.75,0.00
2023-11-15,26.25,93.00,0.00
2023-11-15,26.50,91.50,0.00
2023-11-15,26.50,91.75,0.00
2023-11-15,26.50,92.00,0.00
2023-11-15,26.50,92.25,0.00
2023-11-15,26.50,92.50,0.00
2023-11-15,26.50,92.75,0.00
2023-11-15,26.50,93.00,0.00
2023-11-15,26.75,91.50,0.00
2023-11-15,26.75,91.75,0.00
2023-11-15,26.75,92.00,0.00
2023-11-15,26.75,92.25,0.00
2023-11-15,26.75,92.50,0.00
2023-11-15,26.75,92.75,0.00
2023-11-15,26.75,93.00,0.00
2023-11-15,27.00,91.50,0.00
2023-11-15,27.00,91.75,0.00
2023-11-15,27.00,92.00,0.00
2023-11-15,27.00,92.25,0.00
2023-11-15,27.00,92.50,0.00
2023-11-15,27.00,92.75,0.00
2023-11-15,27.00,93.00,0.00
2023-11-15,27.25,91.50,
2023-11-15,27.25,91.75,
2023-11-15,27.25,92.00,0.00
2023-11-15,27.25,92.25,0.00
2023-11-15,27.25,92.50,0.00
2023-11-15,27.25,92.75,0.00
2023-11-15,27.25,93.00,0.00
2023-11-15,27.50,91.50,
2023-11-15,27.50,91.75,0.00
2023-11-15,27.50,92.00,0.00
2023-11-15,27.50,92.25,0.00
2023-11-15,27.50,92.50,0.00
2023-11-15,27.50,92.75,0.00
2023-11-15,27.50,93.00,0.00
2023-11-15,27.75,91.50,0.00
2023-11-15,27.75,91.75,0.00
2023-11-15,27.75,92.00,0.00
2023-11-15,27.75,92.25,0.00
2023-11-15,27.75,92.50,0.00
2023-11-15,27.75,92.75,0.00
2023-11-15,27.75,93.00,0.00
2023-11-15,28.00,91.50,0.00
2023-11-15,28.00,91.75,0.00
2023-11-15,28.00,92.00,0.00
2023-11-15,28.00,92.25,0.00
2023-11-15,28.00,92.50,0.00
2023-11-15,28.00,92.75,0.00
2023-11-15,28.00,93.00,0.00
2023-11-16,25.75,91.50,0.00
2023-11-16,25.75,91.75,0.00
2023-11-16,25.75,92.00,0.00
2023-11-16,25.75,92.25,0.00
2023-11-16,25.75,92.50,0.00
2023-11-16,25.75,92.75,0.00
2023-11-16,25.75,93.00,0.00
2023-11-16,26.00,91.50,0.00
2023-11-16,26.00,91.75,0.00
2023-11-16,26.00,92.00,0.00
2023-11-16,26.00,92.25,0.00
2023-11-16,26.00,92.50,0.00
2023-11-16,26.00,92.75,0.00
2023-11-16,26.00,93.00,0.00
2023-11-16,26.25,91.50,0.00
2023-11-16,26.25,91.75,0.00
2023-11-16,26.25,92.00,0.00
2023-11-16,26.25,92.25,0.00
2023-11-16,26.25,92.50,0.00
2023-11-16,26.25,92.75,0.00
2023-11-16,26.25,93.00,0.00
2023-11-16,26.50,91.50,0.00
2023-11-16,26.50,91.75,0.00
2023-11-16,26.50,92.00,0.00
2023-11-16,26.50,92.25,0.00
2023-11-16,26.50,92.50,0.00
2023-11-16,26.50,92.75,0.00
2023-11-16,26.50,93.00,0.00
2023-11-16,26.75,91.50,0.00
2023-11-16,26.75,91.75,0.00
2023-11-16,26.75,92.00,0.00
2023-11-16,26.75,92.25,0.00
2023-11-16,26.75,92.50,0.00
2023-11-16,26.75,92.75,0.00
2023-11-16,26.75,93.00,0.00
2023-11-16,27.00,91.50,0.00
2023-11-16,27.00,91.75,0.00
2023-11-16,27.00,92.00,0.00
2023-11-16,27.00,92.25,0.00
2023-11-16,27.00,92.50,0.00
2023-11-16,27.00,92.75,0.00
2023-11-16,27.00,93.00,0.00
2023-11-16,27.25,91.50,
2023-11-16,27.25,91.75,
2023-11-16,27.25,92.00,0.00
2023-11-16,27.25,92.25,0.00
2023-11-16,27.25,92.50,0.00
2023-11-16,27.25,92.75,0.00
2023-11-16,27.25,93.00,0.00
2023-11-16,27.50,91.50,
2023-11-16,27.50,91.75,0.00
2023-11-16,27.50,92.00,0.00
2023-11-16,27.50,92.25,0.00
2023-11-16,27.50,92.50,0.00
2023-11-16,27.50,92.75,0.00
2023-11-16,27.50,93.00,0.00
2023-11-16,27.75,91.50,0.00
2023-11-16,27.75,91.75,0.00
2023-11-16,27.75,92.00,0.00
2023-11-16,27.75,92.25,0.00
2023-11-16,27.75,92.50,0.00
2023-11-16,27.75,92.75,0.00
2023-11-16,27.75,93.00,0.00
2023-11-16,28.00,91.50,0.00
2023-11-16,28.00,91.75,0.00
2023-11-16,28.00,92.00,0.00
2023-11-16,28.00,92.25,0.00
2023-11-16,28.00,92.50,0.00
2023-11-16,28.00,92.75,0.00
2023-11-16,28.00,93.00,0.00
2023-11-17,25.75,91.50,4.29
2023-11-17,25.75,91.75,4.49
2023-11-17,25.75,92.00,1.34
2023-11-17,25.75,92.25,0.65
2023-11-17,25.75,92.50,0.47
2023-11-17,25.75,92.75,2.60
2023-11-17,25.75,93.00,5.35
2023-11-17,26.00,91.50,0.23
2023-11-17,26.00,91.75,2.43
2023-11-17,26.00,92.00,0.98
2023-11-17,26.00,92.25,0.14
2023-11-17,26.00,92.50,0.40
2023-11-17,26.00,92.75,2.68
2023-11-17,26.00,93.00,5.19
2023-11-17,26.25,91.50,0.00
2023-11-17,26.25,91.75,0.83
2023-11-17,26.25,92.00,0.44
2023-11-17,26.25,92.25,0.65
2023-11-17,26.25,92.50,0.62
2023-11-17,26.25,92.75,1.10
2023-11-17,26.25,93.00,7.99
2023-11-17,26.50,91.50,0.00
2023-11-17,26.50,91.75,0.06
2023-11-17,26.50,92.00,0.10
2023-11-17,26.50,92.25,0.19
2023-11-17,26.50,92.50,0.30
2023-11-17,26.50,92.75,0.36
2023-11-17,26.50,93.00,3.60
2023-11-17,26.75,91.50,0.00
2023-11-17,26.75,91.75,0.00
2023-11-17,26.75,92.00,0.00
2023-11-17,26.75,92.25,0.20
2023-11-17,26.75,92.50,0.30
2023-11-17,26.75,92.75,0.27
2023-11-17,26.75,93.00,0.00
2023-11-17,27.00,91.50,0.00
2023-11-17,27.00,91.75,0.00
2023-11-17,27.00,92.00,0.00
2023-11-17,27.00,92.25,0.00
2023-11-17,27.00,92.50,0.05
2023-11-17,27.00,92.75,0.00
2023-11-17,27.00,93.00,0.00
2023-11-17,27.25,91.50,
2023-11-17,27.25,91.75,
2023-11-17,27.25,92.00,0.00
2023-11-17,27.25,92.25,0.00
2023-11-17,27.25,92.50,0.00
2023-11-17,27.25,92.75,0.00
2023-11-17,27.25,93.00,0.00
2023-11-17,27.50,91.50,
2023-11-17,27.50,91.75,0.00
2023-11-17,27.50,92.00,0.00
2023-11-17,27.50,92.25,0.00
2023-11-17,27.50,92.50,0.00
2023-11-17,27.50,92.75,0.00
2023-11-17,27.50,93.00,0.00
2023-11-17,27.75,91.50,0.00
2023-11-17,27.75,91.75,0.00
2023-11-17,27.75,92.00,0.00
2023-11-17,27.75,92.25,0.00
2023-11-17,27.75,92.50,0.00
2023-11-17,27.75,92.75,0.00
2023-11-17,27.75,93.00,0.00
2023-11-17,28.00,91.50,0.00
2023-11-17,28.00,91.75,0.00
2023-11-17,28.00,92.00,0.00
2023-11-17,28.00,92.25,0.00
2023-11-17,28.00,92.50,0.00
2023-11-17,28.00,92.75,0.00
2023-11-17,28.00,93.00,0.00
2023-11-18,25.75,91.50,9.14
2023-11-18,25.75,91.75,13.64
2023-11-18,25.75,92.00,12.75
2023-11-18,25.75,92.25,21.43
2023-11-18,25.75,92.50,28.06
2023-11-18,25.75,92.75,34.77
2023-11-18,25.75,93.00,28.25
2023-11-18,26.00,91.50,0.65
2023-11-18,26.00,91.75,5.44
2023-11-18,26.00,92.00,3.11
2023-11-18,26.00,92.25,3.73
2023-11-18,26.00,92.50,16.77
2023-11-18,26.00,92.75,28.60
2023-11-18,26.00,93.00,26.47
2023-11-18,26.25,91.50,0.47
2023-11-18,26.25,91.75,2.05
2023-11-18,26.25,92.00,1.26
2023-11-18,26.25,92.25,4.60
2023-11-18,26.25,92.50,4.17
2023-11-18,26.25,92.75,10.24
2023-11-18,26.25,93.00,23.75
2023-11-18,26.50,91.50,0.00
2023-11-18,26.50,91.75,0.24
2023-11-18,26.50,92.00,0.35
2023-11-18,26.50,92.25,2.79
2023-11-18,26.50,92.50,0.67
2023-11-18,26.50,92.75,1.45
2023-11-18,26.50,93.00,13.71
2023-11-18,26.75,91.50,0.00
2023-11-18,26.75,91.75,0.00
2023-11-18,26.75,92.00,0.00
2023-11-18,26.75,92.25,0.15
2023-11-18,26.75,92.50,0.22
2023-11-18,26.75,92.75,0.76
2023-11-18,26.75,93.00,6.47
2023-11-18,27.00,91.50,0.00
2023-11-18,27.00,91.75,0.00
2023-11-18,27.00,92.00,0.00
2023-11-18,27.00,92.25,0.00
2023-11-18,27.00,92.50,0.04
2023-11-18,27.00,92.75,2.17
2023-11-18,27.00,93.00,6.28
2023-11-18,27.25,91.50,
2023-11-18,27.25,91.75,
2023-11-18,27.25,92.00,0.00
2023-11-18,27.25,92.25,0.00
2023-11-18,27.25,92.50,0.00
2023-11-18,27.25,92.75,0.27
2023-11-18,27.25,93.00,3.95
2023-11-18,27.50,91.50,
2023-11-18,27.50,91.75,0.00
2023-11-18,27.50,92.00,0.00
2023-11-18,27.50,92.25,0.00
2023-11-18,27.50,92.50,0.12
2023-11-18,27.50,92.75,0.77
2023-11-18,27.50,93.00,3.09
2023-11-18,27.75,91.50,0.00
2023-11-18,27.75,91.75,0.00
2023-11-18,27.75,92.00,0.00
2023-11-18,27.75,92.25,0.00
2023-11-18,27.75,92.50,0.17
2023-11-18,27.75,92.75,2.18
2023-11-18,27.75,93.00,4.09
2023-11-18,28.00,91.50,0.00
2023-11-18,28.00,91.75,0.00
2023-11-18,28.00,92.00,0.00
2023-11-18,28.00,92.25,0.00
2023-11-18,28.00,92.50,0.30
2023-11-18,28.00,92.75,2.36
2023-11-18,28.00,93.00,4.39
2023-11-19,25.75,91.50,0.00
2023-11-19,25.75,91.75,0.00
2023-11-19,25.75,92.00,0.00
2023-11-19,25.75,92.25,0.00
2023-11-19,25.75,92.50,0.00
2023-11-19,25.75,92.75,0.00
2023-11-19,25.75,93.00,0.00
2023-11-19,26.00,91.50,0.00
2023-11-19,26.00,91.75,0.00
2023-11-19,26.00,92.00,0.00
2023-11-19,26.00,92.25,0.00
2023-11-19,26.00,92.50,0.00
2023-11-19,26.00,92.75,0.00
2023-11-19,26.00,93.00,0.00
2023-11-19,26.25,91.50,0.00
2023-11-19,26.25,91.75,0.00
2023-11-19,26.25,92.00,0.00
2023-11-19,26.25,92.25,0.00
2023-11-19,26.25,92.50,0.00
2023-11-19,26.25,92.75,0.00
2023-11-19,26.25,93.00,0.00
2023-11-19,26.50,91.50,0.00
2023-11-19,26.50,91.75,0.00
2023-11-19,26.50,92.00,0.00
2023-11-19,26.50,92.25,0.00
2023-11-19,26.50,92.50,0.00
2023-11-19,26.50,92.75,0.00
2023-11-19,26.50,93.00,0.00
2023-11-19,26.75,91.50,0.00
2023-11-19,26.75,91.75,0.00
2023-11-19,26.75,92.00,0.00
2023-11-19,26.75,92.25,0.00
2023-11-19,26.75,92.50,0.00
2023-11-19,26.75,92.75,0.00
2023-11-19,26.75,93.00,0.00
2023-11-19,27.00,91.50,0.00
2023-11-19,27.00,91.75,0.00
2023-11-19,27.00,92.00,0.00
2023-11-19,27.00,92.25,0.00
2023-11-19,27.00,92.50,0.00
2023-11-19,27.00,92.75,0.00
2023-11-19,27.00,93.00,0.00
2023-11-19,27.25,91.50,
2023-11-19,27.25,91.75,
2023-11-19,27.25,92.00,0.00
2023-11-19,27.25,92.25,0.00
2023-11-19,27.25,92.50,0.00
2023-11-19,27.25,92.75,0.00
2023-11-19,27.25,93.00,0.00
2023-11-19,27.50,91.50,
2023-11-19,27.50,91.75,0.00
2023-11-19,27.50,92.00,0.00
2023-11-19,27.50,92.25,0.00
2023-11-19,27.50,92.50,0.00
2023-11-19,27.50,92.75,0.00
2023-11-19,27.50,93.00,0.00
2023-11-19,27.75,91.50,0.00
2023-11-19,27.75,91.75,0.00
2023-11-19,27.75,92.00,0.00
2023-11-19,27.75,92.25,0.00
2023-11-19,27.75,92.50,0.00
2023-11-19,27.75,92.75,0.00
2023-11-19,27.75,93.00,0.00
2023-11-19,28.00,91.50,0.00
2023-11-19,28.00,91.75,0.00
2023-11-19,28.00,92.00,0.00
2023-11-19,28.00,92.25,0.00
2023-11-19,28.00,92.50,0.00
2023-11-19,28.00,92.75,0.00
2023-11-19,28.00,93.00,0.00
2023-11-20,25.75,91.50,0.00
2023-11-20,25.75,91.75,0.00
2023-11-20,25.75,92.00,0.00
2023-11-20,25.75,92.25,0.00
2023-11-20,25.75,92.50,0.00
2023-11-20,25.75,92.75,0.00
2023-11-20,25.75,93.00,0.00
2023-11-20,26.00,91.50,0.00
2023-11-20,26.00,91.75,0.00
2023-11-20,26.00,92.00,0.00
2023-11-20,26.00,92.25,0.00
2023-11-20,26.00,92.50,0.00
2023-11-20,26.00,92.75,0.00
2023-11-20,26.00,93.00,0.00
2023-11-20,26.25,91.50,0.00
2023-11-20,26.25,91.75,0.00
2023-11-20,26.25,92.00,0.00
2023-11-20,26.25,92.25,0.00
2023-11-20,26.25,92.50,0.00
2023-11-20,26.25,92.75,0.00
2023-11-20,26.25,93.00,0.00
2023-11-20,26.50,91.50,0.00
2023-11-20,26.50,91.75,0.00
2023-11-20,26.50,92.00,0.00
2023-11-20,26.50,92.25,0.00
2023-11-20,26.50,92.50,0.00
2023-11-20,26.50,92.75,0.00
2023-11-20,26.50,93.00,0.00
2023-11-20,26.75,91.50,0.00
2023-11-20,26.75,91.75,0.00
2023-11-20,26.75,92.00,0.00
2023-11-20,26.75,92.25,0.00
2023-11-20,26.75,92.50,0.00
2023-11-20,26.75,92.75,0.00
2023-11-20,26.75,93.00,0.00
2023-11-20,27.00,91.50,0.00
2023-11-20,27.00,91.75,0.00
2023-11-20,27.00,92.00,0.00
2023-11-20,27.00,92.25,0.00
2023-11-20,27.00,92.50,0.00
2023-11-20,27.00,92.75,0.00
2023-11-20,27.00,93.00,0.00
2023-11-20,27.25,91.50,
2023-11-20,27.25,91.75,
2023-11-20,27.25,92.00,0.00
2023-11-20,27.25,92.25,0.00
2023-11-20,27.25,92.50,0.00
2023-11-20,27.25,92.75,0.00
2023-11-20,27.25,93.00,0.00
2023-11-20,27.50,91.50,
2023-11-20,27.50,91.75,0.00
2023-11-20,27.50,92.00,0.00
2023-11-20,27.50,92.25,0.00
2023-11-20,27.50,92.50,0.00
2023-11-20,27.50,92.75,0.00
2023-11-20,27.50,93.00,0.00
2023-11-20,27.75,91.50,0.00
2023-11-20,27.75,91.75,0.00
2023-11-20,27.75,92.00,0.00
2023-11-20,27.75,92.25,0.00
2023-11-20,27.75,92.50,0.00
2023-11-20,27.75,92.75,0.00
2023-11-20,27.75,93.00,0.00
2023-11-20,28.00,91.50,0.00
2023-11-20,28.00,91.75,0.00
2023-11-20,28.00,92.00,0.00
2023-11-20,28.00,92.25,0.00
2023-11-20,28.00,92.50,0.00
2023-11-20,28.00,92.75,0.00
2023-11-20,28.00,93.00,0.00
2023-11-21,25.75,91.50,0.00
2023-11-21,25.75,91.75,0.00
2023-11-21,25.75,92.00,0.00
2023-11-21,25.75,92.25,0.00
2023-11-21,25.75,92.50,0.00
2023-11-21,25.75,92.75,0.00
2023-11-21,25.75,93.00,0.00
2023-11-21,26.00,91.50,0.00
2023-11-21,26.00,91.75,0.00
2023-11-21,26.00,92.00,0.00
2023-11-21,26.00,92.25,0.00
2023-11-21,26.00,92.50,0.00
2023-11-21,26.00,92.75,0.00
2023-11-21,26.00,93.00,0.00
2023-11-21,26.25,91.50,0.00
2023-11-21,26.25,91.75,0.00
2023-11-21,26.25,92.00,0.00
2023-11-21,26.25,92.25,0.00
2023-11-21,26.25,92.50,0.00
2023-11-21,26.25,92.75,0.00
2023-11-21,26.25,93.00,0.00
2023-11-21,26.50,91.50,0.00
2023-11-21,26.50,91.75,0.00
2023-11-21,26.50,92.00,0.00
2023-11-21,26.50,92.25,0.00
2023-11-21,26.50,92.50,0.00
2023-11-21,26.50,92.75,0.00
2023-11-21,26.50,93.00,0.00
2023-11-21,26.75,91.50,0.00
2023-11-21,26.75,91.75,0.00
2023-11-21,26.75,92.00,0.00
2023-11-21,26.75,92.25,0.00
2023-11-21,26.75,92.50,0.00
2023-11-21,26.75,92.75,0.00
2023-11-21,26.75,93.00,0.00
2023-11-21,27.00,91.50,0.00
2023-11-21,27.00,91.75,0.00
2023-11-21,27.00,92.00,0.00
2023-11-21,27.00,92.25,0.00
2023-11-21,27.00,92.50,0.00
2023-11-21,27.00,92.75,0.00
2023-11-21,27.00,93.00,0.00
2023-11-21,27.25,91.50,
2023-11-21,27.25,91.75,
2023-11-21,27.25,92.00,0.00
2023-11-21,27.25,92.25,0.00
2023-11-21,27.25,92.50,0.00
2023-11-21,27.25,92.75,0.00
2023-11-21,27.25,93.00,0.00
2023-11-21,27.50,91.50,
2023-11-21,27.50,91.75,0.00
2023-11-21,27.50,92.00,0.00
2023-11-21,27.50,92.25,0.00
2023-11-21,27.50,92.50,0.00
2023-11-21,27.50,92.75,0.00
2023-11-21,27.50,93.00,0.00
2023-11-21,27.75,91.50,0.00
2023-11-21,27.75,91.75,0.00
2023-11-21,27.75,92.00,0.00
2023-11-21,27.75,92.25,0.00
2023-11-21,27.75,92.50,0.00
2023-11-21,27.75,92.75,0.00
2023-11-21,27.75,93.00,0.00
2023-11-21,28.00,91.50,0.00
2023-11-21,28.00,91.75,0.00
2023-11-21,28.00,92.00,0.00
2023-11-21,28.00,92.25,0.00
2023-11-21,28.00,92.50,0.00
2023-11-21,28.00,92.75,0.00
2023-11-21,28.00,93.00,0.00
2023-11-22,25.75,91.50,0.00
2023-11-22,25.75,91.75,0.00
2023-11-22,25.75,92.00,0.00
2023-11-22,25.75,92.25,0.00
2023-11-22,25.75,92.50,0.00
2023-11-22,25.75,92.75,0.00
2023-11-22,25.75,93.00,0.00
2023-11-22,26.00,91.50,0.00
2023-11-22,26.00,91.75,0.00
2023-11-22,26.00,92.00,0.00
2023-11-22,26.00,92.25,0.00
2023-11-22,26.00,92.50,0.00
2023-11-22,26.00,92.75,0.00
2023-11-22,26.00,93.00,0.00
2023-11-22,26.25,91.50,0.00
2023-11-22,26.25,91.75,0.00
2023-11-22,26.25,92.00,0.00
2023-11-22,26.25,92.25,0.00
2023-11-22,26.25,92.50,0.24
2023-11-22,26.25,92.75,0.00
2023-11-22,26.25,93.00,0.00
2023-11-22,26.50,91.50,0.06
2023-11-22,26.50,91.75,0.23
2023-11-22,26.50,92.00,0.00
2023-11-22,26.50,92.25,0.43
2023-11-22,26.50,92.50,0.38
2023-11-22,26.50,92.75,0.38
2023-11-22,26.50,93.00,0.00
2023-11-22,26.75,91.50,0.52
2023-11-22,26.75,91.75,0.49
2023-11-22,26.75,92.00,0.01
2023-11-22,26.75,92.25,0.28
2023-11-22,26.75,92.50,1.71
2023-11-22,26.75,92.75,3.51
2023-11-22,26.75,93.00,0.00
2023-11-22,27.00,91.50,0.99
2023-11-22,27.00,91.75,0.05
2023-11-22,27.00,92.00,0.00
2023-11-22,27.00,92.25,14.96
2023-11-22,27.00,92.50,10.06
2023-11-22,27.00,92.75,4.14
2023-11-22,27.00,93.00,0.00
2023-11-22,27.25,91.50,
2023-11-22,27.25,91.75,
2023-11-22,27.25,92.00,0.20
2023-11-22,27.25,92.25,6.02
2023-11-22,27.25,92.50,2.08
2023-11-22,27.25,92.75,1.30
2023-11-22,27.25,93.00,0.00
2023-11-22,27.50,91.50,
2023-11-22,27.50,91.75,0.40
2023-11-22,27.50,92.00,1.13
2023-11-22,27.50,92.25,3.36
2023-11-22,27.50,92.50,1.92
2023-11-22,27.50,92.75,1.86
2023-11-22,27.50,93.00,0.00
2023-11-22,27.75,91.50,0.00
2023-11-22,27.75,91.75,0.32
2023-11-22,27.75,92.00,1.25
2023-11-22,27.75,92.25,3.47
2023-11-22,27.75,92.50,3.64
2023-11-22,27.75,92.75,1.03
2023-11-22,27.75,93.00,0.00
2023-11-22,28.00,91.50,0.00
2023-11-22,28.00,91.75,0.21
2023-11-22,28.00,92.00,0.00
2023-11-22,28.00,92.25,1.28
2023-11-22,28.00,92.50,2.35
2023-11-22,28.00,92.75,0.00
2023-11-22,28.00,93.00,0.00
2023-11-23,25.75,91.50,0.00
2023-11-23,25.75,91.75,0.00
2023-11-23,25.75,92.00,0.00
2023-11-23,25.75,92.25,0.00
2023-11-23,25.75,92.50,0.00
2023-11-23,25.75,92.75,0.00
2023-11-23,25.75,93.00,0.00
2023-11-23,26.00,91.50,0.00
2023-11-23,26.00,91.75,0.00
2023-11-23,26.00,92.00,0.00
2023-11-23,26.00,92.25,0.00
2023-11-23,26.00,92.50,0.00
2023-11-23,26.00,92.75,0.00
2023-11-23,26.00,93.00,0.00
2023-11-23,26.25,91.50,0.00
2023-11-23,26.25,91.75,0.00
2023-11-23,26.25,92.00,0.00
2023-11-23,26.25,92.25,0.00
2023-11-23,26.25,92.50,0.00
2023-11-23,26.25,92.75,0.00
2023-11-23,26.25,93.00,0.00
2023-11-23,26.50,91.50,0.00
2023-11-23,26.50,91.75,0.00
2023-11-23,26.50,92.00,0.00
2023-11-23,26.50,92.25,0.00
2023-11-23,26.50,92.50,0.00
2023-11-23,26.50,92.75,0.00
2023-11-23,26.50,93.00,0.00
2023-11-23,26.75,91.50,0.00
2023-11-23,26.75,91.75,0.00
2023-11-23,26.75,92.00,0.00
2023-11-23,26.75,92.25,0.00
2023-11-23,26.75,92.50,0.00
2023-11-23,26.75,92.75,0.00
2023-11-23,26.75,93.00,0.00
2023-11-23,27.00,91.50,0.00
2023-11-23,27.00,91.75,0.00
2023-11-23,27.00,92.00,0.00
2023-11-23,27.00,92.25,0.00
2023-11-23,27.00,92.50,0.00
2023-11-23,27.00,92.75,0.00
2023-11-23,27.00,93.00,0.00
2023-11-23,27.25,91.50,
2023-11-23,27.25,91.75,
2023-11-23,27.25,92.00,0.00
2023-11-23,27.25,92.25,0.00
2023-11-23,27.25,92.50,0.00
2023-11-23,27.25,92.75,0.00
2023-11-23,27.25,93.00,0.15
2023-11-23,27.50,91.50,
2023-11-23,27.50,91.75,0.00
2023-11-23,27.50,92.00,0.00
2023-11-23,27.50,92.25,0.00
2023-11-23,27.50,92.50,0.00
2023-11-23,27.50,92.75,0.09
2023-11-23,27.50,93.00,0.75
2023-11-23,27.75,91.50,0.00
2023-11-23,27.75,91.75,0.00
2023-11-23,27.75,92.00,0.00
2023-11-23,27.75,92.25,0.00
2023-11-23,27.75,92.50,0.07
2023-11-23,27.75,92.75,0.59
2023-11-23,27.75,93.00,1.37
2023-11-23,28.00,91.50,0.00
2023-11-23,28.00,91.75,0.00
2023-11-23,28.00,92.00,0.00
2023-11-23,28.00,92.25,0.00
2023-11-23,28.00,92.50,0.13
2023-11-23,28.00,92.75,0.91
2023-11-23,28.00,93.00,1.67
2023-11-24,25.75,91.50,0.00
2023-11-24,25.75,91.75,0.00
2023-11-24,25.75,92.00,0.00
2023-11-24,25.75,92.25,0.00
2023-11-24,25.75,92.50,0.00
2023-11-24,25.75,92.75,0.00
2023-11-24,25.75,93.00,0.00
2023-11-24,26.00,91.50,0.00
2023-11-24,26.00,91.75,0.00
2023-11-24,26.00,92.00,0.00
2023-11-24,26.00,92.25,0.00
2023-11-24,26.00,92.50,0.00
2023-11-24,26.00,92.75,0.00
2023-11-24,26.00,93.00,0.00
2023-11-24,26.25,91.50,0.00
2023-11-24,26.25,91.75,0.00
2023-11-24,26.25,92.00,0.00
2023-11-24,26.25,92.25,0.00
2023-11-24,26.25,92.50,0.00
2023-11-24,26.25,92.75,0.00
2023-11-24,26.25,93.00,0.00
2023-11-24,26.50,91.50,0.00
2023-11-24,26.50,91.75,0.00
2023-11-24,26.50,92.00,0.00
2023-11-24,26.50,92.25,0.00
2023-11-24,26.50,92.50,0.00
2023-11-24,26.50,92.75,0.00
2023-11-24,26.50,93.00,0.00
2023-11-24,26.75,91.50,0.00
2023-11-24,26.75,91.75,0.00
2023-11-24,26.75,92.00,0.00
2023-11-24,26.75,92.25,0.00
2023-11-24,26.75,92.50,0.00
2023-11-24,26.75,92.75,0.00
2023-11-24,26.75,93.00,0.00
2023-11-24,27.00,91.50,0.00
2023-11-24,27.00,91.75,0.00
2023-11-24,27.00,92.00,0.00
2023-11-24,27.00,92.25,0.00
2023-11-24,27.00,92.50,0.00
2023-11-24,27.00,92.75,0.00
2023-11-24,27.00,93.00,0.00
2023-11-24,27.25,91.50,
2023-11-24,27.25,91.75,
2023-11-24,27.25,92.00,0.00
2023-11-24,27.25,92.25,0.00
2023-11-24,27.25,92.50,0.00
2023-11-24,27.25,92.75,0.00
2023-11-24,27.25,93.00,0.00
2023-11-24,27.50,91.50,
2023-11-24,27.50,91.75,0.00
2023-11-24,27.50,92.00,0.00
2023-11-24,27.50,92.25,0.00
2023-11-24,27.50,92.50,0.00
2023-11-24,27.50,92.75,0.00
2023-11-24,27.50,93.00,0.00
2023-11-24,27.75,91.50,0.00
2023-11-24,27.75,91.75,0.00
2023-11-24,27.75,92.00,0.00
2023-11-24,27.75,92.25,0.00
2023-11-24,27.75,92.50,0.00
2023-11-24,27.75,92.75,0.00
2023-11-24,27.75,93.00,0.00
2023-11-24,28.00,91.50,0.00
2023-11-24,28.00,91.75,0.00
2023-11-24,28.00,92.00,0.00
2023-11-24,28.00,92.25,0.00
2023-11-24,28.00,92.50,0.00
2023-11-24,28.00,92.75,0.00
2023-11-24,28.00,93.00,0.00
2023-11-25,25.75,91.50,0.00
2023-11-25,25.75,91.75,0.00
2023-11-25,25.75,92.00,0.00
2023-11-25,25.75,92.25,0.00
2023-11-25,25.75,92.50,0.00
2023-11-25,25.75,92.75,0.00
2023-11-25,25.75,93.00,0.00
2023-11-25,26.00,91.50,0.00
2023-11-25,26.00,91.75,0.00
2023-11-25,26.00,92.00,0.00
2023-11-25,26.00,92.25,0.00
2023-11-25,26.00,92.50,0.00
2023-11-25,26.00,92.75,0.00
2023-11-25,26.00,93.00,0.00
2023-11-25,26.25,91.50,0.00
2023-11-25,26.25,91.75,0.00
2023-11-25,26.25,92.00,0.00
2023-11-25,26.25,92.25,0.00
2023-11-25,26.25,92.50,0.00
2023-11-25,26.25,92.75,0.00
2023-11-25,26.25,93.00,0.00
2023-11-25,26.50,91.50,0.00
2023-11-25,26.50,91.75,0.00
2023-11-25,26.50,92.00,0.00
2023-11-25,26.50,92.25,0.00
2023-11-25,26.50,92.50,0.00
2023-11-25,26.50,92.75,0.00
2023-11-25,26.50,93.00,0.00
2023-11-25,26.75,91.50,0.00
2023-11-25,26.75,91.75,0.00
2023-11-25,26.75,92.00,0.00
2023-11-25,26.75,92.25,0.00
2023-11-25,26.75,92.50,0.00
2023-11-25,26.75,92.75,0.00
2023-11-25,26.75,93.00,0.00
2023-11-25,27.00,91.50,0.00
2023-11-25,27.00,91.75,0.00
2023-11-25,27.00,92.00,0.00
2023-11-25,27.00,92.25,0.00
2023-11-25,27.00,92.50,0.00
2023-11-25,27.00,92.75,0.00
2023-11-25,27.00,93.00,0.00
2023-11-25,27.25,91.50,
2023-11-25,27.25,91.75,
2023-11-25,27.25,92.00,0.00
2023-11-25,27.25,92.25,0.00
2023-11-25,27.25,92.50,0.00
2023-11-25,27.25,92.75,0.00
2023-11-25,27.25,93.00,0.00
2023-11-25,27.50,91.50,
2023-11-25,27.50,91.75,0.00
2023-11-25,27.50,92.00,0.00
2023-11-25,27.50,92.25,0.00
2023-11-25,27.50,92.50,0.00
2023-11-25,27.50,92.75,0.00
2023-11-25,27.50,93.00,0.00
2023-11-25,27.75,91.50,0.00
2023-11-25,27.75,91.75,0.00
2023-11-25,27.75,92.00,0.00
2023-11-25,27.75,92.25,0.00
2023-11-25,27.75,92.50,0.00
2023-11-25,27.75,92.75,0.00
2023-11-25,27.75,93.00,0.00
2023-11-25,28.00,91.50,0.00
2023-11-25,28.00,91.75,0.00
2023-11-25,28.00,92.00,0.00
2023-11-25,28.00,92.25,0.00
2023-11-25,28.00,92.50,0.00
2023-11-25,28.00,92.75,0.00
2023-11-25,28.00,93.00,0.00
2023-11-26,25.75,91.50,0.00
2023-11-26,25.75,91.75,0.00
2023-11-26,25.75,92.00,0.00
2023-11-26,25.75,92.25,0.00
2023-11-26,25.75,92.50,0.00
2023-11-26,25.75,92.75,0.00
2023-11-26,25.75,93.00,0.00
2023-11-26,26.00,91.50,0.00
2023-11-26,26.00,91.75,0.00
2023-11-26,26.00,92.00,0.00
2023-11-26,26.00,92.25,0.00
2023-11-26,26.00,92.50,0.00
2023-11-26,26.00,92.75,0.00
2023-11-26,26.00,93.00,0.00
2023-11-26,26.25,91.50,0.00
2023-11-26,26.25,91.75,0.00
2023-11-26,26.25,92.00,0.00
2023-11-26,26.25,92.25,0.00
2023-11-26,26.25,92.50,0.00
2023-11-26,26.25,92.75,0.00
2023-11-26,26.25,93.00,0.00
2023-11-26,26.50,91.50,0.00
2023-11-26,26.50,91.75,0.00
2023-11-26,26.50,92.00,0.00
2023-11-26,26.50,92.25,0.00
2023-11-26,26.50,92.50,0.00
2023-11-26,26.50,92.75,0.00
2023-11-26,26.50,93.00,0.00
2023-11-26,26.75,91.50,0.00
2023-11-26,26.75,91.75,0.00
2023-11-26,26.75,92.00,0.00
2023-11-26,26.75,92.25,0.00
2023-11-26,26.75,92.50,0.00
2023-11-26,26.75,92.75,0.00
2023-11-26,26.75,93.00,0.00
2023-11-26,27.00,91.50,0.00
2023-11-26,27.00,91.75,0.00
2023-11-26,27.00,92.00,0.00
2023-11-26,27.00,92.25,0.00
2023-11-26,27.00,92.50,0.00
2023-11-26,27.00,92.75,0.00
2023-11-26,27.00,93.00,0.00
2023-11-26,27.25,91.50,
2023-11-26,27.25,91.75,
2023-11-26,27.25,92.00,0.00
2023-11-26,27.25,92.25,0.00
2023-11-26,27.25,92.50,0.00
2023-11-26,27.25,92.75,0.00
2023-11-26,27.25,93.00,0.00
2023-11-26,27.50,91.50,
2023-11-26,27.50,91.75,0.00
2023-11-26,27.50,92.00,0.00
2023-11-26,27.50,92.25,0.00
2023-11-26,27.50,92.50,0.00
2023-11-26,27.50,92.75,0.00
2023-11-26,27.50,93.00,0.00
2023-11-26,27.75,91.50,0.00
2023-11-26,27.75,91.75,0.00
2023-11-26,27.75,92.00,0.00
2023-11-26,27.75,92.25,0.00
2023-11-26,27.75,92.50,0.00
2023-11-26,27.75,92.75,0.00
2023-11-26,27.75,93.00,0.00
2023-11-26,28.00,91.50,0.00
2023-11-26,28.00,91.75,0.00
2023-11-26,28.00,92.00,0.00
2023-11-26,28.00,92.25,0.00
2023-11-26,28.00,92.50,0.00
2023-11-26,28.00,92.75,0.00
2023-11-26,28.00,93.00,0.00
2023-11-27,25.75,91.50,0.00
2023-11-27,25.75,91.75,0.00
2023-11-27,25.75,92.00,0.00
2023-11-27,25.75,92.25,0.00
2023-11-27,25.75,92.50,0.00
2023-11-27,25.75,92.75,0.00
2023-11-27,25.75,93.00,0.00
2023-11-27,26.00,91.50,0.00
2023-11-27,26.00,91.75,0.00
2023-11-27,26.00,92.00,0.00
2023-11-27,26.00,92.25,0.00
2023-11-27,26.00,92.50,0.00
2023-11-27,26.00,92.75,0.00
2023-11-27,26.00,93.00,0.00
2023-11-27,26.25,91.50,0.00
2023-11-27,26.25,91.75,0.00
2023-11-27,26.25,92.00,0.00
2023-11-27,26.25,92.25,0.00
2023-11-27,26.25,92.50,0.00
2023-11-27,26.25,92.75,0.00
2023-11-27,26.25,93.00,0.00
2023-11-27,26.50,91.50,0.00
2023-11-27,26.50,91.75,0.00
2023-11-27,26.50,92.00,0.00
2023-11-27,26.50,92.25,0.00
2023-11-27,26.50,92.50,0.00
2023-11-27,26.50,92.75,0.00
2023-11-27,26.50,93.00,0.00
2023-11-27,26.75,91.50,0.00
2023-11-27,26.75,91.75,0.00
2023-11-27,26.75,92.00,0.00
2023-11-27,26.75,92.25,0.00
2023-11-27,26.75,92.50,0.00
2023-11-27,26.75,92.75,0.00
2023-11-27,26.75,93.00,0.00
2023-11-27,27.00,91.50,0.00
2023-11-27,27.00,91.75,0.00
2023-11-27,27.00,92.00,0.00
2023-11-27,27.00,92.25,0.00
2023-11-27,27.00,92.50,0.00
2023-11-27,27.00,92.75,0.00
2023-11-27,27.00,93.00,0.00
2023-11-27,27.25,91.50,
2023-11-27,27.25,91.75,
2023-11-27,27.25,92.00,0.00
2023-11-27,27.25,92.25,0.00
2023-11-27,27.25,92.50,0.00
2023-11-27,27.25,92.75,0.00
2023-11-27,27.25,93.00,0.00
2023-11-27,27.50,91.50,
2023-11-27,27.50,91.75,0.00
2023-11-27,27.50,92.00,0.00
2023-11-27,27.50,92.25,0.00
2023-11-27,27.50,92.50,0.00
2023-11-27,27.50,92.75,0.00
2023-11-27,27.50,93.00,0.00
2023-11-27,27.75,91.50,0.00
2023-11-27,27.75,91.75,0.00
2023-11-27,27.75,92.00,0.00
2023-11-27,27.75,92.25,0.00
2023-11-27,27.75,92.50,0.00
2023-11-27,27.75,92.75,0.00
2023-11-27,27.75,93.00,0.00
2023-11-27,28.00,91.50,0.00
2023-11-27,28.00,91.75,0.00
2023-11-27,28.00,92.00,0.00
2023-11-27,28.00,92.25,0.00
2023-11-27,28.00,92.50,0.00
2023-11-27,28.00,92.75,0.00
2023-11-27,28.00,93.00,0.00
2023-11-28,25.75,91.50,0.00
2023-11-28,25.75,91.75,0.00
2023-11-28,25.75,92.00,0.00
2023-11-28,25.75,92.25,0.00
2023-11-28,25.75,92.50,0.00
2023-11-28,25.75,92.75,0.00
2023-11-28,25.75,93.00,0.00
2023-11-28,26.00,91.50,0.00
2023-11-28,26.00,91.75,0.00
2023-11-28,26.00,92.00,0.00
2023-11-28,26.00,92.25,0.00
2023-11-28,26.00,92.50,0.00
2023-11-28,26.00,92.75,0.00
2023-11-28,26.00,93.00,0.00
2023-11-28,26.25,91.50,0.00
2023-11-28,26.25,91.75,0.00
2023-11-28,26.25,92.00,0.00
2023-11-28,26.25,92.25,0.00
2023-11-28,26.25,92.50,0.00
2023-11-28,26.25,92.75,0.00
2023-11-28,26.25,93.00,0.00
2023-11-28,26.50,91.50,0.00
2023-11-28,26.50,91.75,0.00
2023-11-28,26.50,92.00,0.00
2023-11-28,26.50,92.25,0.00
2023-11-28,26.50,92.50,0.00
2023-11-28,26.50,92.75,0.00
2023-11-28,26.50,93.00,0.00
2023-11-28,26.75,91.50,0.00
2023-11-28,26.75,91.75,0.00
2023-11-28,26.75,92.00,0.00
2023-11-28,26.75,92.25,0.00
2023-11-28,26.75,92.50,0.00
2023-11-28,26.75,92.75,0.00
2023-11-28,26.75,93.00,0.00
2023-11-28,27.00,91.50,0.00
2023-11-28,27.00,91.75,0.00
2023-11-28,27.00,92.00,0.00
2023-11-28,27.00,92.25,0.00
2023-11-28,27.00,92.50,0.00
2023-11-28,27.00,92.75,0.00
2023-11-28,27.00,93.00,0.00
2023-11-28,27.25,91.50,
2023-11-28,27.25,91.75,
2023-11-28,27.25,92.00,0.00
2023-11-28,27.25,92.25,0.00
2023-11-28,27.25,92.50,0.00
2023-11-28,27.25,92.75,0.00
2023-11-28,27.25,93.00,0.00
2023-11-28,27.50,91.50,
2023-11-28,27.50,91.75,0.00
2023-11-28,27.50,92.00,0.00
2023-11-28,27.50,92.25,0.00
2023-11-28,27.50,92.50,0.00
2023-11-28,27.50,92.75,0.00
2023-11-28,27.50,93.00,0.00
2023-11-28,27.75,91.50,0.00
2023-11-28,27.75,91.75,0.00
2023-11-28,27.75,92.00,0.00
2023-11-28,27.75,92.25,0.00
2023-11-28,27.75,92.50,0.00
2023-11-28,27.75,92.75,0.00
2023-11-28,27.75,93.00,0.00
2023-11-28,28.00,91.50,0.00
2023-11-28,28.00,91.75,0.00
2023-11-28,28.00,92.00,0.00
2023-11-28,28.00,92.25,0.00
2023-11-28,28.00,92.50,0.00
2023-11-28,28.00,92.75,0.00
2023-11-28,28.00,93.00,0.00
2023-11-29,25.75,91.50,0.00
2023-11-29,25.75,91.75,0.00
2023-11-29,25.75,92.00,0.00
2023-11-29,25.75,92.25,0.00
2023-11-29,25.75,92.50,0.00
2023-11-29,25.75,92.75,0.00
2023-11-29,25.75,93.00,0.00
2023-11-29,26.00,91.50,0.00
2023-11-29,26.00,91.75,0.00
2023-11-29,26.00,92.00,0.00
2023-11-29,26.00,92.25,0.00
2023-11-29,26.00,92.50,0.00
2023-11-29,26.00,92.75,0.00
2023-11-29,26.00,93.00,0.00
2023-11-29,26.25,91.50,0.00
2023-11-29,26.25,91.75,0.00
2023-11-29,26.25,92.00,0.00
2023-11-29,26.25,92.25,0.00
2023-11-29,26.25,92.50,0.00
2023-11-29,26.25,92.75,0.00
2023-11-29,26.25,93.00,0.00
2023-11-29,26.50,91.50,0.00
2023-11-29,26.50,91.75,0.00
2023-11-29,26.50,92.00,0.00
2023-11-29,26.50,92.25,0.00
2023-11-29,26.50,92.50,0.00
2023-11-29,26.50,92.75,0.00
2023-11-29,26.50,93.00,0.00
2023-11-29,26.75,91.50,0.00
2023-11-29,26.75,91.75,0.00
2023-11-29,26.75,92.00,0.00
2023-11-29,26.75,92.25,0.00
2023-11-29,26.75,92.50,0.00
2023-11-29,26.75,92.75,0.00
2023-11-29,26.75,93.00,0.00
2023-11-29,27.00,91.50,0.00
2023-11-29,27.00,91.75,0.00
2023-11-29,27.00,92.00,0.00
2023-11-29,27.00,92.25,0.00
2023-11-29,27.00,92.50,0.00
2023-11-29,27.00,92.75,0.00
2023-11-29,27.00,93.00,0.00
2023-11-29,27.25,91.50,
2023-11-29,27.25,91.75,
2023-11-29,27.25,92.00,0.00
2023-11-29,27.25,92.25,0.00
2023-11-29,27.25,92.50,0.00
2023-11-29,27.25,92.75,0.00
2023-11-29,27.25,93.00,0.00
2023-11-29,27.50,91.50,
2023-11-29,27.50,91.75,0.00
2023-11-29,27.50,92.00,0.00
2023-11-29,27.50,92.25,0.00
2023-11-29,27.50,92.50,0.00
2023-11-29,27.50,92.75,0.00
2023-11-29,27.50,93.00,0.00
2023-11-29,27.75,91.50,0.00
2023-11-29,27.75,91.75,0.00
2023-11-29,27.75,92.00,0.00
2023-11-29,27.75,92.25,0.00
2023-11-29,27.75,92.50,0.00
2023-11-29,27.75,92.75,0.00
2023-11-29,27.75,93.00,0.00
2023-11-29,28.00,91.50,0.00
2023-11-29,28.00,91.75,0.00
2023-11-29,28.00,92.00,0.00
2023-11-29,28.00,92.25,0.00
2023-11-29,28.00,92.50,0.00
2023-11-29,28.00,92.75,0.00
2023-11-29,28.00,93.00,0.00
2023-11-30,25.75,91.50,0.00
2023-11-30,25.75,91.75,0.00
2023-11-30,25.75,92.00,0.00
2023-11-30,25.75,92.25,0.00
2023-11-30,25.75,92.50,0.00
2023-11-30,25.75,92.75,0.00
2023-11-30,25.75,93.00,0.00
2023-11-30,26.00,91.50,0.00
2023-11-30,26.00,91.75,0.00
2023-11-30,26.00,92.00,0.00
2023-11-30,26.00,92.25,0.00
2023-11-30,26.00,92.50,0.00
2023-11-30,26.00,92.75,0.00
2023-11-30,26.00,93.00,0.00
2023-11-30,26.25,91.50,0.00
2023-11-30,26.25,91.75,0.00
2023-11-30,26.25,92.00,0.00
2023-11-30,26.25,92.25,0.00
2023-11-30,26.25,92.50,0.00
2023-11-30,26.25,92.75,0.00
2023-11-30,26.25,93.00,0.00
2023-11-30,26.50,91.50,0.00
2023-11-30,26.50,91.75,0.00
2023-11-30,26.50,92.00,0.00
2023-11-30,26.50,92.25,0.00
2023-11-30,26.50,92.50,0.00
2023-11-30,26.50,92.75,0.00
2023-11-30,26.50,93.00,0.00
2023-11-30,26.75,91.50,0.00
2023-11-30,26.75,91.75,0.00
2023-11-30,26.75,92.00,0.00
2023-11-30,26.75,92.25,0.00
2023-11-30,26.75,92.50,0.00
2023-11-30,26.75,92.75,0.00
2023-11-30,26.75,93.00,0.00
2023-11-30,27.00,91.50,0.00
2023-11-30,27.00,91.75,0.00
2023-11-30,27.00,92.00,0.00
2023-11-30,27.00,92.25,0.00
2023-11-30,27.00,92.50,0.00
2023-11-30,27.00,92.75,0.00
2023-11-30,27.00,93.00,0.00
2023-11-30,27.25,91.50,
2023-11-30,27.25,91.75,
2023-11-30,27.25,92.00,0.00
2023-11-30,27.25,92.25,0.00
2023-11-30,27.25,92.50,0.00
2023-11-30,27.25,92.75,0.00
2023-11-30,27.25,93.00,0.00
2023-11-30,27.50,91.50,
2023-11-30,27.50,91.75,0.00
2023-11-30,27.50,92.00,0.00
2023-11-30,27.50,92.25,0.00
2023-11-30,27.50,92.50,0.00
2023-11-30,27.50,92.75,0.00
2023-11-30,27.50,93.00,0.00
2023-11-30,27.75,91.50,0.00
2023-11-30,27.75,91.75,0.00
2023-11-30,27.75,92.00,0.00
2023-11-30,27.75,92.25,0.00
2023-11-30,27.75,92.50,0.00
2023-11-30,27.75,92.75,0.00
2023-11-30,27.75,93.00,0.00
2023-11-30,28.00,91.50,0.00
2023-11-30,28.00,91.75,0.00
2023-11-30,28.00,92.00,0.00
2023-11-30,28.00,92.25,0.00
2023-11-30,28.00,92.50,0.00
2023-11-30,28.00,92.75,0.00
2023-11-30,28.00,93.00,0.00
2023-12-01,25.75,91.50,0.00
2023-12-01,25.75,91.75,0.00
2023-12-01,25.75,92.00,0.00
2023-12-01,25.75,92.25,0.00
2023-12-01,25.75,92.50,0.00
2023-12-01,25.75,92.75,0.00
2023-12-01,25.75,93.00,0.00
2023-12-01,26.00,91.50,0.00
2023-12-01,26.00,91.75,0.00
2023-12-01,26.00,92.00,0.00
2023-12-01,26.00,92.25,0.00
2023-12-01,26.00,92.50,0.00
2023-12-01,26.00,92.75,0.00
2023-12-01,26.00,93.00,0.00
2023-12-01,26.25,91.50,0.00
2023-12-01,26.25,91.75,0.00
2023-12-01,26.25,92.00,0.00
2023-12-01,26.25,92.25,0.00
2023-12-01,26.25,92.50,0.00
2023-12-01,26.25,92.75,0.00
2023-12-01,26.25,93.00,0.00
2023-12-01,26.50,91.50,0.00
2023-12-01,26.50,91.75,0.00
2023-12-01,26.50,92.00,0.00
2023-12-01,26.50,92.25,0.00
2023-12-01,26.50,92.50,0.00
2023-12-01,26.50,92.75,0.00
2023-12-01,26.50,93.00,0.00
2023-12-01,26.75,91.50,0.00
2023-12-01,26.75,91.75,0.00
2023-12-01,26.75,92.00,0.00
2023-12-01,26.75,92.25,0.00
2023-12-01,26.75,92.50,0.00
2023-12-01,26.75,92.75,0.00
2023-12-01,26.75,93.00,0.00
2023-12-01,27.00,91.50,0.00
2023-12-01,27.00,91.75,0.00
2023-12-01,27.00,92.00,0.00
2023-12-01,27.00,92.25,0.00
2023-12-01,27.00,92.50,0.00
2023-12-01,27.00,92.75,0.00
2023-12-01,27.00,93.00,0.00
2023-12-01,27.25,91.50,
2023-12-01,27.25,91.75,
2023-12-01,27.25,92.00,0.00
2023-12-01,27.25,92.25,0.00
2023-12-01,27.25,92.50,0.00
2023-12-01,27.25,92.75,0.00
2023-12-01,27.25,93.00,0.00
2023-12-01,27.50,91.50,
2023-12-01,27.50,91.75,0.00
2023-12-01,27.50,92.00,0.00
2023-12-01,27.50,92.25,0.00
2023-12-01,27.50,92.50,0.00
2023-12-01,27.50,92.75,0.00
2023-12-01,27.50,93.00,0.00
2023-12-01,27.75,91.50,0.00
2023-12-01,27.75,91.75,0.00
2023-12-01,27.75,92.00,0.00
2023-12-01,27.75,92.25,0.00
2023-12-01,27.75,92.50,0.00
2023-12-01,27.75,92.75,0.00
2023-12-01,27.75,93.00,0.00
2023-12-01,28.00,91.50,0.00
2023-12-01,28.00,91.75,0.00
2023-12-01,28.00,92.00,0.00
2023-12-01,28.00,92.25,0.00
2023-12-01,28.00,92.50,0.00
2023-12-01,28.00,92.75,0.00
2023-12-01,28.00,93.00,0.00
2023-12-02,25.75,91.50,0.00
2023-12-02,25.75,91.75,0.00
2023-12-02,25.75,92.00,0.00
2023-12-02,25.75,92.25,0.00
2023-12-02,25.75,92.50,0.00
2023-12-02,25.75,92.75,0.00
2023-12-02,25.75,93.00,0.00
2023-12-02,26.00,91.50,0.00
2023-12-02,26.00,91.75,0.00
2023-12-02,26.00,92.00,0.00
2023-12-02,26.00,92.25,0.00
2023-12-02,26.00,92.50,0.00
2023-12-02,26.00,92.75,0.00
2023-12-02,26.00,93.00,0.00
2023-12-02,26.25,91.50,0.00
2023-12-02,26.25,91.75,0.00
2023-12-02,26.25,92.00,0.00
2023-12-02,26.25,92.25,0.00
2023-12-02,26.25,92.50,0.00
2023-12-02,26.25,92.75,0.00
2023-12-02,26.25,93.00,0.00
2023-12-02,26.50,91.50,0.00
2023-12-02,26.50,91.75,0.00
2023-12-02,26.50,92.00,0.00
2023-12-02,26.50,92.25,0.00
2023-12-02,26.50,92.50,0.00
2023-12-02,26.50,92.75,0.00
2023-12-02,26.50,93.00,0.00
2023-12-02,26.75,91.50,0.00
2023-12-02,26.75,91.75,0.00
2023-12-02,26.75,92.00,0.00
2023-12-02,26.75,92.25,0.00
2023-12-02,26.75,92.50,0.00
2023-12-02,26.75,92.75,0.00
2023-12-02,26.75,93.00,0.00
2023-12-02,27.00,91.50,0.00
2023-12-02,27.00,91.75,0.00
2023-12-02,27.00,92.00,0.00
2023-12-02,27.00,92.25,0.00
2023-12-02,27.00,92.50,0.00
2023-12-02,27.00,92.75,0.00
2023-12-02,27.00,93.00,0.00
2023-12-02,27.25,91.50,
2023-12-02,27.25,91.75,
2023-12-02,27.25,92.00,0.00
2023-12-02,27.25,92.25,0.00
2023-12-02,27.25,92.50,0.00
2023-12-02,27.25,92.75,0.00
2023-12-02,27.25,93.00,0.00
2023-12-02,27.50,91.50,
2023-12-02,27.50,91.75,0.00
2023-12-02,27.50,92.00,0.00
2023-12-02,27.50,92.25,0.00
2023-12-02,27.50,92.50,0.00
2023-12-02,27.50,92.75,0.00
2023-12-02,27.50,93.00,0.00
2023-12-02,27.75,91.50,0.00
2023-12-02,27.75,91.75,0.00
2023-12-02,27.75,92.00,0.00
2023-12-02,27.75,92.25,0.00
2023-12-02,27.75,92.50,0.00
2023-12-02,27.75,92.75,0.00
2023-12-02,27.75,93.00,0.00
2023-12-02,28.00,91.50,0.00
2023-12-02,28.00,91.75,0.00
2023-12-02,28.00,92.00,0.00
2023-12-02,28.00,92.25,0.00
2023-12-02,28.00,92.50,0.00
2023-12-02,28.00,92.75,0.00
2023-12-02,28.00,93.00,0.00
2023-12-03,25.75,91.50,0.00
2023-12-03,25.75,91.75,0.00
2023-12-03,25.75,92.00,0.00
2023-12-03,25.75,92.25,0.00
2023-12-03,25.75,92.50,0.00
2023-12-03,25.75,92.75,0.00
2023-12-03,25.75,93.00,0.00
2023-12-03,26.00,91.50,0.00
2023-12-03,26.00,91.75,0.00
2023-12-03,26.00,92.00,0.00
2023-12-03,26.00,92.25,0.00
2023-12-03,26.00,92.50,0.00
2023-12-03,26.00,92.75,0.00
2023-12-03,26.00,93.00,0.00
2023-12-03,26.25,91.50,0.00
2023-12-03,26.25,91.75,0.00
2023-12-03,26.25,92.00,0.00
2023-12-03,26.25,92.25,0.00
2023-12-03,26.25,92.50,0.00
2023-12-03,26.25,92.75,0.00
2023-12-03,26.25,93.00,0.00
2023-12-03,26.50,91.50,0.00
2023-12-03,26.50,91.75,0.00
2023-12-03,26.50,92.00,0.00
2023-12-03,26.50,92.25,0.00
2023-12-03,26.50,92.50,0.00
2023-12-03,26.50,92.75,0.00
2023-12-03,26.50,93.00,0.00
2023-12-03,26.75,91.50,0.00
2023-12-03,26.75,91.75,0.00
2023-12-03,26.75,92.00,0.00
2023-12-03,26.75,92.25,0.00
2023-12-03,26.75,92.50,0.00
2023-12-03,26.75,92.75,0.00
2023-12-03,26.75,93.00,0.00
2023-12-03,27.00,91.50,0.00
2023-12-03,27.00,91.75,0.00
2023-12-03,27.00,92.00,0.00
2023-12-03,27.00,92.25,0.00
2023-12-03,27.00,92.50,0.00
2023-12-03,27.00,92.75,0.00
2023-12-03,27.00,93.00,0.00
2023-12-03,27.25,91.50,
2023-12-03,27.25,91.75,
2023-12-03,27.25,92.00,0.00
2023-12-03,27.25,92.25,0.00
2023-12-03,27.25,92.50,0.00
2023-12-03,27.25,92.75,0.00
2023-12-03,27.25,93.00,0.00
2023-12-03,27.50,91.50,
2023-12-03,27.50,91.75,0.00
2023-12-03,27.50,92.00,0.00
2023-12-03,27.50,92.25,0.00
2023-12-03,27.50,92.50,0.00
2023-12-03,27.50,92.75,0.00
2023-12-03,27.50,93.00,0.00
2023-12-03,27.75,91.50,0.00
2023-12-03,27.75,91.75,0.00
2023-12-03,27.75,92.00,0.00
2023-12-03,27.75,92.25,0.00
2023-12-03,27.75,92.50,0.00
2023-12-03,27.75,92.75,0.00
2023-12-03,27.75,93.00,0.00
2023-12-03,28.00,91.50,0.00
2023-12-03,28.00,91.75,0.00
2023-12-03,28.00,92.00,0.00
2023-12-03,28.00,92.25,0.00
2023-12-03,28.00,92.50,0.00
2023-12-03,28.00,92.75,0.00
2023-12-03,28.00,93.00,0.00
2023-12-04,25.75,91.50,0.00
2023-12-04,25.75,91.75,0.00
2023-12-04,25.75,92.00,0.00
2023-12-04,25.75,92.25,0.00
2023-12-04,25.75,92.50,0.00
2023-12-04,25.75,92.75,0.00
2023-12-04,25.75,93.00,0.00
2023-12-04,26.00,91.50,0.00
2023-12-04,26.00,91.75,0.00
2023-12-04,26.00,92.00,0.00
2023-12-04,26.00,92.25,0.00
2023-12-04,26.00,92.50,0.00
2023-12-04,26.00,92.75,0.00
2023-12-04,26.00,93.00,0.00
2023-12-04,26.25,91.50,0.00
2023-12-04,26.25,91.75,0.00
2023-12-04,26.25,92.00,0.00
2023-12-04,26.25,92.25,0.00
2023-12-04,26.25,92.50,0.00
2023-12-04,26.25,92.75,0.00
2023-12-04,26.25,93.00,0.00
2023-12-04,26.50,91.50,0.00
2023-12-04,26.50,91.75,0.00
2023-12-04,26.50,92.00,0.00
2023-12-04,26.50,92.25,0.00
2023-12-04,26.50,92.50,0.00
2023-12-04,26.50,92.75,0.00
2023-12-04,26.50,93.00,0.00
2023-12-04,26.75,91.50,0.00
2023-12-04,26.75,91.75,0.00
2023-12-04,26.75,92.00,0.00
2023-12-04,26.75,92.25,0.00
2023-12-04,26.75,92.50,0.00
2023-12-04,26.75,92.75,0.00
2023-12-04,26.75,93.00,0.00
2023-12-04,27.00,91.50,0.00
2023-12-04,27.00,91.75,0.00
2023-12-04,27.00,92.00,0.00
2023-12-04,27.00,92.25,0.00
2023-12-04,27.00,92.50,0.00
2023-12-04,27.00,92.75,0.00
2023-12-04,27.00,93.00,0.00
2023-12-04,27.25,91.50,
2023-12-04,27.25,91.75,
2023-12-04,27.25,92.00,0.00
2023-12-04,27.25,92.25,0.00
2023-12-04,27.25,92.50,0.00
2023-12-04,27.25,92.75,0.00
2023-12-04,27.25,93.00,0.00
2023-12-04,27.50,91.50,
2023-12-04,27.50,91.75,0.00
2023-12-04,27.50,92.00,0.00
2023-12-04,27.50,92.25,0.00
2023-12-04,27.50,92.50,0.00
2023-12-04,27.50,92.75,0.00
2023-12-04,27.50,93.00,0.00
2023-12-04,27.75,91.50,0.00
2023-12-04,27.75,91.75,0.00
2023-12-04,27.75,92.00,0.00
2023-12-04,27.75,92.25,0.00
2023-12-04,27.75,92.50,0.00
2023-12-04,27.75,92.75,0.00
2023-12-04,27.75,93.00,0.00
2023-12-04,28.00,91.50,0.00
2023-12-04,28.00,91.75,0.00
2023-12-04,28.00,92.00,0.00
2023-12-04,28.00,92.25,0.00
2023-12-04,28.00,92.50,0.00
2023-12-04,28.00,92.75,0.00
2023-12-04,28.00,93.00,0.00
2023-12-05,25.75,91.50,0.00
2023-12-05,25.75,91.75,0.00
2023-12-05,25.75,92.00,0.00
2023-12-05,25.75,92.25,0.00
2023-12-05,25.75,92.50,0.00
2023-12-05,25.75,92.75,0.00
2023-12-05,25.75,93.00,0.00
2023-12-05,26.00,91.50,0.00
2023-12-05,26.00,91.75,0.00
2023-12-05,26.00,92.00,0.00
2023-12-05,26.00,92.25,0.00
2023-12-05,26.00,92.50,0.00
2023-12-05,26.00,92.75,0.00
2023-12-05,26.00,93.00,0.00
2023-12-05,26.25,91.50,0.00
2023-12-05,26.25,91.75,0.00
2023-12-05,26.25,92.00,0.00
2023-12-05,26.25,92.25,0.00
2023-12-05,26.25,92.50,0.00
2023-12-05,26.25,92.75,0.00
2023-12-05,26.25,93.00,0.00
2023-12-05,26.50,91.50,0.00
2023-12-05,26.50,91.75,0.00
2023-12-05,26.50,92.00,0.00
2023-12-05,26.50,92.25,0.00
2023-12-05,26.50,92.50,0.00
2023-12-05,26.50,92.75,0.00
2023-12-05,26.50,93.00,0.00
2023-12-05,26.75,91.50,0.00
2023-12-05,26.75,91.75,0.00
2023-12-05,26.75,92.00,0.00
2023-12-05,26.75,92.25,0.00
2023-12-05,26.75,92.50,0.00
2023-12-05,26.75,92.75,0.00
2023-12-05,26.75,93.00,0.00
2023-12-05,27.00,91.50,0.00
2023-12-05,27.00,91.75,0.00
2023-12-05,27.00,92.00,0.00
2023-12-05,27.00,92.25,0.00
2023-12-05,27.00,92.50,0.00
2023-12-05,27.00,92.75,0.00
2023-12-05,27.00,93.00,0.00
2023-12-05,27.25,91.50,
2023-12-05,27.25,91.75,
2023-12-05,27.25,92.00,0.00
2023-12-05,27.25,92.25,0.00
2023-12-05,27.25,92.50,0.00
2023-12-05,27.25,92.75,0.00
2023-12-05,27.25,93.00,0.00
2023-12-05,27.50,91.50,
2023-12-05,27.50,91.75,0.00
2023-12-05,27.50,92.00,0.00
2023-12-05,27.50,92.25,0.00
2023-12-05,27.50,92.50,0.00
2023-12-05,27.50,92.75,0.00
2023-12-05,27.50,93.00,0.00
2023-12-05,27.75,91.50,0.00
2023-12-05,27.75,91.75,0.00
2023-12-05,27.75,92.00,0.00
2023-12-05,27.75,92.25,0.00
2023-12-05,27.75,92.50,0.00
2023-12-05,27.75,92.75,0.00
2023-12-05,27.75,93.00,0.00
2023-12-05,28.00,91.50,0.00
2023-12-05,28.00,91.75,0.00
2023-12-05,28.00,92.00,0.00
2023-12-05,28.00,92.25,0.00
2023-12-05,28.00,92.50,0.00
2023-12-05,28.00,92.75,0.00
2023-12-05,28.00,93.00,0.00
2023-12-06,25.75,91.50,0.00
2023-12-06,25.75,91.75,0.00
2023-12-06,25.75,92.00,0.00
2023-12-06,25.75,92.25,0.00
2023-12-06,25.75,92.50,0.00
2023-12-06,25.75,92.75,0.00
2023-12-06,25.75,93.00,0.00
2023-12-06,26.00,91.50,0.00
2023-12-06,26.00,91.75,0.00
2023-12-06,26.00,92.00,0.00
2023-12-06,26.00,92.25,0.00
2023-12-06,26.00,92.50,0.00
2023-12-06,26.00,92.75,0.00
2023-12-06,26.00,93.00,0.00
2023-12-06,26.25,91.50,0.00
2023-12-06,26.25,91.75,0.00
2023-12-06,26.25,92.00,0.00
2023-12-06,26.25,92.25,0.00
2023-12-06,26.25,92.50,0.00
2023-12-06,26.25,92.75,0.00
2023-12-06,26.25,93.00,0.00
2023-12-06,26.50,91.50,0.00
2023-12-06,26.50,91.75,0.00
2023-12-06,26.50,92.00,0.00
2023-12-06,26.50,92.25,0.00
2023-12-06,26.50,92.50,0.00
2023-12-06,26.50,92.75,0.00
2023-12-06,26.50,93.00,0.00
2023-12-06,26.75,91.50,0.00
2023-12-06,26.75,91.75,0.00
2023-12-06,26.75,92.00,0.00
2023-12-06,26.75,92.25,0.00
2023-12-06,26.75,92.50,0.00
2023-12-06,26.75,92.75,0.00
2023-12-06,26.75,93.00,0.00
2023-12-06,27.00,91.50,0.00
2023-12-06,27.00,91.75,0.00
2023-12-06,27.00,92.00,0.00
2023-12-06,27.00,92.25,0.00
2023-12-06,27.00,92.50,0.00
2023-12-06,27.00,92.75,0.00
2023-12-06,27.00,93.00,0.00
2023-12-06,27.25,91.50,
2023-12-06,27.25,91.75,
2023-12-06,27.25,92.00,0.00
2023-12-06,27.25,92.25,0.00
2023-12-06,27.25,92.50,0.00
2023-12-06,27.25,92.75,0.00
2023-12-06,27.25,93.00,0.00
2023-12-06,27.50,91.50,
2023-12-06,27.50,91.75,0.00
2023-12-06,27.50,92.00,0.00
2023-12-06,27.50,92.25,0.00
2023-12-06,27.50,92.50,0.00
2023-12-06,27.50,92.75,0.00
2023-12-06,27.50,93.00,0.00
2023-12-06,27.75,91.50,0.00
2023-12-06,27.75,91.75,0.00
2023-12-06,27.75,92.00,0.00
2023-12-06,27.75,92.25,0.00
2023-12-06,27.75,92.50,0.00
2023-12-06,27.75,92.75,0.00
2023-12-06,27.75,93.00,0.00
2023-12-06,28.00,91.50,0.00
2023-12-06,28.00,91.75,0.00
2023-12-06,28.00,92.00,0.00
2023-12-06,28.00,92.25,0.00
2023-12-06,28.00,92.50,0.00
2023-12-06,28.00,92.75,0.00
2023-12-06,28.00,93.00,0.00
2023-12-07,25.75,91.50,3.29
2023-12-07,25.75,91.75,3.86
2023-12-07,25.75,92.00,3.26
2023-12-07,25.75,92.25,1.40
2023-12-07,25.75,92.50,1.52
2023-12-07,25.75,92.75,1.21
2023-12-07,25.75,93.00,1.31
2023-12-07,26.00,91.50,1.86
2023-12-07,26.00,91.75,1.91
2023-12-07,26.00,92.00,0.74
2023-12-07,26.00,92.25,1.08
2023-12-07,26.00,92.50,1.47
2023-12-07,26.00,92.75,1.31
2023-12-07,26.00,93.00,1.29
2023-12-07,26.25,91.50,0.32
2023-12-07,26.25,91.75,0.46
2023-12-07,26.25,92.00,0.61
2023-12-07,26.25,92.25,1.50
2023-12-07,26.25,92.50,0.96
2023-12-07,26.25,92.75,0.72
2023-12-07,26.25,93.00,1.10
2023-12-07,26.50,91.50,0.00
2023-12-07,26.50,91.75,0.18
2023-12-07,26.50,92.00,0.28
2023-12-07,26.50,92.25,0.07
2023-12-07,26.50,92.50,0.10
2023-12-07,26.50,92.75,0.33
2023-12-07,26.50,93.00,0.24
2023-12-07,26.75,91.50,0.00
2023-12-07,26.75,91.75,0.00
2023-12-07,26.75,92.00,0.00
2023-12-07,26.75,92.25,0.00
2023-12-07,26.75,92.50,0.00
2023-12-07,26.75,92.75,0.00
2023-12-07,26.75,93.00,0.00
2023-12-07,27.00,91.50,0.00
2023-12-07,27.00,91.75,0.00
2023-12-07,27.00,92.00,0.00
2023-12-07,27.00,92.25,0.00
2023-12-07,27.00,92.50,0.00
2023-12-07,27.00,92.75,0.00
2023-12-07,27.00,93.00,0.00
2023-12-07,27.25,91.50,
2023-12-07,27.25,91.75,
2023-12-07,27.25,92.00,0.00
2023-12-07,27.25,92.25,0.00
2023-12-07,27.25,92.50,0.00
2023-12-07,27.25,92.75,0.00
2023-12-07,27.25,93.00,0.00
2023-12-07,27.50,91.50,
2023-12-07,27.50,91.75,0.00
2023-12-07,27.50,92.00,0.00
2023-12-07,27.50,92.25,0.00
2023-12-07,27.50,92.50,0.00
2023-12-07,27.50,92.75,0.00
2023-12-07,27.50,93.00,0.00
2023-12-07,27.75,91.50,0.00
2023-12-07,27.75,91.75,0.00
2023-12-07,27.75,92.00,0.00
2023-12-07,27.75,92.25,0.00
2023-12-07,27.75,92.50,0.00
2023-12-07,27.75,92.75,0.00
2023-12-07,27.75,93.00,0.00
2023-12-07,28.00,91.50,0.00
2023-12-07,28.00,91.75,0.00
2023-12-07,28.00,92.00,0.00
2023-12-07,28.00,92.25,0.00
2023-12-07,28.00,92.50,0.00
2023-12-07,28.00,92.75,0.00
2023-12-07,28.00,93.00,0.00
2023-12-08,25.75,91.50,25.58
2023-12-08,25.75,91.75,27.75
2023-12-08,25.75,92.00,21.03
2023-12-08,25.75,92.25,20.41
2023-12-08,25.75,92.50,11.65
2023-12-08,25.75,92.75,33.21
2023-12-08,25.75,93.00,24.40
2023-12-08,26.00,91.50,9.72
2023-12-08,26.00,91.75,14.21
2023-12-08,26.00,92.00,8.83
2023-12-08,26.00,92.25,17.05
2023-12-08,26.00,92.50,9.58
2023-12-08,26.00,92.75,20.19
2023-12-08,26.00,93.00,23.84
2023-12-08,26.25,91.50,3.84
2023-12-08,26.25,91.75,4.37
2023-12-08,26.25,92.00,4.76
2023-12-08,26.25,92.25,1.80
2023-12-08,26.25,92.50,1.76
2023-12-08,26.25,92.75,9.00
2023-12-08,26.25,93.00,25.50
2023-12-08,26.50,91.50,2.61
2023-12-08,26.50,91.75,5.45
2023-12-08,26.50,92.00,3.99
2023-12-08,26.50,92.25,2.37
2023-12-08,26.50,92.50,3.02
2023-12-08,26.50,92.75,3.19
2023-12-08,26.50,93.00,16.60
2023-12-08,26.75,91.50,4.56
2023-12-08,26.75,91.75,6.47
2023-12-08,26.75,92.00,5.85
2023-12-08,26.75,92.25,2.17
2023-12-08,26.75,92.50,2.98
2023-12-08,26.75,92.75,2.84
2023-12-08,26.75,93.00,6.72
2023-12-08,27.00,91.50,3.29
2023-12-08,27.00,91.75,1.90
2023-12-08,27.00,92.00,2.63
2023-12-08,27.00,92.25,1.26
2023-12-08,27.00,92.50,1.18
2023-12-08,27.00,92.75,1.41
2023-12-08,27.00,93.00,5.14
2023-12-08,27.25,91.50,
2023-12-08,27.25,91.75,
2023-12-08,27.25,92.00,1.12
2023-12-08,27.25,92.25,0.97
2023-12-08,27.25,92.50,0.28
2023-12-08,27.25,92.75,0.28
2023-12-08,27.25,93.00,2.90
2023-12-08,27.50,91.50,
2023-12-08,27.50,91.75,2.78
2023-12-08,27.50,92.00,1.65
2023-12-08,27.50,92.25,0.81
2023-12-08,27.50,92.50,0.39
2023-12-08,27.50,92.75,0.46
2023-12-08,27.50,93.00,2.01
2023-12-08,27.75,91.50,3.38
2023-12-08,27.75,91.75,2.98
2023-12-08,27.75,92.00,2.09
2023-12-08,27.75,92.25,0.91
2023-12-08,27.75,92.50,0.60
2023-12-08,27.75,92.75,1.12
2023-12-08,27.75,93.00,2.49
2023-12-08,28.00,91.50,3.27
2023-12-08,28.00,91.75,3.00
2023-12-08,28.00,92.00,2.35
2023-12-08,28.00,92.25,1.25
2023-12-08,28.00,92.50,0.61
2023-12-08,28.00,92.75,1.31
2023-12-08,28.00,93.00,2.58
2023-12-09,25.75,91.50,0.60
2023-12-09,25.75,91.75,0.56
2023-12-09,25.75,92.00,0.71
2023-12-09,25.75,92.25,1.99
2023-12-09,25.75,92.50,0.84
2023-12-09,25.75,92.75,3.30
2023-12-09,25.75,93.00,2.56
2023-12-09,26.00,91.50,0.21
2023-12-09,26.00,91.75,0.00
2023-12-09,26.00,92.00,0.31
2023-12-09,26.00,92.25,1.10
2023-12-09,26.00,92.50,1.09
2023-12-09,26.00,92.75,2.03
2023-12-09,26.00,93.00,2.37
2023-12-09,26.25,91.50,0.00
2023-12-09,26.25,91.75,0.00
2023-12-09,26.25,92.00,0.02
2023-12-09,26.25,92.25,2.08
2023-12-09,26.25,92.50,1.63
2023-12-09,26.25,92.75,1.93
2023-12-09,26.25,93.00,5.93
2023-12-09,26.50,91.50,0.00
2023-12-09,26.50,91.75,0.14
2023-12-09,26.50,92.00,0.33
2023-12-09,26.50,92.25,0.31
2023-12-09,26.50,92.50,0.44
2023-12-09,26.50,92.75,0.85
2023-12-09,26.50,93.00,5.01
2023-12-09,26.75,91.50,0.00
2023-12-09,26.75,91.75,0.02
2023-12-09,26.75,92.00,0.93
2023-12-09,26.75,92.25,0.27
2023-12-09,26.75,92.50,0.30
2023-12-09,26.75,92.75,0.41
2023-12-09,26.75,93.00,1.90
2023-12-09,27.00,91.50,0.00
2023-12-09,27.00,91.75,0.06
2023-12-09,27.00,92.00,0.32
2023-12-09,27.00,92.25,0.02
2023-12-09,27.00,92.50,0.05
2023-12-09,27.00,92.75,0.54
2023-12-09,27.00,93.00,2.21
2023-12-09,27.25,91.50,
2023-12-09,27.25,91.75,
2023-12-09,27.25,92.00,0.00
2023-12-09,27.25,92.25,0.00
2023-12-09,27.25,92.50,0.00
2023-12-09,27.25,92.75,0.14
2023-12-09,27.25,93.00,2.23
2023-12-09,27.50,91.50,
2023-12-09,27.50,91.75,0.81
2023-12-09,27.50,92.00,0.27
2023-12-09,27.50,92.25,0.00
2023-12-09,27.50,92.50,0.03
2023-12-09,27.50,92.75,0.25
2023-12-09,27.50,93.00,1.69
2023-12-09,27.75,91.50,1.09
2023-12-09,27.75,91.75,0.91
2023-12-09,27.75,92.00,0.48
2023-12-09,27.75,92.25,0.09
2023-12-09,27.75,92.50,0.09
2023-12-09,27.75,92.75,0.89
2023-12-09,27.75,93.00,2.20
2023-12-09,28.00,91.50,1.04
2023-12-09,28.00,91.75,0.92
2023-12-09,28.00,92.00,0.66
2023-12-09,28.00,92.25,0.27
2023-12-09,28.00,92.50,0.15
2023-12-09,28.00,92.75,1.12
2023-12-09,28.00,93.00,2.33
2023-12-10,25.75,91.50,0.00
2023-12-10,25.75,91.75,0.00
2023-12-10,25.75,92.00,0.00
2023-12-10,25.75,92.25,0.00
2023-12-10,25.75,92.50,0.00
2023-12-10,25.75,92.75,0.00
2023-12-10,25.75,93.00,0.00
2023-12-10,26.00,91.50,0.00
2023-12-10,26.00,91.75,0.00
2023-12-10,26.00,92.00,0.00
2023-12-10,26.00,92.25,0.00
2023-12-10,26.00,92.50,0.00
2023-12-10,26.00,92.75,0.00
2023-12-10,26.00,93.00,0.00
2023-12-10,26.25,91.50,0.00
2023-12-10,26.25,91.75,0.00
2023-12-10,26.25,92.00,0.00
2023-12-10,26.25,92.25,0.00
2023-12-10,26.25,92.50,0.00
2023-12-10,26.25,92.75,0.00
2023-12-10,26.25,93.00,0.00
2023-12-10,26.50,91.50,0.00
2023-12-10,26.50,91.75,0.00
2023-12-10,26.50,92.00,0.00
2023-12-10,26.50,92.25,0.00
2023-12-10,26.50,92.50,0.00
2023-12-10,26.50,92.75,0.00
2023-12-10,26.50,93.00,0.00
2023-12-10,26.75,91.50,0.00
2023-12-10,26.75,91.75,0.00
2023-12-10,26.75,92.00,0.00
2023-12-10,26.75,92.25,0.00
2023-12-10,26.75,92.50,0.17
2023-12-10,26.75,92.75,0.42
2023-12-10,26.75,93.00,0.62
2023-12-10,27.00,91.50,0.00
2023-12-10,27.00,91.75,0.00
2023-12-10,27.00,92.00,0.22
2023-12-10,27.00,92.25,2.01
2023-12-10,27.00,92.50,1.34
2023-12-10,27.00,92.75,0.56
2023-12-10,27.00,93.00,0.59
2023-12-10,27.25,91.50,
2023-12-10,27.25,91.75,
2023-12-10,27.25,92.00,0.03
2023-12-10,27.25,92.25,0.71
2023-12-10,27.25,92.50,0.28
2023-12-10,27.25,92.75,0.21
2023-12-10,27.25,93.00,0.65
2023-12-10,27.50,91.50,
2023-12-10,27.50,91.75,0.08
2023-12-10,27.50,92.00,0.19
2023-12-10,27.50,92.25,0.59
2023-12-10,27.50,92.50,0.26
2023-12-10,27.50,92.75,0.28
2023-12-10,27.50,93.00,0.46
2023-12-10,27.75,91.50,0.00
2023-12-10,27.75,91.75,0.04
2023-12-10,27.75,92.00,0.17
2023-12-10,27.75,92.25,0.46
2023-12-10,27.75,92.50,0.51
2023-12-10,27.75,92.75,0.31
2023-12-10,27.75,93.00,0.58
2023-12-10,28.00,91.50,0.00
2023-12-10,28.00,91.75,0.03
2023-12-10,28.00,92.00,0.10
2023-12-10,28.00,92.25,0.17
2023-12-10,28.00,92.50,0.35
2023-12-10,28.00,92.75,0.26
2023-12-10,28.00,93.00,0.61
2023-12-11,25.75,91.50,0.00
2023-12-11,25.75,91.75,0.00
2023-12-11,25.75,92.00,0.00
2023-12-11,25.75,92.25,0.00
2023-12-11,25.75,92.50,0.00
2023-12-11,25.75,92.75,0.00
2023-12-11,25.75,93.00,0.00
2023-12-11,26.00,91.50,0.00
2023-12-11,26.00,91.75,0.00
2023-12-11,26.00,92.00,0.00
2023-12-11,26.00,92.25,0.00
2023-12-11,26.00,92.50,0.00
2023-12-11,26.00,92.75,0.00
2023-12-11,26.00,93.00,0.00
2023-12-11,26.25,91.50,0.00
2023-12-11,26.25,91.75,0.00
2023-12-11,26.25,92.00,0.00
2023-12-11,26.25,92.25,0.00
2023-12-11,26.25,92.50,0.00
2023-12-11,26.25,92.75,0.00
2023-12-11,26.25,93.00,0.00
2023-12-11,26.50,91.50,0.00
2023-12-11,26.50,91.75,0.00
2023-12-11,26.50,92.00,0.00
2023-12-11,26.50,92.25,0.00
2023-12-11,26.50,92.50,0.00
2023-12-11,26.50,92.75,0.00
2023-12-11,26.50,93.00,0.00
2023-12-11,26.75,91.50,0.00
2023-12-11,26.75,91.75,0.00
2023-12-11,26.75,92.00,0.00
2023-12-11,26.75,92.25,0.00
2023-12-11,26.75,92.50,0.00
2023-12-11,26.75,92.75,0.37
2023-12-11,26.75,93.00,1.44
2023-12-11,27.00,91.50,0.00
2023-12-11,27.00,91.75,0.07
2023-12-11,27.00,92.00,0.97
2023-12-11,27.00,92.25,0.15
2023-12-11,27.00,92.50,0.00
2023-12-11,27.00,92.75,1.42
2023-12-11,27.00,93.00,2.40
2023-12-11,27.25,91.50,
2023-12-11,27.25,91.75,
2023-12-11,27.25,92.00,2.98
2023-12-11,27.25,92.25,1.40
2023-12-11,27.25,92.50,0.22
2023-12-11,27.25,92.75,0.15
2023-12-11,27.25,93.00,1.98
2023-12-11,27.50,91.50,
2023-12-11,27.50,91.75,1.13
2023-12-11,27.50,92.00,1.97
2023-12-11,27.50,92.25,1.43
2023-12-11,27.50,92.50,0.65
2023-12-11,27.50,92.75,0.40
2023-12-11,27.50,93.00,0.97
2023-12-11,27.75,91.50,1.04
2023-12-11,27.75,91.75,1.14
2023-12-11,27.75,92.00,1.59
2023-12-11,27.75,92.25,1.15
2023-12-11,27.75,92.50,0.72
2023-12-11,27.75,92.75,0.74
2023-12-11,27.75,93.00,0.94
2023-12-11,28.00,91.50,1.08
2023-12-11,28.00,91.75,1.20
2023-12-11,28.00,92.00,1.39
2023-12-11,28.00,92.25,1.19
2023-12-11,28.00,92.50,0.80
2023-12-11,28.00,92.75,0.71
2023-12-11,28.00,93.00,0.84
2023-12-12,25.75,91.50,0.00
2023-12-12,25.75,91.75,0.00
2023-12-12,25.75,92.00,0.00
2023-12-12,25.75,92.25,0.00
2023-12-12,25.75,92.50,0.00
2023-12-12,25.75,92.75,0.00
2023-12-12,25.75,93.00,0.00
2023-12-12,26.00,91.50,0.00
2023-12-12,26.00,91.75,0.00
2023-12-12,26.00,92.00,0.00
2023-12-12,26.00,92.25,0.00
2023-12-12,26.00,92.50,0.00
2023-12-12,26.00,92.75,0.00
2023-12-12,26.00,93.00,0.00
2023-12-12,26.25,91.50,0.00
2023-12-12,26.25,91.75,0.00
2023-12-12,26.25,92.00,0.00
2023-12-12,26.25,92.25,0.00
2023-12-12,26.25,92.50,0.00
2023-12-12,26.25,92.75,0.00
2023-12-12,26.25,93.00,0.00
2023-12-12,26.50,91.50,0.00
2023-12-12,26.50,91.75,0.00
2023-12-12,26.50,92.00,0.00
2023-12-12,26.50,92.25,0.00
2023-12-12,26.50,92.50,0.00
2023-12-12,26.50,92.75,0.00
2023-12-12,26.50,93.00,0.00
2023-12-12,26.75,91.50,0.00
2023-12-12,26.75,91.75,0.00
2023-12-12,26.75,92.00,0.00
2023-12-12,26.75,92.25,0.00
2023-12-12,26.75,92.50,0.00
2023-12-12,26.75,92.75,0.00
2023-12-12,26.75,93.00,0.00
2023-12-12,27.00,91.50,0.00
2023-12-12,27.00,91.75,0.00
2023-12-12,27.00,92.00,0.00
2023-12-12,27.00,92.25,0.00
2023-12-12,27.00,92.50,0.00
2023-12-12,27.00,92.75,0.00
2023-12-12,27.00,93.00,0.00
2023-12-12,27.25,91.50,
2023-12-12,27.25,91.75,
2023-12-12,27.25,92.00,0.00
2023-12-12,27.25,92.25,0.00
2023-12-12,27.25,92.50,0.00
2023-12-12,27.25,92.75,0.00
2023-12-12,27.25,93.00,0.00
2023-12-12,27.50,91.50,
2023-12-12,27.50,91.75,0.00
2023-12-12,27.50,92.00,0.00
2023-12-12,27.50,92.25,0.00
2023-12-12,27.50,92.50,0.00
2023-12-12,27.50,92.75,0.00
2023-12-12,27.50,93.00,0.00
2023-12-12,27.75,91.50,0.00
2023-12-12,27.75,91.75,0.00
2023-12-12,27.75,92.00,0.00
2023-12-12,27.75,92.25,0.00
2023-12-12,27.75,92.50,0.00
2023-12-12,27.75,92.75,0.00
2023-12-12,27.75,93.00,0.00
2023-12-12,28.00,91.50,0.00
2023-12-12,28.00,91.75,0.00
2023-12-12,28.00,92.00,0.00
2023-12-12,28.00,92.25,0.00
2023-12-12,28.00,92.50,0.00
2023-12-12,28.00,92.75,0.00
2023-12-12,28.00,93.00,0.00
2023-12-13,25.75,91.50,0.00
2023-12-13,25.75,91.75,0.00
2023-12-13,25.75,92.00,0.00
2023-12-13,25.75,92.25,0.00
2023-12-13,25.75,92.50,0.00
2023-12-13,25.75,92.75,0.00
2023-12-13,25.75,93.00,0.00
2023-12-13,26.00,91.50,0.00
2023-12-13,26.00,91.75,0.00
2023-12-13,26.00,92.00,0.00
2023-12-13,26.00,92.25,0.00
2023-12-13,26.00,92.50,0.00
2023-12-13,26.00,92.75,0.00
2023-12-13,26.00,93.00,0.00
2023-12-13,26.25,91.50,0.00
2023-12-13,26.25,91.75,0.00
2023-12-13,26.25,92.00,0.00
2023-12-13,26.25,92.25,0.00
2023-12-13,26.25,92.50,0.00
2023-12-13,26.25,92.75,0.00
2023-12-13,26.25,93.00,0.00
2023-12-13,26.50,91.50,0.00
2023-12-13,26.50,91.75,0.00
2023-12-13,26.50,92.00,0.00
2023-12-13,26.50,92.25,0.00
2023-12-13,26.50,92.50,0.00
2023-12-13,26.50,92.75,0.00
2023-12-13,26.50,93.00,0.00
2023-12-13,26.75,91.50,0.00
2023-12-13,26.75,91.75,0.00
2023-12-13,26.75,92.00,0.00
2023-12-13,26.75,92.25,0.00
2023-12-13,26.75,92.50,0.00
2023-12-13,26.75,92.75,0.00
2023-12-13,26.75,93.00,0.00
2023-12-13,27.00,91.50,0.00
2023-12-13,27.00,91.75,0.00
2023-12-13,27.00,92.00,0.00
2023-12-13,27.00,92.25,0.00
2023-12-13,27.00,92.50,0.00
2023-12-13,27.00,92.75,0.00
2023-12-13,27.00,93.00,0.00
2023-12-13,27.25,91.50,
2023-12-13,27.25,91.75,
2023-12-13,27.25,92.00,0.00
2023-12-13,27.25,92.25,0.00
2023-12-13,27.25,92.50,0.00
2023-12-13,27.25,92.75,0.00
2023-12-13,27.25,93.00,0.00
2023-12-13,27.50,91.50,
2023-12-13,27.50,91.75,0.00
2023-12-13,27.50,92.00,0.00
2023-12-13,27.50,92.25,0.00
2023-12-13,27.50,92.50,0.00
2023-12-13,27.50,92.75,0.00
2023-12-13,27.50,93.00,0.00
2023-12-13,27.75,91.50,0.00
2023-12-13,27.75,91.75,0.00
2023-12-13,27.75,92.00,0.00
2023-12-13,27.75,92.25,0.00
2023-12-13,27.75,92.50,0.00
2023-12-13,27.75,92.75,0.00
2023-12-13,27.75,93.00,0.00
2023-12-13,28.00,91.50,0.00
2023-12-13,28.00,91.75,0.00
2023-12-13,28.00,92.00,0.00
2023-12-13,28.00,92.25,0.00
2023-12-13,28.00,92.50,0.00
2023-12-13,28.00,92.75,0.00
2023-12-13,28.00,93.00,0.00
2023-12-14,25.75,91.50,2.69
2023-12-14,25.75,91.75,2.17
2023-12-14,25.75,92.00,0.00
2023-12-14,25.75,92.25,0.00
2023-12-14,25.75,92.50,0.00
2023-12-14,25.75,92.75,0.00
2023-12-14,25.75,93.00,0.00
2023-12-14,26.00,91.50,6.06
2023-12-14,26.00,91.75,3.06
2023-12-14,26.00,92.00,0.06
2023-12-14,26.00,92.25,0.00
2023-12-14,26.00,92.50,0.00
2023-12-14,26.00,92.75,0.00
2023-12-14,26.00,93.00,0.00
2023-12-14,26.25,91.50,0.55
2023-12-14,26.25,91.75,0.21
2023-12-14,26.25,92.00,0.50
2023-12-14,26.25,92.25,0.05
2023-12-14,26.25,92.50,0.00
2023-12-14,26.25,92.75,0.00
2023-12-14,26.25,93.00,0.00
2023-12-14,26.50,91.50,0.00
2023-12-14,26.50,91.75,0.18
2023-12-14,26.50,92.00,0.21
2023-12-14,26.50,92.25,0.00
2023-12-14,26.50,92.50,0.00
2023-12-14,26.50,92.75,0.00
2023-12-14,26.50,93.00,0.16
2023-12-14,26.75,91.50,0.00
2023-12-14,26.75,91.75,0.03
2023-12-14,26.75,92.00,0.00
2023-12-14,26.75,92.25,0.00
2023-12-14,26.75,92.50,0.00
2023-12-14,26.75,92.75,0.80
2023-12-14,26.75,93.00,6.20
2023-12-14,27.00,91.50,3.98
2023-12-14,27.00,91.75,8.54
2023-12-14,27.00,92.00,4.21
2023-12-14,27.00,92.25,0.21
2023-12-14,27.00,92.50,0.00
2023-12-14,27.00,92.75,3.11
2023-12-14,27.00,93.00,8.19
2023-12-14,27.25,91.50,
2023-12-14,27.25,91.75,
2023-12-14,27.25,92.00,4.37
2023-12-14,27.25,92.25,2.22
2023-12-14,27.25,92.50,0.30
2023-12-14,27.25,92.75,0.51
2023-12-14,27.25,93.00,7.21
2023-12-14,27.50,91.50,
2023-12-14,27.50,91.75,2.22
2023-12-14,27.50,92.00,3.92
2023-12-14,27.50,92.25,2.54
2023-12-14,27.50,92.50,0.97
2023-12-14,27.50,92.75,0.82
2023-12-14,27.50,93.00,2.88
2023-12-14,27.75,91.50,0.65
2023-12-14,27.75,91.75,1.58
2023-12-14,27.75,92.00,3.10
2023-12-14,27.75,92.25,1.48
2023-12-14,27.75,92.50,0.96
2023-12-14,27.75,92.75,1.25
2023-12-14,27.75,93.00,2.15
2023-12-14,28.00,91.50,0.94
2023-12-14,28.00,91.75,1.46
2023-12-14,28.00,92.00,1.87
2023-12-14,28.00,92.25,1.34
2023-12-14,28.00,92.50,1.05
2023-12-14,28.00,92.75,0.81
2023-12-14,28.00,93.00,1.44
2023-12-15,25.75,91.50,0.00
2023-12-15,25.75,91.75,0.00
2023-12-15,25.75,92.00,0.00
2023-12-15,25.75,92.25,0.00
2023-12-15,25.75,92.50,0.00
2023-12-15,25.75,92.75,0.00
2023-12-15,25.75,93.00,0.00
2023-12-15,26.00,91.50,0.00
2023-12-15,26.00,91.75,0.00
2023-12-15,26.00,92.00,0.00
2023-12-15,26.00,92.25,0.00
2023-12-15,26.00,92.50,0.00
2023-12-15,26.00,92.75,0.00
2023-12-15,26.00,93.00,0.00
2023-12-15,26.25,91.50,0.00
2023-12-15,26.25,91.75,0.00
2023-12-15,26.25,92.00,0.00
2023-12-15,26.25,92.25,0.00
2023-12-15,26.25,92.50,0.00
2023-12-15,26.25,92.75,0.00
2023-12-15,26.25,93.00,0.00
2023-12-15,26.50,91.50,0.00
2023-12-15,26.50,91.75,0.00
2023-12-15,26.50,92.00,0.00
2023-12-15,26.50,92.25,0.00
2023-12-15,26.50,92.50,0.00
2023-12-15,26.50,92.75,0.00
2023-12-15,26.50,93.00,0.00
2023-12-15,26.75,91.50,0.00
2023-12-15,26.75,91.75,0.00
2023-12-15,26.75,92.00,0.00
2023-12-15,26.75,92.25,0.00
2023-12-15,26.75,92.50,0.00
2023-12-15,26.75,92.75,0.00
2023-12-15,26.75,93.00,0.00
2023-12-15,27.00,91.50,0.08
2023-12-15,27.00,91.75,0.16
2023-12-15,27.00,92.00,0.06
2023-12-15,27.00,92.25,0.00
2023-12-15,27.00,92.50,0.00
2023-12-15,27.00,92.75,0.00
2023-12-15,27.00,93.00,0.00
2023-12-15,27.25,91.50,
2023-12-15,27.25,91.75,
2023-12-15,27.25,92.00,0.00
2023-12-15,27.25,92.25,0.01
2023-12-15,27.25,92.50,0.00
2023-12-15,27.25,92.75,0.00
2023-12-15,27.25,93.00,0.00
2023-12-15,27.50,91.50,
2023-12-15,27.50,91.75,0.03
2023-12-15,27.50,92.00,0.03
2023-12-15,27.50,92.25,0.01
2023-12-15,27.50,92.50,0.00
2023-12-15,27.50,92.75,0.00
2023-12-15,27.50,93.00,0.00
2023-12-15,27.75,91.50,0.01
2023-12-15,27.75,91.75,0.02
2023-12-15,27.75,92.00,0.03
2023-12-15,27.75,92.25,0.00
2023-12-15,27.75,92.50,0.00
2023-12-15,27.75,92.75,0.00
2023-12-15,27.75,93.00,0.00
2023-12-15,28.00,91.50,0.01
2023-12-15,28.00,91.75,0.02
2023-12-15,28.00,92.00,0.01
2023-12-15,28.00,92.25,0.00
2023-12-15,28.00,92.50,0.00
2023-12-15,28.00,92.75,0.00
2023-12-15,28.00,93.00,0.00
2023-12-16,25.75,91.50,0.00
2023-12-16,25.75,91.75,0.00
2023-12-16,25.75,92.00,0.00
2023-12-16,25.75,92.25,0.00
2023-12-16,25.75,92.50,0.00
2023-12-16,25.75,92.75,0.00
2023-12-16,25.75,93.00,0.00
2023-12-16,26.00,91.50,0.00
2023-12-16,26.00,91.75,0.00
2023-12-16,26.00,92.00,0.00
2023-12-16,26.00,92.25,0.00
2023-12-16,26.00,92.50,0.00
2023-12-16,26.00,92.75,0.00
2023-12-16,26.00,93.00,0.00
2023-12-16,26.25,91.50,0.00
2023-12-16,26.25,91.75,0.00
2023-12-16,26.25,92.00,0.00
2023-12-16,26.25,92.25,0.00
2023-12-16,26.25,92.50,0.00
2023-12-16,26.25,92.75,0.00
2023-12-16,26.25,93.00,0.00
2023-12-16,26.50,91.50,0.00
2023-12-16,26.50,91.75,0.00
2023-12-16,26.50,92.00,0.00
2023-12-16,26.50,92.25,0.00
2023-12-16,26.50,92.50,0.00
2023-12-16,26.50,92.75,0.00
2023-12-16,26.50,93.00,0.00
2023-12-16,26.75,91.50,0.00
2023-12-16,26.75,91.75,0.00
2023-12-16,26.75,92.00,0.00
2023-12-16,26.75,92.25,0.00
2023-12-16,26.75,92.50,0.00
2023-12-16,26.75,92.75,0.00
2023-12-16,26.75,93.00,0.00
2023-12-16,27.00,91.50,0.00
2023-12-16,27.00,91.75,0.00
2023-12-16,27.00,92.00,0.00
2023-12-16,27.00,92.25,0.00
2023-12-16,27.00,92.50,0.00
2023-12-16,27.00,92.75,0.00
2023-12-16,27.00,93.00,0.00
2023-12-16,27.25,91.50,
2023-12-16,27.25,91.75,
2023-12-16,27.25,92.00,0.00
2023-12-16,27.25,92.25,0.00
2023-12-16,27.25,92.50,0.00
2023-12-16,27.25,92.75,0.00
2023-12-16,27.25,93.00,0.00
2023-12-16,27.50,91.50,
2023-12-16,27.50,91.75,0.00
2023-12-16,27.50,92.00,0.00
2023-12-16,27.50,92.25,0.00
2023-12-16,27.50,92.50,0.00
2023-12-16,27.50,92.75,0.00
2023-12-16,27.50,93.00,0.00
2023-12-16,27.75,91.50,0.00
2023-12-16,27.75,91.75,0.00
2023-12-16,27.75,92.00,0.00
2023-12-16,27.75,92.25,0.00
2023-12-16,27.75,92.50,0.00
2023-12-16,27.75,92.75,0.00
2023-12-16,27.75,93.00,0.00
2023-12-16,28.00,91.50,0.00
2023-12-16,28.00,91.75,0.00
2023-12-16,28.00,92.00,0.00
2023-12-16,28.00,92.25,0.00
2023-12-16,28.00,92.50,0.00
2023-12-16,28.00,92.75,0.00
2023-12-16,28.00,93.00,0.00
2023-12-17,25.75,91.50,0.00
2023-12-17,25.75,91.75,0.00
2023-12-17,25.75,92.00,0.00
2023-12-17,25.75,92.25,0.00
2023-12-17,25.75,92.50,0.00
2023-12-17,25.75,92.75,0.00
2023-12-17,25.75,93.00,0.00
2023-12-17,26.00,91.50,0.00
2023-12-17,26.00,91.75,0.00
2023-12-17,26.00,92.00,0.00
2023-12-17,26.00,92.25,0.00
2023-12-17,26.00,92.50,0.00
2023-12-17,26.00,92.75,0.00
2023-12-17,26.00,93.00,0.00
2023-12-17,26.25,91.50,0.00
2023-12-17,26.25,91.75,0.00
2023-12-17,26.25,92.00,0.00
2023-12-17,26.25,92.25,0.00
2023-12-17,26.25,92.50,0.00
2023-12-17,26.25,92.75,0.00
2023-12-17,26.25,93.00,0.00
2023-12-17,26.50,91.50,0.00
2023-12-17,26.50,91.75,0.00
2023-12-17,26.50,92.00,0.00
2023-12-17,26.50,92.25,0.00
2023-12-17,26.50,92.50,0.00
2023-12-17,26.50,92.75,0.00
2023-12-17,26.50,93.00,0.00
2023-12-17,26.75,91.50,0.00
2023-12-17,26.75,91.75,0.00
2023-12-17,26.75,92.00,0.00
2023-12-17,26.75,92.25,0.00
2023-12-17,26.75,92.50,0.00
2023-12-17,26.75,92.75,0.00
2023-12-17,26.75,93.00,0.00
2023-12-17,27.00,91.50,0.00
2023-12-17,27.00,91.75,0.00
2023-12-17,27.00,92.00,0.00
2023-12-17,27.00,92.25,0.00
2023-12-17,27.00,92.50,0.00
2023-12-17,27.00,92.75,0.00
2023-12-17,27.00,93.00,0.00
2023-12-17,27.25,91.50,
2023-12-17,27.25,91.75,
2023-12-17,27.25,92.00,0.00
2023-12-17,27.25,92.25,0.00
2023-12-17,27.25,92.50,0.00
2023-12-17,27.25,92.75,0.00
2023-12-17,27.25,93.00,0.00
2023-12-17,27.50,91.50,
2023-12-17,27.50,91.75,0.00
2023-12-17,27.50,92.00,0.00
2023-12-17,27.50,92.25,0.00
2023-12-17,27.50,92.50,0.00
2023-12-17,27.50,92.75,0.00
2023-12-17,27.50,93.00,0.00
2023-12-17,27.75,91.50,0.00
2023-12-17,27.75,91.75,0.00
2023-12-17,27.75,92.00,0.00
2023-12-17,27.75,92.25,0.00
2023-12-17,27.75,92.50,0.00
2023-12-17,27.75,92.75,0.00
2023-12-17,27.75,93.00,0.00
2023-12-17,28.00,91.50,0.00
2023-12-17,28.00,91.75,0.00
2023-12-17,28.00,92.00,0.00
2023-12-17,28.00,92.25,0.00
2023-12-17,28.00,92.50,0.00
2023-12-17,28.00,92.75,0.00
2023-12-17,28.00,93.00,0.00
2023-12-18,25.75,91.50,0.00
2023-12-18,25.75,91.75,0.00
2023-12-18,25.75,92.00,0.00
2023-12-18,25.75,92.25,0.00
2023-12-18,25.75,92.50,0.00
2023-12-18,25.75,92.75,0.00
2023-12-18,25.75,93.00,0.00
2023-12-18,26.00,91.50,0.00
2023-12-18,26.00,91.75,0.00
2023-12-18,26.00,92.00,0.00
2023-12-18,26.00,92.25,0.00
2023-12-18,26.00,92.50,0.00
2023-12-18,26.00,92.75,0.00
2023-12-18,26.00,93.00,0.00
2023-12-18,26.25,91.50,0.00
2023-12-18,26.25,91.75,0.00
2023-12-18,26.25,92.00,0.00
2023-12-18,26.25,92.25,0.00
2023-12-18,26.25,92.50,0.00
2023-12-18,26.25,92.75,0.00
2023-12-18,26.25,93.00,0.00
2023-12-18,26.50,91.50,0.00
2023-12-18,26.50,91.75,0.00
2023-12-18,26.50,92.00,0.00
2023-12-18,26.50,92.25,0.00
2023-12-18,26.50,92.50,0.00
2023-12-18,26.50,92.75,0.00
2023-12-18,26.50,93.00,0.00
2023-12-18,26.75,91.50,0.00
2023-12-18,26.75,91.75,0.00
2023-12-18,26.75,92.00,0.00
2023-12-18,26.75,92.25,0.00
2023-12-18,26.75,92.50,0.00
2023-12-18,26.75,92.75,0.00
2023-12-18,26.75,93.00,0.00
2023-12-18,27.00,91.50,0.00
2023-12-18,27.00,91.75,0.00
2023-12-18,27.00,92.00,0.00
2023-12-18,27.00,92.25,0.00
2023-12-18,27.00,92.50,0.00
2023-12-18,27.00,92.75,0.00
2023-12-18,27.00,93.00,0.00
2023-12-18,27.25,91.50,
2023-12-18,27.25,91.75,
2023-12-18,27.25,92.00,0.00
2023-12-18,27.25,92.25,0.00
2023-12-18,27.25,92.50,0.00
2023-12-18,27.25,92.75,0.00
2023-12-18,27.25,93.00,0.00
2023-12-18,27.50,91.50,
2023-12-18,27.50,91.75,0.00
2023-12-18,27.50,92.00,0.00
2023-12-18,27.50,92.25,0.00
2023-12-18,27.50,92.50,0.00
2023-12-18,27.50,92.75,0.00
2023-12-18,27.50,93.00,0.00
2023-12-18,27.75,91.50,0.00
2023-12-18,27.75,91.75,0.00
2023-12-18,27.75,92.00,0.00
2023-12-18,27.75,92.25,0.00
2023-12-18,27.75,92.50,0.00
2023-12-18,27.75,92.75,0.00
2023-12-18,27.75,93.00,0.00
2023-12-18,28.00,91.50,0.00
2023-12-18,28.00,91.75,0.00
2023-12-18,28.00,92.00,0.00
2023-12-18,28.00,92.25,0.00
2023-12-18,28.00,92.50,0.00
2023-12-18,28.00,92.75,0.00
2023-12-18,28.00,93.00,0.00
2023-12-19,25.75,91.50,0.00
2023-12-19,25.75,91.75,0.00
2023-12-19,25.75,92.00,0.00
2023-12-19,25.75,92.25,0.00
2023-12-19,25.75,92.50,0.00
2023-12-19,25.75,92.75,0.00
2023-12-19,25.75,93.00,0.00
2023-12-19,26.00,91.50,0.00
2023-12-19,26.00,91.75,0.00
2023-12-19,26.00,92.00,0.00
2023-12-19,26.00,92.25,0.00
2023-12-19,26.00,92.50,0.00
2023-12-19,26.00,92.75,0.00
2023-12-19,26.00,93.00,0.00
2023-12-19,26.25,91.50,0.00
2023-12-19,26.25,91.75,0.00
2023-12-19,26.25,92.00,0.00
2023-12-19,26.25,92.25,0.00
2023-12-19,26.25,92.50,0.00
2023-12-19,26.25,92.75,0.00
2023-12-19,26.25,93.00,0.00
2023-12-19,26.50,91.50,0.00
2023-12-19,26.50,91.75,0.00
2023-12-19,26.50,92.00,0.00
2023-12-19,26.50,92.25,0.00
2023-12-19,26.50,92.50,0.00
2023-12-19,26.50,92.75,0.00
2023-12-19,26.50,93.00,0.00
2023-12-19,26.75,91.50,0.00
2023-12-19,26.75,91.75,0.00
2023-12-19,26.75,92.00,0.00
2023-12-19,26.75,92.25,0.00
2023-12-19,26.75,92.50,0.00
2023-12-19,26.75,92.75,0.00
2023-12-19,26.75,93.00,0.00
2023-12-19,27.00,91.50,0.00
2023-12-19,27.00,91.75,0.00
2023-12-19,27.00,92.00,0.00
2023-12-19,27.00,92.25,0.00
2023-12-19,27.00,92.50,0.00
2023-12-19,27.00,92.75,0.00
2023-12-19,27.00,93.00,0.00
2023-12-19,27.25,91.50,
2023-12-19,27.25,91.75,
2023-12-19,27.25,92.00,0.00
2023-12-19,27.25,92.25,0.00
2023-12-19,27.25,92.50,0.00
2023-12-19,27.25,92.75,0.00
2023-12-19,27.25,93.00,0.00
2023-12-19,27.50,91.50,
2023-12-19,27.50,91.75,0.00
2023-12-19,27.50,92.00,0.00
2023-12-19,27.50,92.25,0.00
2023-12-19,27.50,92.50,0.00
2023-12-19,27.50,92.75,0.00
2023-12-19,27.50,93.00,0.00
2023-12-19,27.75,91.50,0.00
2023-12-19,27.75,91.75,0.00
2023-12-19,27.75,92.00,0.00
2023-12-19,27.75,92.25,0.00
2023-12-19,27.75,92.50,0.00
2023-12-19,27.75,92.75,0.00
2023-12-19,27.75,93.00,0.00
2023-12-19,28.00,91.50,0.00
2023-12-19,28.00,91.75,0.00
2023-12-19,28.00,92.00,0.00
2023-12-19,28.00,92.25,0.00
2023-12-19,28.00,92.50,0.00
2023-12-19,28.00,92.75,0.00
2023-12-19,28.00,93.00,0.00
2023-12-20,25.75,91.50,0.00
2023-12-20,25.75,91.75,0.00
2023-12-20,25.75,92.00,0.00
2023-12-20,25.75,92.25,0.00
2023-12-20,25.75,92.50,0.00
2023-12-20,25.75,92.75,0.00
2023-12-20,25.75,93.00,0.00
2023-12-20,26.00,91.50,0.00
2023-12-20,26.00,91.75,0.00
2023-12-20,26.00,92.00,0.00
2023-12-20,26.00,92.25,0.00
2023-12-20,26.00,92.50,0.00
2023-12-20,26.00,92.75,0.00
2023-12-20,26.00,93.00,0.00
2023-12-20,26.25,91.50,0.00
2023-12-20,26.25,91.75,0.00
2023-12-20,26.25,92.00,0.00
2023-12-20,26.25,92.25,0.00
2023-12-20,26.25,92.50,0.00
2023-12-20,26.25,92.75,0.00
2023-12-20,26.25,93.00,0.00
2023-12-20,26.50,91.50,0.00
2023-12-20,26.50,91.75,0.00
2023-12-20,26.50,92.00,0.00
2023-12-20,26.50,92.25,0.00
2023-12-20,26.50,92.50,0.00
2023-12-20,26.50,92.75,0.00
2023-12-20,26.50,93.00,0.00
2023-12-20,26.75,91.50,0.00
2023-12-20,26.75,91.75,0.00
2023-12-20,26.75,92.00,0.00
2023-12-20,26.75,92.25,0.00
2023-12-20,26.75,92.50,0.00
2023-12-20,26.75,92.75,0.00
2023-12-20,26.75,93.00,0.00
2023-12-20,27.00,91.50,0.00
2023-12-20,27.00,91.75,0.00
2023-12-20,27.00,92.00,0.00
2023-12-20,27.00,92.25,0.00
2023-12-20,27.00,92.50,0.00
2023-12-20,27.00,92.75,0.00
2023-12-20,27.00,93.00,0.00
2023-12-20,27.25,91.50,
2023-12-20,27.25,91.75,
2023-12-20,27.25,92.00,0.00
2023-12-20,27.25,92.25,0.00
2023-12-20,27.25,92.50,0.00
2023-12-20,27.25,92.75,0.00
2023-12-20,27.25,93.00,0.00
2023-12-20,27.50,91.50,
2023-12-20,27.50,91.75,0.00
2023-12-20,27.50,92.00,0.00
2023-12-20,27.50,92.25,0.00
2023-12-20,27.50,92.50,0.00
2023-12-20,27.50,92.75,0.00
2023-12-20,27.50,93.00,0.00
2023-12-20,27.75,91.50,0.00
2023-12-20,27.75,91.75,0.00
2023-12-20,27.75,92.00,0.00
2023-12-20,27.75,92.25,0.00
2023-12-20,27.75,92.50,0.00
2023-12-20,27.75,92.75,0.00
2023-12-20,27.75,93.00,0.00
2023-12-20,28.00,91.50,0.00
2023-12-20,28.00,91.75,0.00
2023-12-20,28.00,92.00,0.00
2023-12-20,28.00,92.25,0.00
2023-12-20,28.00,92.50,0.00
2023-12-20,28.00,92.75,0.00
2023-12-20,28.00,93.00,0.00
2023-12-21,25.75,91.50,0.00
2023-12-21,25.75,91.75,0.00
2023-12-21,25.75,92.00,0.00
2023-12-21,25.75,92.25,0.00
2023-12-21,25.75,92.50,0.00
2023-12-21,25.75,92.75,0.00
2023-12-21,25.75,93.00,0.00
2023-12-21,26.00,91.50,0.00
2023-12-21,26.00,91.75,0.00
2023-12-21,26.00,92.00,0.00
2023-12-21,26.00,92.25,0.00
2023-12-21,26.00,92.50,0.00
2023-12-21,26.00,92.75,0.00
2023-12-21,26.00,93.00,0.00
2023-12-21,26.25,91.50,0.00
2023-12-21,26.25,91.75,0.00
2023-12-21,26.25,92.00,0.00
2023-12-21,26.25,92.25,0.00
2023-12-21,26.25,92.50,0.00
2023-12-21,26.25,92.75,0.00
2023-12-21,26.25,93.00,0.00
2023-12-21,26.50,91.50,0.00
2023-12-21,26.50,91.75,0.00
2023-12-21,26.50,92.00,0.00
2023-12-21,26.50,92.25,0.00
2023-12-21,26.50,92.50,0.00
2023-12-21,26.50,92.75,0.00
2023-12-21,26.50,93.00,0.00
2023-12-21,26.75,91.50,0.00
2023-12-21,26.75,91.75,0.00
2023-12-21,26.75,92.00,0.00
2023-12-21,26.75,92.25,0.00
2023-12-21,26.75,92.50,0.00
2023-12-21,26.75,92.75,0.00
2023-12-21,26.75,93.00,0.00
2023-12-21,27.00,91.50,0.00
2023-12-21,27.00,91.75,0.00
2023-12-21,27.00,92.00,0.00
2023-12-21,27.00,92.25,0.00
2023-12-21,27.00,92.50,0.00
2023-12-21,27.00,92.75,0.00
2023-12-21,27.00,93.00,0.00
2023-12-21,27.25,91.50,
2023-12-21,27.25,91.75,
2023-12-21,27.25,92.00,0.00
2023-12-21,27.25,92.25,0.00
2023-12-21,27.25,92.50,0.00
2023-12-21,27.25,92.75,0.00
2023-12-21,27.25,93.00,0.00
2023-12-21,27.50,91.50,
2023-12-21,27.50,91.75,0.00
2023-12-21,27.50,92.00,0.00
2023-12-21,27.50,92.25,0.00
2023-12-21,27.50,92.50,0.00
2023-12-21,27.50,92.75,0.00
2023-12-21,27.50,93.00,0.00
2023-12-21,27.75,91.50,0.00
2023-12-21,27.75,91.75,0.00
2023-12-21,27.75,92.00,0.00
2023-12-21,27.75,92.25,0.00
2023-12-21,27.75,92.50,0.00
2023-12-21,27.75,92.75,0.00
2023-12-21,27.75,93.00,0.00
2023-12-21,28.00,91.50,0.00
2023-12-21,28.00,91.75,0.00
2023-12-21,28.00,92.00,0.00
2023-12-21,28.00,92.25,0.00
2023-12-21,28.00,92.50,0.00
2023-12-21,28.00,92.75,0.00
2023-12-21,28.00,93.00,0.00
2023-12-22,25.75,91.50,0.00
2023-12-22,25.75,91.75,0.00
2023-12-22,25.75,92.00,0.00
2023-12-22,25.75,92.25,0.00
2023-12-22,25.75,92.50,0.00
2023-12-22,25.75,92.75,0.00
2023-12-22,25.75,93.00,0.00
2023-12-22,26.00,91.50,0.00
2023-12-22,26.00,91.75,0.00
2023-12-22,26.00,92.00,0.00
2023-12-22,26.00,92.25,0.00
2023-12-22,26.00,92.50,0.00
2023-12-22,26.00,92.75,0.00
2023-12-22,26.00,93.00,0.00
2023-12-22,26.25,91.50,0.00
2023-12-22,26.25,91.75,0.00
2023-12-22,26.25,92.00,0.00
2023-12-22,26.25,92.25,0.00
2023-12-22,26.25,92.50,0.00
2023-12-22,26.25,92.75,0.00
2023-12-22,26.25,93.00,0.00
2023-12-22,26.50,91.50,0.00
2023-12-22,26.50,91.75,0.00
2023-12-22,26.50,92.00,0.00
2023-12-22,26.50,92.25,0.00
2023-12-22,26.50,92.50,0.00
2023-12-22,26.50,92.75,0.00
2023-12-22,26.50,93.00,0.00
2023-12-22,26.75,91.50,0.00
2023-12-22,26.75,91.75,0.00
2023-12-22,26.75,92.00,0.00
2023-12-22,26.75,92.25,0.00
2023-12-22,26.75,92.50,0.00
2023-12-22,26.75,92.75,0.00
2023-12-22,26.75,93.00,0.00
2023-12-22,27.00,91.50,0.00
2023-12-22,27.00,91.75,0.00
2023-12-22,27.00,92.00,0.00
2023-12-22,27.00,92.25,0.00
2023-12-22,27.00,92.50,0.00
2023-12-22,27.00,92.75,0.00
2023-12-22,27.00,93.00,0.00
2023-12-22,27.25,91.50,
2023-12-22,27.25,91.75,
2023-12-22,27.25,92.00,0.00
2023-12-22,27.25,92.25,0.00
2023-12-22,27.25,92.50,0.00
2023-12-22,27.25,92.75,0.00
2023-12-22,27.25,93.00,0.00
2023-12-22,27.50,91.50,
2023-12-22,27.50,91.75,0.00
2023-12-22,27.50,92.00,0.00
2023-12-22,27.50,92.25,0.00
2023-12-22,27.50,92.50,0.00
2023-12-22,27.50,92.75,0.00
2023-12-22,27.50,93.00,0.00
2023-12-22,27.75,91.50,0.00
2023-12-22,27.75,91.75,0.00
2023-12-22,27.75,92.00,0.00
2023-12-22,27.75,92.25,0.00
2023-12-22,27.75,92.50,0.00
2023-12-22,27.75,92.75,0.00
2023-12-22,27.75,93.00,0.00
2023-12-22,28.00,91.50,0.00
2023-12-22,28.00,91.75,0.00
2023-12-22,28.00,92.00,0.00
2023-12-22,28.00,92.25,0.00
2023-12-22,28.00,92.50,0.00
2023-12-22,28.00,92.75,0.00
2023-12-22,28.00,93.00,0.00
2023-12-23,25.75,91.50,0.00
2023-12-23,25.75,91.75,0.00
2023-12-23,25.75,92.00,0.00
2023-12-23,25.75,92.25,0.00
2023-12-23,25.75,92.50,0.00
2023-12-23,25.75,92.75,0.00
2023-12-23,25.75,93.00,0.00
2023-12-23,26.00,91.50,0.00
2023-12-23,26.00,91.75,0.00
2023-12-23,26.00,92.00,0.00
2023-12-23,26.00,92.25,0.00
2023-12-23,26.00,92.50,0.00
2023-12-23,26.00,92.75,0.00
2023-12-23,26.00,93.00,0.00
2023-12-23,26.25,91.50,0.00
2023-12-23,26.25,91.75,0.00
2023-12-23,26.25,92.00,0.00
2023-12-23,26.25,92.25,0.00
2023-12-23,26.25,92.50,0.00
2023-12-23,26.25,92.75,0.00
2023-12-23,26.25,93.00,0.00
2023-12-23,26.50,91.50,0.00
2023-12-23,26.50,91.75,0.00
2023-12-23,26.50,92.00,0.00
2023-12-23,26.50,92.25,0.00
2023-12-23,26.50,92.50,0.00
2023-12-23,26.50,92.75,0.00
2023-12-23,26.50,93.00,0.00
2023-12-23,26.75,91.50,0.00
2023-12-23,26.75,91.75,0.00
2023-12-23,26.75,92.00,0.00
2023-12-23,26.75,92.25,0.00
2023-12-23,26.75,92.50,0.00
2023-12-23,26.75,92.75,0.00
2023-12-23,26.75,93.00,0.00
2023-12-23,27.00,91.50,0.00
2023-12-23,27.00,91.75,0.00
2023-12-23,27.00,92.00,0.00
2023-12-23,27.00,92.25,0.00
2023-12-23,27.00,92.50,0.00
2023-12-23,27.00,92.75,0.00
2023-12-23,27.00,93.00,0.00
2023-12-23,27.25,91.50,
2023-12-23,27.25,91.75,
2023-12-23,27.25,92.00,0.00
2023-12-23,27.25,92.25,0.00
2023-12-23,27.25,92.50,0.00
2023-12-23,27.25,92.75,0.00
2023-12-23,27.25,93.00,0.00
2023-12-23,27.50,91.50,
2023-12-23,27.50,91.75,0.00
2023-12-23,27.50,92.00,0.00
2023-12-23,27.50,92.25,0.00
2023-12-23,27.50,92.50,0.00
2023-12-23,27.50,92.75,0.00
2023-12-23,27.50,93.00,0.00
2023-12-23,27.75,91.50,0.00
2023-12-23,27.75,91.75,0.00
2023-12-23,27.75,92.00,0.00
2023-12-23,27.75,92.25,0.00
2023-12-23,27.75,92.50,0.00
2023-12-23,27.75,92.75,0.00
2023-12-23,27.75,93.00,0.00
2023-12-23,28.00,91.50,0.00
2023-12-23,28.00,91.75,0.00
2023-12-23,28.00,92.00,0.00
2023-12-23,28.00,92.25,0.00
2023-12-23,28.00,92.50,0.00
2023-12-23,28.00,92.75,0.00
2023-12-23,28.00,93.00,0.00
2023-12-24,25.75,91.50,0.00
2023-12-24,25.75,91.75,0.00
2023-12-24,25.75,92.00,0.00
2023-12-24,25.75,92.25,0.00
2023-12-24,25.75,92.50,0.00
2023-12-24,25.75,92.75,0.00
2023-12-24,25.75,93.00,0.00
2023-12-24,26.00,91.50,0.00
2023-12-24,26.00,91.75,0.00
2023-12-24,26.00,92.00,0.00
2023-12-24,26.00,92.25,0.00
2023-12-24,26.00,92.50,0.00
2023-12-24,26.00,92.75,0.00
2023-12-24,26.00,93.00,0.00
2023-12-24,26.25,91.50,0.00
2023-12-24,26.25,91.75,0.00
2023-12-24,26.25,92.00,0.00
2023-12-24,26.25,92.25,0.00
2023-12-24,26.25,92.50,0.00
2023-12-24,26.25,92.75,0.00
2023-12-24,26.25,93.00,0.00
2023-12-24,26.50,91.50,0.00
2023-12-24,26.50,91.75,0.00
2023-12-24,26.50,92.00,0.00
2023-12-24,26.50,92.25,0.00
2023-12-24,26.50,92.50,0.00
2023-12-24,26.50,92.75,0.00
2023-12-24,26.50,93.00,0.00
2023-12-24,26.75,91.50,0.00
2023-12-24,26.75,91.75,0.00
2023-12-24,26.75,92.00,0.00
2023-12-24,26.75,92.25,0.00
2023-12-24,26.75,92.50,0.00
2023-12-24,26.75,92.75,0.00
2023-12-24,26.75,93.00,0.00
2023-12-24,27.00,91.50,0.00
2023-12-24,27.00,91.75,0.00
2023-12-24,27.00,92.00,0.00
2023-12-24,27.00,92.25,0.00
2023-12-24,27.00,92.50,0.00
2023-12-24,27.00,92.75,0.00
2023-12-24,27.00,93.00,0.00
2023-12-24,27.25,91.50,
2023-12-24,27.25,91.75,
2023-12-24,27.25,92.00,0.00
2023-12-24,27.25,92.25,0.00
2023-12-24,27.25,92.50,0.00
2023-12-24,27.25,92.75,0.00
2023-12-24,27.25,93.00,0.00
2023-12-24,27.50,91.50,
2023-12-24,27.50,91.75,0.00
2023-12-24,27.50,92.00,0.00
2023-12-24,27.50,92.25,0.00
2023-12-24,27.50,92.50,0.00
2023-12-24,27.50,92.75,0.00
2023-12-24,27.50,93.00,0.00
2023-12-24,27.75,91.50,0.00
2023-12-24,27.75,91.75,0.00
2023-12-24,27.75,92.00,0.00
2023-12-24,27.75,92.25,0.00
2023-12-24,27.75,92.50,0.00
2023-12-24,27.75,92.75,0.00
2023-12-24,27.75,93.00,0.00
2023-12-24,28.00,91.50,0.00
2023-12-24,28.00,91.75,0.00
2023-12-24,28.00,92.00,0.00
2023-12-24,28.00,92.25,0.00
2023-12-24,28.00,92.50,0.00
2023-12-24,28.00,92.75,0.00
2023-12-24,28.00,93.00,0.00
2023-12-25,25.75,91.50,0.00
2023-12-25,25.75,91.75,0.00
2023-12-25,25.75,92.00,0.22
2023-12-25,25.75,92.25,3.18
2023-12-25,25.75,92.50,1.28
2023-12-25,25.75,92.75,3.44
2023-12-25,25.75,93.00,0.73
2023-12-25,26.00,91.50,0.00
2023-12-25,26.00,91.75,0.00
2023-12-25,26.00,92.00,0.15
2023-12-25,26.00,92.25,0.41
2023-12-25,26.00,92.50,0.33
2023-12-25,26.00,92.75,1.28
2023-12-25,26.00,93.00,0.79
2023-12-25,26.25,91.50,0.00
2023-12-25,26.25,91.75,0.00
2023-12-25,26.25,92.00,0.00
2023-12-25,26.25,92.25,0.02
2023-12-25,26.25,92.50,0.13
2023-12-25,26.25,92.75,0.47
2023-12-25,26.25,93.00,0.00
2023-12-25,26.50,91.50,0.00
2023-12-25,26.50,91.75,0.00
2023-12-25,26.50,92.00,0.00
2023-12-25,26.50,92.25,0.24
2023-12-25,26.50,92.50,0.21
2023-12-25,26.50,92.75,0.21
2023-12-25,26.50,93.00,0.00
2023-12-25,26.75,91.50,0.00
2023-12-25,26.75,91.75,0.00
2023-12-25,26.75,92.00,0.00
2023-12-25,26.75,92.25,0.15
2023-12-25,26.75,92.50,0.22
2023-12-25,26.75,92.75,0.20
2023-12-25,26.75,93.00,0.00
2023-12-25,27.00,91.50,0.00
2023-12-25,27.00,91.75,0.00
2023-12-25,27.00,92.00,0.00
2023-12-25,27.00,92.25,0.00
2023-12-25,27.00,92.50,0.04
2023-12-25,27.00,92.75,0.00
2023-12-25,27.00,93.00,0.00
2023-12-25,27.25,91.50,
2023-12-25,27.25,91.75,
2023-12-25,27.25,92.00,0.00
2023-12-25,27.25,92.25,0.00
2023-12-25,27.25,92.50,0.00
2023-12-25,27.25,92.75,0.00
2023-12-25,27.25,93.00,0.00
2023-12-25,27.50,91.50,
2023-12-25,27.50,91.75,0.41
2023-12-25,27.50,92.00,0.13
2023-12-25,27.50,92.25,0.00
2023-12-25,27.50,92.50,0.00
2023-12-25,27.50,92.75,0.00
2023-12-25,27.50,93.00,0.00
2023-12-25,27.75,91.50,0.54
2023-12-25,27.75,91.75,0.45
2023-12-25,27.75,92.00,0.24
2023-12-25,27.75,92.25,0.05
2023-12-25,27.75,92.50,0.00
2023-12-25,27.75,92.75,0.00
2023-12-25,27.75,93.00,0.00
2023-12-25,28.00,91.50,0.52
2023-12-25,28.00,91.75,0.46
2023-12-25,28.00,92.00,0.33
2023-12-25,28.00,92.25,0.14
2023-12-25,28.00,92.50,0.00
2023-12-25,28.00,92.75,0.00
2023-12-25,28.00,93.00,0.00
2023-12-26,25.75,91.50,0.00
2023-12-26,25.75,91.75,0.00
2023-12-26,25.75,92.00,0.00
2023-12-26,25.75,92.25,0.00
2023-12-26,25.75,92.50,0.00
2023-12-26,25.75,92.75,0.00
2023-12-26,25.75,93.00,0.00
2023-12-26,26.00,91.50,0.00
2023-12-26,26.00,91.75,0.00
2023-12-26,26.00,92.00,0.00
2023-12-26,26.00,92.25,0.00
2023-12-26,26.00,92.50,0.00
2023-12-26,26.00,92.75,0.00
2023-12-26,26.00,93.00,0.00
2023-12-26,26.25,91.50,0.00
2023-12-26,26.25,91.75,0.00
2023-12-26,26.25,92.00,0.00
2023-12-26,26.25,92.25,0.00
2023-12-26,26.25,92.50,0.00
2023-12-26,26.25,92.75,0.00
2023-12-26,26.25,93.00,0.00
2023-12-26,26.50,91.50,0.00
2023-12-26,26.50,91.75,0.00
2023-12-26,26.50,92.00,0.00
2023-12-26,26.50,92.25,0.00
2023-12-26,26.50,92.50,0.00
2023-12-26,26.50,92.75,0.00
2023-12-26,26.50,93.00,0.00
2023-12-26,26.75,91.50,0.00
2023-12-26,26.75,91.75,0.00
2023-12-26,26.75,92.00,0.00
2023-12-26,26.75,92.25,0.00
2023-12-26,26.75,92.50,0.00
2023-12-26,26.75,92.75,0.00
2023-12-26,26.75,93.00,0.00
2023-12-26,27.00,91.50,0.00
2023-12-26,27.00,91.75,0.00
2023-12-26,27.00,92.00,0.00
2023-12-26,27.00,92.25,0.00
2023-12-26,27.00,92.50,0.00
2023-12-26,27.00,92.75,0.00
2023-12-26,27.00,93.00,0.00
2023-12-26,27.25,91.50,
2023-12-26,27.25,91.75,
2023-12-26,27.25,92.00,0.00
2023-12-26,27.25,92.25,0.00
2023-12-26,27.25,92.50,0.00
2023-12-26,27.25,92.75,0.00
2023-12-26,27.25,93.00,0.00
2023-12-26,27.50,91.50,
2023-12-26,27.50,91.75,0.00
2023-12-26,27.50,92.00,0.00
2023-12-26,27.50,92.25,0.00
2023-12-26,27.50,92.50,0.00
2023-12-26,27.50,92.75,0.00
2023-12-26,27.50,93.00,0.00
2023-12-26,27.75,91.50,0.00
2023-12-26,27.75,91.75,0.00
2023-12-26,27.75,92.00,0.00
2023-12-26,27.75,92.25,0.00
2023-12-26,27.75,92.50,0.00
2023-12-26,27.75,92.75,0.00
2023-12-26,27.75,93.00,0.00
2023-12-26,28.00,91.50,0.00
2023-12-26,28.00,91.75,0.00
2023-12-26,28.00,92.00,0.00
2023-12-26,28.00,92.25,0.00
2023-12-26,28.00,92.50,0.00
2023-12-26,28.00,92.75,0.00
2023-12-26,28.00,93.00,0.00
2023-12-27,25.75,91.50,0.00
2023-12-27,25.75,91.75,0.00
2023-12-27,25.75,92.00,0.00
2023-12-27,25.75,92.25,0.00
2023-12-27,25.75,92.50,0.00
2023-12-27,25.75,92.75,0.00
2023-12-27,25.75,93.00,0.00
2023-12-27,26.00,91.50,0.00
2023-12-27,26.00,91.75,0.00
2023-12-27,26.00,92.00,0.00
2023-12-27,26.00,92.25,0.00
2023-12-27,26.00,92.50,0.00
2023-12-27,26.00,92.75,0.00
2023-12-27,26.00,93.00,0.00
2023-12-27,26.25,91.50,0.00
2023-12-27,26.25,91.75,0.00
2023-12-27,26.25,92.00,0.00
2023-12-27,26.25,92.25,0.00
2023-12-27,26.25,92.50,0.00
2023-12-27,26.25,92.75,0.00
2023-12-27,26.25,93.00,0.00
2023-12-27,26.50,91.50,0.00
2023-12-27,26.50,91.75,0.00
2023-12-27,26.50,92.00,0.00
2023-12-27,26.50,92.25,0.00
2023-12-27,26.50,92.50,0.00
2023-12-27,26.50,92.75,0.00
2023-12-27,26.50,93.00,0.00
2023-12-27,26.75,91.50,0.00
2023-12-27,26.75,91.75,0.00
2023-12-27,26.75,92.00,0.00
2023-12-27,26.75,92.25,0.00
2023-12-27,26.75,92.50,0.00
2023-12-27,26.75,92.75,0.00
2023-12-27,26.75,93.00,0.00
2023-12-27,27.00,91.50,0.00
2023-12-27,27.00,91.75,0.00
2023-12-27,27.00,92.00,0.00
2023-12-27,27.00,92.25,0.00
2023-12-27,27.00,92.50,0.00
2023-12-27,27.00,92.75,0.00
2023-12-27,27.00,93.00,0.00
2023-12-27,27.25,91.50,
2023-12-27,27.25,91.75,
2023-12-27,27.25,92.00,0.00
2023-12-27,27.25,92.25,0.00
2023-12-27,27.25,92.50,0.00
2023-12-27,27.25,92.75,0.00
2023-12-27,27.25,93.00,0.00
2023-12-27,27.50,91.50,
2023-12-27,27.50,91.75,0.00
2023-12-27,27.50,92.00,0.00
2023-12-27,27.50,92.25,0.00
2023-12-27,27.50,92.50,0.00
2023-12-27,27.50,92.75,0.00
2023-12-27,27.50,93.00,0.00
2023-12-27,27.75,91.50,0.00
2023-12-27,27.75,91.75,0.00
2023-12-27,27.75,92.00,0.00
2023-12-27,27.75,92.25,0.00
2023-12-27,27.75,92.50,0.00
2023-12-27,27.75,92.75,0.00
2023-12-27,27.75,93.00,0.00
2023-12-27,28.00,91.50,0.00
2023-12-27,28.00,91.75,0.00
2023-12-27,28.00,92.00,0.00
2023-12-27,28.00,92.25,0.00
2023-12-27,28.00,92.50,0.00
2023-12-27,28.00,92.75,0.00
2023-12-27,28.00,93.00,0.00
2023-12-28,25.75,91.50,0.30
2023-12-28,25.75,91.75,0.29
2023-12-28,25.75,92.00,0.06
2023-12-28,25.75,92.25,0.00
2023-12-28,25.75,92.50,0.00
2023-12-28,25.75,92.75,0.00
2023-12-28,25.75,93.00,0.00
2023-12-28,26.00,91.50,0.02
2023-12-28,26.00,91.75,0.16
2023-12-28,26.00,92.00,0.00
2023-12-28,26.00,92.25,0.00
2023-12-28,26.00,92.50,0.00
2023-12-28,26.00,92.75,0.00
2023-12-28,26.00,93.00,0.00
2023-12-28,26.25,91.50,0.00
2023-12-28,26.25,91.75,0.00
2023-12-28,26.25,92.00,0.00
2023-12-28,26.25,92.25,0.00
2023-12-28,26.25,92.50,0.00
2023-12-28,26.25,92.75,0.00
2023-12-28,26.25,93.00,0.00
2023-12-28,26.50,91.50,0.00
2023-12-28,26.50,91.75,0.00
2023-12-28,26.50,92.00,0.00
2023-12-28,26.50,92.25,0.00
2023-12-28,26.50,92.50,0.00
2023-12-28,26.50,92.75,0.00
2023-12-28,26.50,93.00,0.00
2023-12-28,26.75,91.50,0.00
2023-12-28,26.75,91.75,0.00
2023-12-28,26.75,92.00,0.00
2023-12-28,26.75,92.25,0.00
2023-12-28,26.75,92.50,0.00
2023-12-28,26.75,92.75,0.00
2023-12-28,26.75,93.00,0.00
2023-12-28,27.00,91.50,0.00
2023-12-28,27.00,91.75,0.00
2023-12-28,27.00,92.00,0.00
2023-12-28,27.00,92.25,0.00
2023-12-28,27.00,92.50,0.00
2023-12-28,27.00,92.75,0.00
2023-12-28,27.00,93.00,0.00
2023-12-28,27.25,91.50,
2023-12-28,27.25,91.75,
2023-12-28,27.25,92.00,0.00
2023-12-28,27.25,92.25,0.00
2023-12-28,27.25,92.50,0.00
2023-12-28,27.25,92.75,0.00
2023-12-28,27.25,93.00,0.00
2023-12-28,27.50,91.50,
2023-12-28,27.50,91.75,0.00
2023-12-28,27.50,92.00,0.00
2023-12-28,27.50,92.25,0.00
2023-12-28,27.50,92.50,0.00
2023-12-28,27.50,92.75,0.00
2023-12-28,27.50,93.00,0.00
2023-12-28,27.75,91.50,0.00
2023-12-28,27.75,91.75,0.00
2023-12-28,27.75,92.00,0.00
2023-12-28,27.75,92.25,0.00
2023-12-28,27.75,92.50,0.00
2023-12-28,27.75,92.75,0.00
2023-12-28,27.75,93.00,0.00
2023-12-28,28.00,91.50,0.00
2023-12-28,28.00,91.75,0.00
2023-12-28,28.00,92.00,0.00
2023-12-28,28.00,92.25,0.00
2023-12-28,28.00,92.50,0.00
2023-12-28,28.00,92.75,0.00
2023-12-28,28.00,93.00,0.00
2023-12-29,25.75,91.50,0.30
2023-12-29,25.75,91.75,0.29
2023-12-29,25.75,92.00,0.06
2023-12-29,25.75,92.25,0.00
2023-12-29,25.75,92.50,0.00
2023-12-29,25.75,92.75,0.00
2023-12-29,25.75,93.00,0.00
2023-12-29,26.00,91.50,0.02
2023-12-29,26.00,91.75,0.16
2023-12-29,26.00,92.00,0.00
2023-12-29,26.00,92.25,0.00
2023-12-29,26.00,92.50,0.00
2023-12-29,26.00,92.75,0.00
2023-12-29,26.00,93.00,0.00
2023-12-29,26.25,91.50,0.00
2023-12-29,26.25,91.75,0.00
2023-12-29,26.25,92.00,0.00
2023-12-29,26.25,92.25,0.00
2023-12-29,26.25,92.50,0.00
2023-12-29,26.25,92.75,0.00
2023-12-29,26.25,93.00,0.00
2023-12-29,26.50,91.50,0.00
2023-12-29,26.50,91.75,0.00
2023-12-29,26.50,92.00,0.00
2023-12-29,26.50,92.25,0.00
2023-12-29,26.50,92.50,0.00
2023-12-29,26.50,92.75,0.00
2023-12-29,26.50,93.00,0.00
2023-12-29,26.75,91.50,0.00
2023-12-29,26.75,91.75,0.00
2023-12-29,26.75,92.00,0.00
2023-12-29,26.75,92.25,0.00
2023-12-29,26.75,92.50,0.00
2023-12-29,26.75,92.75,0.00
2023-12-29,26.75,93.00,0.00
2023-12-29,27.00,91.50,0.00
2023-12-29,27.00,91.75,0.00
2023-12-29,27.00,92.00,0.00
2023-12-29,27.00,92.25,0.00
2023-12-29,27.00,92.50,0.00
2023-12-29,27.00,92.75,0.00
2023-12-29,27.00,93.00,0.00
2023-12-29,27.25,91.50,
2023-12-29,27.25,91.75,
2023-12-29,27.25,92.00,0.00
2023-12-29,27.25,92.25,0.00
2023-12-29,27.25,92.50,0.00
2023-12-29,27.25,92.75,0.00
2023-12-29,27.25,93.00,0.00
2023-12-29,27.50,91.50,
2023-12-29,27.50,91.75,0.00
2023-12-29,27.50,92.00,0.00
2023-12-29,27.50,92.25,0.00
2023-12-29,27.50,92.50,0.00
2023-12-29,27.50,92.75,0.00
2023-12-29,27.50,93.00,0.00
2023-12-29,27.75,91.50,0.00
2023-12-29,27.75,91.75,0.00
2023-12-29,27.75,92.00,0.00
2023-12-29,27.75,92.25,0.00
2023-12-29,27.75,92.50,0.00
2023-12-29,27.75,92.75,0.00
2023-12-29,27.75,93.00,0.00
2023-12-29,28.00,91.50,0.00
2023-12-29,28.00,91.75,0.00
2023-12-29,28.00,92.00,0.00
2023-12-29,28.00,92.25,0.00
2023-12-29,28.00,92.50,0.00
2023-12-29,28.00,92.75,0.00
2023-12-29,28.00,93.00,0.00
2023-12-30,25.75,91.50,0.30
2023-12-30,25.75,91.75,0.29
2023-12-30,25.75,92.00,0.06
2023-12-30,25.75,92.25,0.00
2023-12-30,25.75,92.50,0.00
2023-12-30,25.75,92.75,0.00
2023-12-30,25.75,93.00,0.00
2023-12-30,26.00,91.50,0.02
2023-12-30,26.00,91.75,0.16
2023-12-30,26.00,92.00,0.00
2023-12-30,26.00,92.25,0.00
2023-12-30,26.00,92.50,0.00
2023-12-30,26.00,92.75,0.00
2023-12-30,26.00,93.00,0.00
2023-12-30,26.25,91.50,0.00
2023-12-30,26.25,91.75,0.00
2023-12-30,26.25,92.00,0.00
2023-12-30,26.25,92.25,0.00
2023-12-30,26.25,92.50,0.00
2023-12-30,26.25,92.75,0.00
2023-12-30,26.25,93.00,0.00
2023-12-30,26.50,91.50,0.00
2023-12-30,26.50,91.75,0.00
2023-12-30,26.50,92.00,0.00
2023-12-30,26.50,92.25,0.00
2023-12-30,26.50,92.50,0.00
2023-12-30,26.50,92.75,0.00
2023-12-30,26.50,93.00,0.00
2023-12-30,26.75,91.50,0.00
2023-12-30,26.75,91.75,0.00
2023-12-30,26.75,92.00,0.00
2023-12-30,26.75,92.25,0.00
2023-12-30,26.75,92.50,0.00
2023-12-30,26.75,92.75,0.00
2023-12-30,26.75,93.00,0.00
2023-12-30,27.00,91.50,0.00
2023-12-30,27.00,91.75,0.00
2023-12-30,27.00,92.00,0.00
2023-12-30,27.00,92.25,0.00
2023-12-30,27.00,92.50,0.00
2023-12-30,27.00,92.75,0.00
2023-12-30,27.00,93.00,0.00
2023-12-30,27.25,91.50,
2023-12-30,27.25,91.75,
2023-12-30,27.25,92.00,0.00
2023-12-30,27.25,92.25,0.00
2023-12-30,27.25,92.50,0.00
2023-12-30,27.25,92.75,0.00
2023-12-30,27.25,93.00,0.00
2023-12-30,27.50,91.50,
2023-12-30,27.50,91.75,0.00
2023-12-30,27.50,92.00,0.00
2023-12-30,27.50,92.25,0.00
2023-12-30,27.50,92.50,0.00
2023-12-30,27.50,92.75,0.00
2023-12-30,27.50,93.00,0.00
2023-12-30,27.75,91.50,0.00
2023-12-30,27.75,91.75,0.00
2023-12-30,27.75,92.00,0.00
2023-12-30,27.75,92.25,0.00
2023-12-30,27.75,92.50,0.00
2023-12-30,27.75,92.75,0.00
2023-12-30,27.75,93.00,0.00
2023-12-30,28.00,91.50,0.00
2023-12-30,28.00,91.75,0.00
2023-12-30,28.00,92.00,0.00
2023-12-30,28.00,92.25,0.00
2023-12-30,28.00,92.50,0.00
2023-12-30,28.00,92.75,0.00
2023-12-30,28.00,93.00,0.00
2023-12-31,25.75,91.50,0.30
2023-12-31,25.75,91.75,0.30
2023-12-31,25.75,92.00,0.16
2023-12-31,25.75,92.25,0.00
2023-12-31,25.75,92.50,0.00
2023-12-31,25.75,92.75,0.00
2023-12-31,25.75,93.00,0.00
2023-12-31,26.00,91.50,0.02
2023-12-31,26.00,91.75,0.16
2023-12-31,26.00,92.00,0.00
2023-12-31,26.00,92.25,0.00
2023-12-31,26.00,92.50,0.00
2023-12-31,26.00,92.75,0.00
2023-12-31,26.00,93.00,0.00
2023-12-31,26.25,91.50,0.00
2023-12-31,26.25,91.75,0.00
2023-12-31,26.25,92.00,0.00
2023-12-31,26.25,92.25,0.00
2023-12-31,26.25,92.50,0.00
2023-12-31,26.25,92.75,0.00
2023-12-31,26.25,93.00,0.00
2023-12-31,26.50,91.50,0.23
2023-12-31,26.50,91.75,0.94
2023-12-31,26.50,92.00,0.00
2023-12-31,26.50,92.25,0.00
2023-12-31,26.50,92.50,0.00
2023-12-31,26.50,92.75,0.00
2023-12-31,26.50,93.00,0.00
2023-12-31,26.75,91.50,0.42
2023-12-31,26.75,91.75,1.95
2023-12-31,26.75,92.00,0.03
2023-12-31,26.75,92.25,0.00
2023-12-31,26.75,92.50,0.00
2023-12-31,26.75,92.75,0.00
2023-12-31,26.75,93.00,0.00
2023-12-31,27.00,91.50,0.40
2023-12-31,27.00,91.75,0.21
2023-12-31,27.00,92.00,0.00
2023-12-31,27.00,92.25,0.00
2023-12-31,27.00,92.50,0.00
2023-12-31,27.00,92.75,0.00
2023-12-31,27.00,93.00,0.00
2023-12-31,27.25,91.50,
2023-12-31,27.25,91.75,
2023-12-31,27.25,92.00,0.00
2023-12-31,27.25,92.25,0.00
2023-12-31,27.25,92.50,0.00
2023-12-31,27.25,92.75,0.00
2023-12-31,27.25,93.00,0.00
2023-12-31,27.50,91.50,
2023-12-31,27.50,91.75,0.00
2023-12-31,27.50,92.00,0.00
2023-12-31,27.50,92.25,0.00
2023-12-31,27.50,92.50,0.00
2023-12-31,27.50,92.75,0.00
2023-12-31,27.50,93.00,0.00
2023-12-31,27.75,91.50,0.00
2023-12-31,27.75,91.75,0.00
2023-12-31,27.75,92.00,0.00
2023-12-31,27.75,92.25,0.00
2023-12-31,27.75,92.50,0.00
2023-12-31,27.75,92.75,0.00
2023-12-31,27.75,93.00,0.00
2023-12-31,28.00,91.50,0.00
2023-12-31,28.00,91.75,0.00
2023-12-31,28.00,92.00,0.00
2023-12-31,28.00,92.25,0.00
2023-12-31,28.00,92.50,0.00
2023-12-31,28.00,92.75,0.00
2023-12-31,28.00,93.00,0.00
