{
"type": "FeatureCollection",
"name": "gsi_landslides_corridor_mapped",
"crs": { "type": "name", "properties": { "name": "urn:ogc:def:crs:OGC:1.3:CRS84" } },
"features": [
{ "type": "Feature", "properties": { "slide_no": 878, "slide_id": "ARN/WK/83A12/2016/01", "state": "Arunachal Pradesh", "description_before_coordinates": "West Kameng Bhalukpong Circuit House slide NE of Bhalukpong Helipad", "latitude": 27.018342, "longitude": 92.6356, "description_after_coordinates": "Debris Slide 1 July 2016 at 12:20 hrs.", "raw_record": "878 ARN/WK/83A12/2016/01 Arunachal Pradesh West Kameng Bhalukpong Circuit House slide NE of Bhalukpong Helipad 27.018342 92.6356 Debris Slide 1 July 2016 at 12:20 hrs.", "distance_to_road_m": 131.92, "matched_segment_id": "seg_1217478195_0", "matched_road_name": "Bhalukpong-Doimara", "matched_highway_class": "primary", "match_status": "MATCHED" }, "geometry": { "type": "Point", "coordinates": [ 92.6356, 27.018342 ] } },
{ "type": "Feature", "properties": { "slide_no": 879, "slide_id": "AR/WKG/83A12/2021/051", "state": "Arunachal Pradesh", "description_before_coordinates": "West Kameng Bhalukpong Cicuit House Slide Bhalukpong Circuit House", "latitude": 27.018583, "longitude": 92.635667, "description_after_coordinates": "Soil Slide NA", "raw_record": "879 AR/WKG/83A12/2021/051 Arunachal Pradesh West Kameng Bhalukpong Cicuit House Slide Bhalukpong Circuit House 27.018583 92.635667 Soil Slide NA", "distance_to_road_m": 118.35, "matched_segment_id": "seg_1217478195_0", "matched_road_name": "Bhalukpong-Doimara", "matched_highway_class": "primary", "match_status": "MATCHED" }, "geometry": { "type": "Point", "coordinates": [ 92.635667, 27.018583 ] } },
{ "type": "Feature", "properties": { "slide_no": 884, "slide_id": "AP/WK/83E12/2008/A-9", "state": "Arunachal Pradesh", "description_before_coordinates": "West Kameng Slide at Tippi", "latitude": 27.035278, "longitude": 92.610556, "description_after_coordinates": "Rock cum Debris Slide 2008", "raw_record": "884 AP/WK/83E12/2008/A-9 Arunachal Pradesh West Kameng Slide at Tippi  27.035278 92.610556 Rock cum Debris Slide 2008", "distance_to_road_m": 370.04, "matched_segment_id": "seg_777399946_0", "matched_road_name": "Bhalukpong-Doimara", "matched_highway_class": "primary", "match_status": "MATCHED" }, "geometry": { "type": "Point", "coordinates": [ 92.610556, 27.035278 ] } },
{ "type": "Feature", "properties": { "slide_no": 885, "slide_id": "AR/WKG/83A12/2021/050", "state": "Arunachal Pradesh", "description_before_coordinates": "West Kameng Tippi Slide NH 13/ Tippi", "latitude": 27.036111, "longitude": 92.603333, "description_after_coordinates": "Debris Flow NA", "raw_record": "885 AR/WKG/83A12/2021/050 Arunachal Pradesh West Kameng Tippi Slide NH 13/ Tippi 27.036111 92.603333 Debris Flow NA", "distance_to_road_m": 212.9, "matched_segment_id": "seg_777399946_0", "matched_road_name": "Bhalukpong-Doimara", "matched_highway_class": "primary", "match_status": "MATCHED" }, "geometry": { "type": "Point", "coordinates": [ 92.603333, 27.036111 ] } },
{ "type": "Feature", "properties": { "slide_no": 894, "slide_id": "AR/WKA/83A12/2014/23", "state": "Arunachal Pradesh", "description_before_coordinates": "West Kameng  NH-13", "latitude": 27.06658, "longitude": 92.59572, "description_after_coordinates": "Debris Slide 2013", "raw_record": "894 AR/WKA/83A12/2014/23 Arunachal Pradesh West Kameng  NH-13 27.06658 92.59572 Debris Slide 2013", "distance_to_road_m": 287.14, "matched_segment_id": "seg_565306841_0", "matched_road_name": "Doimara-Nichiphu", "matched_highway_class": "primary", "match_status": "MATCHED" }, "geometry": { "type": "Point", "coordinates": [ 92.59572, 27.06658 ] } },
{ "type": "Feature", "properties": { "slide_no": 904, "slide_id": "AR/WKG/83A12/2021/001", "state": "Arunachal Pradesh", "description_before_coordinates": "West Kameng NH 13 Slide 1 NH 13/ SW of Elephant Flat", "latitude": 27.086139, "longitude": 92.584361, "description_after_coordinates": "Debris Slide NA", "raw_record": "904 AR/WKG/83A12/2021/001 Arunachal Pradesh West Kameng NH 13 Slide 1 NH 13/ SW of Elephant Flat 27.086139 92.584361 Debris Slide NA", "distance_to_road_m": 6.34, "matched_segment_id": "seg_44736738_0", "matched_road_name": "Doimara-Nichiphu", "matched_highway_class": "primary", "match_status": "MATCHED" }, "geometry": { "type": "Point", "coordinates": [ 92.584361, 27.086139 ] } },
{ "type": "Feature", "properties": { "slide_no": 905, "slide_id": "AP/WK/83E12/2008/A-10", "state": "Arunachal Pradesh", "description_before_coordinates": "West Kameng Slide at 10km SE of Sessa Village", "latitude": 27.086667, "longitude": 92.585278, "description_after_coordinates": "Debris  2008", "raw_record": "905 AP/WK/83E12/2008/A-10 Arunachal Pradesh West Kameng Slide at 10km SE of Sessa Village  27.086667 92.585278 Debris  2008", "distance_to_road_m": 3.96, "matched_segment_id": "seg_44736738_0", "matched_road_name": "Doimara-Nichiphu", "matched_highway_class": "primary", "match_status": "MATCHED" }, "geometry": { "type": "Point", "coordinates": [ 92.585278, 27.086667 ] } },
{ "type": "Feature", "properties": { "slide_no": 909, "slide_id": "AR/WKG/83A12/2021/057", "state": "Arunachal Pradesh", "description_before_coordinates": "West Kameng Pinjori-Kimi Road Slide 6 Pinjori-Kimi Road", "latitude": 27.092028, "longitude": 92.597028, "description_after_coordinates": "Rock Slide NA", "raw_record": "909 AR/WKG/83A12/2021/057 Arunachal Pradesh West Kameng Pinjori-Kimi Road Slide 6 Pinjori-Kimi Road 27.092028 92.597028 Rock Slide NA", "distance_to_road_m": 6.44, "matched_segment_id": "seg_565307022_0", "matched_road_name": null, "matched_highway_class": "secondary", "match_status": "MATCHED" }, "geometry": { "type": "Point", "coordinates": [ 92.597028, 27.092028 ] } },
{ "type": "Feature", "properties": { "slide_no": 911, "slide_id": "AP/WK/83E12/2008/A-11", "state": "Arunachal Pradesh", "description_before_coordinates": "West Kameng Slide at 15km SE of Sessa Village", "latitude": 27.093889, "longitude": 92.591389, "description_after_coordinates": "Debris  2008", "raw_record": "911 AP/WK/83E12/2008/A-11 Arunachal Pradesh West Kameng Slide at 15km SE of Sessa Village  27.093889 92.591389 Debris  2008", "distance_to_road_m": 295.1, "matched_segment_id": "seg_44736738_0", "matched_road_name": "Doimara-Nichiphu", "matched_highway_class": "primary", "match_status": "MATCHED" }, "geometry": { "type": "Point", "coordinates": [ 92.591389, 27.093889 ] } },
{ "type": "Feature", "properties": { "slide_no": 915, "slide_id": "AR/WKG/83A12/2021/052", "state": "Arunachal Pradesh", "description_before_coordinates": "West Kameng Pinjori-Kimi Road Slide 1 Pinjori-Kimi Road", "latitude": 27.099083, "longitude": 92.626306, "description_after_coordinates": "Debris Slide NA", "raw_record": "915 AR/WKG/83A12/2021/052 Arunachal Pradesh West Kameng Pinjori-Kimi Road Slide 1 Pinjori-Kimi Road 27.099083 92.626306 Debris Slide NA", "distance_to_road_m": 2857.47, "matched_segment_id": null, "matched_road_name": null, "matched_highway_class": null, "match_status": "UNMATCHED" }, "geometry": { "type": "Point", "coordinates": [ 92.626306, 27.099083 ] } },
{ "type": "Feature", "properties": { "slide_no": 925, "slide_id": "AR/WKG/83A12/2021/053", "state": "Arunachal Pradesh", "description_before_coordinates": "West Kameng Pinjori-Kimi Road Slide 2 Pinjori-Kimi Road", "latitude": 27.103639, "longitude": 92.76025, "description_after_coordinates": "Rock Slide NA", "raw_record": "925 AR/WKG/83A12/2021/053 Arunachal Pradesh West Kameng Pinjori-Kimi Road Slide 2 Pinjori-Kimi Road 27.103639 92.76025 Rock Slide NA", "distance_to_road_m": 9237.12, "matched_segment_id": null, "matched_road_name": null, "matched_highway_class": null, "match_status": "UNMATCHED" }, "geometry": { "type": "Point", "coordinates": [ 92.76025, 27.103639 ] } },
{ "type": "Feature", "properties": { "slide_no": 928, "slide_id": "AR/WKG/83A12/2021/004", "state": "Arunachal Pradesh", "description_before_coordinates": "West Kameng East of Sessa Slide 2 NH 13/ E of Sessa", "latitude": 27.105083, "longitude": 92.555222, "description_after_coordinates": "Debris Slide NA", "raw_record": "928 AR/WKG/83A12/2021/004 Arunachal Pradesh West Kameng East of Sessa Slide 2 NH 13/ E of Sessa 27.105083 92.555222 Debris Slide NA", "distance_to_road_m": 8.55, "matched_segment_id": "seg_44736738_0", "matched_road_name": "Doimara-Nichiphu", "matched_highway_class": "primary", "match_status": "MATCHED" }, "geometry": { "type": "Point", "coordinates": [ 92.555222, 27.105083 ] } },
{ "type": "Feature", "properties": { "slide_no": 929, "slide_id": "AR/WKG/83A12/2021/003", "state": "Arunachal Pradesh", "description_before_coordinates": "West Kameng East of Sessa Slide 1 N130? of NH 13/ E of Sessa", "latitude": 27.1055, "longitude": 92.556278, "description_after_coordinates": "Debris Slide NA", "raw_record": "929 AR/WKG/83A12/2021/003 Arunachal Pradesh West Kameng East of Sessa Slide 1 N130? of NH 13/ E of Sessa 27.1055 92.556278 Debris Slide NA", "distance_to_road_m": 15.3, "matched_segment_id": "seg_44736738_0", "matched_road_name": "Doimara-Nichiphu", "matched_highway_class": "primary", "match_status": "MATCHED" }, "geometry": { "type": "Point", "coordinates": [ 92.556278, 27.1055 ] } },
{ "type": "Feature", "properties": { "slide_no": 934, "slide_id": "AR/WKG/83A12/2021/002", "state": "Arunachal Pradesh", "description_before_coordinates": "West Kameng NH 13 Slide 2 NH 13/ NW of Elephant Flat", "latitude": 27.106939, "longitude": 92.573544, "description_after_coordinates": "Debris Slide NA Sl.No. Slide_No State District Slide_Name NH_SH_Location Latitude Longitude Material Involved Movement Type History", "raw_record": "934 AR/WKG/83A12/2021/002 Arunachal Pradesh West Kameng NH 13 Slide 2 NH 13/ NW of Elephant Flat 27.106939 92.573544 Debris Slide NA Sl.No. Slide_No State District Slide_Name NH_SH_Location Latitude Longitude Material Involved Movement Type History", "distance_to_road_m": 243.91, "matched_segment_id": "seg_44736738_0", "matched_road_name": "Doimara-Nichiphu", "matched_highway_class": "primary", "match_status": "MATCHED" }, "geometry": { "type": "Point", "coordinates": [ 92.573544, 27.106939 ] } },
{ "type": "Feature", "properties": { "slide_no": 936, "slide_id": "AR/WKG/83A12/2021/048", "state": "Arunachal Pradesh", "description_before_coordinates": "West Kameng NH 13 Slide 33 NH 13/ Sedal", "latitude": 27.1105, "longitude": 92.537444, "description_after_coordinates": "Debris Slide NA", "raw_record": "936 AR/WKG/83A12/2021/048 Arunachal Pradesh West Kameng NH 13 Slide 33 NH 13/ Sedal 27.1105 92.537444 Debris Slide NA", "distance_to_road_m": 36.14, "matched_segment_id": "seg_44736738_0", "matched_road_name": "Doimara-Nichiphu", "matched_highway_class": "primary", "match_status": "MATCHED" }, "geometry": { "type": "Point", "coordinates": [ 92.537444, 27.1105 ] } },
{ "type": "Feature", "properties": { "slide_no": 939, "slide_id": "AR/WKG/83A12/2021/046", "state": "Arunachal Pradesh", "description_before_coordinates": "West Kameng Seppa Road Slide 7 Seppa Road Section", "latitude": 27.112694, "longitude": 92.543472, "description_after_coordinates": "Debris Slide NA", "raw_record": "939 AR/WKG/83A12/2021/046 Arunachal Pradesh West Kameng Seppa Road Slide 7 Seppa Road Section 27.112694 92.543472 Debris Slide NA", "distance_to_road_m": 20.03, "matched_segment_id": "seg_44736738_0", "matched_road_name": "Doimara-Nichiphu", "matched_highway_class": "primary", "match_status": "MATCHED" }, "geometry": { "type": "Point", "coordinates": [ 92.543472, 27.112694 ] } },
{ "type": "Feature", "properties": { "slide_no": 940, "slide_id": "AR/WKG/83A12/2021/005", "state": "Arunachal Pradesh", "description_before_coordinates": "West Kameng NH 13 Slide 3 NH 13", "latitude": 27.11375, "longitude": 92.537583, "description_after_coordinates": "Debris Slide NA", "raw_record": "940 AR/WKG/83A12/2021/005 Arunachal Pradesh West Kameng NH 13 Slide 3 NH 13 27.11375 92.537583 Debris Slide NA", "distance_to_road_m": 76.14, "matched_segment_id": "seg_44736738_0", "matched_road_name": "Doimara-Nichiphu", "matched_highway_class": "primary", "match_status": "MATCHED" }, "geometry": { "type": "Point", "coordinates": [ 92.537583, 27.11375 ] } },
{ "type": "Feature", "properties": { "slide_no": 943, "slide_id": "AR/WKG/83A12/2021/054", "state": "Arunachal Pradesh", "description_before_coordinates": "West Kameng Pinjori-Kimi Road Slide 3 Pinjori-Kimi Road", "latitude": 27.115694, "longitude": 92.763028, "description_after_coordinates": "Rock Slide NA", "raw_record": "943 AR/WKG/83A12/2021/054 Arunachal Pradesh West Kameng Pinjori-Kimi Road Slide 3 Pinjori-Kimi Road 27.115694 92.763028 Rock Slide NA", "distance_to_road_m": 8265.1, "matched_segment_id": null, "matched_road_name": null, "matched_highway_class": null, "match_status": "UNMATCHED" }, "geometry": { "type": "Point", "coordinates": [ 92.763028, 27.115694 ] } },
{ "type": "Feature", "properties": { "slide_no": 945, "slide_id": "AR/WKG/83A12/2021/047", "state": "Arunachal Pradesh", "description_before_coordinates": "West Kameng NH 13 Slide 32 NH 13/ Sedal", "latitude": 27.116194, "longitude": 92.543111, "description_after_coordinates": "Debris Slide NA", "raw_record": "945 AR/WKG/83A12/2021/047 Arunachal Pradesh West Kameng NH 13 Slide 32 NH 13/ Sedal 27.116194 92.543111 Debris Slide NA", "distance_to_road_m": 19.4, "matched_segment_id": "seg_44736738_0", "matched_road_name": "Doimara-Nichiphu", "matched_highway_class": "primary", "match_status": "MATCHED" }, "geometry": { "type": "Point", "coordinates": [ 92.543111, 27.116194 ] } },
{ "type": "Feature", "properties": { "slide_no": 959, "slide_id": "AR/WKG/83A12/2021/055", "state": "Arunachal Pradesh", "description_before_coordinates": "West Kameng Pinjori-Kimi Road Slide 4 Pinjori-Kimi Road", "latitude": 27.134444, "longitude": 92.599611, "description_after_coordinates": "Debris Slide NA", "raw_record": "959 AR/WKG/83A12/2021/055 Arunachal Pradesh West Kameng Pinjori-Kimi Road Slide 4 Pinjori-Kimi Road 27.134444 92.599611 Debris Slide NA", "distance_to_road_m": 0.92, "matched_segment_id": "seg_565307022_0", "matched_road_name": null, "matched_highway_class": "secondary", "match_status": "MATCHED" }, "geometry": { "type": "Point", "coordinates": [ 92.599611, 27.134444 ] } },
{ "type": "Feature", "properties": { "slide_no": 963, "slide_id": "AR/WKG/83A12/2021/056", "state": "Arunachal Pradesh", "description_before_coordinates": "West Kameng Pinjori-Kimi Road Slide 5 Pinjori-Kimi Road", "latitude": 27.148056, "longitude": 92.613889, "description_after_coordinates": "Debris Slide NA", "raw_record": "963 AR/WKG/83A12/2021/056 Arunachal Pradesh West Kameng Pinjori-Kimi Road Slide 5 Pinjori-Kimi Road 27.148056 92.613889 Debris Slide NA", "distance_to_road_m": 1.82, "matched_segment_id": "seg_565307022_0", "matched_road_name": null, "matched_highway_class": "secondary", "match_status": "MATCHED" }, "geometry": { "type": "Point", "coordinates": [ 92.613889, 27.148056 ] } },
{ "type": "Feature", "properties": { "slide_no": 965, "slide_id": "AR/WKG/83A12/2021/006", "state": "Arunachal Pradesh", "description_before_coordinates": "West Kameng NH 13 Slide 4 NH 13", "latitude": 27.152417, "longitude": 92.561778, "description_after_coordinates": "Debris Slide NA", "raw_record": "965 AR/WKG/83A12/2021/006 Arunachal Pradesh West Kameng NH 13 Slide 4 NH 13 27.152417 92.561778 Debris Slide NA", "distance_to_road_m": 1.1, "matched_segment_id": "seg_565306892_0", "matched_road_name": "Doimara-Nichiphu", "matched_highway_class": "primary", "match_status": "MATCHED" }, "geometry": { "type": "Point", "coordinates": [ 92.561778, 27.152417 ] } },
{ "type": "Feature", "properties": { "slide_no": 966, "slide_id": "AR/WKG/83A12/2021/007", "state": "Arunachal Pradesh", "description_before_coordinates": "West Kameng NH 13 Slide 5 NH 13", "latitude": 27.153056, "longitude": 92.56175, "description_after_coordinates": "Debris Slide NA", "raw_record": "966 AR/WKG/83A12/2021/007 Arunachal Pradesh West Kameng NH 13 Slide 5 NH 13 27.153056 92.56175 Debris Slide NA", "distance_to_road_m": 0.52, "matched_segment_id": "seg_565306892_0", "matched_road_name": "Doimara-Nichiphu", "matched_highway_class": "primary", "match_status": "MATCHED" }, "geometry": { "type": "Point", "coordinates": [ 92.56175, 27.153056 ] } },
{ "type": "Feature", "properties": { "slide_no": 978, "slide_id": "AR/WKG/83A12/2021/041", "state": "Arunachal Pradesh", "description_before_coordinates": "West Kameng Seppa Road Slide 2 Seppa Road Section", "latitude": 27.166306, "longitude": 92.587139, "description_after_coordinates": "Debris Slide NA", "raw_record": "978 AR/WKG/83A12/2021/041 Arunachal Pradesh West Kameng Seppa Road Slide 2 Seppa Road Section 27.166306 92.587139 Debris Slide NA", "distance_to_road_m": 20.65, "matched_segment_id": "seg_288458018_0", "matched_road_name": null, "matched_highway_class": "trunk", "match_status": "MATCHED" }, "geometry": { "type": "Point", "coordinates": [ 92.587139, 27.166306 ] } },
{ "type": "Feature", "properties": { "slide_no": 979, "slide_id": "AR/WKG/83A12/2021/040", "state": "Arunachal Pradesh", "description_before_coordinates": "West Kameng Seppa Road Slide 1 Seppa Road Section", "latitude": 27.167139, "longitude": 92.587917, "description_after_coordinates": "Debris Slide NA", "raw_record": "979 AR/WKG/83A12/2021/040 Arunachal Pradesh West Kameng Seppa Road Slide 1 Seppa Road Section 27.167139 92.587917 Debris Slide NA", "distance_to_road_m": 16.03, "matched_segment_id": "seg_288458018_0", "matched_road_name": null, "matched_highway_class": "trunk", "match_status": "MATCHED" }, "geometry": { "type": "Point", "coordinates": [ 92.587917, 27.167139 ] } },
{ "type": "Feature", "properties": { "slide_no": 991, "slide_id": "AR/WKG/83A12/2021/042", "state": "Arunachal Pradesh", "description_before_coordinates": "West Kameng Seppa Road Slide 3 Seppa Road Section", "latitude": 27.182278, "longitude": 92.599889, "description_after_coordinates": "Debris Slide NA", "raw_record": "991 AR/WKG/83A12/2021/042 Arunachal Pradesh West Kameng Seppa Road Slide 3 Seppa Road Section 27.182278 92.599889 Debris Slide NA", "distance_to_road_m": 22.95, "matched_segment_id": "seg_238560159_0", "matched_road_name": null, "matched_highway_class": "trunk", "match_status": "MATCHED" }, "geometry": { "type": "Point", "coordinates": [ 92.599889, 27.182278 ] } },
{ "type": "Feature", "properties": { "slide_no": 992, "slide_id": "AR/WKG/83A12/2021/043", "state": "Arunachal Pradesh", "description_before_coordinates": "West Kameng Seppa Road Slide 4 Seppa Road Section", "latitude": 27.183833, "longitude": 92.599333, "description_after_coordinates": "Debris Slide NA", "raw_record": "992 AR/WKG/83A12/2021/043 Arunachal Pradesh West Kameng Seppa Road Slide 4 Seppa Road Section 27.183833 92.599333 Debris Slide NA", "distance_to_road_m": 12.51, "matched_segment_id": "seg_238560159_0", "matched_road_name": null, "matched_highway_class": "trunk", "match_status": "MATCHED" }, "geometry": { "type": "Point", "coordinates": [ 92.599333, 27.183833 ] } },
{ "type": "Feature", "properties": { "slide_no": 997, "slide_id": "AR/WKG/83A12/2021/044", "state": "Arunachal Pradesh", "description_before_coordinates": "West Kameng Seppa Road Slide 5 Seppa Road Section", "latitude": 27.190861, "longitude": 92.607806, "description_after_coordinates": "Debris Slide NA", "raw_record": "997 AR/WKG/83A12/2021/044 Arunachal Pradesh West Kameng Seppa Road Slide 5 Seppa Road Section 27.190861 92.607806 Debris Slide NA", "distance_to_road_m": 45.49, "matched_segment_id": "seg_238560159_0", "matched_road_name": null, "matched_highway_class": "trunk", "match_status": "MATCHED" }, "geometry": { "type": "Point", "coordinates": [ 92.607806, 27.190861 ] } },
{ "type": "Feature", "properties": { "slide_no": 998, "slide_id": "AR/WKG/83A12/2021/045", "state": "Arunachal Pradesh", "description_before_coordinates": "West Kameng Seppa Road Slide 6 Seppa Road Section", "latitude": 27.191667, "longitude": 92.610111, "description_after_coordinates": "Debris Slide NA", "raw_record": "998 AR/WKG/83A12/2021/045 Arunachal Pradesh West Kameng Seppa Road Slide 6 Seppa Road Section 27.191667 92.610111 Debris Slide NA", "distance_to_road_m": 26.55, "matched_segment_id": "seg_238560159_0", "matched_road_name": null, "matched_highway_class": "trunk", "match_status": "MATCHED" }, "geometry": { "type": "Point", "coordinates": [ 92.610111, 27.191667 ] } },
{ "type": "Feature", "properties": { "slide_no": 1002, "slide_id": "AR/WKG/83A12/2021/008", "state": "Arunachal Pradesh", "description_before_coordinates": "West Kameng NH 13 Slide 6 NH 13", "latitude": 27.204139, "longitude": 92.529278, "description_after_coordinates": "Rock Fall NA", "raw_record": "1002 AR/WKG/83A12/2021/008 Arunachal Pradesh West Kameng NH 13 Slide 6 NH 13 27.204139 92.529278 Rock Fall NA", "distance_to_road_m": 4.82, "matched_segment_id": "seg_157598093_0", "matched_road_name": null, "matched_highway_class": "trunk", "match_status": "MATCHED" }, "geometry": { "type": "Point", "coordinates": [ 92.529278, 27.204139 ] } },
{ "type": "Feature", "properties": { "slide_no": 1003, "slide_id": "AR/WKG/83A12/2021/009", "state": "Arunachal Pradesh", "description_before_coordinates": "West Kameng NH 13 Slide 7 NH 13", "latitude": 27.20675, "longitude": 92.537389, "description_after_coordinates": "Debris Slide NA", "raw_record": "1003 AR/WKG/83A12/2021/009 Arunachal Pradesh West Kameng NH 13 Slide 7 NH 13 27.20675 92.537389 Debris Slide NA", "distance_to_road_m": 9.75, "matched_segment_id": "seg_238560167_0", "matched_road_name": null, "matched_highway_class": "trunk", "match_status": "MATCHED" }, "geometry": { "type": "Point", "coordinates": [ 92.537389, 27.20675 ] } },
{ "type": "Feature", "properties": { "slide_no": 1004, "slide_id": "AR/WKG/83A12/2021/010", "state": "Arunachal Pradesh", "description_before_coordinates": "West Kameng NH 13 Slide 8 NH 13", "latitude": 27.206917, "longitude": 92.537667, "description_after_coordinates": "Debris Slide NA", "raw_record": "1004 AR/WKG/83A12/2021/010 Arunachal Pradesh West Kameng NH 13 Slide 8 NH 13 27.206917 92.537667 Debris Slide NA", "distance_to_road_m": 11.67, "matched_segment_id": "seg_238560167_0", "matched_road_name": null, "matched_highway_class": "trunk", "match_status": "MATCHED" }, "geometry": { "type": "Point", "coordinates": [ 92.537667, 27.206917 ] } },
{ "type": "Feature", "properties": { "slide_no": 1008, "slide_id": "AR/WKG/83A12/2021/011", "state": "Arunachal Pradesh", "description_before_coordinates": "West Kameng NH 13 Slide 9 NH 13/ W of New Kaspi", "latitude": 27.208222, "longitude": 92.55475, "description_after_coordinates": "Debris Slide NA", "raw_record": "1008 AR/WKG/83A12/2021/011 Arunachal Pradesh West Kameng NH 13 Slide 9 NH 13/ W of New Kaspi 27.208222 92.55475 Debris Slide NA", "distance_to_road_m": 3.41, "matched_segment_id": "seg_238560178_1", "matched_road_name": null, "matched_highway_class": "trunk", "match_status": "MATCHED" }, "geometry": { "type": "Point", "coordinates": [ 92.55475, 27.208222 ] } },
{ "type": "Feature", "properties": { "slide_no": 1045, "slide_id": "AR/WKG/83A12/2021/049", "state": "Arunachal Pradesh", "description_before_coordinates": "West Kameng Seppa Road Slide 8 Seppa Road Section", "latitude": 27.248722, "longitude": 92.737722, "description_after_coordinates": "Rock Slide NA", "raw_record": "1045 AR/WKG/83A12/2021/049 Arunachal Pradesh West Kameng Seppa Road Slide 8 Seppa Road Section 27.248722 92.737722 Rock Slide NA", "distance_to_road_m": 4661.13, "matched_segment_id": null, "matched_road_name": null, "matched_highway_class": null, "match_status": "UNMATCHED" }, "geometry": { "type": "Point", "coordinates": [ 92.737722, 27.248722 ] } },
{ "type": "Feature", "properties": { "slide_no": 1057, "slide_id": "AR/WKG/83A07/2021/012", "state": "Arunachal Pradesh", "description_before_coordinates": "West Kameng West of Bomdila Slide 1 W of Bomdila", "latitude": 27.266667, "longitude": 92.404389, "description_after_coordinates": "Debris Slide NA", "raw_record": "1057 AR/WKG/83A07/2021/012 Arunachal Pradesh West Kameng West of Bomdila Slide 1 W of Bomdila 27.266667 92.404389 Debris Slide NA", "distance_to_road_m": 327.46, "matched_segment_id": "seg_1168516993_0", "matched_road_name": null, "matched_highway_class": "tertiary", "match_status": "MATCHED" }, "geometry": { "type": "Point", "coordinates": [ 92.404389, 27.266667 ] } },
{ "type": "Feature", "properties": { "slide_no": 1067, "slide_id": "AR/WKG/83A07/2021/013", "state": "Arunachal Pradesh", "description_before_coordinates": "West Kameng NH 13 Slide 10 NH 13/ NW of Bomdila", "latitude": 27.277417, "longitude": 92.425278, "description_after_coordinates": "Debris Slide NA", "raw_record": "1067 AR/WKG/83A07/2021/013 Arunachal Pradesh West Kameng NH 13 Slide 10 NH 13/ NW of Bomdila 27.277417 92.425278 Debris Slide NA", "distance_to_road_m": 9.81, "matched_segment_id": "seg_288458015_0", "matched_road_name": null, "matched_highway_class": "trunk", "match_status": "MATCHED" }, "geometry": { "type": "Point", "coordinates": [ 92.425278, 27.277417 ] } },
{ "type": "Feature", "properties": { "slide_no": 1068, "slide_id": "AR/WKG/83A07/2021/014", "state": "Arunachal Pradesh", "description_before_coordinates": "West Kameng NH 13 Slide 11 NH 13/ NW of Bomdila", "latitude": 27.278417, "longitude": 92.426917, "description_after_coordinates": "Debris Slide NA", "raw_record": "1068 AR/WKG/83A07/2021/014 Arunachal Pradesh West Kameng NH 13 Slide 11 NH 13/ NW of Bomdila 27.278417 92.426917 Debris Slide NA", "distance_to_road_m": 14.83, "matched_segment_id": "seg_288458015_0", "matched_road_name": null, "matched_highway_class": "trunk", "match_status": "MATCHED" }, "geometry": { "type": "Point", "coordinates": [ 92.426917, 27.278417 ] } },
{ "type": "Feature", "properties": { "slide_no": 1075, "slide_id": "AR/WKG/83A07/2021/015", "state": "Arunachal Pradesh", "description_before_coordinates": "West Kameng NH 13 Slide 12 NH 13/ S of Tinghei", "latitude": 27.291528, "longitude": 92.391778, "description_after_coordinates": "Debris Slide NA", "raw_record": "1075 AR/WKG/83A07/2021/015 Arunachal Pradesh West Kameng NH 13 Slide 12 NH 13/ S of Tinghei 27.291528 92.391778 Debris Slide NA", "distance_to_road_m": 27.86, "matched_segment_id": "seg_238496657_4", "matched_road_name": null, "matched_highway_class": "trunk", "match_status": "MATCHED" }, "geometry": { "type": "Point", "coordinates": [ 92.391778, 27.291528 ] } },
{ "type": "Feature", "properties": { "slide_no": 1076, "slide_id": "AR/WKG/83A07/2021/016", "state": "Arunachal Pradesh", "description_before_coordinates": "West Kameng NH 13 Slide 13 NH 13/ S of Tinghei", "latitude": 27.292167, "longitude": 92.391889, "description_after_coordinates": "Debris Slide NA", "raw_record": "1076 AR/WKG/83A07/2021/016 Arunachal Pradesh West Kameng NH 13 Slide 13 NH 13/ S of Tinghei 27.292167 92.391889 Debris Slide NA", "distance_to_road_m": 7.19, "matched_segment_id": "seg_238496657_4", "matched_road_name": null, "matched_highway_class": "trunk", "match_status": "MATCHED" }, "geometry": { "type": "Point", "coordinates": [ 92.391889, 27.292167 ] } },
{ "type": "Feature", "properties": { "slide_no": 1077, "slide_id": "AR/WKG/83A07/2021/017", "state": "Arunachal Pradesh", "description_before_coordinates": "West Kameng NH 13 Slide 14 NH 13/ S of Tinghei", "latitude": 27.292444, "longitude": 92.391861, "description_after_coordinates": "Debris Slide NA", "raw_record": "1077 AR/WKG/83A07/2021/017 Arunachal Pradesh West Kameng NH 13 Slide 14 NH 13/ S of Tinghei 27.292444 92.391861 Debris Slide NA", "distance_to_road_m": 12.79, "matched_segment_id": "seg_238496657_4", "matched_road_name": null, "matched_highway_class": "trunk", "match_status": "MATCHED" }, "geometry": { "type": "Point", "coordinates": [ 92.391861, 27.292444 ] } },
{ "type": "Feature", "properties": { "slide_no": 1079, "slide_id": "AR/WKG/83A07/2021/018", "state": "Arunachal Pradesh", "description_before_coordinates": "West Kameng NH 13 Slide 15 NH 13/ S of Tinghei", "latitude": 27.293806, "longitude": 92.391694, "description_after_coordinates": "Debris Slide NA", "raw_record": "1079 AR/WKG/83A07/2021/018 Arunachal Pradesh West Kameng NH 13 Slide 15 NH 13/ S of Tinghei 27.293806 92.391694 Debris Slide NA", "distance_to_road_m": 10.86, "matched_segment_id": "seg_238496657_4", "matched_road_name": null, "matched_highway_class": "trunk", "match_status": "MATCHED" }, "geometry": { "type": "Point", "coordinates": [ 92.391694, 27.293806 ] } },
{ "type": "Feature", "properties": { "slide_no": 1094, "slide_id": "AR/WKG/83A07/2021/019", "state": "Arunachal Pradesh", "description_before_coordinates": "West Kameng NH 13 Slide 16 NH 13/ N of Tinghei", "latitude": 27.300667, "longitude": 92.391833, "description_after_coordinates": "Debris Slide NA", "raw_record": "1094 AR/WKG/83A07/2021/019 Arunachal Pradesh West Kameng NH 13 Slide 16 NH 13/ N of Tinghei 27.300667 92.391833 Debris Slide NA", "distance_to_road_m": 6.56, "matched_segment_id": "seg_238496657_4", "matched_road_name": null, "matched_highway_class": "trunk", "match_status": "MATCHED" }, "geometry": { "type": "Point", "coordinates": [ 92.391833, 27.300667 ] } },
{ "type": "Feature", "properties": { "slide_no": 1110, "slide_id": "AR/WKG/83A07/2021/020", "state": "Arunachal Pradesh", "description_before_coordinates": "West Kameng NH 13 Slide 17 NH 13/ N of Dharbu", "latitude": 27.325278, "longitude": 92.373722, "description_after_coordinates": "Debris Slide NA", "raw_record": "1110 AR/WKG/83A07/2021/020 Arunachal Pradesh West Kameng NH 13 Slide 17 NH 13/ N of Dharbu 27.325278 92.373722 Debris Slide NA", "distance_to_road_m": 2.48, "matched_segment_id": "seg_238496657_2", "matched_road_name": null, "matched_highway_class": "trunk", "match_status": "MATCHED" }, "geometry": { "type": "Point", "coordinates": [ 92.373722, 27.325278 ] } },
{ "type": "Feature", "properties": { "slide_no": 1122, "slide_id": "AR/WKG/83A07/2021/021", "state": "Arunachal Pradesh", "description_before_coordinates": "West Kameng NH 13 Slide 18 NH 13/ SE of Dirang Village", "latitude": 27.340556, "longitude": 92.274944, "description_after_coordinates": "Debris Slide NA", "raw_record": "1122 AR/WKG/83A07/2021/021 Arunachal Pradesh West Kameng NH 13 Slide 18 NH 13/ SE of Dirang Village 27.340556 92.274944 Debris Slide NA", "distance_to_road_m": 4.06, "matched_segment_id": "seg_238496657_1", "matched_road_name": null, "matched_highway_class": "trunk", "match_status": "MATCHED" }, "geometry": { "type": "Point", "coordinates": [ 92.274944, 27.340556 ] } },
{ "type": "Feature", "properties": { "slide_no": 1124, "slide_id": "AP/WK/83E12/2008/A-14", "state": "Arunachal Pradesh", "description_before_coordinates": "West Kameng Slide at 5 km N of Dirang", "latitude": 27.345556, "longitude": 92.266389, "description_after_coordinates": "Debris Flow 2008", "raw_record": "1124 AP/WK/83E12/2008/A-14 Arunachal Pradesh West Kameng Slide at 5 km N of Dirang  27.345556 92.266389 Debris Flow 2008", "distance_to_road_m": 17.89, "matched_segment_id": "seg_238496656_2", "matched_road_name": null, "matched_highway_class": "trunk", "match_status": "MATCHED" }, "geometry": { "type": "Point", "coordinates": [ 92.266389, 27.345556 ] } },
{ "type": "Feature", "properties": { "slide_no": 1131, "slide_id": "AR/WKG/83A03/2021/039", "state": "Arunachal Pradesh", "description_before_coordinates": "West Kameng NH 13 Slide 31 NH 13", "latitude": 27.358194, "longitude": 92.24325, "description_after_coordinates": "Debris Slide NA", "raw_record": "1131 AR/WKG/83A03/2021/039 Arunachal Pradesh West Kameng NH 13 Slide 31 NH 13 27.358194 92.24325 Debris Slide NA", "distance_to_road_m": 82.67, "matched_segment_id": "seg_238496656_2", "matched_road_name": null, "matched_highway_class": "trunk", "match_status": "MATCHED" }, "geometry": { "type": "Point", "coordinates": [ 92.24325, 27.358194 ] } },
{ "type": "Feature", "properties": { "slide_no": 1133, "slide_id": "AR/WKG/83A03/2021/034", "state": "Arunachal Pradesh", "description_before_coordinates": "West Kameng Dirang- Rungkhung Road Section Slide 1 Dirang- Rungkhung Road Section", "latitude": 27.362028, "longitude": 92.244028, "description_after_coordinates": "Debris Slide NA", "raw_record": "1133 AR/WKG/83A03/2021/034 Arunachal Pradesh West Kameng Dirang- Rungkhung Road Section Slide 1 Dirang- Rungkhung Road Section 27.362028 92.244028 Debris Slide NA", "distance_to_road_m": 365.49, "matched_segment_id": "seg_238496656_2", "matched_road_name": null, "matched_highway_class": "trunk", "match_status": "MATCHED" }, "geometry": { "type": "Point", "coordinates": [ 92.244028, 27.362028 ] } },
{ "type": "Feature", "properties": { "slide_no": 1134, "slide_id": "AR/WKG/83A03/2021/035", "state": "Arunachal Pradesh", "description_before_coordinates": "West Kameng Dirang- Rungkhung Road Section Slide 2 Dirang- Rungkhung Road Section", "latitude": 27.362444, "longitude": 92.243972, "description_after_coordinates": "Debris Slide NA", "raw_record": "1134 AR/WKG/83A03/2021/035 Arunachal Pradesh West Kameng Dirang- Rungkhung Road Section Slide 2 Dirang- Rungkhung Road Section 27.362444 92.243972 Debris Slide NA", "distance_to_road_m": 374.34, "matched_segment_id": "seg_238496656_2", "matched_road_name": null, "matched_highway_class": "trunk", "match_status": "MATCHED" }, "geometry": { "type": "Point", "coordinates": [ 92.243972, 27.362444 ] } },
{ "type": "Feature", "properties": { "slide_no": 1135, "slide_id": "AR/WKG/83A03/2021/036", "state": "Arunachal Pradesh", "description_before_coordinates": "West Kameng Dirang-Rungkhung Road Section Slide 3 Dirang-Rungkhung Road Section", "latitude": 27.363417, "longitude": 92.24375, "description_after_coordinates": "Debris Slide NA", "raw_record": "1135 AR/WKG/83A03/2021/036 Arunachal Pradesh West Kameng Dirang-Rungkhung Road Section Slide 3 Dirang-Rungkhung Road Section 27.363417 92.24375 Debris Slide NA", "distance_to_road_m": 404.11, "matched_segment_id": "seg_238496656_2", "matched_road_name": null, "matched_highway_class": "trunk", "match_status": "MATCHED" }, "geometry": { "type": "Point", "coordinates": [ 92.24375, 27.363417 ] } },
{ "type": "Feature", "properties": { "slide_no": 1137, "slide_id": "AR/WKG/83A03/2021/037", "state": "Arunachal Pradesh", "description_before_coordinates": "West Kameng Dirang Town Baptist Church Slide 1 Dirang-Rungkhung Road Section", "latitude": 27.367611, "longitude": 92.2415, "description_after_coordinates": "Debris Slide NA", "raw_record": "1137 AR/WKG/83A03/2021/037 Arunachal Pradesh West Kameng Dirang Town Baptist Church Slide 1 Dirang-Rungkhung Road Section 27.367611 92.2415 Debris Slide NA", "distance_to_road_m": 451.63, "matched_segment_id": "seg_238496656_2", "matched_road_name": null, "matched_highway_class": "trunk", "match_status": "MATCHED" }, "geometry": { "type": "Point", "coordinates": [ 92.2415, 27.367611 ] } },
{ "type": "Feature", "properties": { "slide_no": 1138, "slide_id": "AR/WKG/83A03/2021/038", "state": "Arunachal Pradesh", "description_before_coordinates": "West Kameng Dirang Town Baptist Church Slide 2 Dirang-Rungkhung Road Section", "latitude": 27.368333, "longitude": 92.241583, "description_after_coordinates": "Debris Slide NA", "raw_record": "1138 AR/WKG/83A03/2021/038 Arunachal Pradesh West Kameng Dirang Town Baptist Church Slide 2 Dirang-Rungkhung Road Section 27.368333 92.241583 Debris Slide NA", "distance_to_road_m": 467.68, "matched_segment_id": "seg_238496656_2", "matched_road_name": null, "matched_highway_class": "trunk", "match_status": "MATCHED" }, "geometry": { "type": "Point", "coordinates": [ 92.241583, 27.368333 ] } },
{ "type": "Feature", "properties": { "slide_no": 1140, "slide_id": "AR/WKG/83A03/2021/024", "state": "Arunachal Pradesh", "description_before_coordinates": "West Kameng NH 13 Slide 21 NH 13/ W of Milumkang", "latitude": 27.394306, "longitude": 92.157333, "description_after_coordinates": "Rock Slide NA", "raw_record": "1140 AR/WKG/83A03/2021/024 Arunachal Pradesh West Kameng NH 13 Slide 21 NH 13/ W of Milumkang 27.394306 92.157333 Rock Slide NA", "distance_to_road_m": 20.29, "matched_segment_id": "seg_238491396_0", "matched_road_name": null, "matched_highway_class": "trunk", "match_status": "MATCHED" }, "geometry": { "type": "Point", "coordinates": [ 92.157333, 27.394306 ] } },
{ "type": "Feature", "properties": { "slide_no": 1141, "slide_id": "AR/WKG/83A03/2021/023", "state": "Arunachal Pradesh", "description_before_coordinates": "West Kameng NH 13 Slide 20 NH 13/ W of Milumkang", "latitude": 27.395444, "longitude": 92.164167, "description_after_coordinates": "Debris Slide NA", "raw_record": "1141 AR/WKG/83A03/2021/023 Arunachal Pradesh West Kameng NH 13 Slide 20 NH 13/ W of Milumkang 27.395444 92.164167 Debris Slide NA", "distance_to_road_m": 9.4, "matched_segment_id": "seg_238491396_0", "matched_road_name": null, "matched_highway_class": "trunk", "match_status": "MATCHED" }, "geometry": { "type": "Point", "coordinates": [ 92.164167, 27.395444 ] } },
{ "type": "Feature", "properties": { "slide_no": 1142, "slide_id": "AR/WKG/83A03/2021/022", "state": "Arunachal Pradesh", "description_before_coordinates": "West Kameng NH 13 Slide 19 NH 13/ W of Milumkang", "latitude": 27.396722, "longitude": 92.163861, "description_after_coordinates": "Rock Slide NA", "raw_record": "1142 AR/WKG/83A03/2021/022 Arunachal Pradesh West Kameng NH 13 Slide 19 NH 13/ W of Milumkang 27.396722 92.163861 Rock Slide NA", "distance_to_road_m": 88.97, "matched_segment_id": "seg_238491396_0", "matched_road_name": null, "matched_highway_class": "trunk", "match_status": "MATCHED" }, "geometry": { "type": "Point", "coordinates": [ 92.163861, 27.396722 ] } },
{ "type": "Feature", "properties": { "slide_no": 1143, "slide_id": "AR/WKG/83A03/2021/025", "state": "Arunachal Pradesh", "description_before_coordinates": "West Kameng NH 13 Slide 22 NH 13/ NW of Milumkang", "latitude": 27.403722, "longitude": 92.141056, "description_after_coordinates": "Debris Slide NA", "raw_record": "1143 AR/WKG/83A03/2021/025 Arunachal Pradesh West Kameng NH 13 Slide 22 NH 13/ NW of Milumkang 27.403722 92.141056 Debris Slide NA", "distance_to_road_m": 1.56, "matched_segment_id": "seg_238491396_0", "matched_road_name": null, "matched_highway_class": "trunk", "match_status": "MATCHED" }, "geometry": { "type": "Point", "coordinates": [ 92.141056, 27.403722 ] } },
{ "type": "Feature", "properties": { "slide_no": 1144, "slide_id": "AR/WKG/83A03/2021/032", "state": "Arunachal Pradesh", "description_before_coordinates": "West Kameng NH 13 Slide 29 NH 13/ S of Nyakmadung", "latitude": 27.405861, "longitude": 92.133778, "description_after_coordinates": "Debris Slide NA", "raw_record": "1144 AR/WKG/83A03/2021/032 Arunachal Pradesh West Kameng NH 13 Slide 29 NH 13/ S of Nyakmadung 27.405861 92.133778 Debris Slide NA", "distance_to_road_m": 8.7, "matched_segment_id": "seg_238491396_0", "matched_road_name": null, "matched_highway_class": "trunk", "match_status": "MATCHED" }, "geometry": { "type": "Point", "coordinates": [ 92.133778, 27.405861 ] } },
{ "type": "Feature", "properties": { "slide_no": 1145, "slide_id": "AR/WKG/83A07/2021/033", "state": "Arunachal Pradesh", "description_before_coordinates": "West Kameng NH 13 Slide 30 NH 13/ S of Nyakmadung", "latitude": 27.409778, "longitude": 92.132167, "description_after_coordinates": "Soil Slide NA", "raw_record": "1145 AR/WKG/83A07/2021/033 Arunachal Pradesh West Kameng NH 13 Slide 30 NH 13/ S of Nyakmadung 27.409778 92.132167 Soil Slide NA", "distance_to_road_m": 16.16, "matched_segment_id": "seg_238491396_0", "matched_road_name": null, "matched_highway_class": "trunk", "match_status": "MATCHED" }, "geometry": { "type": "Point", "coordinates": [ 92.132167, 27.409778 ] } },
{ "type": "Feature", "properties": { "slide_no": 1153, "slide_id": "AR/WKG/83A03/2021/026", "state": "Arunachal Pradesh", "description_before_coordinates": "West Kameng NH 13 Slide 23 NH 13/ NW of Milumkang", "latitude": 27.433056, "longitude": 92.123583, "description_after_coordinates": "Soil Slide NA", "raw_record": "1153 AR/WKG/83A03/2021/026 Arunachal Pradesh West Kameng NH 13 Slide 23 NH 13/ NW of Milumkang 27.433056 92.123583 Soil Slide NA", "distance_to_road_m": 3.9, "matched_segment_id": "seg_284662840_0", "matched_road_name": null, "matched_highway_class": "trunk", "match_status": "MATCHED" }, "geometry": { "type": "Point", "coordinates": [ 92.123583, 27.433056 ] } },
{ "type": "Feature", "properties": { "slide_no": 1157, "slide_id": "AR/WKG/83A03/2021/027", "state": "Arunachal Pradesh", "description_before_coordinates": "West Kameng NH 13 Slide 24 NH 13/ S of Shomtsher", "latitude": 27.441361, "longitude": 92.117417, "description_after_coordinates": "Debris Slide NA", "raw_record": "1157 AR/WKG/83A03/2021/027 Arunachal Pradesh West Kameng NH 13 Slide 24 NH 13/ S of Shomtsher 27.441361 92.117417 Debris Slide NA", "distance_to_road_m": 6.35, "matched_segment_id": "seg_284662840_0", "matched_road_name": null, "matched_highway_class": "trunk", "match_status": "MATCHED" }, "geometry": { "type": "Point", "coordinates": [ 92.117417, 27.441361 ] } },
{ "type": "Feature", "properties": { "slide_no": 1164, "slide_id": "AR/WKG/83A03/2021/028", "state": "Arunachal Pradesh", "description_before_coordinates": "West Kameng NH 13 Slide 25 NH 13/ NE of Senge", "latitude": 27.456278, "longitude": 92.109556, "description_after_coordinates": "Debris Slide NA", "raw_record": "1164 AR/WKG/83A03/2021/028 Arunachal Pradesh West Kameng NH 13 Slide 25 NH 13/ NE of Senge 27.456278 92.109556 Debris Slide NA", "distance_to_road_m": 7.76, "matched_segment_id": "seg_284662840_0", "matched_road_name": null, "matched_highway_class": "trunk", "match_status": "MATCHED" }, "geometry": { "type": "Point", "coordinates": [ 92.109556, 27.456278 ] } },
{ "type": "Feature", "properties": { "slide_no": 1167, "slide_id": "AP/WK/83E12/2008/A-12", "state": "Arunachal Pradesh", "description_before_coordinates": "West Kameng Slide on Dirang -Tawang road", "latitude": 27.460278, "longitude": 92.110278, "description_after_coordinates": "Rock Fall 2008", "raw_record": "1167 AP/WK/83E12/2008/A-12 Arunachal Pradesh West Kameng Slide on Dirang -Tawang road  27.460278 92.110278 Rock Fall 2008", "distance_to_road_m": 69.39, "matched_segment_id": "seg_284662840_0", "matched_road_name": null, "matched_highway_class": "trunk", "match_status": "MATCHED" }, "geometry": { "type": "Point", "coordinates": [ 92.110278, 27.460278 ] } },
{ "type": "Feature", "properties": { "slide_no": 1177, "slide_id": "AR/WKG/83A03/2021/029", "state": "Arunachal Pradesh", "description_before_coordinates": "West Kameng NH 13 Slide 26 NH 13/ N of Ngotengnang", "latitude": 27.483667, "longitude": 92.10925, "description_after_coordinates": "Rock Slide NA", "raw_record": "1177 AR/WKG/83A03/2021/029 Arunachal Pradesh West Kameng NH 13 Slide 26 NH 13/ N of Ngotengnang 27.483667 92.10925 Rock Slide NA", "distance_to_road_m": 3.3, "matched_segment_id": "seg_884729744_0", "matched_road_name": null, "matched_highway_class": "secondary", "match_status": "MATCHED" }, "geometry": { "type": "Point", "coordinates": [ 92.10925, 27.483667 ] } },
{ "type": "Feature", "properties": { "slide_no": 1178, "slide_id": "AR/WKG/83A03/2021/030", "state": "Arunachal Pradesh", "description_before_coordinates": "West Kameng NH 13 Slide 27 NH 13/ NW of Kalobtse Mani", "latitude": 27.496333, "longitude": 92.104333, "description_after_coordinates": "Rock Slide NA", "raw_record": "1178 AR/WKG/83A03/2021/030 Arunachal Pradesh West Kameng NH 13 Slide 27 NH 13/ NW of Kalobtse Mani 27.496333 92.104333 Rock Slide NA", "distance_to_road_m": 10.43, "matched_segment_id": "seg_884729744_0", "matched_road_name": null, "matched_highway_class": "secondary", "match_status": "MATCHED" }, "geometry": { "type": "Point", "coordinates": [ 92.104333, 27.496333 ] } },
{ "type": "Feature", "properties": { "slide_no": 1179, "slide_id": "AR/WKG/83A03/2021/031", "state": "Arunachal Pradesh", "description_before_coordinates": "West Kameng NH 13 Slide 28 NH 13/ NW of Kalobtse Mani", "latitude": 27.497222, "longitude": 92.104667, "description_after_coordinates": "Debris Slide NA", "raw_record": "1179 AR/WKG/83A03/2021/031 Arunachal Pradesh West Kameng NH 13 Slide 28 NH 13/ NW of Kalobtse Mani 27.497222 92.104667 Debris Slide NA", "distance_to_road_m": 3.86, "matched_segment_id": "seg_884729744_0", "matched_road_name": null, "matched_highway_class": "secondary", "match_status": "MATCHED" }, "geometry": { "type": "Point", "coordinates": [ 92.104667, 27.497222 ] } },
{ "type": "Feature", "properties": { "slide_no": 1180, "slide_id": "AP/WK/78M14/2008/A-13", "state": "Arunachal Pradesh", "description_before_coordinates": "West Kameng Slide at 5 km SE from Tawang", "latitude": 27.512278, "longitude": 91.875556, "description_after_coordinates": "NA Flow 2008", "raw_record": "1180 AP/WK/78M14/2008/A-13 Arunachal Pradesh West Kameng Slide at 5 km SE from Tawang  27.512278 91.875556 NA Flow 2008", "distance_to_road_m": 5656.92, "matched_segment_id": null, "matched_road_name": null, "matched_highway_class": null, "match_status": "UNMATCHED" }, "geometry": { "type": "Point", "coordinates": [ 91.875556, 27.512278 ] } },
{ "type": "Feature", "properties": { "slide_no": 1218, "slide_id": "ARN/TWG/FM/2016-17/01", "state": "Arunachal Pradesh", "description_before_coordinates": "Tawang Famla Slide", "latitude": 27.58741667, "longitude": 91.88694444, "description_after_coordinates": "Debris Slide 22 April 2016", "raw_record": "1218 ARN/TWG/FM/2016-17/01 Arunachal Pradesh Tawang Famla Slide 27.58741667 91.88694444 Debris Slide 22 April 2016", "distance_to_road_m": 368.77, "matched_segment_id": "seg_540412989_0", "matched_road_name": null, "matched_highway_class": "trunk", "match_status": "MATCHED" }, "geometry": { "type": "Point", "coordinates": [ 91.88694444, 27.58741667 ] } },
{ "type": "Feature", "properties": { "slide_no": 1219, "slide_id": "ARN/TWG/FM/2016-17/02", "state": "Arunachal Pradesh", "description_before_coordinates": "Tawang Famla Slide", "latitude": 27.58741667, "longitude": 91.88694444, "description_after_coordinates": "Earth / soil Slide 22 April 2016", "raw_record": "1219 ARN/TWG/FM/2016-17/02 Arunachal Pradesh Tawang Famla Slide 27.58741667 91.88694444 Earth / soil Slide 22 April 2016", "distance_to_road_m": 368.77, "matched_segment_id": "seg_540412989_0", "matched_road_name": null, "matched_highway_class": "trunk", "match_status": "MATCHED" }, "geometry": { "type": "Point", "coordinates": [ 91.88694444, 27.58741667 ] } },
{ "type": "Feature", "properties": { "slide_no": 1220, "slide_id": "ARN/TWG/NYD/2016-17/06", "state": "Arunachal Pradesh", "description_before_coordinates": "Tawang Nyungmadung Slide", "latitude": 27.59152778, "longitude": 91.88044444000001, "description_after_coordinates": "Earth / soil Flows 23 April 2016", "raw_record": "1220 ARN/TWG/NYD/2016-17/06 Arunachal Pradesh Tawang Nyungmadung Slide 27.59152778 91.88044444 Earth / soil Flows 23 April 2016", "distance_to_road_m": 116.33, "matched_segment_id": "seg_560851692_0", "matched_road_name": null, "matched_highway_class": "trunk", "match_status": "MATCHED" }, "geometry": { "type": "Point", "coordinates": [ 91.88044444, 27.59152778 ] } },
{ "type": "Feature", "properties": { "slide_no": 1221, "slide_id": "ARN/TWG/RBR/2016-17/17", "state": "Arunachal Pradesh", "description_before_coordinates": "Tawang Rabrang Sinking zone", "latitude": 27.58647222, "longitude": 91.89636111, "description_after_coordinates": "Earth/Soil/Debris Sinking/subside nce NA", "raw_record": "1221 ARN/TWG/RBR/2016-17/17 Arunachal Pradesh Tawang Rabrang Sinking zone 27.58647222 91.89636111 Earth/Soil/Debris Sinking/subside nce NA", "distance_to_road_m": 443.36, "matched_segment_id": "seg_540412989_0", "matched_road_name": null, "matched_highway_class": "trunk", "match_status": "MATCHED" }, "geometry": { "type": "Point", "coordinates": [ 91.89636111, 27.58647222 ] } },
{ "type": "Feature", "properties": { "slide_no": 1222, "slide_id": "ARN/TWG/KHT/2016-17/20", "state": "Arunachal Pradesh", "description_before_coordinates": "Tawang Khangteng Slide", "latitude": 27.50994444, "longitude": 91.85486111, "description_after_coordinates": "Earth Slide 2016", "raw_record": "1222 ARN/TWG/KHT/2016-17/20 Arunachal Pradesh Tawang Khangteng Slide 27.50994444 91.85486111 Earth Slide 2016", "distance_to_road_m": 5450.66, "matched_segment_id": null, "matched_road_name": null, "matched_highway_class": null, "match_status": "UNMATCHED" }, "geometry": { "type": "Point", "coordinates": [ 91.85486111, 27.50994444 ] } },
{ "type": "Feature", "properties": { "slide_no": 1223, "slide_id": "ARN/TWNG/78M14/2016/0015", "state": "Arunachal Pradesh", "description_before_coordinates": "Tawang Khardung slide 2016", "latitude": 27.561083, "longitude": 91.911528, "description_after_coordinates": "Debris Slide 2016", "raw_record": "1223 ARN/TWNG/78M14/2016/0015 Arunachal Pradesh Tawang Khardung slide 2016 27.561083 91.911528 Debris Slide 2016", "distance_to_road_m": 1274.66, "matched_segment_id": null, "matched_road_name": null, "matched_highway_class": null, "match_status": "UNMATCHED" }, "geometry": { "type": "Point", "coordinates": [ 91.911528, 27.561083 ] } },
{ "type": "Feature", "properties": { "slide_no": 1233, "slide_id": "AR/WKG/78M14/2021/003", "state": "Arunachal Pradesh", "description_before_coordinates": "Tawang NH 13 Slide 35 NH 13", "latitude": 27.576806, "longitude": 91.993444, "description_after_coordinates": "Debris Slide NA", "raw_record": "1233 AR/WKG/78M14/2021/003 Arunachal Pradesh Tawang NH 13 Slide 35 NH 13 27.576806 91.993444 Debris Slide NA", "distance_to_road_m": 1.74, "matched_segment_id": "seg_1172016260_1", "matched_road_name": null, "matched_highway_class": "trunk", "match_status": "MATCHED" }, "geometry": { "type": "Point", "coordinates": [ 91.993444, 27.576806 ] } },
{ "type": "Feature", "properties": { "slide_no": 1234, "slide_id": "ARN/TWNG/78M14/2016/0018", "state": "Arunachal Pradesh", "description_before_coordinates": "Tawang Dumgin Road sinking", "latitude": 27.579, "longitude": 91.868639, "description_after_coordinates": "NA Subsidence 2016", "raw_record": "1234 ARN/TWNG/78M14/2016/0018 Arunachal Pradesh Tawang Dumgin Road sinking  27.579 91.868639 NA Subsidence 2016", "distance_to_road_m": 152.25, "matched_segment_id": "seg_560851692_1", "matched_road_name": null, "matched_highway_class": "trunk", "match_status": "MATCHED" }, "geometry": { "type": "Point", "coordinates": [ 91.868639, 27.579 ] } },
{ "type": "Feature", "properties": { "slide_no": 1235, "slide_id": "AR/TAW/78M14/2014/22", "state": "Arunachal Pradesh", "description_before_coordinates": "Tawang  NH-13", "latitude": 27.58006, "longitude": 91.97728, "description_after_coordinates": "Rock cum Debris Slide 2013", "raw_record": "1235 AR/TAW/78M14/2014/22 Arunachal Pradesh Tawang  NH-13 27.58006 91.97728 Rock cum Debris Slide 2013", "distance_to_road_m": 57.47, "matched_segment_id": "seg_1172016260_0", "matched_road_name": null, "matched_highway_class": "trunk", "match_status": "MATCHED" }, "geometry": { "type": "Point", "coordinates": [ 91.97728, 27.58006 ] } },
{ "type": "Feature", "properties": { "slide_no": 1236, "slide_id": "AR/WKG/78M14/2021/002", "state": "Arunachal Pradesh", "description_before_coordinates": "Tawang Four Bridge Camp Slide NH 13", "latitude": 27.583611, "longitude": 91.973056, "description_after_coordinates": "Debris Slide NA Sl.No. Slide_No State District Slide_Name NH_SH_Location Latitude Longitude Material Involved Movement Type History", "raw_record": "1236 AR/WKG/78M14/2021/002 Arunachal Pradesh Tawang Four Bridge Camp Slide NH 13 27.583611 91.973056 Debris Slide NA Sl.No. Slide_No State District Slide_Name NH_SH_Location Latitude Longitude Material Involved Movement Type History", "distance_to_road_m": 5.29, "matched_segment_id": "seg_1172016260_0", "matched_road_name": null, "matched_highway_class": "trunk", "match_status": "MATCHED" }, "geometry": { "type": "Point", "coordinates": [ 91.973056, 27.583611 ] } },
{ "type": "Feature", "properties": { "slide_no": 1237, "slide_id": "AP/TAW/78M14-SE/2009-10/AR-", "state": "Arunachal Pradesh", "description_before_coordinates": "Tawang Tawang Monastery/Arunachal Pradesh", "latitude": 27.584639, "longitude": 91.860917, "description_after_coordinates": "Rock cum Debris  NA", "raw_record": "1237 AP/TAW/78M14-SE/2009-10/AR- 1B Arunachal Pradesh Tawang Tawang Monastery/Arunachal Pradesh 27.584639 91.860917 Rock cum Debris  NA", "distance_to_road_m": 474.75, "matched_segment_id": "seg_972662965_0", "matched_road_name": null, "matched_highway_class": "tertiary", "match_status": "MATCHED" }, "geometry": { "type": "Point", "coordinates": [ 91.860917, 27.584639 ] } },
{ "type": "Feature", "properties": { "slide_no": 1238, "slide_id": "AP/TAW/78M14-SE/2009-10/AR-", "state": "Arunachal Pradesh", "description_before_coordinates": "Tawang Tawang Monastery/Arunachal Pradesh", "latitude": 27.584639, "longitude": 91.860917, "description_after_coordinates": "Rock cum Debris  NA", "raw_record": "1238 AP/TAW/78M14-SE/2009-10/AR- 1C Arunachal Pradesh Tawang Tawang Monastery/Arunachal Pradesh 27.584639 91.860917 Rock cum Debris  NA", "distance_to_road_m": 474.75, "matched_segment_id": "seg_972662965_0", "matched_road_name": null, "matched_highway_class": "tertiary", "match_status": "MATCHED" }, "geometry": { "type": "Point", "coordinates": [ 91.860917, 27.584639 ] } },
{ "type": "Feature", "properties": { "slide_no": 1239, "slide_id": "AP/TAW/78M14-SE/2009-10/AR-", "state": "Arunachal Pradesh", "description_before_coordinates": "Tawang Tawang Monastery/Arunachal Pradesh", "latitude": 27.584639, "longitude": 91.860917, "description_after_coordinates": "Rock cum Debris  NA", "raw_record": "1239 AP/TAW/78M14-SE/2009-10/AR- 1A Arunachal Pradesh Tawang Tawang Monastery/Arunachal Pradesh 27.584639 91.860917 Rock cum Debris  NA", "distance_to_road_m": 474.75, "matched_segment_id": "seg_972662965_0", "matched_road_name": null, "matched_highway_class": "tertiary", "match_status": "MATCHED" }, "geometry": { "type": "Point", "coordinates": [ 91.860917, 27.584639 ] } },
{ "type": "Feature", "properties": { "slide_no": 1240, "slide_id": "ARN/TWNG/787M14/2016/002", "state": "Arunachal Pradesh", "description_before_coordinates": "Tawang Khremithang slide", "latitude": 27.586694, "longitude": 91.871444, "description_after_coordinates": "NA Slide 2016", "raw_record": "1240 ARN/TWNG/787M14/2016/002 1 Arunachal Pradesh Tawang Khremithang slide 27.586694 91.871444 NA Slide 2016", "distance_to_road_m": 60.98, "matched_segment_id": "seg_1112682378_0", "matched_road_name": null, "matched_highway_class": "tertiary", "match_status": "MATCHED" }, "geometry": { "type": "Point", "coordinates": [ 91.871444, 27.586694 ] } },
{ "type": "Feature", "properties": { "slide_no": 1241, "slide_id": "ARN/TWNG/78M14/2016/0001", "state": "Arunachal Pradesh", "description_before_coordinates": "Tawang Famla Slide", "latitude": 27.587417, "longitude": 91.886944, "description_after_coordinates": "Debris Slide 22 April 2016", "raw_record": "1241 ARN/TWNG/78M14/2016/0001 Arunachal Pradesh Tawang Famla Slide  27.587417 91.886944 Debris Slide 22 April 2016", "distance_to_road_m": 368.82, "matched_segment_id": "seg_540412989_0", "matched_road_name": null, "matched_highway_class": "trunk", "match_status": "MATCHED" }, "geometry": { "type": "Point", "coordinates": [ 91.886944, 27.587417 ] } },
{ "type": "Feature", "properties": { "slide_no": 1242, "slide_id": "ARN/TWNG/78M14/2016/0002", "state": "Arunachal Pradesh", "description_before_coordinates": "Tawang Famla Slide", "latitude": 27.587417, "longitude": 91.886944, "description_after_coordinates": "NA Slide 22 April 2016", "raw_record": "1242 ARN/TWNG/78M14/2016/0002 Arunachal Pradesh Tawang Famla Slide  27.587417 91.886944 NA Slide 22 April 2016", "distance_to_road_m": 368.82, "matched_segment_id": "seg_540412989_0", "matched_road_name": null, "matched_highway_class": "trunk", "match_status": "MATCHED" }, "geometry": { "type": "Point", "coordinates": [ 91.886944, 27.587417 ] } },
{ "type": "Feature", "properties": { "slide_no": 1243, "slide_id": "ARN/TWNG/78M14/2016/0016", "state": "Arunachal Pradesh", "description_before_coordinates": "Tawang Bomdir Supply Slide (Army)", "latitude": 27.587611, "longitude": 91.894167, "description_after_coordinates": "Debris Slide 2016", "raw_record": "1243 ARN/TWNG/78M14/2016/0016 Arunachal Pradesh Tawang Bomdir Supply Slide (Army)  27.587611 91.894167 Debris Slide 2016", "distance_to_road_m": 241.56, "matched_segment_id": "seg_540412989_0", "matched_road_name": null, "matched_highway_class": "trunk", "match_status": "MATCHED" }, "geometry": { "type": "Point", "coordinates": [ 91.894167, 27.587611 ] } },
{ "type": "Feature", "properties": { "slide_no": 1244, "slide_id": "ARN/TWG/78M14/2016/0028", "state": "Arunachal Pradesh", "description_before_coordinates": "Tawang Govt. Girl Hr. Sec. School Slide Locality", "latitude": 27.589, "longitude": 91.873194, "description_after_coordinates": "Earth Slide 2016", "raw_record": "1244 ARN/TWG/78M14/2016/0028 Arunachal Pradesh Tawang Govt. Girl Hr. Sec. School Slide Locality 27.589 91.873194 Earth Slide 2016", "distance_to_road_m": 197.19, "matched_segment_id": "seg_1113108547_0", "matched_road_name": null, "matched_highway_class": "tertiary", "match_status": "MATCHED" }, "geometry": { "type": "Point", "coordinates": [ 91.873194, 27.589 ] } },
{ "type": "Feature", "properties": { "slide_no": 1245, "slide_id": "ARN/TWNG/78M14/2016/0019", "state": "Arunachal Pradesh", "description_before_coordinates": "Tawang Thongleng Slide", "latitude": 27.58925, "longitude": 91.795667, "description_after_coordinates": "Rock cum Debris Slide 2016", "raw_record": "1245 ARN/TWNG/78M14/2016/0019 Arunachal Pradesh Tawang Thongleng Slide  27.58925 91.795667 Rock cum Debris Slide 2016", "distance_to_road_m": 1022.48, "matched_segment_id": null, "matched_road_name": null, "matched_highway_class": null, "match_status": "UNMATCHED" }, "geometry": { "type": "Point", "coordinates": [ 91.795667, 27.58925 ] } },
{ "type": "Feature", "properties": { "slide_no": 1246, "slide_id": "ARN/TWNG/78M14/2016/0022", "state": "Arunachal Pradesh", "description_before_coordinates": "Tawang New Lebrang slide", "latitude": 27.589417, "longitude": 91.861444, "description_after_coordinates": "NA Slide 23 April 2016", "raw_record": "1246 ARN/TWNG/78M14/2016/0022 Arunachal Pradesh Tawang New Lebrang slide  27.589417 91.861444 NA Slide 23 April 2016", "distance_to_road_m": 243.86, "matched_segment_id": "seg_972662965_0", "matched_road_name": null, "matched_highway_class": "tertiary", "match_status": "MATCHED" }, "geometry": { "type": "Point", "coordinates": [ 91.861444, 27.589417 ] } },
{ "type": "Feature", "properties": { "slide_no": 1247, "slide_id": "ARN/TWNG/78M14/2016/0007", "state": "Arunachal Pradesh", "description_before_coordinates": "Tawang Nyungmadung Slide near 4, 55 Bn. ITBP camp", "latitude": 27.589889, "longitude": 91.881194, "description_after_coordinates": "NA Slide 2016", "raw_record": "1247 ARN/TWNG/78M14/2016/0007 Arunachal Pradesh Tawang Nyungmadung Slide near 4, 55 Bn. ITBP camp 27.589889 91.881194 NA Slide 2016", "distance_to_road_m": 111.04, "matched_segment_id": "seg_560851692_0", "matched_road_name": null, "matched_highway_class": "trunk", "match_status": "MATCHED" }, "geometry": { "type": "Point", "coordinates": [ 91.881194, 27.589889 ] } },
{ "type": "Feature", "properties": { "slide_no": 1248, "slide_id": "ARN/TWG/78M14/2016/0029", "state": "Arunachal Pradesh", "description_before_coordinates": "Tawang New Market Sinking zone Locality", "latitude": 27.590556, "longitude": 91.867667, "description_after_coordinates": "Debris Subsidence 2016", "raw_record": "1248 ARN/TWG/78M14/2016/0029 Arunachal Pradesh Tawang New Market Sinking zone Locality 27.590556 91.867667 Debris Subsidence 2016", "distance_to_road_m": 58.52, "matched_segment_id": "seg_1113108547_0", "matched_road_name": null, "matched_highway_class": "tertiary", "match_status": "MATCHED" }, "geometry": { "type": "Point", "coordinates": [ 91.867667, 27.590556 ] } },
{ "type": "Feature", "properties": { "slide_no": 1249, "slide_id": "ARN/TWG/78M14/2016/0030", "state": "Arunachal Pradesh", "description_before_coordinates": "Tawang WRD Slide (North) Locality", "latitude": 27.590639, "longitude": 91.876806, "description_after_coordinates": "Earth Slide 2016", "raw_record": "1249 ARN/TWG/78M14/2016/0030 Arunachal Pradesh Tawang WRD Slide (North) Locality 27.590639 91.876806 Earth Slide 2016", "distance_to_road_m": 157.81, "matched_segment_id": "seg_560851692_0", "matched_road_name": null, "matched_highway_class": "trunk", "match_status": "MATCHED" }, "geometry": { "type": "Point", "coordinates": [ 91.876806, 27.590639 ] } },
{ "type": "Feature", "properties": { "slide_no": 1250, "slide_id": "ARN/TWG/78M14/2016/0031", "state": "Arunachal Pradesh", "description_before_coordinates": "Tawang WRD Slide (South) Locality", "latitude": 27.590639, "longitude": 91.876806, "description_after_coordinates": "Debris Slide 2016", "raw_record": "1250 ARN/TWG/78M14/2016/0031 Arunachal Pradesh Tawang WRD Slide (South) Locality 27.590639 91.876806 Debris Slide 2016", "distance_to_road_m": 157.81, "matched_segment_id": "seg_560851692_0", "matched_road_name": null, "matched_highway_class": "trunk", "match_status": "MATCHED" }, "geometry": { "type": "Point", "coordinates": [ 91.876806, 27.590639 ] } },
{ "type": "Feature", "properties": { "slide_no": 1251, "slide_id": "ARN/TWNG/78M14/2016/0004", "state": "Arunachal Pradesh", "description_before_coordinates": "Tawang Namet Slide", "latitude": 27.591389, "longitude": 91.9025, "description_after_coordinates": "Rock cum Debris Slide 23 April 2016", "raw_record": "1251 ARN/TWNG/78M14/2016/0004 Arunachal Pradesh Tawang Namet Slide  27.591389 91.9025 Rock cum Debris Slide 23 April 2016", "distance_to_road_m": 177.01, "matched_segment_id": "seg_238491033_0", "matched_road_name": null, "matched_highway_class": "trunk", "match_status": "MATCHED" }, "geometry": { "type": "Point", "coordinates": [ 91.9025, 27.591389 ] } },
{ "type": "Feature", "properties": { "slide_no": 1252, "slide_id": "AR/WKG/78M14/2021/001", "state": "Arunachal Pradesh", "description_before_coordinates": "Tawang NH 13 Slide 34 NH 13/ S of Jangda", "latitude": 27.591417, "longitude": 91.973083, "description_after_coordinates": "Soil Slide NA", "raw_record": "1252 AR/WKG/78M14/2021/001 Arunachal Pradesh Tawang NH 13 Slide 34 NH 13/ S of Jangda 27.591417 91.973083 Soil Slide NA", "distance_to_road_m": 666.41, "matched_segment_id": null, "matched_road_name": null, "matched_highway_class": null, "match_status": "UNMATCHED" }, "geometry": { "type": "Point", "coordinates": [ 91.973083, 27.591417 ] } },
{ "type": "Feature", "properties": { "slide_no": 1253, "slide_id": "ARN/TWNG/78M14/2016/0006", "state": "Arunachal Pradesh", "description_before_coordinates": "Tawang Nyungmadung Slide", "latitude": 27.591528, "longitude": 91.880444, "description_after_coordinates": "NA Flow 2016", "raw_record": "1253 ARN/TWNG/78M14/2016/0006 Arunachal Pradesh Tawang Nyungmadung Slide  27.591528 91.880444 NA Flow 2016", "distance_to_road_m": 116.3, "matched_segment_id": "seg_560851692_0", "matched_road_name": null, "matched_highway_class": "trunk", "match_status": "MATCHED" }, "geometry": { "type": "Point", "coordinates": [ 91.880444, 27.591528 ] } },
{ "type": "Feature", "properties": { "slide_no": 1254, "slide_id": "ARN/TWNG/78M14/2016/0008", "state": "Arunachal Pradesh", "description_before_coordinates": "Tawang All India Radio Colony Slide", "latitude": 27.591806, "longitude": 91.865028, "description_after_coordinates": "NA Fall 22 April 2016", "raw_record": "1254 ARN/TWNG/78M14/2016/0008 Arunachal Pradesh Tawang All India Radio Colony Slide  27.591806 91.865028 NA Fall 22 April 2016", "distance_to_road_m": 89.74, "matched_segment_id": "seg_311848756_0", "matched_road_name": null, "matched_highway_class": "tertiary", "match_status": "MATCHED" }, "geometry": { "type": "Point", "coordinates": [ 91.865028, 27.591806 ] } },
{ "type": "Feature", "properties": { "slide_no": 1255, "slide_id": "ARN/TWNG/78M14/2016/0009", "state": "Arunachal Pradesh", "description_before_coordinates": "Tawang Rubrang Slide", "latitude": 27.591833, "longitude": 91.865056, "description_after_coordinates": "Debris Flow 2016", "raw_record": "1255 ARN/TWNG/78M14/2016/0009 Arunachal Pradesh Tawang Rubrang Slide  27.591833 91.865056 Debris Flow 2016", "distance_to_road_m": 92.59, "matched_segment_id": "seg_311848756_0", "matched_road_name": null, "matched_highway_class": "tertiary", "match_status": "MATCHED" }, "geometry": { "type": "Point", "coordinates": [ 91.865056, 27.591833 ] } },
{ "type": "Feature", "properties": { "slide_no": 1256, "slide_id": "ARN/TWNG/78M14/2016/0011", "state": "Arunachal Pradesh", "description_before_coordinates": "Tawang Topon Colony slide", "latitude": 27.592639, "longitude": 91.867528, "description_after_coordinates": "NA Slide 2016", "raw_record": "1256 ARN/TWNG/78M14/2016/0011 Arunachal Pradesh Tawang Topon Colony slide  27.592639 91.867528 NA Slide 2016", "distance_to_road_m": 7.17, "matched_segment_id": "seg_311848756_0", "matched_road_name": null, "matched_highway_class": "tertiary", "match_status": "MATCHED" }, "geometry": { "type": "Point", "coordinates": [ 91.867528, 27.592639 ] } },
{ "type": "Feature", "properties": { "slide_no": 1257, "slide_id": "ARN/TWNG/78M14/2016/0012", "state": "Arunachal Pradesh", "description_before_coordinates": "Tawang Rubray (Shyo) Slide", "latitude": 27.592667, "longitude": 91.866222, "description_after_coordinates": "Debris Flow 2016", "raw_record": "1257 ARN/TWNG/78M14/2016/0012 Arunachal Pradesh Tawang Rubray (Shyo) Slide  27.592667 91.866222 Debris Flow 2016", "distance_to_road_m": 93.58, "matched_segment_id": "seg_311848756_0", "matched_road_name": null, "matched_highway_class": "tertiary", "match_status": "MATCHED" }, "geometry": { "type": "Point", "coordinates": [ 91.866222, 27.592667 ] } },
{ "type": "Feature", "properties": { "slide_no": 1258, "slide_id": "ARN/TWNG/78M14/2016/0010", "state": "Arunachal Pradesh", "description_before_coordinates": "Tawang D.C. & S. P. Bungalows Slide", "latitude": 27.593139, "longitude": 91.873889, "description_after_coordinates": "NA Slide 22 April 2016", "raw_record": "1258 ARN/TWNG/78M14/2016/0010 Arunachal Pradesh Tawang D.C. & S. P. Bungalows Slide  27.593139 91.873889 NA Slide 22 April 2016", "distance_to_road_m": 27.78, "matched_segment_id": "seg_560851692_0", "matched_road_name": null, "matched_highway_class": "trunk", "match_status": "MATCHED" }, "geometry": { "type": "Point", "coordinates": [ 91.873889, 27.593139 ] } },
{ "type": "Feature", "properties": { "slide_no": 1259, "slide_id": "ARN/TWNG/78M14/2016/0023", "state": "Arunachal Pradesh", "description_before_coordinates": "Tawang Changpu sinking zone", "latitude": 27.593361, "longitude": 91.879444, "description_after_coordinates": "NA Subsidence 23 April 2016", "raw_record": "1259 ARN/TWNG/78M14/2016/0023 Arunachal Pradesh Tawang Changpu sinking zone  27.593361 91.879444 NA Subsidence 23 April 2016", "distance_to_road_m": 54.55, "matched_segment_id": "seg_560851692_0", "matched_road_name": null, "matched_highway_class": "trunk", "match_status": "MATCHED" }, "geometry": { "type": "Point", "coordinates": [ 91.879444, 27.593361 ] } },
{ "type": "Feature", "properties": { "slide_no": 1260, "slide_id": "ARN/TWNG/78M14/2016/0013", "state": "Arunachal Pradesh", "description_before_coordinates": "Tawang Duda Slide (District Urban Development Authority Colony)", "latitude": 27.594833, "longitude": 91.866417, "description_after_coordinates": "Debris Slide 22 April 2016", "raw_record": "1260 ARN/TWNG/78M14/2016/0013 Arunachal Pradesh Tawang Duda Slide (District Urban Development Authority Colony) 27.594833 91.866417 Debris Slide 22 April 2016", "distance_to_road_m": 148.25, "matched_segment_id": "seg_311848756_0", "matched_road_name": null, "matched_highway_class": "tertiary", "match_status": "MATCHED" }, "geometry": { "type": "Point", "coordinates": [ 91.866417, 27.594833 ] } },
{ "type": "Feature", "properties": { "slide_no": 1261, "slide_id": "ARN/TWNG/78M14/2016/0014", "state": "Arunachal Pradesh", "description_before_coordinates": "Tawang MG Road slide", "latitude": 27.594861, "longitude": 91.866444, "description_after_coordinates": "NA Fall 2016", "raw_record": "1261 ARN/TWNG/78M14/2016/0014 Arunachal Pradesh Tawang MG Road slide  27.594861 91.866444 NA Fall 2016", "distance_to_road_m": 146.57, "matched_segment_id": "seg_311848756_0", "matched_road_name": null, "matched_highway_class": "tertiary", "match_status": "MATCHED" }, "geometry": { "type": "Point", "coordinates": [ 91.866444, 27.594861 ] } },
{ "type": "Feature", "properties": { "slide_no": 1262, "slide_id": "ARN/TWNG/78M14/2016/0003", "state": "Arunachal Pradesh", "description_before_coordinates": "Tawang Shyinteng slide", "latitude": 27.595167, "longitude": 91.895444, "description_after_coordinates": "Debris Slide 2016", "raw_record": "1262 ARN/TWNG/78M14/2016/0003 Arunachal Pradesh Tawang Shyinteng slide  27.595167 91.895444 Debris Slide 2016", "distance_to_road_m": 1.73, "matched_segment_id": "seg_238491033_0", "matched_road_name": null, "matched_highway_class": "trunk", "match_status": "MATCHED" }, "geometry": { "type": "Point", "coordinates": [ 91.895444, 27.595167 ] } },
{ "type": "Feature", "properties": { "slide_no": 1263, "slide_id": "ARN/TWNG/78M14/2016/0005", "state": "Arunachal Pradesh", "description_before_coordinates": "Tawang Khinmai Monastery slide", "latitude": 27.596278, "longitude": 91.894333, "description_after_coordinates": "Debris Slide 2016 Sl.No. Slide_No State District Slide_Name NH_SH_Location Latitude Longitude Material Involved Movement Type History", "raw_record": "1263 ARN/TWNG/78M14/2016/0005 Arunachal Pradesh Tawang Khinmai Monastery slide  27.596278 91.894333 Debris Slide 2016 Sl.No. Slide_No State District Slide_Name NH_SH_Location Latitude Longitude Material Involved Movement Type History", "distance_to_road_m": 79.71, "matched_segment_id": "seg_540412989_0", "matched_road_name": null, "matched_highway_class": "trunk", "match_status": "MATCHED" }, "geometry": { "type": "Point", "coordinates": [ 91.894333, 27.596278 ] } },
{ "type": "Feature", "properties": { "slide_no": 1264, "slide_id": "ARN/TWNG/78M14/2016/0024", "state": "Arunachal Pradesh", "description_before_coordinates": "Tawang SSB Colony slide", "latitude": 27.596639, "longitude": 91.878972, "description_after_coordinates": "Debris Slide 23 April 2016", "raw_record": "1264 ARN/TWNG/78M14/2016/0024 Arunachal Pradesh Tawang SSB Colony slide  27.596639 91.878972 Debris Slide 23 April 2016", "distance_to_road_m": 18.55, "matched_segment_id": "seg_560851692_0", "matched_road_name": null, "matched_highway_class": "trunk", "match_status": "MATCHED" }, "geometry": { "type": "Point", "coordinates": [ 91.878972, 27.596639 ] } },
{ "type": "Feature", "properties": { "slide_no": 1265, "slide_id": "ARN/TWNG/78M14/2016/0025", "state": "Arunachal Pradesh", "description_before_coordinates": "Tawang Q.M. Store slide", "latitude": 27.596639, "longitude": 91.878972, "description_after_coordinates": "Debris Slide 23 April 2016", "raw_record": "1265 ARN/TWNG/78M14/2016/0025 Arunachal Pradesh Tawang Q.M. Store slide  27.596639 91.878972 Debris Slide 23 April 2016", "distance_to_road_m": 18.55, "matched_segment_id": "seg_560851692_0", "matched_road_name": null, "matched_highway_class": "trunk", "match_status": "MATCHED" }, "geometry": { "type": "Point", "coordinates": [ 91.878972, 27.596639 ] } },
{ "type": "Feature", "properties": { "slide_no": 1266, "slide_id": "ARN/TWG/78M14/2016/0026", "state": "Arunachal Pradesh", "description_before_coordinates": "Tawang SSB Workshop (South) Locality", "latitude": 27.599, "longitude": 91.876528, "description_after_coordinates": "Debris Slide 2016", "raw_record": "1266 ARN/TWG/78M14/2016/0026 Arunachal Pradesh Tawang SSB Workshop (South) Locality 27.599 91.876528 Debris Slide 2016", "distance_to_road_m": 244.72, "matched_segment_id": "seg_560851692_0", "matched_road_name": null, "matched_highway_class": "trunk", "match_status": "MATCHED" }, "geometry": { "type": "Point", "coordinates": [ 91.876528, 27.599 ] } },
{ "type": "Feature", "properties": { "slide_no": 1267, "slide_id": "ARN/TWG/78M14/2016/0027", "state": "Arunachal Pradesh", "description_before_coordinates": "Tawang SSB Workshop (North) Locality", "latitude": 27.599806, "longitude": 91.876111, "description_after_coordinates": "Debris Slide 2016", "raw_record": "1267 ARN/TWG/78M14/2016/0027 Arunachal Pradesh Tawang SSB Workshop (North) Locality 27.599806 91.876111 Debris Slide 2016", "distance_to_road_m": 297.41, "matched_segment_id": "seg_560851692_0", "matched_road_name": null, "matched_highway_class": "trunk", "match_status": "MATCHED" }, "geometry": { "type": "Point", "coordinates": [ 91.876111, 27.599806 ] } },
{ "type": "Feature", "properties": { "slide_no": 1433, "slide_id": "AP/AW/91D8/2022/103", "state": "Arunachal Pradesh", "description_before_coordinates": "Anjaw From Khupa/ KVK Anjaw 16.6 kms along NH-13 towards Tezu NH-13 (Anjaw-Tezu road)", "latitude": 28.022471, "longitude": 96.440489, "description_after_coordinates": "Debris Slide NA", "raw_record": "1433 AP/AW/91D8/2022/103 Arunachal Pradesh Anjaw From Khupa/ KVK Anjaw 16.6 kms along NH-13 towards Tezu NH-13 (Anjaw-Tezu road) 28.022471 96.440489 Debris Slide NA", "distance_to_road_m": 369385.58, "matched_segment_id": null, "matched_road_name": null, "matched_highway_class": null, "match_status": "UNMATCHED" }, "geometry": { "type": "Point", "coordinates": [ 96.440489, 28.022471 ] } },
{ "type": "Feature", "properties": { "slide_no": 1435, "slide_id": "AP/AW/91D8/2022/104", "state": "Arunachal Pradesh", "description_before_coordinates": "Anjaw From Khupa/ KVK Anjaw 16.4 kms along NH-13 towards Tezu NH-13 (Anjaw-Tezu road)", "latitude": 28.023491, "longitude": 96.440972, "description_after_coordinates": "Debris Slide NA", "raw_record": "1435 AP/AW/91D8/2022/104 Arunachal Pradesh Anjaw From Khupa/ KVK Anjaw 16.4 kms along NH-13 towards Tezu NH-13 (Anjaw-Tezu road) 28.023491 96.440972 Debris Slide NA", "distance_to_road_m": 369468.17, "matched_segment_id": null, "matched_road_name": null, "matched_highway_class": null, "match_status": "UNMATCHED" }, "geometry": { "type": "Point", "coordinates": [ 96.440972, 28.023491 ] } },
{ "type": "Feature", "properties": { "slide_no": 1438, "slide_id": null, "state": "Arunachal Pradesh", "description_before_coordinates": "East Siang LS-46 NH-13, Komlighat-Pasighat", "latitude": 28.025611, "longitude": 95.271179, "description_after_coordinates": "Debris Slide NA", "raw_record": "1438 AP/E-Siang/82P8/2022/LS46 Arunachal Pradesh East Siang LS-46 NH-13, Komlighat-Pasighat 28.025611 95.271179 Debris Slide NA", "distance_to_road_m": 264153.65, "matched_segment_id": null, "matched_road_name": null, "matched_highway_class": null, "match_status": "UNMATCHED" }, "geometry": { "type": "Point", "coordinates": [ 95.271179, 28.025611 ] } },
{ "type": "Feature", "properties": { "slide_no": 1468, "slide_id": null, "state": "Arunachal Pradesh", "description_before_coordinates": "East Siang LS-1, North west of Pasighat Lenging Village (NH-13)", "latitude": 28.093514, "longitude": 95.272526, "description_after_coordinates": "Earth Slide NA", "raw_record": "1468 AP/E-Siang/82P8/2021/LS1 Arunachal Pradesh East Siang LS-1, North west of Pasighat Lenging Village (NH-13) 28.093514 95.272526 Earth Slide NA", "distance_to_road_m": 267950.47, "matched_segment_id": null, "matched_road_name": null, "matched_highway_class": null, "match_status": "UNMATCHED" }, "geometry": { "type": "Point", "coordinates": [ 95.272526, 28.093514 ] } },
{ "type": "Feature", "properties": { "slide_no": 1469, "slide_id": null, "state": "Arunachal Pradesh", "description_before_coordinates": "East Siang Rengging Slide NH-13, Rengging Slide", "latitude": 28.094144, "longitude": 95.282568, "description_after_coordinates": "Earth Slide NA", "raw_record": "1469 AP/E-Siang/82P8/2022/LS47 Arunachal Pradesh East Siang Rengging Slide NH-13, Rengging Slide 28.094144 95.282568 Earth Slide NA", "distance_to_road_m": 268840.78, "matched_segment_id": null, "matched_road_name": null, "matched_highway_class": null, "match_status": "UNMATCHED" }, "geometry": { "type": "Point", "coordinates": [ 95.282568, 28.094144 ] } },
{ "type": "Feature", "properties": { "slide_no": 1472, "slide_id": null, "state": "Arunachal Pradesh", "description_before_coordinates": "East Siang Rengging Slide NH-13, towards Rengging village", "latitude": 28.095632, "longitude": 95.281371, "description_after_coordinates": "Earth Slide NA", "raw_record": "1472 AP/E-Siang/82P8/2022/LS48 Arunachal Pradesh East Siang Rengging Slide NH-13, towards Rengging village 28.095632 95.281371 Earth Slide NA", "distance_to_road_m": 268821.01, "matched_segment_id": null, "matched_road_name": null, "matched_highway_class": null, "match_status": "UNMATCHED" }, "geometry": { "type": "Point", "coordinates": [ 95.281371, 28.095632 ] } },
{ "type": "Feature", "properties": { "slide_no": 1473, "slide_id": null, "state": "Arunachal Pradesh", "description_before_coordinates": "East Siang Legging Slide Towards Legging Village (NH-13)", "latitude": 28.097043, "longitude": 95.274751, "description_after_coordinates": "Debris Slide NA", "raw_record": "1473 AP/E-Siang/82P8/2021/LS2 Arunachal Pradesh East Siang Legging Slide Towards Legging Village (NH-13) 28.097043 95.274751 Debris Slide NA", "distance_to_road_m": 268335.46, "matched_segment_id": null, "matched_road_name": null, "matched_highway_class": null, "match_status": "UNMATCHED" }, "geometry": { "type": "Point", "coordinates": [ 95.274751, 28.097043 ] } },
{ "type": "Feature", "properties": { "slide_no": 1475, "slide_id": null, "state": "Arunachal Pradesh", "description_before_coordinates": "East Siang Rengging Slide NH-13, Rengging Slide", "latitude": 28.097285, "longitude": 95.28003, "description_after_coordinates": "Debris Slide NA", "raw_record": "1475 AP/E-Siang/82P8/2022/LS49 Arunachal Pradesh East Siang Rengging Slide NH-13, Rengging Slide 28.097285 95.28003 Debris Slide NA", "distance_to_road_m": 268798.26, "matched_segment_id": null, "matched_road_name": null, "matched_highway_class": null, "match_status": "UNMATCHED" }, "geometry": { "type": "Point", "coordinates": [ 95.28003, 28.097285 ] } },
{ "type": "Feature", "properties": { "slide_no": 1477, "slide_id": null, "state": "Arunachal Pradesh", "description_before_coordinates": "East Siang LS-6 NH-13", "latitude": 28.099647, "longitude": 95.28567, "description_after_coordinates": "Debris Slide NA", "raw_record": "1477 AP/E-Siang/82P8/2021/LS6 Arunachal Pradesh East Siang LS-6 NH-13 28.099647 95.28567 Debris Slide NA", "distance_to_road_m": 269409.31, "matched_segment_id": null, "matched_road_name": null, "matched_highway_class": null, "match_status": "UNMATCHED" }, "geometry": { "type": "Point", "coordinates": [ 95.28567, 28.099647 ] } },
{ "type": "Feature", "properties": { "slide_no": 1479, "slide_id": null, "state": "Arunachal Pradesh", "description_before_coordinates": "East Siang LS-7 NH-13", "latitude": 28.099705, "longitude": 95.284891, "description_after_coordinates": "Debris Slide NA", "raw_record": "1479 AP/E-Siang/82P8/2021/LS7 Arunachal Pradesh East Siang LS-7 NH-13 28.099705 95.284891 Debris Slide NA", "distance_to_road_m": 269346.18, "matched_segment_id": null, "matched_road_name": null, "matched_highway_class": null, "match_status": "UNMATCHED" }, "geometry": { "type": "Point", "coordinates": [ 95.284891, 28.099705 ] } },
{ "type": "Feature", "properties": { "slide_no": 1480, "slide_id": null, "state": "Arunachal Pradesh", "description_before_coordinates": "East Siang LS-8 Rengging, NH-13", "latitude": 28.099858, "longitude": 95.282975, "description_after_coordinates": "Debris Slide NA", "raw_record": "1480 AP/E-Siang/82P8/2021/LS8 Arunachal Pradesh East Siang LS-8 Rengging, NH-13 28.099858 95.282975 Debris Slide NA", "distance_to_road_m": 269191.53, "matched_segment_id": null, "matched_road_name": null, "matched_highway_class": null, "match_status": "UNMATCHED" }, "geometry": { "type": "Point", "coordinates": [ 95.282975, 28.099858 ] } },
{ "type": "Feature", "properties": { "slide_no": 1484, "slide_id": null, "state": "Arunachal Pradesh", "description_before_coordinates": "East Siang  Rengging Slide, LS-9 NH-13", "latitude": 28.101031, "longitude": 95.282364, "description_after_coordinates": "Debris Slide NA", "raw_record": "1484 AP/E-Siang/82P8/2021/LS9 Arunachal Pradesh East Siang  Rengging Slide, LS-9 NH-13 28.101031 95.282364 Debris Slide NA", "distance_to_road_m": 269204.55, "matched_segment_id": null, "matched_road_name": null, "matched_highway_class": null, "match_status": "UNMATCHED" }, "geometry": { "type": "Point", "coordinates": [ 95.282364, 28.101031 ] } },
{ "type": "Feature", "properties": { "slide_no": 1485, "slide_id": null, "state": "Arunachal Pradesh", "description_before_coordinates": "East Siang  Rengging Slide,  LS-10 NH-13", "latitude": 28.101692, "longitude": 95.271861, "description_after_coordinates": "Debris Slide NA", "raw_record": "1485 AP/E-Siang/82P8/2021/LS10 Arunachal Pradesh East Siang  Rengging Slide,  LS-10 NH-13 28.101692 95.271861 Debris Slide NA", "distance_to_road_m": 268348.03, "matched_segment_id": null, "matched_road_name": null, "matched_highway_class": null, "match_status": "UNMATCHED" }, "geometry": { "type": "Point", "coordinates": [ 95.271861, 28.101692 ] } },
{ "type": "Feature", "properties": { "slide_no": 1498, "slide_id": null, "state": "Arunachal Pradesh", "description_before_coordinates": "East Siang Rengging Slide NH-13, Rengging Slide", "latitude": 28.114742, "longitude": 95.273582, "description_after_coordinates": "Debris Slide NA", "raw_record": "1498 AP/E-Siang/82P8/2022/LS50 Arunachal Pradesh East Siang Rengging Slide NH-13, Rengging Slide 28.114742 95.273582 Debris Slide NA", "distance_to_road_m": 269223.38, "matched_segment_id": null, "matched_road_name": null, "matched_highway_class": null, "match_status": "UNMATCHED" }, "geometry": { "type": "Point", "coordinates": [ 95.273582, 28.114742 ] } },
{ "type": "Feature", "properties": { "slide_no": 1502, "slide_id": "AR/S/82P04/2022/006", "state": "Arunachal Pradesh", "description_before_coordinates": "East Siang NH-13 Slide 6 NH-13", "latitude": 28.131694, "longitude": 95.136186, "description_after_coordinates": "Debris slide NA", "raw_record": "1502 AR/S/82P04/2022/006 Arunachal Pradesh East Siang NH-13 Slide 6 NH-13 28.131694 95.136186 Debris slide NA", "distance_to_road_m": 258671.87, "matched_segment_id": null, "matched_road_name": null, "matched_highway_class": null, "match_status": "UNMATCHED" }, "geometry": { "type": "Point", "coordinates": [ 95.136186, 28.131694 ] } },
{ "type": "Feature", "properties": { "slide_no": 1503, "slide_id": "AR/US/82P04/2022/026", "state": "Arunachal Pradesh", "description_before_coordinates": "West Siang Northwest of Rotung Slide 1 NH-13", "latitude": 28.133611, "longitude": 95.11125, "description_after_coordinates": "Debris Slide NA", "raw_record": "1503 AR/US/82P04/2022/026 Arunachal Pradesh West Siang Northwest of Rotung Slide 1 NH-13 28.133611 95.11125 Debris Slide NA", "distance_to_road_m": 256719.89, "matched_segment_id": null, "matched_road_name": null, "matched_highway_class": null, "match_status": "UNMATCHED" }, "geometry": { "type": "Point", "coordinates": [ 95.11125, 28.133611 ] } },
{ "type": "Feature", "properties": { "slide_no": 1504, "slide_id": "AR/S/82P04/2022/028", "state": "Arunachal Pradesh", "description_before_coordinates": "Siang Pangin Slide 1 NH-13", "latitude": 28.133611, "longitude": 95.11125, "description_after_coordinates": "Debris Slide NA", "raw_record": "1504 AR/S/82P04/2022/028 Arunachal Pradesh Siang Pangin Slide 1 NH-13 28.133611 95.11125 Debris Slide NA", "distance_to_road_m": 256719.89, "matched_segment_id": null, "matched_road_name": null, "matched_highway_class": null, "match_status": "UNMATCHED" }, "geometry": { "type": "Point", "coordinates": [ 95.11125, 28.133611 ] } },
{ "type": "Feature", "properties": { "slide_no": 1505, "slide_id": "AR/WS/82L16/2022/090", "state": "Arunachal Pradesh", "description_before_coordinates": "West Siang Pakam Slide NH-13", "latitude": 28.133778, "longitude": 94.788, "description_after_coordinates": "Soil Slide NA", "raw_record": "1505 AR/WS/82L16/2022/090 Arunachal Pradesh West Siang Pakam Slide NH-13 28.133778 94.788 Soil Slide NA", "distance_to_road_m": 228681.46, "matched_segment_id": null, "matched_road_name": null, "matched_highway_class": null, "match_status": "UNMATCHED" }, "geometry": { "type": "Point", "coordinates": [ 94.788, 28.133778 ] } },
{ "type": "Feature", "properties": { "slide_no": 1508, "slide_id": "AR/S/82P04/2022/005", "state": "Arunachal Pradesh", "description_before_coordinates": "East Siang NH-13 Slide 5 NH-13", "latitude": 28.135056, "longitude": 95.145444, "description_after_coordinates": "Soil slide NA", "raw_record": "1508 AR/S/82P04/2022/005 Arunachal Pradesh East Siang NH-13 Slide 5 NH-13 28.135056 95.145444 Soil slide NA", "distance_to_road_m": 259639.83, "matched_segment_id": null, "matched_road_name": null, "matched_highway_class": null, "match_status": "UNMATCHED" }, "geometry": { "type": "Point", "coordinates": [ 95.145444, 28.135056 ] } },
{ "type": "Feature", "properties": { "slide_no": 1514, "slide_id": "AR/US/82P04/2022/089", "state": "Arunachal Pradesh", "description_before_coordinates": "West Siang N of Pakam Slide 1 NH-13", "latitude": 28.141139, "longitude": 94.786583, "description_after_coordinates": "Soil Slide NA", "raw_record": "1514 AR/US/82P04/2022/089 Arunachal Pradesh West Siang N of Pakam Slide 1 NH-13 28.141139 94.786583 Soil Slide NA", "distance_to_road_m": 228889.11, "matched_segment_id": null, "matched_road_name": null, "matched_highway_class": null, "match_status": "UNMATCHED" }, "geometry": { "type": "Point", "coordinates": [ 94.786583, 28.141139 ] } },
{ "type": "Feature", "properties": { "slide_no": 1516, "slide_id": null, "state": "Arunachal Pradesh", "description_before_coordinates": "East Siang Rengging Slide NH-13, Towards Rengging", "latitude": 28.141514, "longitude": 95.289198, "description_after_coordinates": "Debris Slide NA", "raw_record": "1516 AP/E-Siang/82P8/2022/LS51 Arunachal Pradesh East Siang Rengging Slide NH-13, Towards Rengging 28.141514 95.289198 Debris Slide NA", "distance_to_road_m": 272054.31, "matched_segment_id": null, "matched_road_name": null, "matched_highway_class": null, "match_status": "UNMATCHED" }, "geometry": { "type": "Point", "coordinates": [ 95.289198, 28.141514 ] } },
{ "type": "Feature", "properties": { "slide_no": 1517, "slide_id": null, "state": "Arunachal Pradesh", "description_before_coordinates": "East Siang Rengging Slide NH-13, Rengging Slide", "latitude": 28.142304, "longitude": 95.288126, "description_after_coordinates": "Debris Slide NA", "raw_record": "1517 AP/E-Siang/82P8/2022/LS52 Arunachal Pradesh East Siang Rengging Slide NH-13, Rengging Slide 28.142304 95.288126 Debris Slide NA", "distance_to_road_m": 272008.63, "matched_segment_id": null, "matched_road_name": null, "matched_highway_class": null, "match_status": "UNMATCHED" }, "geometry": { "type": "Point", "coordinates": [ 95.288126, 28.142304 ] } },
{ "type": "Feature", "properties": { "slide_no": 1518, "slide_id": "AR/ES/82P04/2022/001", "state": "Arunachal Pradesh", "description_before_coordinates": "East Siang NH-13 Slide 1 NH-13", "latitude": 28.1425, "longitude": 95.239194, "description_after_coordinates": "Debris Slide NA Sl.No. Slide_No State District Slide_Name NH_SH_Location Latitude Longitude Material Involved Movement Type History", "raw_record": "1518 AR/ES/82P04/2022/001 Arunachal Pradesh East Siang NH-13 Slide 1 NH-13 28.1425 95.239194 Debris Slide NA Sl.No. Slide_No State District Slide_Name NH_SH_Location Latitude Longitude Material Involved Movement Type History", "distance_to_road_m": 267901.85, "matched_segment_id": null, "matched_road_name": null, "matched_highway_class": null, "match_status": "UNMATCHED" }, "geometry": { "type": "Point", "coordinates": [ 95.239194, 28.1425 ] } },
{ "type": "Feature", "properties": { "slide_no": 1520, "slide_id": null, "state": "Arunachal Pradesh", "description_before_coordinates": "East Siang LS-53, Mebo river slide NH-13", "latitude": 28.142551, "longitude": 95.287886, "description_after_coordinates": "Debris Slide NA", "raw_record": "1520 AP/E-Siang/82P8/2022/LS53 Arunachal Pradesh East Siang LS-53, Mebo river slide NH-13 28.142551 95.287886 Debris Slide NA", "distance_to_road_m": 272002.4, "matched_segment_id": null, "matched_road_name": null, "matched_highway_class": null, "match_status": "UNMATCHED" }, "geometry": { "type": "Point", "coordinates": [ 95.287886, 28.142551 ] } },
{ "type": "Feature", "properties": { "slide_no": 1521, "slide_id": null, "state": "Arunachal Pradesh", "description_before_coordinates": "East Siang LS-54 NH-13", "latitude": 28.143839, "longitude": 95.285971, "description_after_coordinates": "Debris Slide NA", "raw_record": "1521 AP/E-Siang/82P8/2022/LS54 Arunachal Pradesh East Siang LS-54 NH-13 28.143839 95.285971 Debris Slide NA", "distance_to_road_m": 271913.98, "matched_segment_id": null, "matched_road_name": null, "matched_highway_class": null, "match_status": "UNMATCHED" }, "geometry": { "type": "Point", "coordinates": [ 95.285971, 28.143839 ] } },
{ "type": "Feature", "properties": { "slide_no": 1522, "slide_id": "AR/ES/82P04/2022/002", "state": "Arunachal Pradesh", "description_before_coordinates": "East Siang NH-13 Slide 2 NH-13", "latitude": 28.145306, "longitude": 95.239167, "description_after_coordinates": "Rock Slide NA", "raw_record": "1522 AR/ES/82P04/2022/002 Arunachal Pradesh East Siang NH-13 Slide 2 NH-13 28.145306 95.239167 Rock Slide NA", "distance_to_road_m": 268061.52, "matched_segment_id": null, "matched_road_name": null, "matched_highway_class": null, "match_status": "UNMATCHED" }, "geometry": { "type": "Point", "coordinates": [ 95.239167, 28.145306 ] } },
{ "type": "Feature", "properties": { "slide_no": 1524, "slide_id": null, "state": "Arunachal Pradesh", "description_before_coordinates": "East Siang LS-22 NH-13", "latitude": 28.145629, "longitude": 95.275805, "description_after_coordinates": "Debris Slide NA", "raw_record": "1524 AP/E-Siang/82P8/2021/LS22 Arunachal Pradesh East Siang LS-22 NH-13 28.145629 95.275805 Debris Slide NA", "distance_to_road_m": 271159.09, "matched_segment_id": null, "matched_road_name": null, "matched_highway_class": null, "match_status": "UNMATCHED" }, "geometry": { "type": "Point", "coordinates": [ 95.275805, 28.145629 ] } },
{ "type": "Feature", "properties": { "slide_no": 1525, "slide_id": null, "state": "Arunachal Pradesh", "description_before_coordinates": "East Siang LS-23 NH-13", "latitude": 28.145847, "longitude": 95.273686, "description_after_coordinates": "Rock Wedge failure NA", "raw_record": "1525 AP/E-Siang/82P8/2021/LS23 Arunachal Pradesh East Siang LS-23 NH-13 28.145847 95.273686 Rock Wedge failure NA", "distance_to_road_m": 270993.1, "matched_segment_id": null, "matched_road_name": null, "matched_highway_class": null, "match_status": "UNMATCHED" }, "geometry": { "type": "Point", "coordinates": [ 95.273686, 28.145847 ] } },
{ "type": "Feature", "properties": { "slide_no": 1526, "slide_id": "AR/ES/82P04/2022/003", "state": "Arunachal Pradesh", "description_before_coordinates": "East Siang NH-13 Slide 3 NH-13", "latitude": 28.147806, "longitude": 95.224833, "description_after_coordinates": "Debris Slide NA", "raw_record": "1526 AR/ES/82P04/2022/003 Arunachal Pradesh East Siang NH-13 Slide 3 NH-13 28.147806 95.224833 Debris Slide NA", "distance_to_road_m": 267005.75, "matched_segment_id": null, "matched_road_name": null, "matched_highway_class": null, "match_status": "UNMATCHED" }, "geometry": { "type": "Point", "coordinates": [ 95.224833, 28.147806 ] } },
{ "type": "Feature", "properties": { "slide_no": 1527, "slide_id": null, "state": "Arunachal Pradesh", "description_before_coordinates": "East Siang LS-55 NH-13", "latitude": 28.14787, "longitude": 95.279987, "description_after_coordinates": "Debris Slide NA", "raw_record": "1527 AP/E-Siang/82P8/2022/LS55 Arunachal Pradesh East Siang LS-55 NH-13 28.14787 95.279987 Debris Slide NA", "distance_to_road_m": 271639.22, "matched_segment_id": null, "matched_road_name": null, "matched_highway_class": null, "match_status": "UNMATCHED" }, "geometry": { "type": "Point", "coordinates": [ 95.279987, 28.14787 ] } },
{ "type": "Feature", "properties": { "slide_no": 1528, "slide_id": "AP/LDV/82P11/2022/LS56", "state": "Arunachal Pradesh", "description_before_coordinates": "East Siang Dambuk Slide NH-13, Dambuk area", "latitude": 28.148417, "longitude": 95.277964, "description_after_coordinates": "Debris Slide NA", "raw_record": "1528 AP/LDV/82P11/2022/LS56 Arunachal Pradesh East Siang Dambuk Slide NH-13, Dambuk area 28.148417 95.277964 Debris Slide NA", "distance_to_road_m": 271500.11, "matched_segment_id": null, "matched_road_name": null, "matched_highway_class": null, "match_status": "UNMATCHED" }, "geometry": { "type": "Point", "coordinates": [ 95.277964, 28.148417 ] } },
{ "type": "Feature", "properties": { "slide_no": 1529, "slide_id": "AP/LDV/82P11/2022/LS57", "state": "Arunachal Pradesh", "description_before_coordinates": "East Siang Dambuk Slide NH-13 Dambuk", "latitude": 28.149568, "longitude": 95.277177, "description_after_coordinates": "Debris Slide NA", "raw_record": "1529 AP/LDV/82P11/2022/LS57 Arunachal Pradesh East Siang Dambuk Slide NH-13 Dambuk 28.149568 95.277177 Debris Slide NA", "distance_to_road_m": 271499.66, "matched_segment_id": null, "matched_road_name": null, "matched_highway_class": null, "match_status": "UNMATCHED" }, "geometry": { "type": "Point", "coordinates": [ 95.277177, 28.149568 ] } },
{ "type": "Feature", "properties": { "slide_no": 1530, "slide_id": "AP/LDV/82P11/2022/LS58", "state": "Arunachal Pradesh", "description_before_coordinates": "East Siang Dambuk Slide NH-13, Dambuk", "latitude": 28.150741, "longitude": 95.275122, "description_after_coordinates": "Debris Slide NA", "raw_record": "1530 AP/LDV/82P11/2022/LS58 Arunachal Pradesh East Siang Dambuk Slide NH-13, Dambuk 28.150741 95.275122 Debris Slide NA", "distance_to_road_m": 271393.89, "matched_segment_id": null, "matched_road_name": null, "matched_highway_class": null, "match_status": "UNMATCHED" }, "geometry": { "type": "Point", "coordinates": [ 95.275122, 28.150741 ] } },
{ "type": "Feature", "properties": { "slide_no": 1532, "slide_id": "AR/S/82P04/2022/007", "state": "Arunachal Pradesh", "description_before_coordinates": "East Siang NH-13 Slide 7 NH-13", "latitude": 28.153028, "longitude": 95.218294, "description_after_coordinates": "Debris slide NA", "raw_record": "1532 AR/S/82P04/2022/007 Arunachal Pradesh East Siang NH-13 Slide 7 NH-13 28.153028 95.218294 Debris slide NA", "distance_to_road_m": 266763.48, "matched_segment_id": null, "matched_road_name": null, "matched_highway_class": null, "match_status": "UNMATCHED" }, "geometry": { "type": "Point", "coordinates": [ 95.218294, 28.153028 ] } },
{ "type": "Feature", "properties": { "slide_no": 1533, "slide_id": "AR/ES/82P04/2022/004", "state": "Arunachal Pradesh", "description_before_coordinates": "East Siang NH-13 Slide 4 NH-13", "latitude": 28.154111, "longitude": 95.181694, "description_after_coordinates": "Rock Slide NA", "raw_record": "1533 AR/ES/82P04/2022/004 Arunachal Pradesh East Siang NH-13 Slide 4 NH-13 28.154111 95.181694 Rock Slide NA", "distance_to_road_m": 263778.78, "matched_segment_id": null, "matched_road_name": null, "matched_highway_class": null, "match_status": "UNMATCHED" }, "geometry": { "type": "Point", "coordinates": [ 95.181694, 28.154111 ] } },
{ "type": "Feature", "properties": { "slide_no": 1534, "slide_id": "AP/LDV/82P11/2022/LS59", "state": "Arunachal Pradesh", "description_before_coordinates": "East Siang LS-59 NH-13", "latitude": 28.160664, "longitude": 95.446755, "description_after_coordinates": "Debris Slide NA", "raw_record": "1534 AP/LDV/82P11/2022/LS59 Arunachal Pradesh East Siang LS-59 NH-13 28.160664 95.446755 Debris Slide NA", "distance_to_road_m": 286510.26, "matched_segment_id": null, "matched_road_name": null, "matched_highway_class": null, "match_status": "UNMATCHED" }, "geometry": { "type": "Point", "coordinates": [ 95.446755, 28.160664 ] } },
{ "type": "Feature", "properties": { "slide_no": 1535, "slide_id": "AP/LDV/82P11/2022/LS60", "state": "Arunachal Pradesh", "description_before_coordinates": "East Siang LS-60 NH-13, Kapang Valley, near 602 mile stone", "latitude": 28.160853, "longitude": 95.446925, "description_after_coordinates": "Debris Slide NA", "raw_record": "1535 AP/LDV/82P11/2022/LS60 Arunachal Pradesh East Siang LS-60 NH-13, Kapang Valley, near 602 mile stone 28.160853 95.446925 Debris Slide NA", "distance_to_road_m": 286535.11, "matched_segment_id": null, "matched_road_name": null, "matched_highway_class": null, "match_status": "UNMATCHED" }, "geometry": { "type": "Point", "coordinates": [ 95.446925, 28.160853 ] } },
{ "type": "Feature", "properties": { "slide_no": 1537, "slide_id": "AP/LDV/82P11/2022/LS61", "state": "Arunachal Pradesh", "description_before_coordinates": "East Siang Roing-Dambuk Slide NH-13, Towards Roing- Dambuk", "latitude": 28.162497, "longitude": 95.441244, "description_after_coordinates": "Debris Slide NA", "raw_record": "1537 AP/LDV/82P11/2022/LS61 Arunachal Pradesh East Siang Roing-Dambuk Slide NH-13, Towards Roing- Dambuk 28.162497 95.441244 Debris Slide NA", "distance_to_road_m": 286139.24, "matched_segment_id": null, "matched_road_name": null, "matched_highway_class": null, "match_status": "UNMATCHED" }, "geometry": { "type": "Point", "coordinates": [ 95.441244, 28.162497 ] } },
{ "type": "Feature", "properties": { "slide_no": 1538, "slide_id": "AP/LDV/82P11/2022/LS62", "state": "Arunachal Pradesh", "description_before_coordinates": "East Siang LS-62 NH-13", "latitude": 28.16317, "longitude": 95.450433, "description_after_coordinates": "Debris Slide NA", "raw_record": "1538 AP/LDV/82P11/2022/LS62 Arunachal Pradesh East Siang LS-62 NH-13 28.16317 95.450433 Debris Slide NA", "distance_to_road_m": 286961.54, "matched_segment_id": null, "matched_road_name": null, "matched_highway_class": null, "match_status": "UNMATCHED" }, "geometry": { "type": "Point", "coordinates": [ 95.450433, 28.16317 ] } },
{ "type": "Feature", "properties": { "slide_no": 1539, "slide_id": "AP/LDV/82P11/2022/LS63", "state": "Arunachal Pradesh", "description_before_coordinates": "East Siang LS-63 NH-13, Aohali", "latitude": 28.163322, "longitude": 95.459813, "description_after_coordinates": "Debris Slide NA", "raw_record": "1539 AP/LDV/82P11/2022/LS63 Arunachal Pradesh East Siang LS-63 NH-13, Aohali 28.163322 95.459813 Debris Slide NA", "distance_to_road_m": 287772.36, "matched_segment_id": null, "matched_road_name": null, "matched_highway_class": null, "match_status": "UNMATCHED" }, "geometry": { "type": "Point", "coordinates": [ 95.459813, 28.163322 ] } },
{ "type": "Feature", "properties": { "slide_no": 1540, "slide_id": "AP/LDV/82P11/2022/LS64", "state": "Arunachal Pradesh", "description_before_coordinates": "East Siang LS-64 NH-13", "latitude": 28.163691, "longitude": 95.458, "description_after_coordinates": "Debris Slide NA", "raw_record": "1540 AP/LDV/82P11/2022/LS64 Arunachal Pradesh East Siang LS-64 NH-13 28.163691 95.458 Debris Slide NA", "distance_to_road_m": 287637.28, "matched_segment_id": null, "matched_road_name": null, "matched_highway_class": null, "match_status": "UNMATCHED" }, "geometry": { "type": "Point", "coordinates": [ 95.458, 28.163691 ] } },
{ "type": "Feature", "properties": { "slide_no": 1541, "slide_id": "AR/WS/82L16/2022/088", "state": "Arunachal Pradesh", "description_before_coordinates": "West Siang Aalo Slide 1 NH-13", "latitude": 28.16425, "longitude": 94.792417, "description_after_coordinates": "Debris Slide NA", "raw_record": "1541 AR/WS/82L16/2022/088 Arunachal Pradesh West Siang Aalo Slide 1 NH-13 28.16425 94.792417 Debris Slide NA", "distance_to_road_m": 230475.4, "matched_segment_id": null, "matched_road_name": null, "matched_highway_class": null, "match_status": "UNMATCHED" }, "geometry": { "type": "Point", "coordinates": [ 94.792417, 28.16425 ] } },
{ "type": "Feature", "properties": { "slide_no": 1542, "slide_id": "AP/LDV/82P11/2022/LS66", "state": "Arunachal Pradesh", "description_before_coordinates": "East Siang LS-66 NH-13, Mebo- 50km mile stone", "latitude": 28.165684, "longitude": 95.462909, "description_after_coordinates": "Debris Slide NA", "raw_record": "1542 AP/LDV/82P11/2022/LS66 Arunachal Pradesh East Siang LS-66 NH-13, Mebo- 50km mile stone 28.165684 95.462909 Debris Slide NA", "distance_to_road_m": 288165.89, "matched_segment_id": null, "matched_road_name": null, "matched_highway_class": null, "match_status": "UNMATCHED" }, "geometry": { "type": "Point", "coordinates": [ 95.462909, 28.165684 ] } },
{ "type": "Feature", "properties": { "slide_no": 1543, "slide_id": "AP/LDV/82P11/2022/LS65", "state": "Arunachal Pradesh", "description_before_coordinates": "East Siang LS-65 NH-13", "latitude": 28.165711, "longitude": 95.46208, "description_after_coordinates": "Debris Slide NA", "raw_record": "1543 AP/LDV/82P11/2022/LS65 Arunachal Pradesh East Siang LS-65 NH-13 28.165711 95.46208 Debris Slide NA", "distance_to_road_m": 288096.42, "matched_segment_id": null, "matched_road_name": null, "matched_highway_class": null, "match_status": "UNMATCHED" }, "geometry": { "type": "Point", "coordinates": [ 95.46208, 28.165711 ] } },
{ "type": "Feature", "properties": { "slide_no": 1544, "slide_id": "AP/LDV/82P11/2022/LS67", "state": "Arunachal Pradesh", "description_before_coordinates": "East Siang LS-67 NH-13", "latitude": 28.167982, "longitude": 95.431764, "description_after_coordinates": "Debris Slide NA", "raw_record": "1544 AP/LDV/82P11/2022/LS67 Arunachal Pradesh East Siang LS-67 NH-13 28.167982 95.431764 Debris Slide NA", "distance_to_road_m": 285630.94, "matched_segment_id": null, "matched_road_name": null, "matched_highway_class": null, "match_status": "UNMATCHED" }, "geometry": { "type": "Point", "coordinates": [ 95.431764, 28.167982 ] } },
{ "type": "Feature", "properties": { "slide_no": 1545, "slide_id": "AR/ES/82P04/2022/009", "state": "Arunachal Pradesh", "description_before_coordinates": "East Siang Pasighat-Yingkiong road Slide 2 NH-13 (Pasighat-Yingkiong road)", "latitude": 28.169389, "longitude": 95.235722, "description_after_coordinates": "Debris slide NA", "raw_record": "1545 AR/ES/82P04/2022/009 Arunachal Pradesh East Siang Pasighat-Yingkiong road Slide 2 NH-13 (Pasighat-Yingkiong road) 28.169389 95.235722 Debris slide NA", "distance_to_road_m": 269174.86, "matched_segment_id": null, "matched_road_name": null, "matched_highway_class": null, "match_status": "UNMATCHED" }, "geometry": { "type": "Point", "coordinates": [ 95.235722, 28.169389 ] } },
{ "type": "Feature", "properties": { "slide_no": 1548, "slide_id": "AR/ES/82P04/2022/008", "state": "Arunachal Pradesh", "description_before_coordinates": "East Siang Pasighat-Yingkiong road Slide 1 NH-13 (Pasighat-Yingkiong road)", "latitude": 28.169611, "longitude": 95.240639, "description_after_coordinates": "Debris slide NA", "raw_record": "1548 AR/ES/82P04/2022/008 Arunachal Pradesh East Siang Pasighat-Yingkiong road Slide 1 NH-13 (Pasighat-Yingkiong road) 28.169611 95.240639 Debris slide NA", "distance_to_road_m": 269597.9, "matched_segment_id": null, "matched_road_name": null, "matched_highway_class": null, "match_status": "UNMATCHED" }, "geometry": { "type": "Point", "coordinates": [ 95.240639, 28.169611 ] } },
{ "type": "Feature", "properties": { "slide_no": 1551, "slide_id": "AR/US/82P04/2022/027", "state": "Arunachal Pradesh", "description_before_coordinates": "West Siang Northwest of Yembung camp Slide NH-13", "latitude": 28.174806, "longitude": 95.025111, "description_after_coordinates": "Debris Slide NA", "raw_record": "1551 AR/US/82P04/2022/027 Arunachal Pradesh West Siang Northwest of Yembung camp Slide NH-13 28.174806 95.025111 Debris Slide NA", "distance_to_road_m": 251762.36, "matched_segment_id": null, "matched_road_name": null, "matched_highway_class": null, "match_status": "UNMATCHED" }, "geometry": { "type": "Point", "coordinates": [ 95.025111, 28.174806 ] } },
{ "type": "Feature", "properties": { "slide_no": 1552, "slide_id": "AR/S/82P04/2022/029", "state": "Arunachal Pradesh", "description_before_coordinates": "Siang South of Jeru Slide 1 NH-13", "latitude": 28.174806, "longitude": 95.025111, "description_after_coordinates": "Debris slide NA", "raw_record": "1552 AR/S/82P04/2022/029 Arunachal Pradesh Siang South of Jeru Slide 1 NH-13 28.174806 95.025111 Debris slide NA", "distance_to_road_m": 251762.36, "matched_segment_id": null, "matched_road_name": null, "matched_highway_class": null, "match_status": "UNMATCHED" }, "geometry": { "type": "Point", "coordinates": [ 95.025111, 28.174806 ] } },
{ "type": "Feature", "properties": { "slide_no": 1560, "slide_id": "AP/LDV/82P11/2022/LS68", "state": "Arunachal Pradesh", "description_before_coordinates": "East Siang LS-68 NH-13", "latitude": 28.181365, "longitude": 95.470102, "description_after_coordinates": "Rock Wedge failure NA", "raw_record": "1560 AP/LDV/82P11/2022/LS68 Arunachal Pradesh East Siang LS-68 NH-13 28.181365 95.470102 Rock Wedge failure NA", "distance_to_road_m": 289637.33, "matched_segment_id": null, "matched_road_name": null, "matched_highway_class": null, "match_status": "UNMATCHED" }, "geometry": { "type": "Point", "coordinates": [ 95.470102, 28.181365 ] } },
{ "type": "Feature", "properties": { "slide_no": 1561, "slide_id": "AP/LDV/82P11/2022/LS69", "state": "Arunachal Pradesh", "description_before_coordinates": "East Siang LS-69 NH-13, near bridge", "latitude": 28.181834, "longitude": 95.469828, "description_after_coordinates": "Debris Slide NA", "raw_record": "1561 AP/LDV/82P11/2022/LS69 Arunachal Pradesh East Siang LS-69 NH-13, near bridge 28.181834 95.469828 Debris Slide NA", "distance_to_road_m": 289639.65, "matched_segment_id": null, "matched_road_name": null, "matched_highway_class": null, "match_status": "UNMATCHED" }, "geometry": { "type": "Point", "coordinates": [ 95.469828, 28.181834 ] } },
{ "type": "Feature", "properties": { "slide_no": 1564, "slide_id": "AP/LDV/82P11/2022/LS70", "state": "Arunachal Pradesh", "description_before_coordinates": "East Siang LS-70 NH-13", "latitude": 28.186582, "longitude": 95.471126, "description_after_coordinates": "Rock Wedge failure NA", "raw_record": "1564 AP/LDV/82P11/2022/LS70 Arunachal Pradesh East Siang LS-70 NH-13 28.186582 95.471126 Rock Wedge failure NA", "distance_to_road_m": 290011.08, "matched_segment_id": null, "matched_road_name": null, "matched_highway_class": null, "match_status": "UNMATCHED" }, "geometry": { "type": "Point", "coordinates": [ 95.471126, 28.186582 ] } },
{ "type": "Feature", "properties": { "slide_no": 1565, "slide_id": "AR/US/82P04/2022/015", "state": "Arunachal Pradesh", "description_before_coordinates": "Upper Siang Pasighat-Yingkiong road Slide 6 NH-13 (Pasighat-Yingkiong road)", "latitude": 28.1915, "longitude": 95.225917, "description_after_coordinates": "Debris Slide NA", "raw_record": "1565 AR/US/82P04/2022/015 Arunachal Pradesh Upper Siang Pasighat-Yingkiong road Slide 6 NH-13 (Pasighat-Yingkiong road) 28.1915 95.225917 Debris Slide NA", "distance_to_road_m": 269666.2, "matched_segment_id": null, "matched_road_name": null, "matched_highway_class": null, "match_status": "UNMATCHED" }, "geometry": { "type": "Point", "coordinates": [ 95.225917, 28.1915 ] } },
{ "type": "Feature", "properties": { "slide_no": 1567, "slide_id": "AR/S/82P04/2022/030", "state": "Arunachal Pradesh", "description_before_coordinates": "Siang South of Jeru Slide 2 NH-13", "latitude": 28.192444, "longitude": 94.984917, "description_after_coordinates": "Debris Slide NA", "raw_record": "1567 AR/S/82P04/2022/030 Arunachal Pradesh Siang South of Jeru Slide 2 NH-13 28.192444 94.984917 Debris Slide NA", "distance_to_road_m": 248999.54, "matched_segment_id": null, "matched_road_name": null, "matched_highway_class": null, "match_status": "UNMATCHED" }, "geometry": { "type": "Point", "coordinates": [ 94.984917, 28.192444 ] } },
{ "type": "Feature", "properties": { "slide_no": 1577, "slide_id": "AR/WS/82L16/2022/078", "state": "Arunachal Pradesh", "description_before_coordinates": "West Siang Jomlo-Mongku Slide 1 NH-13", "latitude": 28.202667, "longitude": 94.828417, "description_after_coordinates": "Debris Slide NA", "raw_record": "1577 AR/WS/82L16/2022/078 Arunachal Pradesh West Siang Jomlo-Mongku Slide 1 NH-13 28.202667 94.828417 Debris Slide NA", "distance_to_road_m": 235483.24, "matched_segment_id": null, "matched_road_name": null, "matched_highway_class": null, "match_status": "UNMATCHED" }, "geometry": { "type": "Point", "coordinates": [ 94.828417, 28.202667 ] } },
{ "type": "Feature", "properties": { "slide_no": 1583, "slide_id": "AR/WS/82L16/2022/079", "state": "Arunachal Pradesh", "description_before_coordinates": "West Siang Jomlo-Mongku Slide 2 NH-13", "latitude": 28.208389, "longitude": 94.830667, "description_after_coordinates": "Debris Slide NA", "raw_record": "1583 AR/WS/82L16/2022/079 Arunachal Pradesh West Siang Jomlo-Mongku Slide 2 NH-13 28.208389 94.830667 Debris Slide NA", "distance_to_road_m": 235955.22, "matched_segment_id": null, "matched_road_name": null, "matched_highway_class": null, "match_status": "UNMATCHED" }, "geometry": { "type": "Point", "coordinates": [ 94.830667, 28.208389 ] } },
{ "type": "Feature", "properties": { "slide_no": 1608, "slide_id": "AR/WS/82L16/2022/081", "state": "Arunachal Pradesh", "description_before_coordinates": "West Siang Damda-Debuk Slide 1 NH-13", "latitude": 28.225583, "longitude": 94.889167, "description_after_coordinates": "Debris Slide NA", "raw_record": "1608 AR/WS/82L16/2022/081 Arunachal Pradesh West Siang Damda-Debuk Slide 1 NH-13 28.225583 94.889167 Debris Slide NA", "distance_to_road_m": 241960.03, "matched_segment_id": null, "matched_road_name": null, "matched_highway_class": null, "match_status": "UNMATCHED" }, "geometry": { "type": "Point", "coordinates": [ 94.889167, 28.225583 ] } },
{ "type": "Feature", "properties": { "slide_no": 1609, "slide_id": "AR/WS/82L16/2022/082", "state": "Arunachal Pradesh", "description_before_coordinates": "West Siang Damda-Debuk Slide 2 NH-13", "latitude": 28.226722, "longitude": 94.895611, "description_after_coordinates": "Soil Slide NA", "raw_record": "1609 AR/WS/82L16/2022/082 Arunachal Pradesh West Siang Damda-Debuk Slide 2 NH-13 28.226722 94.895611 Soil Slide NA", "distance_to_road_m": 242585.88, "matched_segment_id": null, "matched_road_name": null, "matched_highway_class": null, "match_status": "UNMATCHED" }, "geometry": { "type": "Point", "coordinates": [ 94.895611, 28.226722 ] } },
{ "type": "Feature", "properties": { "slide_no": 1610, "slide_id": "AR/S/82P04/2022/031", "state": "Arunachal Pradesh", "description_before_coordinates": "Siang South of Jeru Slide 3 NH-13", "latitude": 28.22675, "longitude": 94.225111, "description_after_coordinates": "Debris slide NA", "raw_record": "1610 AR/S/82P04/2022/031 Arunachal Pradesh Siang South of Jeru Slide 3 NH-13 28.22675 94.225111 Debris slide NA", "distance_to_road_m": 185319.87, "matched_segment_id": null, "matched_road_name": null, "matched_highway_class": null, "match_status": "UNMATCHED" }, "geometry": { "type": "Point", "coordinates": [ 94.225111, 28.22675 ] } },
{ "type": "Feature", "properties": { "slide_no": 1612, "slide_id": "AP/ES/82P12/2022/76", "state": "Arunachal Pradesh", "description_before_coordinates": "East Siang From Bomjir 17.6 kms along NH-13 towards Pasighat NH-313 (Roing-Pasighat road)", "latitude": 28.227891, "longitude": 95.541082, "description_after_coordinates": "Debris Slide NA", "raw_record": "1612 AP/ES/82P12/2022/76 Arunachal Pradesh East Siang From Bomjir 17.6 kms along NH-13 towards Pasighat NH-313 (Roing-Pasighat road) 28.227891 95.541082 Debris Slide NA", "distance_to_road_m": 298248.33, "matched_segment_id": null, "matched_road_name": null, "matched_highway_class": null, "match_status": "UNMATCHED" }, "geometry": { "type": "Point", "coordinates": [ 95.541082, 28.227891 ] } },
{ "type": "Feature", "properties": { "slide_no": 1614, "slide_id": "AR/WS/82L16/2022/083", "state": "Arunachal Pradesh", "description_before_coordinates": "West Siang Damda-Debuk Slide 3 NH-13", "latitude": 28.228528, "longitude": 94.904278, "description_after_coordinates": "Soil Slide NA", "raw_record": "1614 AR/WS/82L16/2022/083 Arunachal Pradesh West Siang Damda-Debuk Slide 3 NH-13 28.228528 94.904278 Soil Slide NA", "distance_to_road_m": 243440.73, "matched_segment_id": null, "matched_road_name": null, "matched_highway_class": null, "match_status": "UNMATCHED" }, "geometry": { "type": "Point", "coordinates": [ 94.904278, 28.228528 ] } },
{ "type": "Feature", "properties": { "slide_no": 1618, "slide_id": "AR/WS/82L16/2022/084", "state": "Arunachal Pradesh", "description_before_coordinates": "West Siang Damda-Debuk Slide 4 NH-13", "latitude": 28.232472, "longitude": 94.914889, "description_after_coordinates": "Soil Slide NA", "raw_record": "1618 AR/WS/82L16/2022/084 Arunachal Pradesh West Siang Damda-Debuk Slide 4 NH-13 28.232472 94.914889 Soil Slide NA", "distance_to_road_m": 244569.23, "matched_segment_id": null, "matched_road_name": null, "matched_highway_class": null, "match_status": "UNMATCHED" }, "geometry": { "type": "Point", "coordinates": [ 94.914889, 28.232472 ] } },
{ "type": "Feature", "properties": { "slide_no": 1620, "slide_id": "AR/WS/82L16/2022/087", "state": "Arunachal Pradesh", "description_before_coordinates": "West Siang Koreng-Aalo road Slide 3 NH-13", "latitude": 28.234833, "longitude": 94.972278, "description_after_coordinates": "Rock Slide NA", "raw_record": "1620 AR/WS/82L16/2022/087 Arunachal Pradesh West Siang Koreng-Aalo road Slide 3 NH-13 28.234833 94.972278 Rock Slide NA", "distance_to_road_m": 249787.32, "matched_segment_id": null, "matched_road_name": null, "matched_highway_class": null, "match_status": "UNMATCHED" }, "geometry": { "type": "Point", "coordinates": [ 94.972278, 28.234833 ] } },
{ "type": "Feature", "properties": { "slide_no": 1621, "slide_id": "AR/WS/82L16/2022/085", "state": "Arunachal Pradesh", "description_before_coordinates": "West Siang Koreng-Aalo road Slide 1 NH-13", "latitude": 28.235361, "longitude": 94.933333, "description_after_coordinates": "Soil Slide NA", "raw_record": "1621 AR/WS/82L16/2022/085 Arunachal Pradesh West Siang Koreng-Aalo road Slide 1 NH-13 28.235361 94.933333 Soil Slide NA", "distance_to_road_m": 246344.09, "matched_segment_id": null, "matched_road_name": null, "matched_highway_class": null, "match_status": "UNMATCHED" }, "geometry": { "type": "Point", "coordinates": [ 94.933333, 28.235361 ] } },
{ "type": "Feature", "properties": { "slide_no": 1623, "slide_id": "AR/WS/82L16/2022/086", "state": "Arunachal Pradesh", "description_before_coordinates": "West Siang Koreng-Aalo road Slide 2 NH-13", "latitude": 28.237361, "longitude": 94.954808, "description_after_coordinates": "Debris Slide NA Sl.No. Slide_No State District Slide_Name NH_SH_Location Latitude Longitude Material Involved Movement Type History", "raw_record": "1623 AR/WS/82L16/2022/086 Arunachal Pradesh West Siang Koreng-Aalo road Slide 2 NH-13 28.237361 94.954808 Debris Slide NA Sl.No. Slide_No State District Slide_Name NH_SH_Location Latitude Longitude Material Involved Movement Type History", "distance_to_road_m": 248348.14, "matched_segment_id": null, "matched_road_name": null, "matched_highway_class": null, "match_status": "UNMATCHED" }, "geometry": { "type": "Point", "coordinates": [ 94.954808, 28.237361 ] } },
{ "type": "Feature", "properties": { "slide_no": 1625, "slide_id": "AP/ES/82P12/2022/79", "state": "Arunachal Pradesh", "description_before_coordinates": "East Siang From Bomjir 16 kms along NH-13 towards Pasighat NH-313 (Roing-Pasighat road)", "latitude": 28.237716, "longitude": 95.535611, "description_after_coordinates": "Debris Slide NA", "raw_record": "1625 AP/ES/82P12/2022/79 Arunachal Pradesh East Siang From Bomjir 16 kms along NH-13 towards Pasighat NH-313 (Roing-Pasighat road) 28.237716 95.535611 Debris Slide NA", "distance_to_road_m": 298325.97, "matched_segment_id": null, "matched_road_name": null, "matched_highway_class": null, "match_status": "UNMATCHED" }, "geometry": { "type": "Point", "coordinates": [ 95.535611, 28.237716 ] } },
{ "type": "Feature", "properties": { "slide_no": 1637, "slide_id": "AP/ES/82P12/2022/80", "state": "Arunachal Pradesh", "description_before_coordinates": "East Siang From Bomjir 15.5 kms along NH-13 towards Pasighat NH-313 (Roing-Pasighat road)", "latitude": 28.242444, "longitude": 95.536828, "description_after_coordinates": "Rock Fall NA", "raw_record": "1637 AP/ES/82P12/2022/80 Arunachal Pradesh East Siang From Bomjir 15.5 kms along NH-13 towards Pasighat NH-313 (Roing-Pasighat road) 28.242444 95.536828 Rock Fall NA", "distance_to_road_m": 298692.01, "matched_segment_id": null, "matched_road_name": null, "matched_highway_class": null, "match_status": "UNMATCHED" }, "geometry": { "type": "Point", "coordinates": [ 95.536828, 28.242444 ] } },
{ "type": "Feature", "properties": { "slide_no": 1639, "slide_id": "AP/ES/82P12/2022/81", "state": "Arunachal Pradesh", "description_before_coordinates": "East Siang From Bomjir 15.3 kms along NH-13 towards Pasighat NH-313 (Roing-Pasighat road)", "latitude": 28.242969, "longitude": 95.537549, "description_after_coordinates": "Rock Slide NA", "raw_record": "1639 AP/ES/82P12/2022/81 Arunachal Pradesh East Siang From Bomjir 15.3 kms along NH-13 towards Pasighat NH-313 (Roing-Pasighat road) 28.242969 95.537549 Rock Slide NA", "distance_to_road_m": 298782.44, "matched_segment_id": null, "matched_road_name": null, "matched_highway_class": null, "match_status": "UNMATCHED" }, "geometry": { "type": "Point", "coordinates": [ 95.537549, 28.242969 ] } },
{ "type": "Feature", "properties": { "slide_no": 1643, "slide_id": "AP/ES/82P12/2022/82", "state": "Arunachal Pradesh", "description_before_coordinates": "East Siang From Bomjir 15.1 kms along NH-13 towards Pasighat NH-313 (Roing-Pasighat road)", "latitude": 28.243417, "longitude": 95.538216, "description_after_coordinates": "Debris Slide NA", "raw_record": "1643 AP/ES/82P12/2022/82 Arunachal Pradesh East Siang From Bomjir 15.1 kms along NH-13 towards Pasighat NH-313 (Roing-Pasighat road) 28.243417 95.538216 Debris Slide NA", "distance_to_road_m": 298864.01, "matched_segment_id": null, "matched_road_name": null, "matched_highway_class": null, "match_status": "UNMATCHED" }, "geometry": { "type": "Point", "coordinates": [ 95.538216, 28.243417 ] } },
{ "type": "Feature", "properties": { "slide_no": 1651, "slide_id": "AP/LDV/82P16/2022/77", "state": "Arunachal Pradesh", "description_before_coordinates": "Lower Dibang Valley From Bomjir 14.3 kms along NH-13 towards Pasighat NH-313 (Roing-Pasighat road)", "latitude": 28.246512, "longitude": 95.541646, "description_after_coordinates": "Rock Slide NA", "raw_record": "1651 AP/LDV/82P16/2022/77 Arunachal Pradesh Lower Dibang Valley From Bomjir 14.3 kms along NH-13 towards Pasighat NH-313 (Roing-Pasighat road) 28.246512 95.541646 Rock Slide NA", "distance_to_road_m": 299327.47, "matched_segment_id": null, "matched_road_name": null, "matched_highway_class": null, "match_status": "UNMATCHED" }, "geometry": { "type": "Point", "coordinates": [ 95.541646, 28.246512 ] } },
{ "type": "Feature", "properties": { "slide_no": 1652, "slide_id": "AP/LDV/82P16/2022/78", "state": "Arunachal Pradesh", "description_before_coordinates": "Lower Dibang Valley From Bomjir 13.6 kms along NH-13 towards Pasighat NH-313 (Roing-Pasighat road)", "latitude": 28.249718, "longitude": 95.546273, "description_after_coordinates": "Debris Slide NA", "raw_record": "1652 AP/LDV/82P16/2022/78 Arunachal Pradesh Lower Dibang Valley From Bomjir 13.6 kms along NH-13 towards Pasighat NH-313 (Roing-Pasighat road) 28.249718 95.546273 Debris Slide NA", "distance_to_road_m": 299898.77, "matched_segment_id": null, "matched_road_name": null, "matched_highway_class": null, "match_status": "UNMATCHED" }, "geometry": { "type": "Point", "coordinates": [ 95.546273, 28.249718 ] } },
{ "type": "Feature", "properties": { "slide_no": 1653, "slide_id": "AP/LDV/82P11/2022/LS71", "state": "Arunachal Pradesh", "description_before_coordinates": "Lower Dibang Valley Sisseri bridge slide NH-13, towards sisseri bridge", "latitude": 28.251139, "longitude": 95.55011, "description_after_coordinates": "Debris Slide NA", "raw_record": "1653 AP/LDV/82P11/2022/LS71 Arunachal Pradesh Lower Dibang Valley Sisseri bridge slide NH-13, towards sisseri bridge 28.251139 95.55011 Debris Slide NA", "distance_to_road_m": 300303.62, "matched_segment_id": null, "matched_road_name": null, "matched_highway_class": null, "match_status": "UNMATCHED" }, "geometry": { "type": "Point", "coordinates": [ 95.55011, 28.251139 ] } },
{ "type": "Feature", "properties": { "slide_no": 1658, "slide_id": "AP/LDV/82P11/2022/LS72", "state": "Arunachal Pradesh", "description_before_coordinates": "Lower Dibang Valley Sisseri bridge slide NH-13, towards Sesseri bridge", "latitude": 28.253915, "longitude": 95.578439, "description_after_coordinates": "Debris Slide NA", "raw_record": "1658 AP/LDV/82P11/2022/LS72 Arunachal Pradesh Lower Dibang Valley Sisseri bridge slide NH-13, towards Sesseri bridge 28.253915 95.578439 Debris Slide NA", "distance_to_road_m": 302865.51, "matched_segment_id": null, "matched_road_name": null, "matched_highway_class": null, "match_status": "UNMATCHED" }, "geometry": { "type": "Point", "coordinates": [ 95.578439, 28.253915 ] } },
{ "type": "Feature", "properties": { "slide_no": 1659, "slide_id": "AP/LDV/82P11/2022/LS73", "state": "Arunachal Pradesh", "description_before_coordinates": "Lower Dibang Valley Sisseri bridge slide NH-13, near Sesseri bridge", "latitude": 28.254509, "longitude": 95.581558, "description_after_coordinates": "Debris Slide NA", "raw_record": "1659 AP/LDV/82P11/2022/LS73 Arunachal Pradesh Lower Dibang Valley Sisseri bridge slide NH-13, near Sesseri bridge 28.254509 95.581558 Debris Slide NA", "distance_to_road_m": 303163.77, "matched_segment_id": null, "matched_road_name": null, "matched_highway_class": null, "match_status": "UNMATCHED" }, "geometry": { "type": "Point", "coordinates": [ 95.581558, 28.254509 ] } },
{ "type": "Feature", "properties": { "slide_no": 1660, "slide_id": "AP/LDV/82P11/2022/LS74", "state": "Arunachal Pradesh", "description_before_coordinates": "Lower Dibang Valley Sisseri bridge slide NH-13, Sesseri Bridge", "latitude": 28.255059, "longitude": 95.576996, "description_after_coordinates": "Debris Slide NA", "raw_record": "1660 AP/LDV/82P11/2022/LS74 Arunachal Pradesh Lower Dibang Valley Sisseri bridge slide NH-13, Sesseri Bridge 28.255059 95.576996 Debris Slide NA", "distance_to_road_m": 302806.02, "matched_segment_id": null, "matched_road_name": null, "matched_highway_class": null, "match_status": "UNMATCHED" }, "geometry": { "type": "Point", "coordinates": [ 95.576996, 28.255059 ] } },
{ "type": "Feature", "properties": { "slide_no": 1661, "slide_id": null, "state": "Arunachal Pradesh", "description_before_coordinates": "Lower Dibang Valley LS-24 NH-13", "latitude": 28.255261, "longitude": 95.582613, "description_after_coordinates": "Rock Wedge failure NA", "raw_record": "1661 AP/E-Siang/82P8/2021/LS24 Arunachal Pradesh Lower Dibang Valley LS-24 NH-13 28.255261 95.582613 Rock Wedge failure NA", "distance_to_road_m": 303295.11, "matched_segment_id": null, "matched_road_name": null, "matched_highway_class": null, "match_status": "UNMATCHED" }, "geometry": { "type": "Point", "coordinates": [ 95.582613, 28.255261 ] } },
{ "type": "Feature", "properties": { "slide_no": 1662, "slide_id": "AP/LDV/82P11/2022/LS75", "state": "Arunachal Pradesh", "description_before_coordinates": "Lower Dibang Valley LS-75 NH-13", "latitude": 28.255355, "longitude": 95.551658, "description_after_coordinates": "Debris Slide NA", "raw_record": "1662 AP/LDV/82P11/2022/LS75 Arunachal Pradesh Lower Dibang Valley LS-75 NH-13 28.255355 95.551658 Debris Slide NA", "distance_to_road_m": 300669.88, "matched_segment_id": null, "matched_road_name": null, "matched_highway_class": null, "match_status": "UNMATCHED" }, "geometry": { "type": "Point", "coordinates": [ 95.551658, 28.255355 ] } },
{ "type": "Feature", "properties": { "slide_no": 1663, "slide_id": null, "state": "Arunachal Pradesh", "description_before_coordinates": "Lower Dibang Valley LS-25 NH-13, towards Rengging", "latitude": 28.255703, "longitude": 95.55061, "description_after_coordinates": "Rock Wedge failure NA", "raw_record": "1663 AP/E-Siang/82P8/2021/LS25 Arunachal Pradesh Lower Dibang Valley LS-25 NH-13, towards Rengging 28.255703 95.55061 Rock Wedge failure NA", "distance_to_road_m": 300600.38, "matched_segment_id": null, "matched_road_name": null, "matched_highway_class": null, "match_status": "UNMATCHED" }, "geometry": { "type": "Point", "coordinates": [ 95.55061, 28.255703 ] } },
{ "type": "Feature", "properties": { "slide_no": 1665, "slide_id": null, "state": "Arunachal Pradesh", "description_before_coordinates": "Lower Dibang Valley LS-26 NH-13", "latitude": 28.256126, "longitude": 95.576152, "description_after_coordinates": "Debris Slide NA", "raw_record": "1665 AP/E-Siang/82P8/2021/LS26 Arunachal Pradesh Lower Dibang Valley LS-26 NH-13 28.256126 95.576152 Debris Slide NA", "distance_to_road_m": 302793.3, "matched_segment_id": null, "matched_road_name": null, "matched_highway_class": null, "match_status": "UNMATCHED" }, "geometry": { "type": "Point", "coordinates": [ 95.576152, 28.256126 ] } },
{ "type": "Feature", "properties": { "slide_no": 1666, "slide_id": "AP/LDV/82P11/2022/LS77", "state": "Arunachal Pradesh", "description_before_coordinates": "Lower Dibang Valley LS-77 NH-13", "latitude": 28.256397, "longitude": 95.550978, "description_after_coordinates": "Debris Slide NA", "raw_record": "1666 AP/LDV/82P11/2022/LS77 Arunachal Pradesh Lower Dibang Valley LS-77 NH-13 28.256397 95.550978 Debris Slide NA", "distance_to_road_m": 300670.33, "matched_segment_id": null, "matched_road_name": null, "matched_highway_class": null, "match_status": "UNMATCHED" }, "geometry": { "type": "Point", "coordinates": [ 95.550978, 28.256397 ] } },
{ "type": "Feature", "properties": { "slide_no": 1667, "slide_id": "AP/LDV/82P11/2022/LS76", "state": "Arunachal Pradesh", "description_before_coordinates": "Lower Dibang Valley Sisseri bridge slide NH-13, towards Sesseri bridge", "latitude": 28.256434, "longitude": 95.57515, "description_after_coordinates": "Debris Slide NA", "raw_record": "1667 AP/LDV/82P11/2022/LS76 Arunachal Pradesh Lower Dibang Valley Sisseri bridge slide NH-13, towards Sesseri bridge 28.256434 95.57515 Debris Slide NA", "distance_to_road_m": 302725.16, "matched_segment_id": null, "matched_road_name": null, "matched_highway_class": null, "match_status": "UNMATCHED" }, "geometry": { "type": "Point", "coordinates": [ 95.57515, 28.256434 ] } },
{ "type": "Feature", "properties": { "slide_no": 1668, "slide_id": "AP/LDV/82P11/2022/LS84", "state": "Arunachal Pradesh", "description_before_coordinates": "Lower Dibang Valley Sisseri bridge slide NH-13, Sesseri Bridge", "latitude": 28.25701, "longitude": 95.551656, "description_after_coordinates": "Debris Slide NA", "raw_record": "1668 AP/LDV/82P11/2022/LS84 Arunachal Pradesh Lower Dibang Valley Sisseri bridge slide NH-13, Sesseri Bridge 28.25701 95.551656 Debris Slide NA", "distance_to_road_m": 300762.04, "matched_segment_id": null, "matched_road_name": null, "matched_highway_class": null, "match_status": "UNMATCHED" }, "geometry": { "type": "Point", "coordinates": [ 95.551656, 28.25701 ] } },
{ "type": "Feature", "properties": { "slide_no": 1684, "slide_id": "AP/LDV/82P/11/2022/LS-92", "state": "Arunachal Pradesh", "description_before_coordinates": "Lower Dibang Valley  West Sisseri bridge slide  NH-13.", "latitude": 28.262806, "longitude": 95.565421, "description_after_coordinates": "Debris Slide NA", "raw_record": "1684 AP/LDV/82P/11/2022/LS-92 Arunachal Pradesh Lower Dibang Valley  West Sisseri bridge slide  NH-13. 28.262806 95.565421 Debris Slide NA", "distance_to_road_m": 302253.05, "matched_segment_id": null, "matched_road_name": null, "matched_highway_class": null, "match_status": "UNMATCHED" }, "geometry": { "type": "Point", "coordinates": [ 95.565421, 28.262806 ] } },
{ "type": "Feature", "properties": { "slide_no": 1685, "slide_id": "AP/LDV/82P11/2022/LS83", "state": "Arunachal Pradesh", "description_before_coordinates": "Lower Dibang Valley LS-83 NH-13", "latitude": 28.262879, "longitude": 95.551911, "description_after_coordinates": "Debris Slide NA", "raw_record": "1685 AP/LDV/82P11/2022/LS83 Arunachal Pradesh Lower Dibang Valley LS-83 NH-13 28.262879 95.551911 Debris Slide NA", "distance_to_road_m": 301111.74, "matched_segment_id": null, "matched_road_name": null, "matched_highway_class": null, "match_status": "UNMATCHED" }, "geometry": { "type": "Point", "coordinates": [ 95.551911, 28.262879 ] } },
{ "type": "Feature", "properties": { "slide_no": 1688, "slide_id": "AP/LDV/82P/11/2022/LS-94", "state": "Arunachal Pradesh", "description_before_coordinates": "Lower Dibang Valley  West Sessiri bridge NH-13", "latitude": 28.263468, "longitude": 95.570661, "description_after_coordinates": "Rock Wedge failure NA", "raw_record": "1688 AP/LDV/82P/11/2022/LS-94 Arunachal Pradesh Lower Dibang Valley  West Sessiri bridge NH-13 28.263468 95.570661 Rock Wedge failure NA", "distance_to_road_m": 302734.59, "matched_segment_id": null, "matched_road_name": null, "matched_highway_class": null, "match_status": "UNMATCHED" }, "geometry": { "type": "Point", "coordinates": [ 95.570661, 28.263468 ] } },
{ "type": "Feature", "properties": { "slide_no": 1689, "slide_id": "AP/LDV/82P/11/2022/LS-95", "state": "Arunachal Pradesh", "description_before_coordinates": "Lower Dibang Valley West Sessiri bridge NH-13", "latitude": 28.263731, "longitude": 95.551326, "description_after_coordinates": "Debris Slide NA", "raw_record": "1689 AP/LDV/82P/11/2022/LS-95 Arunachal Pradesh Lower Dibang Valley West Sessiri bridge NH-13 28.263731 95.551326 Debris Slide NA", "distance_to_road_m": 301109.9, "matched_segment_id": null, "matched_road_name": null, "matched_highway_class": null, "match_status": "UNMATCHED" }, "geometry": { "type": "Point", "coordinates": [ 95.551326, 28.263731 ] } },
{ "type": "Feature", "properties": { "slide_no": 1691, "slide_id": null, "state": "Arunachal Pradesh", "description_before_coordinates": "Lower Dibang Valley Mebo Slide NH-13, NE of Mebo village", "latitude": 28.2646, "longitude": 95.571519, "description_after_coordinates": "Debris Slide NA", "raw_record": "1691 AP/E-Siang/82P8/2022/LS30 Arunachal Pradesh Lower Dibang Valley Mebo Slide NH-13, NE of Mebo village 28.2646 95.571519 Debris Slide NA", "distance_to_road_m": 302870.47, "matched_segment_id": null, "matched_road_name": null, "matched_highway_class": null, "match_status": "UNMATCHED" }, "geometry": { "type": "Point", "coordinates": [ 95.571519, 28.2646 ] } },
{ "type": "Feature", "properties": { "slide_no": 1694, "slide_id": null, "state": "Arunachal Pradesh", "description_before_coordinates": "Lower Dibang Valley Mebo Slide NH-13, NE of Mebo village", "latitude": 28.265266, "longitude": 95.56964, "description_after_coordinates": "Debris Slide NA", "raw_record": "1694 AP/E-Siang/82P8/2022/LS31 Arunachal Pradesh Lower Dibang Valley Mebo Slide NH-13, NE of Mebo village 28.265266 95.56964 Debris Slide NA", "distance_to_road_m": 302748.16, "matched_segment_id": null, "matched_road_name": null, "matched_highway_class": null, "match_status": "UNMATCHED" }, "geometry": { "type": "Point", "coordinates": [ 95.56964, 28.265266 ] } },
{ "type": "Feature", "properties": { "slide_no": 1695, "slide_id": null, "state": "Arunachal Pradesh", "description_before_coordinates": "Lower Dibang Valley Mebo Slide NH-13, NE of Mebo village", "latitude": 28.265532, "longitude": 95.549321, "description_after_coordinates": "Debris Slide NA", "raw_record": "1695 AP/E-Siang/82P8/2022/LS32 Arunachal Pradesh Lower Dibang Valley Mebo Slide NH-13, NE of Mebo village 28.265532 95.549321 Debris Slide NA", "distance_to_road_m": 301041.1, "matched_segment_id": null, "matched_road_name": null, "matched_highway_class": null, "match_status": "UNMATCHED" }, "geometry": { "type": "Point", "coordinates": [ 95.549321, 28.265532 ] } },
{ "type": "Feature", "properties": { "slide_no": 1699, "slide_id": null, "state": "Arunachal Pradesh", "description_before_coordinates": "Lower Dibang Valley Mebo Slide NH-13, NE of Mebo village", "latitude": 28.265836, "longitude": 95.563875, "description_after_coordinates": "Debris Slide NA", "raw_record": "1699 AP/E-Siang/82P8/2022/LS33 Arunachal Pradesh Lower Dibang Valley Mebo Slide NH-13, NE of Mebo village 28.265836 95.563875 Debris Slide NA", "distance_to_road_m": 302291.08, "matched_segment_id": null, "matched_road_name": null, "matched_highway_class": null, "match_status": "UNMATCHED" }, "geometry": { "type": "Point", "coordinates": [ 95.563875, 28.265836 ] } },
{ "type": "Feature", "properties": { "slide_no": 1706, "slide_id": "AP/DV/84P/14/2022/LS-102", "state": "Arunachal Pradesh", "description_before_coordinates": "Lower Dibang Valley  Anini Slide NH-13, Etalin to Anini", "latitude": 28.267216, "longitude": 95.559542, "description_after_coordinates": "Debris Slide NA", "raw_record": "1706 AP/DV/84P/14/2022/LS-102 Arunachal Pradesh Lower Dibang Valley  Anini Slide NH-13, Etalin to Anini 28.267216 95.559542 Debris Slide NA", "distance_to_road_m": 302001.07, "matched_segment_id": null, "matched_road_name": null, "matched_highway_class": null, "match_status": "UNMATCHED" }, "geometry": { "type": "Point", "coordinates": [ 95.559542, 28.267216 ] } },
{ "type": "Feature", "properties": { "slide_no": 1707, "slide_id": null, "state": "Arunachal Pradesh", "description_before_coordinates": "Lower Dibang Valley Mebo Slide NH-13, nE of Mebo village", "latitude": 28.267526, "longitude": 95.561048, "description_after_coordinates": "Debris Slide NA", "raw_record": "1707 AP/E-Siang/82P8/2022/LS34 Arunachal Pradesh Lower Dibang Valley Mebo Slide NH-13, nE of Mebo village 28.267526 95.561048 Debris Slide NA", "distance_to_road_m": 302146.01, "matched_segment_id": null, "matched_road_name": null, "matched_highway_class": null, "match_status": "UNMATCHED" }, "geometry": { "type": "Point", "coordinates": [ 95.561048, 28.267526 ] } },
{ "type": "Feature", "properties": { "slide_no": 1708, "slide_id": "AP/LD/82P/14/2022/LS-103", "state": "Arunachal Pradesh", "description_before_coordinates": "Lower Dibang Valley <Null> NH-13, Etalin to Anini", "latitude": 28.267726, "longitude": 95.551477, "description_after_coordinates": "Debris Slide NA", "raw_record": "1708 AP/LD/82P/14/2022/LS-103 Arunachal Pradesh Lower Dibang Valley <Null> NH-13, Etalin to Anini 28.267726 95.551477 Debris Slide NA", "distance_to_road_m": 301346.74, "matched_segment_id": null, "matched_road_name": null, "matched_highway_class": null, "match_status": "UNMATCHED" }, "geometry": { "type": "Point", "coordinates": [ 95.551477, 28.267726 ] } },
{ "type": "Feature", "properties": { "slide_no": 1711, "slide_id": null, "state": "Arunachal Pradesh", "description_before_coordinates": "Lower Dibang Valley Mebo Slide NH-13, nE of Mebo village, upstream of River", "latitude": 28.26825, "longitude": 95.555457, "description_after_coordinates": "Debris Slide NA", "raw_record": "1711 AP/E-Siang/82P8/2022/LS35 Arunachal Pradesh Lower Dibang Valley Mebo Slide NH-13, nE of Mebo village, upstream of River 28.26825 95.555457 Debris Slide NA", "distance_to_road_m": 301713.06, "matched_segment_id": null, "matched_road_name": null, "matched_highway_class": null, "match_status": "UNMATCHED" }, "geometry": { "type": "Point", "coordinates": [ 95.555457, 28.26825 ] } },
{ "type": "Feature", "properties": { "slide_no": 1712, "slide_id": null, "state": "Arunachal Pradesh", "description_before_coordinates": "Lower Dibang Valley LS-36 NH-13, NE of Siluk village", "latitude": 28.269062, "longitude": 95.610767, "description_after_coordinates": "Debris Slide NA", "raw_record": "1712 AP/E-Siang/82P8/2022/LS36 Arunachal Pradesh Lower Dibang Valley LS-36 NH-13, NE of Siluk village 28.269062 95.610767 Debris Slide NA", "distance_to_road_m": 306453.66, "matched_segment_id": null, "matched_road_name": null, "matched_highway_class": null, "match_status": "UNMATCHED" }, "geometry": { "type": "Point", "coordinates": [ 95.610767, 28.269062 ] } },
{ "type": "Feature", "properties": { "slide_no": 1714, "slide_id": null, "state": "Arunachal Pradesh", "description_before_coordinates": "Lower Dibang Valley LS-37 NH-13, Sesseri Bridge", "latitude": 28.26986, "longitude": 95.610757, "description_after_coordinates": "Debris Slide NA", "raw_record": "1714 AP/E-Siang/82P8/2022/LS37 Arunachal Pradesh Lower Dibang Valley LS-37 NH-13, Sesseri Bridge 28.26986 95.610757 Debris Slide NA", "distance_to_road_m": 306496.89, "matched_segment_id": null, "matched_road_name": null, "matched_highway_class": null, "match_status": "UNMATCHED" }, "geometry": { "type": "Point", "coordinates": [ 95.610757, 28.26986 ] } },
{ "type": "Feature", "properties": { "slide_no": 1825, "slide_id": "AR/WS/82L16/2022/080", "state": "Arunachal Pradesh", "description_before_coordinates": "West Siang Jomlo-Mongku Slide 3 NH-13", "latitude": 28.506306, "longitude": 94.873361, "description_after_coordinates": "Debris Slide NA", "raw_record": "1825 AR/WS/82L16/2022/080 Arunachal Pradesh West Siang Jomlo-Mongku Slide 3 NH-13 28.506306 94.873361 Debris Slide NA", "distance_to_road_m": 255484.21, "matched_segment_id": null, "matched_road_name": null, "matched_highway_class": null, "match_status": "UNMATCHED" }, "geometry": { "type": "Point", "coordinates": [ 94.873361, 28.506306 ] } },
{ "type": "Feature", "properties": { "slide_no": 1846, "slide_id": null, "state": "Arunachal Pradesh", "description_before_coordinates": "Dibang Valley LS-39 NH-13, Pasighat river slide", "latitude": 28.608016, "longitude": 95.854035, "description_after_coordinates": "Debris Slide NA", "raw_record": "1846 AP/E-Siang/82P8/2022/LS39 Arunachal Pradesh Dibang Valley LS-39 NH-13, Pasighat river slide 28.608016 95.854035 Debris Slide NA", "distance_to_road_m": 345583.15, "matched_segment_id": null, "matched_road_name": null, "matched_highway_class": null, "match_status": "UNMATCHED" }, "geometry": { "type": "Point", "coordinates": [ 95.854035, 28.608016 ] } },
{ "type": "Feature", "properties": { "slide_no": 1847, "slide_id": "AP/LDV/82P8/2022/LS38", "state": "Arunachal Pradesh", "description_before_coordinates": "Dibang Valley LS-38 NH-13, Dambuk slide", "latitude": 28.609263, "longitude": 95.856878, "description_after_coordinates": "Debris Slide NA", "raw_record": "1847 AP/LDV/82P8/2022/LS38 Arunachal Pradesh Dibang Valley LS-38 NH-13, Dambuk slide 28.609263 95.856878 Debris Slide NA", "distance_to_road_m": 345893.67, "matched_segment_id": null, "matched_road_name": null, "matched_highway_class": null, "match_status": "UNMATCHED" }, "geometry": { "type": "Point", "coordinates": [ 95.856878, 28.609263 ] } },
{ "type": "Feature", "properties": { "slide_no": 1851, "slide_id": "AP/LDV/82P11/2022/LS82", "state": "Arunachal Pradesh", "description_before_coordinates": "Dibang Valley LS-82 NH-13", "latitude": 28.615893, "longitude": 95.859914, "description_after_coordinates": "Debris Slide NA", "raw_record": "1851 AP/LDV/82P11/2022/LS82 Arunachal Pradesh Dibang Valley LS-82 NH-13 28.615893 95.859914 Debris Slide NA", "distance_to_road_m": 346469.83, "matched_segment_id": null, "matched_road_name": null, "matched_highway_class": null, "match_status": "UNMATCHED" }, "geometry": { "type": "Point", "coordinates": [ 95.859914, 28.615893 ] } },
{ "type": "Feature", "properties": { "slide_no": 1857, "slide_id": "AP/LDV/82P11/2022/LS81", "state": "Arunachal Pradesh", "description_before_coordinates": "Dibang Valley LS-81 NH-13", "latitude": 28.62267, "longitude": 95.856377, "description_after_coordinates": "Debris Slide NA", "raw_record": "1857 AP/LDV/82P11/2022/LS81 Arunachal Pradesh Dibang Valley LS-81 NH-13 28.62267 95.856377 Debris Slide NA", "distance_to_road_m": 346469.62, "matched_segment_id": null, "matched_road_name": null, "matched_highway_class": null, "match_status": "UNMATCHED" }, "geometry": { "type": "Point", "coordinates": [ 95.856377, 28.62267 ] } },
{ "type": "Feature", "properties": { "slide_no": 1860, "slide_id": null, "state": "Arunachal Pradesh", "description_before_coordinates": "Dibang Valley LS-40 NH-13, Pasighat bridge slide", "latitude": 28.625114, "longitude": 95.852703, "description_after_coordinates": "Debris Slide NA", "raw_record": "1860 AP/E-Siang/82P8/2022/LS40 Arunachal Pradesh Dibang Valley LS-40 NH-13, Pasighat bridge slide 28.625114 95.852703 Debris Slide NA", "distance_to_road_m": 346257.07, "matched_segment_id": null, "matched_road_name": null, "matched_highway_class": null, "match_status": "UNMATCHED" }, "geometry": { "type": "Point", "coordinates": [ 95.852703, 28.625114 ] } },
{ "type": "Feature", "properties": { "slide_no": 1865, "slide_id": "AP/LDV/82P11/2022/LS80", "state": "Arunachal Pradesh", "description_before_coordinates": "Dibang Valley LS-80 NH-13", "latitude": 28.638336, "longitude": 95.856331, "description_after_coordinates": "Debris Slide NA", "raw_record": "1865 AP/LDV/82P11/2022/LS80 Arunachal Pradesh Dibang Valley LS-80 NH-13 28.638336 95.856331 Debris Slide NA", "distance_to_road_m": 347197.28, "matched_segment_id": null, "matched_road_name": null, "matched_highway_class": null, "match_status": "UNMATCHED" }, "geometry": { "type": "Point", "coordinates": [ 95.856331, 28.638336 ] } },
{ "type": "Feature", "properties": { "slide_no": 1880, "slide_id": null, "state": "Arunachal Pradesh", "description_before_coordinates": "Dibang Valley LS-41 NH-13, Komlighat park, Pasighat bridge slide", "latitude": 28.760937, "longitude": 95.865649, "description_after_coordinates": "Debris Slide NA", "raw_record": "1880 AP/E-Siang/82P8/2022/LS41 Arunachal Pradesh Dibang Valley LS-41 NH-13, Komlighat park, Pasighat bridge slide 28.760937 95.865649 Debris Slide NA", "distance_to_road_m": 353977.49, "matched_segment_id": null, "matched_road_name": null, "matched_highway_class": null, "match_status": "UNMATCHED" }, "geometry": { "type": "Point", "coordinates": [ 95.865649, 28.760937 ] } },
{ "type": "Feature", "properties": { "slide_no": 1882, "slide_id": null, "state": "Arunachal Pradesh", "description_before_coordinates": "Dibang Valley LS-42 NH-13, Komlighat park, Pasighat bridge slide", "latitude": 28.763514, "longitude": 95.868872, "description_after_coordinates": "Debris Slide NA", "raw_record": "1882 AP/E-Siang/82P8/2022/LS42 Arunachal Pradesh Dibang Valley LS-42 NH-13, Komlighat park, Pasighat bridge slide 28.763514 95.868872 Debris Slide NA", "distance_to_road_m": 354387.78, "matched_segment_id": null, "matched_road_name": null, "matched_highway_class": null, "match_status": "UNMATCHED" }, "geometry": { "type": "Point", "coordinates": [ 95.868872, 28.763514 ] } },
{ "type": "Feature", "properties": { "slide_no": 1892, "slide_id": null, "state": "Arunachal Pradesh", "description_before_coordinates": "Dibang Valley LS-43 NH-13, komlighat park, Pasighat bridge slide", "latitude": 28.783517, "longitude": 95.904106, "description_after_coordinates": "Debris Slide NA", "raw_record": "1892 AP/E-Siang/82P8/2022/LS43 Arunachal Pradesh Dibang Valley LS-43 NH-13, komlighat park, Pasighat bridge slide 28.783517 95.904106 Debris Slide NA", "distance_to_road_m": 358462.27, "matched_segment_id": null, "matched_road_name": null, "matched_highway_class": null, "match_status": "UNMATCHED" }, "geometry": { "type": "Point", "coordinates": [ 95.904106, 28.783517 ] } },
{ "type": "Feature", "properties": { "slide_no": 1895, "slide_id": null, "state": "Arunachal Pradesh", "description_before_coordinates": "Dibang Valley LS-44 NH-13, Komlighat park", "latitude": 28.786868, "longitude": 95.908637, "description_after_coordinates": "Debris Slide NA", "raw_record": "1895 AP/E-Siang/82P8/2022/LS44 Arunachal Pradesh Dibang Valley LS-44 NH-13, Komlighat park 28.786868 95.908637 Debris Slide NA", "distance_to_road_m": 359025.49, "matched_segment_id": null, "matched_road_name": null, "matched_highway_class": null, "match_status": "UNMATCHED" }, "geometry": { "type": "Point", "coordinates": [ 95.908637, 28.786868 ] } },
{ "type": "Feature", "properties": { "slide_no": 1899, "slide_id": "AP/LDV/82P11/2022/LS78", "state": "Arunachal Pradesh", "description_before_coordinates": "East Siang Sisseri bridge slide NH-13, towards Sesseri bridge", "latitude": 28.789647, "longitude": 95.894965, "description_after_coordinates": "Debris Slide NA", "raw_record": "1899 AP/LDV/82P11/2022/LS78 Arunachal Pradesh East Siang Sisseri bridge slide NH-13, towards Sesseri bridge 28.789647 95.894965 Debris Slide NA", "distance_to_road_m": 357977.16, "matched_segment_id": null, "matched_road_name": null, "matched_highway_class": null, "match_status": "UNMATCHED" }, "geometry": { "type": "Point", "coordinates": [ 95.894965, 28.789647 ] } },
{ "type": "Feature", "properties": { "slide_no": 1915, "slide_id": null, "state": "Arunachal Pradesh", "description_before_coordinates": "Dibang Valley LS-45 NH-13, Komlighat park", "latitude": 28.827069, "longitude": 95.9225, "description_after_coordinates": "Debris Slide NA", "raw_record": "1915 AP/E-Siang/82P8/2022/LS45 Arunachal Pradesh Dibang Valley LS-45 NH-13, Komlighat park 28.827069 95.9225 Debris Slide NA", "distance_to_road_m": 362274.03, "matched_segment_id": null, "matched_road_name": null, "matched_highway_class": null, "match_status": "UNMATCHED" }, "geometry": { "type": "Point", "coordinates": [ 95.9225, 28.827069 ] } },
{ "type": "Feature", "properties": { "slide_no": 1924, "slide_id": "AP/LDV/82P11/2022/LS79", "state": "Arunachal Pradesh", "description_before_coordinates": "Dibang Valley LS-79 NH-13", "latitude": 28.85641, "longitude": 95.859872, "description_after_coordinates": "Debris Slide NA", "raw_record": "1924 AP/LDV/82P11/2022/LS79 Arunachal Pradesh Dibang Valley LS-79 NH-13 28.85641 95.859872 Debris Slide NA", "distance_to_road_m": 358406.08, "matched_segment_id": null, "matched_road_name": null, "matched_highway_class": null, "match_status": "UNMATCHED" }, "geometry": { "type": "Point", "coordinates": [ 95.859872, 28.85641 ] } },
{ "type": "Feature", "properties": { "slide_no": 1942, "slide_id": null, "state": "Arunachal Pradesh", "description_before_coordinates": "West Kameng NULL NULL", "latitude": 27.092699, "longitude": 92.58314, "description_after_coordinates": "Debris Slide NA", "raw_record": "1942 4691 Arunachal Pradesh West Kameng NULL NULL 27.092699 92.58314 Debris Slide NA", "distance_to_road_m": 13.82, "matched_segment_id": "seg_44736738_0", "matched_road_name": "Doimara-Nichiphu", "matched_highway_class": "primary", "match_status": "MATCHED" }, "geometry": { "type": "Point", "coordinates": [ 92.58314, 27.092699 ] } },
{ "type": "Feature", "properties": { "slide_no": 1944, "slide_id": "AR/EAK/84E03/2025/01", "state": "Arunachal Pradesh", "description_before_coordinates": "East Kameng NH 13", "latitude": 27.322582, "longitude": 93.048256, "description_after_coordinates": "Debris Slide NA", "raw_record": "1944 AR/EAK/84E03/2025/01 Arunachal Pradesh East Kameng NH 13 27.322582 93.048256 Debris Slide NA", "distance_to_road_m": 35442.23, "matched_segment_id": null, "matched_road_name": null, "matched_highway_class": null, "match_status": "UNMATCHED" }, "geometry": { "type": "Point", "coordinates": [ 93.048256, 27.322582 ] } },
{ "type": "Feature", "properties": { "slide_no": 1945, "slide_id": "AR/EAK/84E03/2025/02", "state": "Arunachal Pradesh", "description_before_coordinates": "East Kameng NH 13", "latitude": 27.313874, "longitude": 93.045623, "description_after_coordinates": "Soil Slide NA", "raw_record": "1945 AR/EAK/84E03/2025/02 Arunachal Pradesh East Kameng NH 13 27.313874 93.045623 Soil Slide NA", "distance_to_road_m": 34879.95, "matched_segment_id": null, "matched_road_name": null, "matched_highway_class": null, "match_status": "UNMATCHED" }, "geometry": { "type": "Point", "coordinates": [ 93.045623, 27.313874 ] } },
{ "type": "Feature", "properties": { "slide_no": 1946, "slide_id": "AR/EAK/84E03/2025/03", "state": "Arunachal Pradesh", "description_before_coordinates": "East Kameng NH 13", "latitude": 27.311231, "longitude": 93.04677, "description_after_coordinates": "Soil Slide NA", "raw_record": "1946 AR/EAK/84E03/2025/03 Arunachal Pradesh East Kameng NH 13 27.311231 93.04677 Soil Slide NA", "distance_to_road_m": 34896.31, "matched_segment_id": null, "matched_road_name": null, "matched_highway_class": null, "match_status": "UNMATCHED" }, "geometry": { "type": "Point", "coordinates": [ 93.04677, 27.311231 ] } },
{ "type": "Feature", "properties": { "slide_no": 1948, "slide_id": "AR/EAK/84E03/2025/05", "state": "Arunachal Pradesh", "description_before_coordinates": "East Kameng NH 13", "latitude": 27.309745, "longitude": 93.047722, "description_after_coordinates": "Soil Slide NA", "raw_record": "1948 AR/EAK/84E03/2025/05 Arunachal Pradesh East Kameng NH 13 27.309745 93.047722 Soil Slide NA", "distance_to_road_m": 34935.7, "matched_segment_id": null, "matched_road_name": null, "matched_highway_class": null, "match_status": "UNMATCHED" }, "geometry": { "type": "Point", "coordinates": [ 93.047722, 27.309745 ] } },
{ "type": "Feature", "properties": { "slide_no": 1949, "slide_id": "AR/EAK/84E03/2025/06", "state": "Arunachal Pradesh", "description_before_coordinates": "East Kameng NH 13", "latitude": 27.304291, "longitude": 93.052835, "description_after_coordinates": "Debris Slide NA", "raw_record": "1949 AR/EAK/84E03/2025/06 Arunachal Pradesh East Kameng NH 13 27.304291 93.052835 Debris Slide NA", "distance_to_road_m": 35242.3, "matched_segment_id": null, "matched_road_name": null, "matched_highway_class": null, "match_status": "UNMATCHED" }, "geometry": { "type": "Point", "coordinates": [ 93.052835, 27.304291 ] } },
{ "type": "Feature", "properties": { "slide_no": 1950, "slide_id": "AR/EAK/84E03/2025/07", "state": "Arunachal Pradesh", "description_before_coordinates": "East Kameng NH 13", "latitude": 27.304291, "longitude": 93.052835, "description_after_coordinates": "Debris Slide NA", "raw_record": "1950 AR/EAK/84E03/2025/07 Arunachal Pradesh East Kameng NH 13 27.304291 93.052835 Debris Slide NA", "distance_to_road_m": 35242.3, "matched_segment_id": null, "matched_road_name": null, "matched_highway_class": null, "match_status": "UNMATCHED" }, "geometry": { "type": "Point", "coordinates": [ 93.052835, 27.304291 ] } },
{ "type": "Feature", "properties": { "slide_no": 1951, "slide_id": "AR/EAK/84E03/2025/08", "state": "Arunachal Pradesh", "description_before_coordinates": "East Kameng NH 13", "latitude": 27.308143, "longitude": 93.059302, "description_after_coordinates": "Soil Slide NA", "raw_record": "1951 AR/EAK/84E03/2025/08 Arunachal Pradesh East Kameng NH 13 27.308143 93.059302 Soil Slide NA", "distance_to_road_m": 35977.53, "matched_segment_id": null, "matched_road_name": null, "matched_highway_class": null, "match_status": "UNMATCHED" }, "geometry": { "type": "Point", "coordinates": [ 93.059302, 27.308143 ] } },
{ "type": "Feature", "properties": { "slide_no": 1952, "slide_id": "AR/EAK/84E03/2025/09", "state": "Arunachal Pradesh", "description_before_coordinates": "East Kameng NH 13", "latitude": 27.301468, "longitude": 93.053244, "description_after_coordinates": "Debris Slide NA", "raw_record": "1952 AR/EAK/84E03/2025/09 Arunachal Pradesh East Kameng NH 13 27.301468 93.053244 Debris Slide NA", "distance_to_road_m": 35193.93, "matched_segment_id": null, "matched_road_name": null, "matched_highway_class": null, "match_status": "UNMATCHED" }, "geometry": { "type": "Point", "coordinates": [ 93.053244, 27.301468 ] } },
{ "type": "Feature", "properties": { "slide_no": 1953, "slide_id": "AR/EAK/84E03/2025/10", "state": "Arunachal Pradesh", "description_before_coordinates": "East Kameng NH 13", "latitude": 27.302253, "longitude": 93.050932, "description_after_coordinates": "Debris Slide NA", "raw_record": "1953 AR/EAK/84E03/2025/10 Arunachal Pradesh East Kameng NH 13 27.302253 93.050932 Debris Slide NA", "distance_to_road_m": 34998.16, "matched_segment_id": null, "matched_road_name": null, "matched_highway_class": null, "match_status": "UNMATCHED" }, "geometry": { "type": "Point", "coordinates": [ 93.050932, 27.302253 ] } },
{ "type": "Feature", "properties": { "slide_no": 1954, "slide_id": "AR/EAK/84E03/2025/11", "state": "Arunachal Pradesh", "description_before_coordinates": "East Kameng NH 13", "latitude": 27.293539, "longitude": 93.050398, "description_after_coordinates": "Debris Slide NA", "raw_record": "1954 AR/EAK/84E03/2025/11 Arunachal Pradesh East Kameng NH 13 27.293539 93.050398 Debris Slide NA", "distance_to_road_m": 34690.34, "matched_segment_id": null, "matched_road_name": null, "matched_highway_class": null, "match_status": "UNMATCHED" }, "geometry": { "type": "Point", "coordinates": [ 93.050398, 27.293539 ] } },
{ "type": "Feature", "properties": { "slide_no": 1955, "slide_id": "AR/EAK/84E03/2025/12", "state": "Arunachal Pradesh", "description_before_coordinates": "East Kameng NH 13", "latitude": 27.296928, "longitude": 93.088111, "description_after_coordinates": "Debris Slide NA", "raw_record": "1955 AR/EAK/84E03/2025/12 Arunachal Pradesh East Kameng NH 13 27.296928 93.088111 Debris Slide NA", "distance_to_road_m": 38400.03, "matched_segment_id": null, "matched_road_name": null, "matched_highway_class": null, "match_status": "UNMATCHED" }, "geometry": { "type": "Point", "coordinates": [ 93.088111, 27.296928 ] } },
{ "type": "Feature", "properties": { "slide_no": 1956, "slide_id": "AR/EAK/84E03/2025/13", "state": "Arunachal Pradesh", "description_before_coordinates": "East Kameng NH 13", "latitude": 27.296928, "longitude": 93.088111, "description_after_coordinates": "Debris Slide NA", "raw_record": "1956 AR/EAK/84E03/2025/13 Arunachal Pradesh East Kameng NH 13 27.296928 93.088111 Debris Slide NA", "distance_to_road_m": 38400.03, "matched_segment_id": null, "matched_road_name": null, "matched_highway_class": null, "match_status": "UNMATCHED" }, "geometry": { "type": "Point", "coordinates": [ 93.088111, 27.296928 ] } },
{ "type": "Feature", "properties": { "slide_no": 1957, "slide_id": "AR/EAK/84E03/2025/14", "state": "Arunachal Pradesh", "description_before_coordinates": "East Kameng NH 13", "latitude": 27.296928, "longitude": 93.088111, "description_after_coordinates": "Debris Slide NA", "raw_record": "1957 AR/EAK/84E03/2025/14 Arunachal Pradesh East Kameng NH 13 27.296928 93.088111 Debris Slide NA", "distance_to_road_m": 38400.03, "matched_segment_id": null, "matched_road_name": null, "matched_highway_class": null, "match_status": "UNMATCHED" }, "geometry": { "type": "Point", "coordinates": [ 93.088111, 27.296928 ] } },
{ "type": "Feature", "properties": { "slide_no": 1958, "slide_id": "AR/EAK/84E03/2025/15", "state": "Arunachal Pradesh", "description_before_coordinates": "East Kameng NH 13", "latitude": 27.296928, "longitude": 93.088111, "description_after_coordinates": "Debris Slide NA", "raw_record": "1958 AR/EAK/84E03/2025/15 Arunachal Pradesh East Kameng NH 13 27.296928 93.088111 Debris Slide NA", "distance_to_road_m": 38400.03, "matched_segment_id": null, "matched_road_name": null, "matched_highway_class": null, "match_status": "UNMATCHED" }, "geometry": { "type": "Point", "coordinates": [ 93.088111, 27.296928 ] } },
{ "type": "Feature", "properties": { "slide_no": 1959, "slide_id": "AR/EAK/84E03/2025/16", "state": "Arunachal Pradesh", "description_before_coordinates": "East Kameng NH 13", "latitude": 27.296928, "longitude": 93.088111, "description_after_coordinates": "Debris Slide NA", "raw_record": "1959 AR/EAK/84E03/2025/16 Arunachal Pradesh East Kameng NH 13 27.296928 93.088111 Debris Slide NA", "distance_to_road_m": 38400.03, "matched_segment_id": null, "matched_road_name": null, "matched_highway_class": null, "match_status": "UNMATCHED" }, "geometry": { "type": "Point", "coordinates": [ 93.088111, 27.296928 ] } },
{ "type": "Feature", "properties": { "slide_no": 1960, "slide_id": "AR/EAK/84E03/2025/17", "state": "Arunachal Pradesh", "description_before_coordinates": "East Kameng NH 13", "latitude": 27.296928, "longitude": 93.088111, "description_after_coordinates": "Debris Slide NA", "raw_record": "1960 AR/EAK/84E03/2025/17 Arunachal Pradesh East Kameng NH 13 27.296928 93.088111 Debris Slide NA", "distance_to_road_m": 38400.03, "matched_segment_id": null, "matched_road_name": null, "matched_highway_class": null, "match_status": "UNMATCHED" }, "geometry": { "type": "Point", "coordinates": [ 93.088111, 27.296928 ] } },
{ "type": "Feature", "properties": { "slide_no": 1961, "slide_id": "AR/EAK/84E03/2025/18", "state": "Arunachal Pradesh", "description_before_coordinates": "East Kameng NH 13", "latitude": 27.301412, "longitude": 93.051563, "description_after_coordinates": "Debris Slide NA", "raw_record": "1961 AR/EAK/84E03/2025/18 Arunachal Pradesh East Kameng NH 13 27.301412 93.051563 Debris Slide NA", "distance_to_road_m": 35032.31, "matched_segment_id": null, "matched_road_name": null, "matched_highway_class": null, "match_status": "UNMATCHED" }, "geometry": { "type": "Point", "coordinates": [ 93.051563, 27.301412 ] } },
{ "type": "Feature", "properties": { "slide_no": 1962, "slide_id": "AR/EAK/84E03/2025/19", "state": "Arunachal Pradesh", "description_before_coordinates": "East Kameng NH 13", "latitude": 27.311571, "longitude": 93.046703, "description_after_coordinates": "Debris Slide NA", "raw_record": "1962 AR/EAK/84E03/2025/19 Arunachal Pradesh East Kameng NH 13 27.311571 93.046703 Debris Slide NA", "distance_to_road_m": 34901.62, "matched_segment_id": null, "matched_road_name": null, "matched_highway_class": null, "match_status": "UNMATCHED" }, "geometry": { "type": "Point", "coordinates": [ 93.046703, 27.311571 ] } },
{ "type": "Feature", "properties": { "slide_no": 1963, "slide_id": "AR/EAK/84E04/2025/20", "state": "Arunachal Pradesh", "description_before_coordinates": "Pakke Kessang NH 13", "latitude": 27.216933, "longitude": 93.066329, "description_after_coordinates": "Debris Slide NA", "raw_record": "1963 AR/EAK/84E04/2025/20 Arunachal Pradesh Pakke Kessang NH 13 27.216933 93.066329 Debris Slide NA", "distance_to_road_m": 34489.59, "matched_segment_id": null, "matched_road_name": null, "matched_highway_class": null, "match_status": "UNMATCHED" }, "geometry": { "type": "Point", "coordinates": [ 93.066329, 27.216933 ] } },
{ "type": "Feature", "properties": { "slide_no": 1964, "slide_id": "AR/EAK/84E04/2025/21", "state": "Arunachal Pradesh", "description_before_coordinates": "Pakke Kessang NH 13", "latitude": 27.216933, "longitude": 93.066329, "description_after_coordinates": "Debris Slide NA", "raw_record": "1964 AR/EAK/84E04/2025/21 Arunachal Pradesh Pakke Kessang NH 13 27.216933 93.066329 Debris Slide NA", "distance_to_road_m": 34489.59, "matched_segment_id": null, "matched_road_name": null, "matched_highway_class": null, "match_status": "UNMATCHED" }, "geometry": { "type": "Point", "coordinates": [ 93.066329, 27.216933 ] } },
{ "type": "Feature", "properties": { "slide_no": 1965, "slide_id": "AR/EAK/84E03/2025/22", "state": "Arunachal Pradesh", "description_before_coordinates": "East Kameng NH 13", "latitude": 27.296928, "longitude": 93.088111, "description_after_coordinates": "Debris Slide NA", "raw_record": "1965 AR/EAK/84E03/2025/22 Arunachal Pradesh East Kameng NH 13 27.296928 93.088111 Debris Slide NA", "distance_to_road_m": 38400.03, "matched_segment_id": null, "matched_road_name": null, "matched_highway_class": null, "match_status": "UNMATCHED" }, "geometry": { "type": "Point", "coordinates": [ 93.088111, 27.296928 ] } },
{ "type": "Feature", "properties": { "slide_no": 1966, "slide_id": "AR/EAK/84E03/2025/23", "state": "Arunachal Pradesh", "description_before_coordinates": "East Kameng NH 13", "latitude": 27.296928, "longitude": 93.088111, "description_after_coordinates": "Debris Slide NA", "raw_record": "1966 AR/EAK/84E03/2025/23 Arunachal Pradesh East Kameng NH 13 27.296928 93.088111 Debris Slide NA", "distance_to_road_m": 38400.03, "matched_segment_id": null, "matched_road_name": null, "matched_highway_class": null, "match_status": "UNMATCHED" }, "geometry": { "type": "Point", "coordinates": [ 93.088111, 27.296928 ] } },
{ "type": "Feature", "properties": { "slide_no": 1967, "slide_id": "AR/EAK/84E03/2025/24", "state": "Arunachal Pradesh", "description_before_coordinates": "East Kameng NH 13", "latitude": 27.296928, "longitude": 93.088111, "description_after_coordinates": "Debris Slide NA", "raw_record": "1967 AR/EAK/84E03/2025/24 Arunachal Pradesh East Kameng NH 13 27.296928 93.088111 Debris Slide NA", "distance_to_road_m": 38400.03, "matched_segment_id": null, "matched_road_name": null, "matched_highway_class": null, "match_status": "UNMATCHED" }, "geometry": { "type": "Point", "coordinates": [ 93.088111, 27.296928 ] } },
{ "type": "Feature", "properties": { "slide_no": 1968, "slide_id": "AR/EAK/84E03/2025/25", "state": "Arunachal Pradesh", "description_before_coordinates": "East Kameng NH 13", "latitude": 27.296928, "longitude": 93.088111, "description_after_coordinates": "Debris Slide NA", "raw_record": "1968 AR/EAK/84E03/2025/25 Arunachal Pradesh East Kameng NH 13 27.296928 93.088111 Debris Slide NA", "distance_to_road_m": 38400.03, "matched_segment_id": null, "matched_road_name": null, "matched_highway_class": null, "match_status": "UNMATCHED" }, "geometry": { "type": "Point", "coordinates": [ 93.088111, 27.296928 ] } },
{ "type": "Feature", "properties": { "slide_no": 1970, "slide_id": "AR/EAK/84E03/2025/27", "state": "Arunachal Pradesh", "description_before_coordinates": "East Kameng NH 13", "latitude": 27.296928, "longitude": 93.088111, "description_after_coordinates": "Debris Slide NA", "raw_record": "1970 AR/EAK/84E03/2025/27 Arunachal Pradesh East Kameng NH 13 27.296928 93.088111 Debris Slide NA", "distance_to_road_m": 38400.03, "matched_segment_id": null, "matched_road_name": null, "matched_highway_class": null, "match_status": "UNMATCHED" }, "geometry": { "type": "Point", "coordinates": [ 93.088111, 27.296928 ] } },
{ "type": "Feature", "properties": { "slide_no": 1971, "slide_id": "AR/EAK/84E03/2025/28", "state": "Arunachal Pradesh", "description_before_coordinates": "East Kameng NH 13", "latitude": 27.296928, "longitude": 93.088111, "description_after_coordinates": "Debris Slide NA", "raw_record": "1971 AR/EAK/84E03/2025/28 Arunachal Pradesh East Kameng NH 13 27.296928 93.088111 Debris Slide NA", "distance_to_road_m": 38400.03, "matched_segment_id": null, "matched_road_name": null, "matched_highway_class": null, "match_status": "UNMATCHED" }, "geometry": { "type": "Point", "coordinates": [ 93.088111, 27.296928 ] } },
{ "type": "Feature", "properties": { "slide_no": 1972, "slide_id": "AR/EAK/84E12/2025/29", "state": "Arunachal Pradesh", "description_before_coordinates": "Papum Pare NH-13", "latitude": 27.213127, "longitude": 92.652213, "description_after_coordinates": "Debris Slide NA", "raw_record": "1972 AR/EAK/84E12/2025/29 Arunachal Pradesh Papum Pare NH-13 27.213127 92.652213 Debris Slide NA", "distance_to_road_m": 1539.5, "matched_segment_id": null, "matched_road_name": null, "matched_highway_class": null, "match_status": "UNMATCHED" }, "geometry": { "type": "Point", "coordinates": [ 92.652213, 27.213127 ] } },
{ "type": "Feature", "properties": { "slide_no": 1973, "slide_id": "AR/EAK/84E12/2025/30", "state": "Arunachal Pradesh", "description_before_coordinates": "Papum Pare NH-13", "latitude": 27.062298, "longitude": 93.531487, "description_after_coordinates": "Debris Slide NA", "raw_record": "1973 AR/EAK/84E12/2025/30 Arunachal Pradesh Papum Pare NH-13 27.062298 93.531487 Debris Slide NA", "distance_to_road_m": 62953.35, "matched_segment_id": null, "matched_road_name": null, "matched_highway_class": null, "match_status": "UNMATCHED" }, "geometry": { "type": "Point", "coordinates": [ 93.531487, 27.062298 ] } },
{ "type": "Feature", "properties": { "slide_no": 1975, "slide_id": null, "state": "Arunachal Pradesh", "description_before_coordinates": "West Kameng Pinjuli bridge Just before pinjuli bridge", "latitude": 27.084417, "longitude": 92.586622, "description_after_coordinates": "Debris slide NA", "raw_record": "1975 3515 Arunachal Pradesh West Kameng Pinjuli bridge Just before pinjuli bridge 27.084417 92.586622 Debris slide NA", "distance_to_road_m": 8.9, "matched_segment_id": "seg_565306841_2", "matched_road_name": "Doimara-Nichiphu", "matched_highway_class": "primary", "match_status": "MATCHED" }, "geometry": { "type": "Point", "coordinates": [ 92.586622, 27.084417 ] } },
{ "type": "Feature", "properties": { "slide_no": 1979, "slide_id": null, "state": "Arunachal Pradesh", "description_before_coordinates": "West Kameng", "latitude": 27.08386, "longitude": 92.587656, "description_after_coordinates": "rock slide NA", "raw_record": "1979 4540 Arunachal Pradesh West Kameng 27.08386 92.587656 rock slide NA", "distance_to_road_m": 6.56, "matched_segment_id": "seg_565306841_2", "matched_road_name": "Doimara-Nichiphu", "matched_highway_class": "primary", "match_status": "MATCHED" }, "geometry": { "type": "Point", "coordinates": [ 92.587656, 27.08386 ] } },
{ "type": "Feature", "properties": { "slide_no": 2021, "slide_id": null, "state": "Arunachal Pradesh", "description_before_coordinates": "West Kameng Near BRO camp", "latitude": 27.177138, "longitude": 92.576909, "description_after_coordinates": "Debris slide NA", "raw_record": "2021 6980 Arunachal Pradesh West Kameng Near BRO camp 27.177138 92.576909 Debris slide NA", "distance_to_road_m": 13.44, "matched_segment_id": "seg_288458016_0", "matched_road_name": null, "matched_highway_class": "trunk", "match_status": "MATCHED" }, "geometry": { "type": "Point", "coordinates": [ 92.576909, 27.177138 ] } },
{ "type": "Feature", "properties": { "slide_no": 2022, "slide_id": null, "state": "Arunachal Pradesh", "description_before_coordinates": "West Kameng NE of BRO camp", "latitude": 27.178567, "longitude": 92.583154, "description_after_coordinates": "Debris slide NA", "raw_record": "2022 6981 Arunachal Pradesh West Kameng NE of BRO camp 27.178567 92.583154 Debris slide NA", "distance_to_road_m": 32.11, "matched_segment_id": "seg_288458016_1", "matched_road_name": null, "matched_highway_class": "trunk", "match_status": "MATCHED" }, "geometry": { "type": "Point", "coordinates": [ 92.583154, 27.178567 ] } },
{ "type": "Feature", "properties": { "slide_no": 2023, "slide_id": null, "state": "Arunachal Pradesh", "description_before_coordinates": "West Kameng Near BRO camp", "latitude": 27.177138, "longitude": 92.576909, "description_after_coordinates": "Debris slide NA", "raw_record": "2023 6982 Arunachal Pradesh West Kameng Near BRO camp 27.177138 92.576909 Debris slide NA", "distance_to_road_m": 13.44, "matched_segment_id": "seg_288458016_0", "matched_road_name": null, "matched_highway_class": "trunk", "match_status": "MATCHED" }, "geometry": { "type": "Point", "coordinates": [ 92.576909, 27.177138 ] } },
{ "type": "Feature", "properties": { "slide_no": 2024, "slide_id": null, "state": "Arunachal Pradesh", "description_before_coordinates": "West Kameng Near Jamiri village", "latitude": 27.184248, "longitude": 92.579624, "description_after_coordinates": "Debris slide NA", "raw_record": "2024 6983 Arunachal Pradesh West Kameng Near Jamiri village 27.184248 92.579624 Debris slide NA", "distance_to_road_m": 129.64, "matched_segment_id": "seg_288458016_1", "matched_road_name": null, "matched_highway_class": "trunk", "match_status": "MATCHED" }, "geometry": { "type": "Point", "coordinates": [ 92.579624, 27.184248 ] } },
{ "type": "Feature", "properties": { "slide_no": 2028, "slide_id": null, "state": "Arunachal Pradesh", "description_before_coordinates": "West Kameng Nichiphula Taken from opposite slope/road", "latitude": 27.318647, "longitude": 92.77855, "description_after_coordinates": "Debris slide NA", "raw_record": "2028 6990 Arunachal Pradesh West Kameng Nichiphula Taken from opposite slope/road 27.318647 92.77855 Debris slide NA", "distance_to_road_m": 10985.76, "matched_segment_id": null, "matched_road_name": null, "matched_highway_class": null, "match_status": "UNMATCHED" }, "geometry": { "type": "Point", "coordinates": [ 92.77855, 27.318647 ] } },
{ "type": "Feature", "properties": { "slide_no": 2029, "slide_id": null, "state": "Arunachal Pradesh", "description_before_coordinates": "West Kameng Nichiphula", "latitude": 27.24867, "longitude": 92.737685, "description_after_coordinates": "Rock slide NA", "raw_record": "2029 6991 Arunachal Pradesh West Kameng Nichiphula 27.24867 92.737685 Rock slide NA", "distance_to_road_m": 4654.31, "matched_segment_id": null, "matched_road_name": null, "matched_highway_class": null, "match_status": "UNMATCHED" }, "geometry": { "type": "Point", "coordinates": [ 92.737685, 27.24867 ] } },
{ "type": "Feature", "properties": { "slide_no": 2030, "slide_id": null, "state": "Arunachal Pradesh", "description_before_coordinates": "West Kameng", "latitude": 27.288425, "longitude": 92.769407, "description_after_coordinates": "Rock slide NA", "raw_record": "2030 6992 Arunachal Pradesh West Kameng 27.288425 92.769407 Rock slide NA", "distance_to_road_m": 9046.6, "matched_segment_id": null, "matched_road_name": null, "matched_highway_class": null, "match_status": "UNMATCHED" }, "geometry": { "type": "Point", "coordinates": [ 92.769407, 27.288425 ] } },
{ "type": "Feature", "properties": { "slide_no": 2039, "slide_id": null, "state": "Arunachal Pradesh", "description_before_coordinates": "West Kameng way to NIT", "latitude": 27.213127, "longitude": 92.652213, "description_after_coordinates": "Debris slide NA", "raw_record": "2039 7001 Arunachal Pradesh West Kameng way to NIT 27.213127 92.652213 Debris slide NA", "distance_to_road_m": 1539.5, "matched_segment_id": null, "matched_road_name": null, "matched_highway_class": null, "match_status": "UNMATCHED" }, "geometry": { "type": "Point", "coordinates": [ 92.652213, 27.213127 ] } },
{ "type": "Feature", "properties": { "slide_no": 2048, "slide_id": null, "state": "Arunachal Pradesh", "description_before_coordinates": "East Siang Near Renging NH-13", "latitude": 28.136244, "longitude": 95.245136, "description_after_coordinates": "Debris slide NA", "raw_record": "2048 7047 Arunachal Pradesh East Siang Near Renging NH-13 28.136244 95.245136 Debris slide NA", "distance_to_road_m": 268041.22, "matched_segment_id": null, "matched_road_name": null, "matched_highway_class": null, "match_status": "UNMATCHED" }, "geometry": { "type": "Point", "coordinates": [ 95.245136, 28.136244 ] } }
]
}
