segment_id,elevation_m,slope_deg,terrain_type,elevation_source,slope_source
seg_22832893_0,146.9,1.6,plain,"real: DEM sample (AWS Terrain Tiles (Skadi/SRTM1, ~30m, void-filled)), mean of 321/321 points along geometry (range 111.3-216.6m)","real: mean absolute gradient over the DEM elevation profile (321 points, see dem_processor.py)"
seg_38719482_0,46.0,1.31,plain,"real: DEM sample (AWS Terrain Tiles (Skadi/SRTM1, ~30m, void-filled)), mean of 15/15 points along geometry (range 43.5-57.4m)","real: mean absolute gradient over the DEM elevation profile (15 points, see dem_processor.py)"
seg_44638618_0,52.3,1.14,plain,"real: DEM sample (AWS Terrain Tiles (Skadi/SRTM1, ~30m, void-filled)), mean of 3/3 points along geometry (range 51.9-52.8m)","real: mean absolute gradient over the DEM elevation profile (3 points, see dem_processor.py)"
seg_44638618_1,57.8,1.99,plain,"real: DEM sample (AWS Terrain Tiles (Skadi/SRTM1, ~30m, void-filled)), mean of 276/276 points along geometry (range 50.0-67.5m)","real: mean absolute gradient over the DEM elevation profile (276 points, see dem_processor.py)"
seg_44638677_0,56.0,1.36,plain,"real: DEM sample (AWS Terrain Tiles (Skadi/SRTM1, ~30m, void-filled)), mean of 103/103 points along geometry (range 53.0-59.6m)","real: mean absolute gradient over the DEM elevation profile (103 points, see dem_processor.py)"
seg_44638799_0,51.5,0.64,plain,"real: DEM sample (AWS Terrain Tiles (Skadi/SRTM1, ~30m, void-filled)), mean of 9/9 points along geometry (range 49.9-55.4m)","real: mean absolute gradient over the DEM elevation profile (9 points, see dem_processor.py)"
seg_44638799_1,56.1,1.56,plain,"real: DEM sample (AWS Terrain Tiles (Skadi/SRTM1, ~30m, void-filled)), mean of 24/24 points along geometry (range 52.2-61.3m)","real: mean absolute gradient over the DEM elevation profile (24 points, see dem_processor.py)"
seg_44638799_2,53.2,0.8,plain,"real: DEM sample (AWS Terrain Tiles (Skadi/SRTM1, ~30m, void-filled)), mean of 14/14 points along geometry (range 51.2-54.9m)","real: mean absolute gradient over the DEM elevation profile (14 points, see dem_processor.py)"
seg_44638799_3,53.2,1.01,plain,"real: DEM sample (AWS Terrain Tiles (Skadi/SRTM1, ~30m, void-filled)), mean of 35/35 points along geometry (range 50.2-56.0m)","real: mean absolute gradient over the DEM elevation profile (35 points, see dem_processor.py)"
seg_44638826_0,58.0,2.05,plain,"real: DEM sample (AWS Terrain Tiles (Skadi/SRTM1, ~30m, void-filled)), mean of 113/113 points along geometry (range 50.9-90.0m)","real: mean absolute gradient over the DEM elevation profile (113 points, see dem_processor.py)"
seg_44638826_1,56.9,3.75,plain,"real: DEM sample (AWS Terrain Tiles (Skadi/SRTM1, ~30m, void-filled)), mean of 2/2 points along geometry (range 56.2-57.5m)","real: mean absolute gradient over the DEM elevation profile (2 points, see dem_processor.py)"
seg_44638826_2,57.9,2.23,plain,"real: DEM sample (AWS Terrain Tiles (Skadi/SRTM1, ~30m, void-filled)), mean of 2/2 points along geometry (range 57.5-58.2m)","real: mean absolute gradient over the DEM elevation profile (2 points, see dem_processor.py)"
seg_44639059_0,51.7,1.15,plain,"real: DEM sample (AWS Terrain Tiles (Skadi/SRTM1, ~30m, void-filled)), mean of 10/10 points along geometry (range 49.9-55.2m)","real: mean absolute gradient over the DEM elevation profile (10 points, see dem_processor.py)"
seg_44639607_0,57.6,1.02,plain,"real: DEM sample (AWS Terrain Tiles (Skadi/SRTM1, ~30m, void-filled)), mean of 9/9 points along geometry (range 56.8-58.9m)","real: mean absolute gradient over the DEM elevation profile (9 points, see dem_processor.py)"
seg_44639607_1,62.7,1.0,plain,"real: DEM sample (AWS Terrain Tiles (Skadi/SRTM1, ~30m, void-filled)), mean of 57/57 points along geometry (range 58.1-67.9m)","real: mean absolute gradient over the DEM elevation profile (57 points, see dem_processor.py)"
seg_44639622_0,95.7,2.25,plain,"real: DEM sample (AWS Terrain Tiles (Skadi/SRTM1, ~30m, void-filled)), mean of 304/304 points along geometry (range 56.1-152.0m)","real: mean absolute gradient over the DEM elevation profile (304 points, see dem_processor.py)"
seg_44639622_1,58.9,1.17,plain,"real: DEM sample (AWS Terrain Tiles (Skadi/SRTM1, ~30m, void-filled)), mean of 6/6 points along geometry (range 57.8-60.0m)","real: mean absolute gradient over the DEM elevation profile (6 points, see dem_processor.py)"
seg_44639797_0,64.6,2.02,plain,"real: DEM sample (AWS Terrain Tiles (Skadi/SRTM1, ~30m, void-filled)), mean of 127/127 points along geometry (range 54.0-74.3m)","real: mean absolute gradient over the DEM elevation profile (127 points, see dem_processor.py)"
seg_44639823_0,61.4,2.8,plain,"real: DEM sample (AWS Terrain Tiles (Skadi/SRTM1, ~30m, void-filled)), mean of 112/112 points along geometry (range 54.6-72.6m)","real: mean absolute gradient over the DEM elevation profile (112 points, see dem_processor.py)"
seg_44639845_0,59.8,0.9,plain,"real: DEM sample (AWS Terrain Tiles (Skadi/SRTM1, ~30m, void-filled)), mean of 7/7 points along geometry (range 58.8-61.4m)","real: mean absolute gradient over the DEM elevation profile (7 points, see dem_processor.py)"
seg_44639845_1,60.4,1.04,plain,"real: DEM sample (AWS Terrain Tiles (Skadi/SRTM1, ~30m, void-filled)), mean of 7/7 points along geometry (range 57.8-61.4m)","real: mean absolute gradient over the DEM elevation profile (7 points, see dem_processor.py)"
seg_44639845_2,57.2,0.9,plain,"real: DEM sample (AWS Terrain Tiles (Skadi/SRTM1, ~30m, void-filled)), mean of 15/15 points along geometry (range 54.5-58.9m)","real: mean absolute gradient over the DEM elevation profile (15 points, see dem_processor.py)"
seg_44639845_3,55.9,1.43,plain,"real: DEM sample (AWS Terrain Tiles (Skadi/SRTM1, ~30m, void-filled)), mean of 23/23 points along geometry (range 53.8-59.0m)","real: mean absolute gradient over the DEM elevation profile (23 points, see dem_processor.py)"
seg_44639845_4,65.8,2.38,plain,"real: DEM sample (AWS Terrain Tiles (Skadi/SRTM1, ~30m, void-filled)), mean of 36/36 points along geometry (range 53.8-82.0m)","real: mean absolute gradient over the DEM elevation profile (36 points, see dem_processor.py)"
seg_44639845_5,68.1,2.7,plain,"real: DEM sample (AWS Terrain Tiles (Skadi/SRTM1, ~30m, void-filled)), mean of 14/14 points along geometry (range 57.5-82.0m)","real: mean absolute gradient over the DEM elevation profile (14 points, see dem_processor.py)"
seg_44639845_6,54.4,1.04,plain,"real: DEM sample (AWS Terrain Tiles (Skadi/SRTM1, ~30m, void-filled)), mean of 5/5 points along geometry (range 52.9-57.5m)","real: mean absolute gradient over the DEM elevation profile (5 points, see dem_processor.py)"
seg_44639846_0,51.7,1.5,plain,"real: DEM sample (AWS Terrain Tiles (Skadi/SRTM1, ~30m, void-filled)), mean of 2/2 points along geometry (range 51.2-52.2m)","real: mean absolute gradient over the DEM elevation profile (2 points, see dem_processor.py)"
seg_44639859_0,55.2,1.18,plain,"real: DEM sample (AWS Terrain Tiles (Skadi/SRTM1, ~30m, void-filled)), mean of 23/23 points along geometry (range 52.2-58.1m)","real: mean absolute gradient over the DEM elevation profile (23 points, see dem_processor.py)"
seg_44641071_0,53.1,1.86,plain,"real: DEM sample (AWS Terrain Tiles (Skadi/SRTM1, ~30m, void-filled)), mean of 133/133 points along geometry (range 47.5-66.6m)","real: mean absolute gradient over the DEM elevation profile (133 points, see dem_processor.py)"
seg_44641071_1,53.3,0.69,plain,"real: DEM sample (AWS Terrain Tiles (Skadi/SRTM1, ~30m, void-filled)), mean of 11/11 points along geometry (range 52.6-54.2m)","real: mean absolute gradient over the DEM elevation profile (11 points, see dem_processor.py)"
seg_44641072_0,53.1,1.0,plain,"real: DEM sample (AWS Terrain Tiles (Skadi/SRTM1, ~30m, void-filled)), mean of 23/23 points along geometry (range 50.2-54.4m)","real: mean absolute gradient over the DEM elevation profile (23 points, see dem_processor.py)"
seg_44641101_0,51.8,2.63,plain,"real: DEM sample (AWS Terrain Tiles (Skadi/SRTM1, ~30m, void-filled)), mean of 15/15 points along geometry (range 48.8-62.3m)","real: mean absolute gradient over the DEM elevation profile (15 points, see dem_processor.py)"
seg_44641101_1,52.3,3.53,plain,"real: DEM sample (AWS Terrain Tiles (Skadi/SRTM1, ~30m, void-filled)), mean of 2/2 points along geometry (range 52.0-52.6m)","real: mean absolute gradient over the DEM elevation profile (2 points, see dem_processor.py)"
seg_44641105_0,58.7,5.94,plain,"real: DEM sample (AWS Terrain Tiles (Skadi/SRTM1, ~30m, void-filled)), mean of 2/2 points along geometry (range 55.1-62.3m)","real: mean absolute gradient over the DEM elevation profile (2 points, see dem_processor.py)"
seg_44641120_0,53.8,1.51,plain,"real: DEM sample (AWS Terrain Tiles (Skadi/SRTM1, ~30m, void-filled)), mean of 33/33 points along geometry (range 51.1-56.4m)","real: mean absolute gradient over the DEM elevation profile (33 points, see dem_processor.py)"
seg_44641131_0,51.7,3.24,plain,"real: DEM sample (AWS Terrain Tiles (Skadi/SRTM1, ~30m, void-filled)), mean of 2/2 points along geometry (range 50.8-52.5m)","real: mean absolute gradient over the DEM elevation profile (2 points, see dem_processor.py)"
seg_44641131_1,52.6,4.3,plain,"real: DEM sample (AWS Terrain Tiles (Skadi/SRTM1, ~30m, void-filled)), mean of 3/3 points along geometry (range 50.8-54.7m)","real: mean absolute gradient over the DEM elevation profile (3 points, see dem_processor.py)"
seg_44641131_2,51.2,1.33,plain,"real: DEM sample (AWS Terrain Tiles (Skadi/SRTM1, ~30m, void-filled)), mean of 32/32 points along geometry (range 48.9-54.7m)","real: mean absolute gradient over the DEM elevation profile (32 points, see dem_processor.py)"
seg_44641140_0,52.2,1.02,plain,"real: DEM sample (AWS Terrain Tiles (Skadi/SRTM1, ~30m, void-filled)), mean of 151/151 points along geometry (range 47.5-56.1m)","real: mean absolute gradient over the DEM elevation profile (151 points, see dem_processor.py)"
seg_44641222_0,54.2,1.21,plain,"real: DEM sample (AWS Terrain Tiles (Skadi/SRTM1, ~30m, void-filled)), mean of 24/24 points along geometry (range 49.1-57.2m)","real: mean absolute gradient over the DEM elevation profile (24 points, see dem_processor.py)"
seg_44641257_0,54.1,1.48,plain,"real: DEM sample (AWS Terrain Tiles (Skadi/SRTM1, ~30m, void-filled)), mean of 82/82 points along geometry (range 50.5-60.2m)","real: mean absolute gradient over the DEM elevation profile (82 points, see dem_processor.py)"
seg_44642944_0,55.3,0.1,plain,"real: DEM sample (AWS Terrain Tiles (Skadi/SRTM1, ~30m, void-filled)), mean of 2/2 points along geometry (range 55.2-55.3m)","real: mean absolute gradient over the DEM elevation profile (2 points, see dem_processor.py)"
seg_44642944_1,53.7,1.73,plain,"real: DEM sample (AWS Terrain Tiles (Skadi/SRTM1, ~30m, void-filled)), mean of 8/8 points along geometry (range 52.3-55.2m)","real: mean absolute gradient over the DEM elevation profile (8 points, see dem_processor.py)"
seg_44643106_0,52.6,0.81,plain,"real: DEM sample (AWS Terrain Tiles (Skadi/SRTM1, ~30m, void-filled)), mean of 8/8 points along geometry (range 51.2-53.6m)","real: mean absolute gradient over the DEM elevation profile (8 points, see dem_processor.py)"
seg_44643106_1,52.3,1.06,plain,"real: DEM sample (AWS Terrain Tiles (Skadi/SRTM1, ~30m, void-filled)), mean of 23/23 points along geometry (range 50.4-54.7m)","real: mean absolute gradient over the DEM elevation profile (23 points, see dem_processor.py)"
seg_44643106_2,53.8,2.36,plain,"real: DEM sample (AWS Terrain Tiles (Skadi/SRTM1, ~30m, void-filled)), mean of 4/4 points along geometry (range 51.8-55.3m)","real: mean absolute gradient over the DEM elevation profile (4 points, see dem_processor.py)"
seg_44643131_0,52.8,1.11,plain,"real: DEM sample (AWS Terrain Tiles (Skadi/SRTM1, ~30m, void-filled)), mean of 24/24 points along geometry (range 50.6-55.2m)","real: mean absolute gradient over the DEM elevation profile (24 points, see dem_processor.py)"
seg_44643131_1,52.3,0.83,plain,"real: DEM sample (AWS Terrain Tiles (Skadi/SRTM1, ~30m, void-filled)), mean of 7/7 points along geometry (range 51.0-53.3m)","real: mean absolute gradient over the DEM elevation profile (7 points, see dem_processor.py)"
seg_44643152_0,54.5,1.09,plain,"real: DEM sample (AWS Terrain Tiles (Skadi/SRTM1, ~30m, void-filled)), mean of 8/8 points along geometry (range 53.0-55.7m)","real: mean absolute gradient over the DEM elevation profile (8 points, see dem_processor.py)"
seg_44643275_0,49.4,0.95,plain,"real: DEM sample (AWS Terrain Tiles (Skadi/SRTM1, ~30m, void-filled)), mean of 2/2 points along geometry (range 48.7-50.2m)","real: mean absolute gradient over the DEM elevation profile (2 points, see dem_processor.py)"
seg_44643275_1,49.1,0.71,plain,"real: DEM sample (AWS Terrain Tiles (Skadi/SRTM1, ~30m, void-filled)), mean of 3/3 points along geometry (range 48.7-49.5m)","real: mean absolute gradient over the DEM elevation profile (3 points, see dem_processor.py)"
seg_44643275_2,50.0,0.94,plain,"real: DEM sample (AWS Terrain Tiles (Skadi/SRTM1, ~30m, void-filled)), mean of 5/5 points along geometry (range 49.1-51.3m)","real: mean absolute gradient over the DEM elevation profile (5 points, see dem_processor.py)"
seg_44643275_3,51.6,1.05,plain,"real: DEM sample (AWS Terrain Tiles (Skadi/SRTM1, ~30m, void-filled)), mean of 13/13 points along geometry (range 49.4-54.7m)","real: mean absolute gradient over the DEM elevation profile (13 points, see dem_processor.py)"
seg_44643283_0,49.2,0.62,plain,"real: DEM sample (AWS Terrain Tiles (Skadi/SRTM1, ~30m, void-filled)), mean of 2/2 points along geometry (range 49.0-49.4m)","real: mean absolute gradient over the DEM elevation profile (2 points, see dem_processor.py)"
seg_44643353_0,71.4,1.68,plain,"real: DEM sample (AWS Terrain Tiles (Skadi/SRTM1, ~30m, void-filled)), mean of 7/7 points along geometry (range 69.0-72.8m)","real: mean absolute gradient over the DEM elevation profile (7 points, see dem_processor.py)"
seg_44643353_1,69.0,3.35,plain,"real: DEM sample (AWS Terrain Tiles (Skadi/SRTM1, ~30m, void-filled)), mean of 3/3 points along geometry (range 67.1-71.6m)","real: mean absolute gradient over the DEM elevation profile (3 points, see dem_processor.py)"
seg_44643354_0,55.1,3.44,plain,"real: DEM sample (AWS Terrain Tiles (Skadi/SRTM1, ~30m, void-filled)), mean of 2/2 points along geometry (range 54.1-56.2m)","real: mean absolute gradient over the DEM elevation profile (2 points, see dem_processor.py)"
seg_44643354_1,56.1,0.98,plain,"real: DEM sample (AWS Terrain Tiles (Skadi/SRTM1, ~30m, void-filled)), mean of 8/8 points along geometry (range 53.1-57.8m)","real: mean absolute gradient over the DEM elevation profile (8 points, see dem_processor.py)"
seg_44643354_2,57.5,1.72,plain,"real: DEM sample (AWS Terrain Tiles (Skadi/SRTM1, ~30m, void-filled)), mean of 4/4 points along geometry (range 56.2-60.2m)","real: mean absolute gradient over the DEM elevation profile (4 points, see dem_processor.py)"
seg_44643380_0,69.3,0.95,plain,"real: DEM sample (AWS Terrain Tiles (Skadi/SRTM1, ~30m, void-filled)), mean of 5/5 points along geometry (range 69.0-69.6m)","real: mean absolute gradient over the DEM elevation profile (5 points, see dem_processor.py)"
seg_44643380_1,69.3,1.71,plain,"real: DEM sample (AWS Terrain Tiles (Skadi/SRTM1, ~30m, void-filled)), mean of 5/5 points along geometry (range 69.0-69.6m)","real: mean absolute gradient over the DEM elevation profile (5 points, see dem_processor.py)"
seg_44643380_2,69.6,3.44,plain,"real: DEM sample (AWS Terrain Tiles (Skadi/SRTM1, ~30m, void-filled)), mean of 2/2 points along geometry (range 69.4-69.8m)","real: mean absolute gradient over the DEM elevation profile (2 points, see dem_processor.py)"
seg_44643380_3,70.8,3.8,plain,"real: DEM sample (AWS Terrain Tiles (Skadi/SRTM1, ~30m, void-filled)), mean of 4/4 points along geometry (range 69.8-71.7m)","real: mean absolute gradient over the DEM elevation profile (4 points, see dem_processor.py)"
seg_44643380_4,71.7,1.08,plain,"real: DEM sample (AWS Terrain Tiles (Skadi/SRTM1, ~30m, void-filled)), mean of 2/2 points along geometry (range 71.6-71.7m)","real: mean absolute gradient over the DEM elevation profile (2 points, see dem_processor.py)"
seg_44643380_5,70.4,2.37,plain,"real: DEM sample (AWS Terrain Tiles (Skadi/SRTM1, ~30m, void-filled)), mean of 7/7 points along geometry (range 69.3-71.6m)","real: mean absolute gradient over the DEM elevation profile (7 points, see dem_processor.py)"
seg_44643380_6,69.2,1.04,plain,"real: DEM sample (AWS Terrain Tiles (Skadi/SRTM1, ~30m, void-filled)), mean of 2/2 points along geometry (range 69.1-69.3m)","real: mean absolute gradient over the DEM elevation profile (2 points, see dem_processor.py)"
seg_44643397_0,71.2,3.0,plain,"real: DEM sample (AWS Terrain Tiles (Skadi/SRTM1, ~30m, void-filled)), mean of 12/12 points along geometry (range 68.8-77.2m)","real: mean absolute gradient over the DEM elevation profile (12 points, see dem_processor.py)"
seg_44643404_0,72.7,1.75,plain,"real: DEM sample (AWS Terrain Tiles (Skadi/SRTM1, ~30m, void-filled)), mean of 5/5 points along geometry (range 71.1-74.0m)","real: mean absolute gradient over the DEM elevation profile (5 points, see dem_processor.py)"
seg_44644201_0,66.0,0.36,plain,"real: DEM sample (AWS Terrain Tiles (Skadi/SRTM1, ~30m, void-filled)), mean of 2/2 points along geometry (range 66.0-66.0m)","real: mean absolute gradient over the DEM elevation profile (2 points, see dem_processor.py)"
seg_44644201_1,66.3,0.68,plain,"real: DEM sample (AWS Terrain Tiles (Skadi/SRTM1, ~30m, void-filled)), mean of 11/11 points along geometry (range 65.3-67.4m)","real: mean absolute gradient over the DEM elevation profile (11 points, see dem_processor.py)"
seg_44644201_2,66.0,1.6,plain,"real: DEM sample (AWS Terrain Tiles (Skadi/SRTM1, ~30m, void-filled)), mean of 10/10 points along geometry (range 63.9-69.0m)","real: mean absolute gradient over the DEM elevation profile (10 points, see dem_processor.py)"
seg_44644201_3,69.5,8.23,plain,"real: DEM sample (AWS Terrain Tiles (Skadi/SRTM1, ~30m, void-filled)), mean of 2/2 points along geometry (range 69.0-70.1m)","real: mean absolute gradient over the DEM elevation profile (2 points, see dem_processor.py)"
seg_44644259_0,67.0,1.23,plain,"real: DEM sample (AWS Terrain Tiles (Skadi/SRTM1, ~30m, void-filled)), mean of 52/52 points along geometry (range 62.3-71.7m)","real: mean absolute gradient over the DEM elevation profile (52 points, see dem_processor.py)"
seg_44644278_0,67.5,2.33,plain,"real: DEM sample (AWS Terrain Tiles (Skadi/SRTM1, ~30m, void-filled)), mean of 2/2 points along geometry (range 67.1-68.0m)","real: mean absolute gradient over the DEM elevation profile (2 points, see dem_processor.py)"
seg_44644279_0,65.8,1.1,plain,"real: DEM sample (AWS Terrain Tiles (Skadi/SRTM1, ~30m, void-filled)), mean of 10/10 points along geometry (range 62.3-68.5m)","real: mean absolute gradient over the DEM elevation profile (10 points, see dem_processor.py)"
seg_44644280_0,68.4,1.37,plain,"real: DEM sample (AWS Terrain Tiles (Skadi/SRTM1, ~30m, void-filled)), mean of 2/2 points along geometry (range 68.0-68.9m)","real: mean absolute gradient over the DEM elevation profile (2 points, see dem_processor.py)"
seg_44644341_0,63.3,1.74,plain,"real: DEM sample (AWS Terrain Tiles (Skadi/SRTM1, ~30m, void-filled)), mean of 33/33 points along geometry (range 59.5-66.7m)","real: mean absolute gradient over the DEM elevation profile (33 points, see dem_processor.py)"
seg_44644363_0,66.9,1.6,plain,"real: DEM sample (AWS Terrain Tiles (Skadi/SRTM1, ~30m, void-filled)), mean of 76/76 points along geometry (range 60.1-77.7m)","real: mean absolute gradient over the DEM elevation profile (76 points, see dem_processor.py)"
seg_44644363_1,64.0,1.17,plain,"real: DEM sample (AWS Terrain Tiles (Skadi/SRTM1, ~30m, void-filled)), mean of 10/10 points along geometry (range 62.1-66.2m)","real: mean absolute gradient over the DEM elevation profile (10 points, see dem_processor.py)"
seg_44644363_2,66.2,0.54,plain,"real: DEM sample (AWS Terrain Tiles (Skadi/SRTM1, ~30m, void-filled)), mean of 2/2 points along geometry (range 66.2-66.2m)","real: mean absolute gradient over the DEM elevation profile (2 points, see dem_processor.py)"
seg_44644445_0,61.2,0.91,plain,"real: DEM sample (AWS Terrain Tiles (Skadi/SRTM1, ~30m, void-filled)), mean of 2/2 points along geometry (range 61.2-61.2m)","real: mean absolute gradient over the DEM elevation profile (2 points, see dem_processor.py)"
seg_44644445_1,61.1,0.14,plain,"real: DEM sample (AWS Terrain Tiles (Skadi/SRTM1, ~30m, void-filled)), mean of 2/2 points along geometry (range 61.0-61.2m)","real: mean absolute gradient over the DEM elevation profile (2 points, see dem_processor.py)"
seg_44644445_2,62.4,1.26,plain,"real: DEM sample (AWS Terrain Tiles (Skadi/SRTM1, ~30m, void-filled)), mean of 4/4 points along geometry (range 61.0-63.3m)","real: mean absolute gradient over the DEM elevation profile (4 points, see dem_processor.py)"
seg_44644445_3,59.9,3.44,plain,"real: DEM sample (AWS Terrain Tiles (Skadi/SRTM1, ~30m, void-filled)), mean of 3/3 points along geometry (range 57.2-62.5m)","real: mean absolute gradient over the DEM elevation profile (3 points, see dem_processor.py)"
seg_44644445_4,57.8,0.63,plain,"real: DEM sample (AWS Terrain Tiles (Skadi/SRTM1, ~30m, void-filled)), mean of 6/6 points along geometry (range 57.2-58.8m)","real: mean absolute gradient over the DEM elevation profile (6 points, see dem_processor.py)"
seg_44644445_5,59.1,0.59,plain,"real: DEM sample (AWS Terrain Tiles (Skadi/SRTM1, ~30m, void-filled)), mean of 4/4 points along geometry (range 58.8-59.4m)","real: mean absolute gradient over the DEM elevation profile (4 points, see dem_processor.py)"
seg_44644445_6,58.9,0.71,plain,"real: DEM sample (AWS Terrain Tiles (Skadi/SRTM1, ~30m, void-filled)), mean of 3/3 points along geometry (range 58.7-59.4m)","real: mean absolute gradient over the DEM elevation profile (3 points, see dem_processor.py)"
seg_44644447_0,59.4,1.91,plain,"real: DEM sample (AWS Terrain Tiles (Skadi/SRTM1, ~30m, void-filled)), mean of 2/2 points along geometry (range 59.3-59.6m)","real: mean absolute gradient over the DEM elevation profile (2 points, see dem_processor.py)"
seg_44644447_1,60.3,1.74,plain,"real: DEM sample (AWS Terrain Tiles (Skadi/SRTM1, ~30m, void-filled)), mean of 3/3 points along geometry (range 59.6-61.2m)","real: mean absolute gradient over the DEM elevation profile (3 points, see dem_processor.py)"
seg_44644449_0,61.3,1.37,plain,"real: DEM sample (AWS Terrain Tiles (Skadi/SRTM1, ~30m, void-filled)), mean of 2/2 points along geometry (range 61.0-61.5m)","real: mean absolute gradient over the DEM elevation profile (2 points, see dem_processor.py)"
seg_44644449_1,61.1,0.2,plain,"real: DEM sample (AWS Terrain Tiles (Skadi/SRTM1, ~30m, void-filled)), mean of 2/2 points along geometry (range 61.0-61.3m)","real: mean absolute gradient over the DEM elevation profile (2 points, see dem_processor.py)"
seg_44644449_2,60.5,1.68,plain,"real: DEM sample (AWS Terrain Tiles (Skadi/SRTM1, ~30m, void-filled)), mean of 4/4 points along geometry (range 59.9-61.3m)","real: mean absolute gradient over the DEM elevation profile (4 points, see dem_processor.py)"
seg_44644449_3,59.8,1.63,plain,"real: DEM sample (AWS Terrain Tiles (Skadi/SRTM1, ~30m, void-filled)), mean of 2/2 points along geometry (range 59.7-59.9m)","real: mean absolute gradient over the DEM elevation profile (2 points, see dem_processor.py)"
seg_44644556_0,57.5,0.92,plain,"real: DEM sample (AWS Terrain Tiles (Skadi/SRTM1, ~30m, void-filled)), mean of 11/11 points along geometry (range 54.9-59.1m)","real: mean absolute gradient over the DEM elevation profile (11 points, see dem_processor.py)"
seg_44644560_0,55.1,1.11,plain,"real: DEM sample (AWS Terrain Tiles (Skadi/SRTM1, ~30m, void-filled)), mean of 2/2 points along geometry (range 54.6-55.6m)","real: mean absolute gradient over the DEM elevation profile (2 points, see dem_processor.py)"
seg_44644633_0,55.2,1.91,plain,"real: DEM sample (AWS Terrain Tiles (Skadi/SRTM1, ~30m, void-filled)), mean of 11/11 points along geometry (range 52.2-59.8m)","real: mean absolute gradient over the DEM elevation profile (11 points, see dem_processor.py)"
seg_44644633_1,55.3,1.55,plain,"real: DEM sample (AWS Terrain Tiles (Skadi/SRTM1, ~30m, void-filled)), mean of 61/61 points along geometry (range 50.2-66.1m)","real: mean absolute gradient over the DEM elevation profile (61 points, see dem_processor.py)"
seg_44644633_2,54.8,0.96,plain,"real: DEM sample (AWS Terrain Tiles (Skadi/SRTM1, ~30m, void-filled)), mean of 22/22 points along geometry (range 53.7-56.7m)","real: mean absolute gradient over the DEM elevation profile (22 points, see dem_processor.py)"
seg_44644633_3,53.5,0.4,plain,"real: DEM sample (AWS Terrain Tiles (Skadi/SRTM1, ~30m, void-filled)), mean of 2/2 points along geometry (range 53.3-53.7m)","real: mean absolute gradient over the DEM elevation profile (2 points, see dem_processor.py)"
seg_44644633_4,54.7,1.26,plain,"real: DEM sample (AWS Terrain Tiles (Skadi/SRTM1, ~30m, void-filled)), mean of 40/40 points along geometry (range 52.0-57.3m)","real: mean absolute gradient over the DEM elevation profile (40 points, see dem_processor.py)"
seg_44645090_0,56.0,1.59,plain,"real: DEM sample (AWS Terrain Tiles (Skadi/SRTM1, ~30m, void-filled)), mean of 7/7 points along geometry (range 55.3-57.0m)","real: mean absolute gradient over the DEM elevation profile (7 points, see dem_processor.py)"
seg_44645091_0,53.3,3.68,plain,"real: DEM sample (AWS Terrain Tiles (Skadi/SRTM1, ~30m, void-filled)), mean of 2/2 points along geometry (range 51.3-55.3m)","real: mean absolute gradient over the DEM elevation profile (2 points, see dem_processor.py)"
seg_44645092_0,54.8,1.16,plain,"real: DEM sample (AWS Terrain Tiles (Skadi/SRTM1, ~30m, void-filled)), mean of 173/173 points along geometry (range 51.2-62.4m)","real: mean absolute gradient over the DEM elevation profile (173 points, see dem_processor.py)"
seg_44645092_1,52.8,1.96,plain,"real: DEM sample (AWS Terrain Tiles (Skadi/SRTM1, ~30m, void-filled)), mean of 3/3 points along geometry (range 51.3-54.9m)","real: mean absolute gradient over the DEM elevation profile (3 points, see dem_processor.py)"
seg_44645149_0,53.6,1.2,plain,"real: DEM sample (AWS Terrain Tiles (Skadi/SRTM1, ~30m, void-filled)), mean of 88/88 points along geometry (range 50.8-59.0m)","real: mean absolute gradient over the DEM elevation profile (88 points, see dem_processor.py)"
seg_44645516_0,51.2,9.65,plain,"real: DEM sample (AWS Terrain Tiles (Skadi/SRTM1, ~30m, void-filled)), mean of 2/2 points along geometry (range 48.5-53.9m)","real: mean absolute gradient over the DEM elevation profile (2 points, see dem_processor.py)"
seg_44645517_0,59.3,2.95,plain,"real: DEM sample (AWS Terrain Tiles (Skadi/SRTM1, ~30m, void-filled)), mean of 53/53 points along geometry (range 52.5-66.1m)","real: mean absolute gradient over the DEM elevation profile (53 points, see dem_processor.py)"
seg_44645517_1,57.5,7.75,plain,"real: DEM sample (AWS Terrain Tiles (Skadi/SRTM1, ~30m, void-filled)), mean of 5/5 points along geometry (range 53.9-59.4m)","real: mean absolute gradient over the DEM elevation profile (5 points, see dem_processor.py)"
seg_44645518_0,51.5,1.76,plain,"real: DEM sample (AWS Terrain Tiles (Skadi/SRTM1, ~30m, void-filled)), mean of 17/17 points along geometry (range 48.5-53.5m)","real: mean absolute gradient over the DEM elevation profile (17 points, see dem_processor.py)"
seg_44645573_0,54.7,1.18,plain,"real: DEM sample (AWS Terrain Tiles (Skadi/SRTM1, ~30m, void-filled)), mean of 60/60 points along geometry (range 51.0-57.9m)","real: mean absolute gradient over the DEM elevation profile (60 points, see dem_processor.py)"
seg_44645573_1,70.9,2.61,plain,"real: DEM sample (AWS Terrain Tiles (Skadi/SRTM1, ~30m, void-filled)), mean of 285/285 points along geometry (range 49.9-96.4m)","real: mean absolute gradient over the DEM elevation profile (285 points, see dem_processor.py)"
seg_44645573_2,58.3,1.63,plain,"real: DEM sample (AWS Terrain Tiles (Skadi/SRTM1, ~30m, void-filled)), mean of 73/73 points along geometry (range 51.7-63.5m)","real: mean absolute gradient over the DEM elevation profile (73 points, see dem_processor.py)"
seg_44645573_3,54.4,1.25,plain,"real: DEM sample (AWS Terrain Tiles (Skadi/SRTM1, ~30m, void-filled)), mean of 131/131 points along geometry (range 49.2-59.8m)","real: mean absolute gradient over the DEM elevation profile (131 points, see dem_processor.py)"
seg_44645880_0,55.6,2.06,plain,"real: DEM sample (AWS Terrain Tiles (Skadi/SRTM1, ~30m, void-filled)), mean of 66/66 points along geometry (range 50.6-61.1m)","real: mean absolute gradient over the DEM elevation profile (66 points, see dem_processor.py)"
seg_44733863_0,80.3,0.23,plain,"real: DEM sample (AWS Terrain Tiles (Skadi/SRTM1, ~30m, void-filled)), mean of 4/4 points along geometry (range 80.1-80.4m)","real: mean absolute gradient over the DEM elevation profile (4 points, see dem_processor.py)"
seg_44733866_0,66.1,0.72,plain,"real: DEM sample (AWS Terrain Tiles (Skadi/SRTM1, ~30m, void-filled)), mean of 10/10 points along geometry (range 64.0-66.9m)","real: mean absolute gradient over the DEM elevation profile (10 points, see dem_processor.py)"
seg_44733866_1,64.8,1.31,plain,"real: DEM sample (AWS Terrain Tiles (Skadi/SRTM1, ~30m, void-filled)), mean of 32/32 points along geometry (range 61.7-70.9m)","real: mean absolute gradient over the DEM elevation profile (32 points, see dem_processor.py)"
seg_44733866_2,65.5,1.16,plain,"real: DEM sample (AWS Terrain Tiles (Skadi/SRTM1, ~30m, void-filled)), mean of 17/17 points along geometry (range 58.8-71.2m)","real: mean absolute gradient over the DEM elevation profile (17 points, see dem_processor.py)"
seg_44733869_0,78.3,1.47,plain,"real: DEM sample (AWS Terrain Tiles (Skadi/SRTM1, ~30m, void-filled)), mean of 59/59 points along geometry (range 71.5-82.9m)","real: mean absolute gradient over the DEM elevation profile (59 points, see dem_processor.py)"
seg_44734379_0,53.1,4.45,plain,"real: DEM sample (AWS Terrain Tiles (Skadi/SRTM1, ~30m, void-filled)), mean of 3/3 points along geometry (range 50.7-56.2m)","real: mean absolute gradient over the DEM elevation profile (3 points, see dem_processor.py)"
seg_44734384_0,78.1,1.06,plain,"real: DEM sample (AWS Terrain Tiles (Skadi/SRTM1, ~30m, void-filled)), mean of 56/56 points along geometry (range 74.6-82.0m)","real: mean absolute gradient over the DEM elevation profile (56 points, see dem_processor.py)"
seg_44734384_1,81.0,1.12,plain,"real: DEM sample (AWS Terrain Tiles (Skadi/SRTM1, ~30m, void-filled)), mean of 66/66 points along geometry (range 77.4-85.9m)","real: mean absolute gradient over the DEM elevation profile (66 points, see dem_processor.py)"
seg_44734384_2,82.0,1.37,plain,"real: DEM sample (AWS Terrain Tiles (Skadi/SRTM1, ~30m, void-filled)), mean of 12/12 points along geometry (range 79.0-83.5m)","real: mean absolute gradient over the DEM elevation profile (12 points, see dem_processor.py)"
seg_44734385_0,73.1,0.94,plain,"real: DEM sample (AWS Terrain Tiles (Skadi/SRTM1, ~30m, void-filled)), mean of 90/90 points along geometry (range 69.1-78.0m)","real: mean absolute gradient over the DEM elevation profile (90 points, see dem_processor.py)"
seg_44734387_0,87.1,0.99,plain,"real: DEM sample (AWS Terrain Tiles (Skadi/SRTM1, ~30m, void-filled)), mean of 80/80 points along geometry (range 82.0-102.8m)","real: mean absolute gradient over the DEM elevation profile (80 points, see dem_processor.py)"
seg_44734387_1,85.3,0.99,plain,"real: DEM sample (AWS Terrain Tiles (Skadi/SRTM1, ~30m, void-filled)), mean of 59/59 points along geometry (range 79.7-89.5m)","real: mean absolute gradient over the DEM elevation profile (59 points, see dem_processor.py)"
seg_44734389_0,115.1,1.56,plain,"real: DEM sample (AWS Terrain Tiles (Skadi/SRTM1, ~30m, void-filled)), mean of 215/215 points along geometry (range 93.3-137.3m)","real: mean absolute gradient over the DEM elevation profile (215 points, see dem_processor.py)"
seg_44734593_0,76.6,3.64,plain,"real: DEM sample (AWS Terrain Tiles (Skadi/SRTM1, ~30m, void-filled)), mean of 3/3 points along geometry (range 73.7-78.4m)","real: mean absolute gradient over the DEM elevation profile (3 points, see dem_processor.py)"
seg_44734595_0,77.1,1.26,plain,"real: DEM sample (AWS Terrain Tiles (Skadi/SRTM1, ~30m, void-filled)), mean of 107/107 points along geometry (range 71.3-86.4m)","real: mean absolute gradient over the DEM elevation profile (107 points, see dem_processor.py)"
seg_44734595_1,76.5,1.87,plain,"real: DEM sample (AWS Terrain Tiles (Skadi/SRTM1, ~30m, void-filled)), mean of 6/6 points along geometry (range 73.5-79.9m)","real: mean absolute gradient over the DEM elevation profile (6 points, see dem_processor.py)"
seg_44734596_0,72.3,2.13,plain,"real: DEM sample (AWS Terrain Tiles (Skadi/SRTM1, ~30m, void-filled)), mean of 4/4 points along geometry (range 69.9-73.4m)","real: mean absolute gradient over the DEM elevation profile (4 points, see dem_processor.py)"
seg_44736736_0,68.7,1.27,plain,"real: DEM sample (AWS Terrain Tiles (Skadi/SRTM1, ~30m, void-filled)), mean of 13/13 points along geometry (range 66.9-70.7m)","real: mean absolute gradient over the DEM elevation profile (13 points, see dem_processor.py)"
seg_44736736_1,72.2,1.23,plain,"real: DEM sample (AWS Terrain Tiles (Skadi/SRTM1, ~30m, void-filled)), mean of 5/5 points along geometry (range 70.7-74.1m)","real: mean absolute gradient over the DEM elevation profile (5 points, see dem_processor.py)"
seg_44736736_2,70.1,1.51,plain,"real: DEM sample (AWS Terrain Tiles (Skadi/SRTM1, ~30m, void-filled)), mean of 13/13 points along geometry (range 66.7-75.3m)","real: mean absolute gradient over the DEM elevation profile (13 points, see dem_processor.py)"
seg_44736737_0,77.9,1.27,plain,"real: DEM sample (AWS Terrain Tiles (Skadi/SRTM1, ~30m, void-filled)), mean of 36/36 points along geometry (range 73.2-82.5m)","real: mean absolute gradient over the DEM elevation profile (36 points, see dem_processor.py)"
seg_44736737_1,76.5,0.71,plain,"real: DEM sample (AWS Terrain Tiles (Skadi/SRTM1, ~30m, void-filled)), mean of 36/36 points along geometry (range 73.3-79.1m)","real: mean absolute gradient over the DEM elevation profile (36 points, see dem_processor.py)"
seg_44736738_0,874.5,13.01,hill,"real: DEM sample (AWS Terrain Tiles (Skadi/SRTM1, ~30m, void-filled)), mean of 909/909 points along geometry (range 254.6-1415.4m)","real: mean absolute gradient over the DEM elevation profile (909 points, see dem_processor.py)"
seg_44736742_0,2384.5,8.52,mountain,"real: DEM sample (AWS Terrain Tiles (Skadi/SRTM1, ~30m, void-filled)), mean of 53/53 points along geometry (range 2345.0-2444.5m)","real: mean absolute gradient over the DEM elevation profile (53 points, see dem_processor.py)"
seg_44736742_1,2449.3,4.13,mountain,"real: DEM sample (AWS Terrain Tiles (Skadi/SRTM1, ~30m, void-filled)), mean of 14/14 points along geometry (range 2440.2-2456.4m)","real: mean absolute gradient over the DEM elevation profile (14 points, see dem_processor.py)"
seg_44736742_2,2491.9,5.05,mountain,"real: DEM sample (AWS Terrain Tiles (Skadi/SRTM1, ~30m, void-filled)), mean of 62/62 points along geometry (range 2456.0-2517.9m)","real: mean absolute gradient over the DEM elevation profile (62 points, see dem_processor.py)"
seg_44736743_0,2293.2,7.83,mountain,"real: DEM sample (AWS Terrain Tiles (Skadi/SRTM1, ~30m, void-filled)), mean of 94/94 points along geometry (range 2211.0-2352.2m)","real: mean absolute gradient over the DEM elevation profile (94 points, see dem_processor.py)"
seg_44736940_0,70.8,1.76,plain,"real: DEM sample (AWS Terrain Tiles (Skadi/SRTM1, ~30m, void-filled)), mean of 36/36 points along geometry (range 67.3-75.8m)","real: mean absolute gradient over the DEM elevation profile (36 points, see dem_processor.py)"
seg_44736947_0,65.8,1.94,plain,"real: DEM sample (AWS Terrain Tiles (Skadi/SRTM1, ~30m, void-filled)), mean of 35/35 points along geometry (range 58.0-94.1m)","real: mean absolute gradient over the DEM elevation profile (35 points, see dem_processor.py)"
seg_44768595_0,62.1,1.38,plain,"real: DEM sample (AWS Terrain Tiles (Skadi/SRTM1, ~30m, void-filled)), mean of 19/19 points along geometry (range 57.3-66.6m)","real: mean absolute gradient over the DEM elevation profile (19 points, see dem_processor.py)"
seg_44768595_1,68.8,0.7,plain,"real: DEM sample (AWS Terrain Tiles (Skadi/SRTM1, ~30m, void-filled)), mean of 6/6 points along geometry (range 66.0-70.9m)","real: mean absolute gradient over the DEM elevation profile (6 points, see dem_processor.py)"
seg_44768595_2,72.1,1.56,plain,"real: DEM sample (AWS Terrain Tiles (Skadi/SRTM1, ~30m, void-filled)), mean of 12/12 points along geometry (range 70.9-73.5m)","real: mean absolute gradient over the DEM elevation profile (12 points, see dem_processor.py)"
seg_44768597_0,56.7,1.3,plain,"real: DEM sample (AWS Terrain Tiles (Skadi/SRTM1, ~30m, void-filled)), mean of 4/4 points along geometry (range 55.5-58.9m)","real: mean absolute gradient over the DEM elevation profile (4 points, see dem_processor.py)"
seg_44768597_1,58.3,1.01,plain,"real: DEM sample (AWS Terrain Tiles (Skadi/SRTM1, ~30m, void-filled)), mean of 2/2 points along geometry (range 57.7-58.9m)","real: mean absolute gradient over the DEM elevation profile (2 points, see dem_processor.py)"
seg_44768597_2,57.9,0.67,plain,"real: DEM sample (AWS Terrain Tiles (Skadi/SRTM1, ~30m, void-filled)), mean of 5/5 points along geometry (range 57.2-59.5m)","real: mean absolute gradient over the DEM elevation profile (5 points, see dem_processor.py)"
seg_44768600_0,71.6,2.07,plain,"real: DEM sample (AWS Terrain Tiles (Skadi/SRTM1, ~30m, void-filled)), mean of 9/9 points along geometry (range 70.5-72.8m)","real: mean absolute gradient over the DEM elevation profile (9 points, see dem_processor.py)"
seg_44768600_1,68.8,0.63,plain,"real: DEM sample (AWS Terrain Tiles (Skadi/SRTM1, ~30m, void-filled)), mean of 6/6 points along geometry (range 66.0-70.5m)","real: mean absolute gradient over the DEM elevation profile (6 points, see dem_processor.py)"
seg_44768600_2,61.9,1.4,plain,"real: DEM sample (AWS Terrain Tiles (Skadi/SRTM1, ~30m, void-filled)), mean of 17/17 points along geometry (range 57.9-66.5m)","real: mean absolute gradient over the DEM elevation profile (17 points, see dem_processor.py)"
seg_44889577_0,77.7,1.38,plain,"real: DEM sample (AWS Terrain Tiles (Skadi/SRTM1, ~30m, void-filled)), mean of 14/14 points along geometry (range 74.9-80.4m)","real: mean absolute gradient over the DEM elevation profile (14 points, see dem_processor.py)"
seg_44892570_0,56.3,1.21,plain,"real: DEM sample (AWS Terrain Tiles (Skadi/SRTM1, ~30m, void-filled)), mean of 35/35 points along geometry (range 52.0-60.8m)","real: mean absolute gradient over the DEM elevation profile (35 points, see dem_processor.py)"
seg_44892570_1,54.2,0.84,plain,"real: DEM sample (AWS Terrain Tiles (Skadi/SRTM1, ~30m, void-filled)), mean of 11/11 points along geometry (range 52.3-55.2m)","real: mean absolute gradient over the DEM elevation profile (11 points, see dem_processor.py)"
seg_44892570_2,54.6,1.11,plain,"real: DEM sample (AWS Terrain Tiles (Skadi/SRTM1, ~30m, void-filled)), mean of 16/16 points along geometry (range 53.7-56.8m)","real: mean absolute gradient over the DEM elevation profile (16 points, see dem_processor.py)"
seg_44892570_3,53.4,1.12,plain,"real: DEM sample (AWS Terrain Tiles (Skadi/SRTM1, ~30m, void-filled)), mean of 18/18 points along geometry (range 51.4-57.0m)","real: mean absolute gradient over the DEM elevation profile (18 points, see dem_processor.py)"
seg_44892570_4,52.6,0.79,plain,"real: DEM sample (AWS Terrain Tiles (Skadi/SRTM1, ~30m, void-filled)), mean of 8/8 points along geometry (range 51.3-53.7m)","real: mean absolute gradient over the DEM elevation profile (8 points, see dem_processor.py)"
seg_44892570_5,51.7,1.13,plain,"real: DEM sample (AWS Terrain Tiles (Skadi/SRTM1, ~30m, void-filled)), mean of 4/4 points along geometry (range 50.7-52.6m)","real: mean absolute gradient over the DEM elevation profile (4 points, see dem_processor.py)"
seg_44892580_0,56.0,1.35,plain,"real: DEM sample (AWS Terrain Tiles (Skadi/SRTM1, ~30m, void-filled)), mean of 64/64 points along geometry (range 51.5-62.0m)","real: mean absolute gradient over the DEM elevation profile (64 points, see dem_processor.py)"
seg_44898808_0,130.7,5.87,plain,"real: DEM sample (AWS Terrain Tiles (Skadi/SRTM1, ~30m, void-filled)), mean of 143/143 points along geometry (range 52.0-224.6m)","real: mean absolute gradient over the DEM elevation profile (143 points, see dem_processor.py)"
seg_44898849_0,63.1,1.15,plain,"real: DEM sample (AWS Terrain Tiles (Skadi/SRTM1, ~30m, void-filled)), mean of 2/2 points along geometry (range 63.0-63.2m)","real: mean absolute gradient over the DEM elevation profile (2 points, see dem_processor.py)"
seg_44898849_1,58.9,1.17,plain,"real: DEM sample (AWS Terrain Tiles (Skadi/SRTM1, ~30m, void-filled)), mean of 35/35 points along geometry (range 53.1-65.5m)","real: mean absolute gradient over the DEM elevation profile (35 points, see dem_processor.py)"
seg_44898849_2,53.4,0.8,plain,"real: DEM sample (AWS Terrain Tiles (Skadi/SRTM1, ~30m, void-filled)), mean of 11/11 points along geometry (range 52.7-54.6m)","real: mean absolute gradient over the DEM elevation profile (11 points, see dem_processor.py)"
seg_51188426_0,62.5,1.94,plain,"real: DEM sample (AWS Terrain Tiles (Skadi/SRTM1, ~30m, void-filled)), mean of 2/2 points along geometry (range 61.6-63.5m)","real: mean absolute gradient over the DEM elevation profile (2 points, see dem_processor.py)"
seg_51188427_0,63.0,4.45,plain,"real: DEM sample (AWS Terrain Tiles (Skadi/SRTM1, ~30m, void-filled)), mean of 2/2 points along geometry (range 61.6-64.5m)","real: mean absolute gradient over the DEM elevation profile (2 points, see dem_processor.py)"
seg_51188429_0,61.8,1.44,plain,"real: DEM sample (AWS Terrain Tiles (Skadi/SRTM1, ~30m, void-filled)), mean of 8/8 points along geometry (range 59.5-63.8m)","real: mean absolute gradient over the DEM elevation profile (8 points, see dem_processor.py)"
seg_51188437_0,58.5,3.15,plain,"real: DEM sample (AWS Terrain Tiles (Skadi/SRTM1, ~30m, void-filled)), mean of 5/5 points along geometry (range 56.2-59.9m)","real: mean absolute gradient over the DEM elevation profile (5 points, see dem_processor.py)"
seg_51188438_0,58.9,1.51,plain,"real: DEM sample (AWS Terrain Tiles (Skadi/SRTM1, ~30m, void-filled)), mean of 20/20 points along geometry (range 55.7-61.0m)","real: mean absolute gradient over the DEM elevation profile (20 points, see dem_processor.py)"
seg_51188438_1,58.6,1.42,plain,"real: DEM sample (AWS Terrain Tiles (Skadi/SRTM1, ~30m, void-filled)), mean of 2/2 points along geometry (range 58.3-58.8m)","real: mean absolute gradient over the DEM elevation profile (2 points, see dem_processor.py)"
seg_51188438_2,59.6,1.41,plain,"real: DEM sample (AWS Terrain Tiles (Skadi/SRTM1, ~30m, void-filled)), mean of 18/18 points along geometry (range 56.8-61.9m)","real: mean absolute gradient over the DEM elevation profile (18 points, see dem_processor.py)"
seg_51188438_3,60.0,0.73,plain,"real: DEM sample (AWS Terrain Tiles (Skadi/SRTM1, ~30m, void-filled)), mean of 5/5 points along geometry (range 59.1-61.1m)","real: mean absolute gradient over the DEM elevation profile (5 points, see dem_processor.py)"
seg_51188438_4,62.3,1.52,plain,"real: DEM sample (AWS Terrain Tiles (Skadi/SRTM1, ~30m, void-filled)), mean of 30/30 points along geometry (range 59.6-66.5m)","real: mean absolute gradient over the DEM elevation profile (30 points, see dem_processor.py)"
seg_51188438_5,64.6,0.98,plain,"real: DEM sample (AWS Terrain Tiles (Skadi/SRTM1, ~30m, void-filled)), mean of 10/10 points along geometry (range 63.2-65.9m)","real: mean absolute gradient over the DEM elevation profile (10 points, see dem_processor.py)"
seg_51188439_0,63.7,6.23,plain,"real: DEM sample (AWS Terrain Tiles (Skadi/SRTM1, ~30m, void-filled)), mean of 2/2 points along geometry (range 63.1-64.3m)","real: mean absolute gradient over the DEM elevation profile (2 points, see dem_processor.py)"
seg_51188439_1,62.4,3.86,plain,"real: DEM sample (AWS Terrain Tiles (Skadi/SRTM1, ~30m, void-filled)), mean of 2/2 points along geometry (range 61.6-63.1m)","real: mean absolute gradient over the DEM elevation profile (2 points, see dem_processor.py)"
seg_51188447_0,57.6,1.09,plain,"real: DEM sample (AWS Terrain Tiles (Skadi/SRTM1, ~30m, void-filled)), mean of 7/7 points along geometry (range 56.4-58.9m)","real: mean absolute gradient over the DEM elevation profile (7 points, see dem_processor.py)"
seg_51188915_0,56.9,1.24,plain,"real: DEM sample (AWS Terrain Tiles (Skadi/SRTM1, ~30m, void-filled)), mean of 19/19 points along geometry (range 54.0-61.9m)","real: mean absolute gradient over the DEM elevation profile (19 points, see dem_processor.py)"
seg_51188916_0,52.4,1.03,plain,"real: DEM sample (AWS Terrain Tiles (Skadi/SRTM1, ~30m, void-filled)), mean of 21/21 points along geometry (range 49.9-54.2m)","real: mean absolute gradient over the DEM elevation profile (21 points, see dem_processor.py)"
seg_51188917_0,55.8,1.23,plain,"real: DEM sample (AWS Terrain Tiles (Skadi/SRTM1, ~30m, void-filled)), mean of 39/39 points along geometry (range 53.5-58.9m)","real: mean absolute gradient over the DEM elevation profile (39 points, see dem_processor.py)"
seg_51188917_1,55.8,1.43,plain,"real: DEM sample (AWS Terrain Tiles (Skadi/SRTM1, ~30m, void-filled)), mean of 99/99 points along geometry (range 50.7-59.2m)","real: mean absolute gradient over the DEM elevation profile (99 points, see dem_processor.py)"
seg_51188917_2,58.4,1.65,plain,"real: DEM sample (AWS Terrain Tiles (Skadi/SRTM1, ~30m, void-filled)), mean of 31/31 points along geometry (range 52.8-64.7m)","real: mean absolute gradient over the DEM elevation profile (31 points, see dem_processor.py)"
seg_51188919_0,56.4,2.29,plain,"real: DEM sample (AWS Terrain Tiles (Skadi/SRTM1, ~30m, void-filled)), mean of 19/19 points along geometry (range 53.2-60.1m)","real: mean absolute gradient over the DEM elevation profile (19 points, see dem_processor.py)"
seg_51188920_0,56.7,1.06,plain,"real: DEM sample (AWS Terrain Tiles (Skadi/SRTM1, ~30m, void-filled)), mean of 14/14 points along geometry (range 54.6-59.5m)","real: mean absolute gradient over the DEM elevation profile (14 points, see dem_processor.py)"
seg_51188921_0,55.0,0.79,plain,"real: DEM sample (AWS Terrain Tiles (Skadi/SRTM1, ~30m, void-filled)), mean of 5/5 points along geometry (range 54.1-56.2m)","real: mean absolute gradient over the DEM elevation profile (5 points, see dem_processor.py)"
seg_51188921_1,58.1,1.47,plain,"real: DEM sample (AWS Terrain Tiles (Skadi/SRTM1, ~30m, void-filled)), mean of 7/7 points along geometry (range 56.2-60.0m)","real: mean absolute gradient over the DEM elevation profile (7 points, see dem_processor.py)"
seg_51188922_0,56.5,1.9,plain,"real: DEM sample (AWS Terrain Tiles (Skadi/SRTM1, ~30m, void-filled)), mean of 2/2 points along geometry (range 55.6-57.3m)","real: mean absolute gradient over the DEM elevation profile (2 points, see dem_processor.py)"
seg_51188922_1,56.2,1.27,plain,"real: DEM sample (AWS Terrain Tiles (Skadi/SRTM1, ~30m, void-filled)), mean of 13/13 points along geometry (range 54.1-58.6m)","real: mean absolute gradient over the DEM elevation profile (13 points, see dem_processor.py)"
seg_51188926_0,55.7,0.9,plain,"real: DEM sample (AWS Terrain Tiles (Skadi/SRTM1, ~30m, void-filled)), mean of 3/3 points along geometry (range 54.5-56.4m)","real: mean absolute gradient over the DEM elevation profile (3 points, see dem_processor.py)"
seg_51188929_0,63.6,1.1,plain,"real: DEM sample (AWS Terrain Tiles (Skadi/SRTM1, ~30m, void-filled)), mean of 8/8 points along geometry (range 61.9-65.8m)","real: mean absolute gradient over the DEM elevation profile (8 points, see dem_processor.py)"
seg_51188930_0,62.5,1.18,plain,"real: DEM sample (AWS Terrain Tiles (Skadi/SRTM1, ~30m, void-filled)), mean of 2/2 points along geometry (range 62.4-62.5m)","real: mean absolute gradient over the DEM elevation profile (2 points, see dem_processor.py)"
seg_51188930_1,61.4,1.13,plain,"real: DEM sample (AWS Terrain Tiles (Skadi/SRTM1, ~30m, void-filled)), mean of 4/4 points along geometry (range 59.9-62.4m)","real: mean absolute gradient over the DEM elevation profile (4 points, see dem_processor.py)"
seg_51188930_2,60.8,2.48,plain,"real: DEM sample (AWS Terrain Tiles (Skadi/SRTM1, ~30m, void-filled)), mean of 5/5 points along geometry (range 57.6-63.7m)","real: mean absolute gradient over the DEM elevation profile (5 points, see dem_processor.py)"
seg_51188932_0,60.6,2.4,plain,"real: DEM sample (AWS Terrain Tiles (Skadi/SRTM1, ~30m, void-filled)), mean of 9/9 points along geometry (range 58.1-64.6m)","real: mean absolute gradient over the DEM elevation profile (9 points, see dem_processor.py)"
seg_51188932_1,64.2,0.9,plain,"real: DEM sample (AWS Terrain Tiles (Skadi/SRTM1, ~30m, void-filled)), mean of 5/5 points along geometry (range 63.0-65.6m)","real: mean absolute gradient over the DEM elevation profile (5 points, see dem_processor.py)"
seg_51188934_0,59.2,1.42,plain,"real: DEM sample (AWS Terrain Tiles (Skadi/SRTM1, ~30m, void-filled)), mean of 5/5 points along geometry (range 58.1-60.9m)","real: mean absolute gradient over the DEM elevation profile (5 points, see dem_processor.py)"
seg_51189484_0,61.7,0.61,plain,"real: DEM sample (AWS Terrain Tiles (Skadi/SRTM1, ~30m, void-filled)), mean of 10/10 points along geometry (range 60.1-63.0m)","real: mean absolute gradient over the DEM elevation profile (10 points, see dem_processor.py)"
seg_51189492_0,55.8,0.79,plain,"real: DEM sample (AWS Terrain Tiles (Skadi/SRTM1, ~30m, void-filled)), mean of 25/25 points along geometry (range 54.4-57.5m)","real: mean absolute gradient over the DEM elevation profile (25 points, see dem_processor.py)"
seg_51189498_0,57.2,1.27,plain,"real: DEM sample (AWS Terrain Tiles (Skadi/SRTM1, ~30m, void-filled)), mean of 38/38 points along geometry (range 54.7-61.0m)","real: mean absolute gradient over the DEM elevation profile (38 points, see dem_processor.py)"
seg_51252535_0,51.3,4.34,plain,"real: DEM sample (AWS Terrain Tiles (Skadi/SRTM1, ~30m, void-filled)), mean of 2/2 points along geometry (range 50.4-52.2m)","real: mean absolute gradient over the DEM elevation profile (2 points, see dem_processor.py)"
seg_51252536_0,60.2,3.84,plain,"real: DEM sample (AWS Terrain Tiles (Skadi/SRTM1, ~30m, void-filled)), mean of 3/3 points along geometry (range 59.7-60.6m)","real: mean absolute gradient over the DEM elevation profile (3 points, see dem_processor.py)"
seg_51252537_0,58.1,1.77,plain,"real: DEM sample (AWS Terrain Tiles (Skadi/SRTM1, ~30m, void-filled)), mean of 50/50 points along geometry (range 53.3-64.9m)","real: mean absolute gradient over the DEM elevation profile (50 points, see dem_processor.py)"
seg_51252537_1,60.3,1.69,plain,"real: DEM sample (AWS Terrain Tiles (Skadi/SRTM1, ~30m, void-filled)), mean of 61/61 points along geometry (range 56.9-63.9m)","real: mean absolute gradient over the DEM elevation profile (61 points, see dem_processor.py)"
seg_51252624_0,58.5,0.0,plain,"real: DEM sample (AWS Terrain Tiles (Skadi/SRTM1, ~30m, void-filled)), mean of 2/2 points along geometry (range 58.5-58.5m)","real: mean absolute gradient over the DEM elevation profile (2 points, see dem_processor.py)"
seg_51252624_1,59.0,0.67,plain,"real: DEM sample (AWS Terrain Tiles (Skadi/SRTM1, ~30m, void-filled)), mean of 10/10 points along geometry (range 57.9-60.2m)","real: mean absolute gradient over the DEM elevation profile (10 points, see dem_processor.py)"
seg_51252624_2,59.1,0.34,plain,"real: DEM sample (AWS Terrain Tiles (Skadi/SRTM1, ~30m, void-filled)), mean of 5/5 points along geometry (range 58.7-59.4m)","real: mean absolute gradient over the DEM elevation profile (5 points, see dem_processor.py)"
seg_51252625_0,58.8,0.76,plain,"real: DEM sample (AWS Terrain Tiles (Skadi/SRTM1, ~30m, void-filled)), mean of 11/11 points along geometry (range 58.1-59.6m)","real: mean absolute gradient over the DEM elevation profile (11 points, see dem_processor.py)"
seg_51252625_1,58.2,0.8,plain,"real: DEM sample (AWS Terrain Tiles (Skadi/SRTM1, ~30m, void-filled)), mean of 6/6 points along geometry (range 56.6-59.1m)","real: mean absolute gradient over the DEM elevation profile (6 points, see dem_processor.py)"
seg_51252626_0,56.8,0.73,plain,"real: DEM sample (AWS Terrain Tiles (Skadi/SRTM1, ~30m, void-filled)), mean of 2/2 points along geometry (range 56.6-56.9m)","real: mean absolute gradient over the DEM elevation profile (2 points, see dem_processor.py)"
seg_51252627_0,63.6,1.83,plain,"real: DEM sample (AWS Terrain Tiles (Skadi/SRTM1, ~30m, void-filled)), mean of 10/10 points along geometry (range 59.3-69.8m)","real: mean absolute gradient over the DEM elevation profile (10 points, see dem_processor.py)"
seg_51252627_1,64.5,1.61,plain,"real: DEM sample (AWS Terrain Tiles (Skadi/SRTM1, ~30m, void-filled)), mean of 38/38 points along geometry (range 61.5-67.5m)","real: mean absolute gradient over the DEM elevation profile (38 points, see dem_processor.py)"
seg_51252627_2,60.3,1.58,plain,"real: DEM sample (AWS Terrain Tiles (Skadi/SRTM1, ~30m, void-filled)), mean of 57/57 points along geometry (range 55.8-67.0m)","real: mean absolute gradient over the DEM elevation profile (57 points, see dem_processor.py)"
seg_51252628_0,75.6,2.74,plain,"real: DEM sample (AWS Terrain Tiles (Skadi/SRTM1, ~30m, void-filled)), mean of 72/72 points along geometry (range 53.3-95.3m)","real: mean absolute gradient over the DEM elevation profile (72 points, see dem_processor.py)"
seg_51252630_0,57.6,0.57,plain,"real: DEM sample (AWS Terrain Tiles (Skadi/SRTM1, ~30m, void-filled)), mean of 16/16 points along geometry (range 56.4-58.8m)","real: mean absolute gradient over the DEM elevation profile (16 points, see dem_processor.py)"
seg_51252630_1,57.0,0.61,plain,"real: DEM sample (AWS Terrain Tiles (Skadi/SRTM1, ~30m, void-filled)), mean of 46/46 points along geometry (range 55.4-58.6m)","real: mean absolute gradient over the DEM elevation profile (46 points, see dem_processor.py)"
seg_53216589_0,58.1,1.11,plain,"real: DEM sample (AWS Terrain Tiles (Skadi/SRTM1, ~30m, void-filled)), mean of 63/63 points along geometry (range 54.0-62.9m)","real: mean absolute gradient over the DEM elevation profile (63 points, see dem_processor.py)"
seg_53216590_0,64.9,1.98,plain,"real: DEM sample (AWS Terrain Tiles (Skadi/SRTM1, ~30m, void-filled)), mean of 312/312 points along geometry (range 55.6-81.4m)","real: mean absolute gradient over the DEM elevation profile (312 points, see dem_processor.py)"
seg_53216599_0,53.3,7.18,plain,"real: DEM sample (AWS Terrain Tiles (Skadi/SRTM1, ~30m, void-filled)), mean of 3/3 points along geometry (range 47.5-56.7m)","real: mean absolute gradient over the DEM elevation profile (3 points, see dem_processor.py)"
seg_53216601_0,59.7,1.79,plain,"real: DEM sample (AWS Terrain Tiles (Skadi/SRTM1, ~30m, void-filled)), mean of 69/69 points along geometry (range 53.9-67.8m)","real: mean absolute gradient over the DEM elevation profile (69 points, see dem_processor.py)"
seg_53216601_1,60.6,0.4,plain,"real: DEM sample (AWS Terrain Tiles (Skadi/SRTM1, ~30m, void-filled)), mean of 2/2 points along geometry (range 60.6-60.6m)","real: mean absolute gradient over the DEM elevation profile (2 points, see dem_processor.py)"
seg_53217184_0,54.3,1.24,plain,"real: DEM sample (AWS Terrain Tiles (Skadi/SRTM1, ~30m, void-filled)), mean of 25/25 points along geometry (range 52.0-56.6m)","real: mean absolute gradient over the DEM elevation profile (25 points, see dem_processor.py)"
seg_72077809_0,77.9,4.78,plain,"real: DEM sample (AWS Terrain Tiles (Skadi/SRTM1, ~30m, void-filled)), mean of 2/2 points along geometry (range 76.7-79.2m)","real: mean absolute gradient over the DEM elevation profile (2 points, see dem_processor.py)"
seg_72077809_1,74.8,1.45,plain,"real: DEM sample (AWS Terrain Tiles (Skadi/SRTM1, ~30m, void-filled)), mean of 41/41 points along geometry (range 67.0-80.0m)","real: mean absolute gradient over the DEM elevation profile (41 points, see dem_processor.py)"
seg_72077809_2,74.5,1.08,plain,"real: DEM sample (AWS Terrain Tiles (Skadi/SRTM1, ~30m, void-filled)), mean of 20/20 points along geometry (range 72.8-76.8m)","real: mean absolute gradient over the DEM elevation profile (20 points, see dem_processor.py)"
seg_72077809_3,73.3,1.35,plain,"real: DEM sample (AWS Terrain Tiles (Skadi/SRTM1, ~30m, void-filled)), mean of 59/59 points along geometry (range 69.2-76.3m)","real: mean absolute gradient over the DEM elevation profile (59 points, see dem_processor.py)"
seg_72077809_4,73.1,0.17,plain,"real: DEM sample (AWS Terrain Tiles (Skadi/SRTM1, ~30m, void-filled)), mean of 2/2 points along geometry (range 73.1-73.1m)","real: mean absolute gradient over the DEM elevation profile (2 points, see dem_processor.py)"
seg_72077811_0,80.6,1.14,plain,"real: DEM sample (AWS Terrain Tiles (Skadi/SRTM1, ~30m, void-filled)), mean of 30/30 points along geometry (range 76.4-85.0m)","real: mean absolute gradient over the DEM elevation profile (30 points, see dem_processor.py)"
seg_72077811_1,77.8,1.23,plain,"real: DEM sample (AWS Terrain Tiles (Skadi/SRTM1, ~30m, void-filled)), mean of 61/61 points along geometry (range 75.0-83.5m)","real: mean absolute gradient over the DEM elevation profile (61 points, see dem_processor.py)"
seg_72077811_2,75.8,1.1,plain,"real: DEM sample (AWS Terrain Tiles (Skadi/SRTM1, ~30m, void-filled)), mean of 28/28 points along geometry (range 73.7-80.5m)","real: mean absolute gradient over the DEM elevation profile (28 points, see dem_processor.py)"
seg_72077811_3,77.4,1.32,plain,"real: DEM sample (AWS Terrain Tiles (Skadi/SRTM1, ~30m, void-filled)), mean of 62/62 points along geometry (range 72.4-82.6m)","real: mean absolute gradient over the DEM elevation profile (62 points, see dem_processor.py)"
seg_72077811_4,79.1,0.61,plain,"real: DEM sample (AWS Terrain Tiles (Skadi/SRTM1, ~30m, void-filled)), mean of 2/2 points along geometry (range 79.0-79.3m)","real: mean absolute gradient over the DEM elevation profile (2 points, see dem_processor.py)"
seg_72077811_5,74.5,1.17,plain,"real: DEM sample (AWS Terrain Tiles (Skadi/SRTM1, ~30m, void-filled)), mean of 118/118 points along geometry (range 70.6-79.4m)","real: mean absolute gradient over the DEM elevation profile (118 points, see dem_processor.py)"
seg_72077811_6,74.2,1.54,plain,"real: DEM sample (AWS Terrain Tiles (Skadi/SRTM1, ~30m, void-filled)), mean of 100/100 points along geometry (range 68.3-79.0m)","real: mean absolute gradient over the DEM elevation profile (100 points, see dem_processor.py)"
seg_72077811_7,76.7,0.75,plain,"real: DEM sample (AWS Terrain Tiles (Skadi/SRTM1, ~30m, void-filled)), mean of 9/9 points along geometry (range 75.0-78.9m)","real: mean absolute gradient over the DEM elevation profile (9 points, see dem_processor.py)"
seg_97947825_0,71.1,1.52,plain,"real: DEM sample (AWS Terrain Tiles (Skadi/SRTM1, ~30m, void-filled)), mean of 39/39 points along geometry (range 64.5-76.1m)","real: mean absolute gradient over the DEM elevation profile (39 points, see dem_processor.py)"
seg_97947825_1,72.1,1.55,plain,"real: DEM sample (AWS Terrain Tiles (Skadi/SRTM1, ~30m, void-filled)), mean of 101/101 points along geometry (range 67.2-75.9m)","real: mean absolute gradient over the DEM elevation profile (101 points, see dem_processor.py)"
seg_97947825_2,68.7,1.54,plain,"real: DEM sample (AWS Terrain Tiles (Skadi/SRTM1, ~30m, void-filled)), mean of 60/60 points along geometry (range 64.4-75.9m)","real: mean absolute gradient over the DEM elevation profile (60 points, see dem_processor.py)"
seg_97947827_0,63.5,1.22,plain,"real: DEM sample (AWS Terrain Tiles (Skadi/SRTM1, ~30m, void-filled)), mean of 99/99 points along geometry (range 60.1-70.9m)","real: mean absolute gradient over the DEM elevation profile (99 points, see dem_processor.py)"
seg_97947827_1,64.4,0.99,plain,"real: DEM sample (AWS Terrain Tiles (Skadi/SRTM1, ~30m, void-filled)), mean of 41/41 points along geometry (range 60.4-69.6m)","real: mean absolute gradient over the DEM elevation profile (41 points, see dem_processor.py)"
seg_98720786_0,58.1,2.28,plain,"real: DEM sample (AWS Terrain Tiles (Skadi/SRTM1, ~30m, void-filled)), mean of 3/3 points along geometry (range 57.0-59.7m)","real: mean absolute gradient over the DEM elevation profile (3 points, see dem_processor.py)"
seg_98720786_1,58.8,0.96,plain,"real: DEM sample (AWS Terrain Tiles (Skadi/SRTM1, ~30m, void-filled)), mean of 19/19 points along geometry (range 57.0-61.3m)","real: mean absolute gradient over the DEM elevation profile (19 points, see dem_processor.py)"
seg_98720787_0,61.5,0.97,plain,"real: DEM sample (AWS Terrain Tiles (Skadi/SRTM1, ~30m, void-filled)), mean of 6/6 points along geometry (range 60.9-62.5m)","real: mean absolute gradient over the DEM elevation profile (6 points, see dem_processor.py)"
seg_98720787_1,58.5,1.73,plain,"real: DEM sample (AWS Terrain Tiles (Skadi/SRTM1, ~30m, void-filled)), mean of 22/22 points along geometry (range 53.4-61.8m)","real: mean absolute gradient over the DEM elevation profile (22 points, see dem_processor.py)"
seg_98720787_2,55.9,0.66,plain,"real: DEM sample (AWS Terrain Tiles (Skadi/SRTM1, ~30m, void-filled)), mean of 2/2 points along geometry (range 55.8-56.0m)","real: mean absolute gradient over the DEM elevation profile (2 points, see dem_processor.py)"
seg_98720787_3,54.9,3.55,plain,"real: DEM sample (AWS Terrain Tiles (Skadi/SRTM1, ~30m, void-filled)), mean of 5/5 points along geometry (range 51.8-58.4m)","real: mean absolute gradient over the DEM elevation profile (5 points, see dem_processor.py)"
seg_98720787_4,55.7,1.81,plain,"real: DEM sample (AWS Terrain Tiles (Skadi/SRTM1, ~30m, void-filled)), mean of 10/10 points along geometry (range 51.8-58.3m)","real: mean absolute gradient over the DEM elevation profile (10 points, see dem_processor.py)"
seg_102627671_0,1552.5,8.31,mountain,"real: DEM sample (AWS Terrain Tiles (Skadi/SRTM1, ~30m, void-filled)), mean of 574/574 points along geometry (range 1155.3-1807.2m)","real: mean absolute gradient over the DEM elevation profile (574 points, see dem_processor.py)"
seg_114812763_0,55.6,1.12,plain,"real: DEM sample (AWS Terrain Tiles (Skadi/SRTM1, ~30m, void-filled)), mean of 8/8 points along geometry (range 54.0-57.0m)","real: mean absolute gradient over the DEM elevation profile (8 points, see dem_processor.py)"
seg_114812766_0,56.4,1.3,plain,"real: DEM sample (AWS Terrain Tiles (Skadi/SRTM1, ~30m, void-filled)), mean of 2/2 points along geometry (range 56.0-56.8m)","real: mean absolute gradient over the DEM elevation profile (2 points, see dem_processor.py)"
seg_114812766_1,58.2,1.9,plain,"real: DEM sample (AWS Terrain Tiles (Skadi/SRTM1, ~30m, void-filled)), mean of 4/4 points along geometry (range 56.8-60.7m)","real: mean absolute gradient over the DEM elevation profile (4 points, see dem_processor.py)"
seg_114812766_2,57.5,0.74,plain,"real: DEM sample (AWS Terrain Tiles (Skadi/SRTM1, ~30m, void-filled)), mean of 6/6 points along geometry (range 56.7-58.2m)","real: mean absolute gradient over the DEM elevation profile (6 points, see dem_processor.py)"
seg_114812768_0,56.8,2.67,plain,"real: DEM sample (AWS Terrain Tiles (Skadi/SRTM1, ~30m, void-filled)), mean of 3/3 points along geometry (range 55.7-58.3m)","real: mean absolute gradient over the DEM elevation profile (3 points, see dem_processor.py)"
seg_114812768_1,56.1,1.29,plain,"real: DEM sample (AWS Terrain Tiles (Skadi/SRTM1, ~30m, void-filled)), mean of 3/3 points along geometry (range 55.9-56.3m)","real: mean absolute gradient over the DEM elevation profile (3 points, see dem_processor.py)"
seg_114812768_2,55.7,0.66,plain,"real: DEM sample (AWS Terrain Tiles (Skadi/SRTM1, ~30m, void-filled)), mean of 4/4 points along geometry (range 55.0-56.0m)","real: mean absolute gradient over the DEM elevation profile (4 points, see dem_processor.py)"
seg_114812771_0,60.5,2.24,plain,"real: DEM sample (AWS Terrain Tiles (Skadi/SRTM1, ~30m, void-filled)), mean of 10/10 points along geometry (range 55.5-65.8m)","real: mean absolute gradient over the DEM elevation profile (10 points, see dem_processor.py)"
seg_114812788_0,55.5,1.98,plain,"real: DEM sample (AWS Terrain Tiles (Skadi/SRTM1, ~30m, void-filled)), mean of 2/2 points along geometry (range 54.5-56.6m)","real: mean absolute gradient over the DEM elevation profile (2 points, see dem_processor.py)"
seg_114812790_0,53.8,0.96,plain,"real: DEM sample (AWS Terrain Tiles (Skadi/SRTM1, ~30m, void-filled)), mean of 31/31 points along geometry (range 52.3-55.4m)","real: mean absolute gradient over the DEM elevation profile (31 points, see dem_processor.py)"
seg_114812791_0,65.6,1.72,plain,"real: DEM sample (AWS Terrain Tiles (Skadi/SRTM1, ~30m, void-filled)), mean of 50/50 points along geometry (range 55.9-77.5m)","real: mean absolute gradient over the DEM elevation profile (50 points, see dem_processor.py)"
seg_120130506_0,53.7,0.59,plain,"real: DEM sample (AWS Terrain Tiles (Skadi/SRTM1, ~30m, void-filled)), mean of 10/10 points along geometry (range 52.7-55.5m)","real: mean absolute gradient over the DEM elevation profile (10 points, see dem_processor.py)"
seg_120130506_1,54.9,1.11,plain,"real: DEM sample (AWS Terrain Tiles (Skadi/SRTM1, ~30m, void-filled)), mean of 23/23 points along geometry (range 52.8-56.9m)","real: mean absolute gradient over the DEM elevation profile (23 points, see dem_processor.py)"
seg_120130506_2,56.6,1.37,plain,"real: DEM sample (AWS Terrain Tiles (Skadi/SRTM1, ~30m, void-filled)), mean of 32/32 points along geometry (range 54.0-60.9m)","real: mean absolute gradient over the DEM elevation profile (32 points, see dem_processor.py)"
seg_120130535_0,60.0,1.51,plain,"real: DEM sample (AWS Terrain Tiles (Skadi/SRTM1, ~30m, void-filled)), mean of 32/32 points along geometry (range 58.2-63.9m)","real: mean absolute gradient over the DEM elevation profile (32 points, see dem_processor.py)"
seg_120487460_0,60.1,0.46,plain,"real: DEM sample (AWS Terrain Tiles (Skadi/SRTM1, ~30m, void-filled)), mean of 2/2 points along geometry (range 60.0-60.2m)","real: mean absolute gradient over the DEM elevation profile (2 points, see dem_processor.py)"
seg_120487460_1,61.9,1.23,plain,"real: DEM sample (AWS Terrain Tiles (Skadi/SRTM1, ~30m, void-filled)), mean of 6/6 points along geometry (range 60.2-63.8m)","real: mean absolute gradient over the DEM elevation profile (6 points, see dem_processor.py)"
seg_120487460_2,60.4,0.86,plain,"real: DEM sample (AWS Terrain Tiles (Skadi/SRTM1, ~30m, void-filled)), mean of 6/6 points along geometry (range 59.0-61.5m)","real: mean absolute gradient over the DEM elevation profile (6 points, see dem_processor.py)"
seg_120487460_3,59.1,0.14,plain,"real: DEM sample (AWS Terrain Tiles (Skadi/SRTM1, ~30m, void-filled)), mean of 2/2 points along geometry (range 59.0-59.2m)","real: mean absolute gradient over the DEM elevation profile (2 points, see dem_processor.py)"
seg_120487460_4,61.2,2.96,plain,"real: DEM sample (AWS Terrain Tiles (Skadi/SRTM1, ~30m, void-filled)), mean of 3/3 points along geometry (range 59.2-63.0m)","real: mean absolute gradient over the DEM elevation profile (3 points, see dem_processor.py)"
seg_120487460_5,62.1,0.99,plain,"real: DEM sample (AWS Terrain Tiles (Skadi/SRTM1, ~30m, void-filled)), mean of 4/4 points along geometry (range 61.4-63.0m)","real: mean absolute gradient over the DEM elevation profile (4 points, see dem_processor.py)"
seg_120487460_6,60.5,0.75,plain,"real: DEM sample (AWS Terrain Tiles (Skadi/SRTM1, ~30m, void-filled)), mean of 4/4 points along geometry (range 60.0-61.9m)","real: mean absolute gradient over the DEM elevation profile (4 points, see dem_processor.py)"
seg_120487460_7,61.5,2.83,plain,"real: DEM sample (AWS Terrain Tiles (Skadi/SRTM1, ~30m, void-filled)), mean of 3/3 points along geometry (range 60.0-62.3m)","real: mean absolute gradient over the DEM elevation profile (3 points, see dem_processor.py)"
seg_120487460_8,62.5,2.14,plain,"real: DEM sample (AWS Terrain Tiles (Skadi/SRTM1, ~30m, void-filled)), mean of 2/2 points along geometry (range 62.3-62.7m)","real: mean absolute gradient over the DEM elevation profile (2 points, see dem_processor.py)"
seg_120487460_9,60.8,1.03,plain,"real: DEM sample (AWS Terrain Tiles (Skadi/SRTM1, ~30m, void-filled)), mean of 13/13 points along geometry (range 58.3-62.9m)","real: mean absolute gradient over the DEM elevation profile (13 points, see dem_processor.py)"
seg_121380522_0,58.8,0.83,plain,"real: DEM sample (AWS Terrain Tiles (Skadi/SRTM1, ~30m, void-filled)), mean of 2/2 points along geometry (range 58.7-58.8m)","real: mean absolute gradient over the DEM elevation profile (2 points, see dem_processor.py)"
seg_121499149_0,82.3,1.18,plain,"real: DEM sample (AWS Terrain Tiles (Skadi/SRTM1, ~30m, void-filled)), mean of 24/24 points along geometry (range 80.0-84.4m)","real: mean absolute gradient over the DEM elevation profile (24 points, see dem_processor.py)"
seg_122008081_0,54.9,1.38,plain,"real: DEM sample (AWS Terrain Tiles (Skadi/SRTM1, ~30m, void-filled)), mean of 52/52 points along geometry (range 51.9-58.7m)","real: mean absolute gradient over the DEM elevation profile (52 points, see dem_processor.py)"
seg_122008093_0,60.2,4.79,plain,"real: DEM sample (AWS Terrain Tiles (Skadi/SRTM1, ~30m, void-filled)), mean of 2/2 points along geometry (range 59.8-60.5m)","real: mean absolute gradient over the DEM elevation profile (2 points, see dem_processor.py)"
seg_122008093_1,58.9,1.14,plain,"real: DEM sample (AWS Terrain Tiles (Skadi/SRTM1, ~30m, void-filled)), mean of 41/41 points along geometry (range 55.1-63.5m)","real: mean absolute gradient over the DEM elevation profile (41 points, see dem_processor.py)"
seg_122008093_2,59.0,0.0,plain,"real: DEM sample (AWS Terrain Tiles (Skadi/SRTM1, ~30m, void-filled)), mean of 2/2 points along geometry (range 59.0-59.0m)","real: mean absolute gradient over the DEM elevation profile (2 points, see dem_processor.py)"
seg_122008098_0,56.9,0.83,plain,"real: DEM sample (AWS Terrain Tiles (Skadi/SRTM1, ~30m, void-filled)), mean of 16/16 points along geometry (range 54.8-58.0m)","real: mean absolute gradient over the DEM elevation profile (16 points, see dem_processor.py)"
seg_122008098_1,56.4,1.27,plain,"real: DEM sample (AWS Terrain Tiles (Skadi/SRTM1, ~30m, void-filled)), mean of 31/31 points along geometry (range 54.0-61.7m)","real: mean absolute gradient over the DEM elevation profile (31 points, see dem_processor.py)"
seg_122008106_0,59.7,1.19,plain,"real: DEM sample (AWS Terrain Tiles (Skadi/SRTM1, ~30m, void-filled)), mean of 54/54 points along geometry (range 55.2-64.2m)","real: mean absolute gradient over the DEM elevation profile (54 points, see dem_processor.py)"
seg_122008126_0,53.1,0.91,plain,"real: DEM sample (AWS Terrain Tiles (Skadi/SRTM1, ~30m, void-filled)), mean of 2/2 points along geometry (range 53.1-53.2m)","real: mean absolute gradient over the DEM elevation profile (2 points, see dem_processor.py)"
seg_122009488_0,70.2,1.79,plain,"real: DEM sample (AWS Terrain Tiles (Skadi/SRTM1, ~30m, void-filled)), mean of 28/28 points along geometry (range 65.0-76.1m)","real: mean absolute gradient over the DEM elevation profile (28 points, see dem_processor.py)"
seg_122026615_0,67.6,2.49,plain,"real: DEM sample (AWS Terrain Tiles (Skadi/SRTM1, ~30m, void-filled)), mean of 78/78 points along geometry (range 53.0-103.8m)","real: mean absolute gradient over the DEM elevation profile (78 points, see dem_processor.py)"
seg_122026617_0,52.8,1.1,plain,"real: DEM sample (AWS Terrain Tiles (Skadi/SRTM1, ~30m, void-filled)), mean of 30/30 points along geometry (range 50.5-54.9m)","real: mean absolute gradient over the DEM elevation profile (30 points, see dem_processor.py)"
seg_122026632_0,54.1,1.35,plain,"real: DEM sample (AWS Terrain Tiles (Skadi/SRTM1, ~30m, void-filled)), mean of 10/10 points along geometry (range 53.4-54.6m)","real: mean absolute gradient over the DEM elevation profile (10 points, see dem_processor.py)"
seg_122026632_1,54.6,1.29,plain,"real: DEM sample (AWS Terrain Tiles (Skadi/SRTM1, ~30m, void-filled)), mean of 8/8 points along geometry (range 53.5-55.0m)","real: mean absolute gradient over the DEM elevation profile (8 points, see dem_processor.py)"
seg_122026632_2,54.7,0.93,plain,"real: DEM sample (AWS Terrain Tiles (Skadi/SRTM1, ~30m, void-filled)), mean of 8/8 points along geometry (range 54.1-55.0m)","real: mean absolute gradient over the DEM elevation profile (8 points, see dem_processor.py)"
seg_122026634_0,59.3,2.08,plain,"real: DEM sample (AWS Terrain Tiles (Skadi/SRTM1, ~30m, void-filled)), mean of 11/11 points along geometry (range 56.2-64.8m)","real: mean absolute gradient over the DEM elevation profile (11 points, see dem_processor.py)"
seg_122026653_0,54.6,1.53,plain,"real: DEM sample (AWS Terrain Tiles (Skadi/SRTM1, ~30m, void-filled)), mean of 20/20 points along geometry (range 51.3-57.9m)","real: mean absolute gradient over the DEM elevation profile (20 points, see dem_processor.py)"
seg_122026677_0,54.5,0.99,plain,"real: DEM sample (AWS Terrain Tiles (Skadi/SRTM1, ~30m, void-filled)), mean of 8/8 points along geometry (range 53.0-57.4m)","real: mean absolute gradient over the DEM elevation profile (8 points, see dem_processor.py)"
seg_122026677_1,53.8,0.96,plain,"real: DEM sample (AWS Terrain Tiles (Skadi/SRTM1, ~30m, void-filled)), mean of 14/14 points along geometry (range 52.0-55.8m)","real: mean absolute gradient over the DEM elevation profile (14 points, see dem_processor.py)"
seg_122026680_0,57.1,1.86,plain,"real: DEM sample (AWS Terrain Tiles (Skadi/SRTM1, ~30m, void-filled)), mean of 48/48 points along geometry (range 50.3-62.3m)","real: mean absolute gradient over the DEM elevation profile (48 points, see dem_processor.py)"
seg_122026724_0,55.5,1.26,plain,"real: DEM sample (AWS Terrain Tiles (Skadi/SRTM1, ~30m, void-filled)), mean of 18/18 points along geometry (range 52.0-59.1m)","real: mean absolute gradient over the DEM elevation profile (18 points, see dem_processor.py)"
seg_122026748_0,56.3,1.18,plain,"real: DEM sample (AWS Terrain Tiles (Skadi/SRTM1, ~30m, void-filled)), mean of 10/10 points along geometry (range 55.0-58.8m)","real: mean absolute gradient over the DEM elevation profile (10 points, see dem_processor.py)"
seg_122026781_0,55.7,1.3,plain,"real: DEM sample (AWS Terrain Tiles (Skadi/SRTM1, ~30m, void-filled)), mean of 5/5 points along geometry (range 55.4-55.9m)","real: mean absolute gradient over the DEM elevation profile (5 points, see dem_processor.py)"
seg_122026781_1,55.9,1.14,plain,"real: DEM sample (AWS Terrain Tiles (Skadi/SRTM1, ~30m, void-filled)), mean of 3/3 points along geometry (range 55.8-55.9m)","real: mean absolute gradient over the DEM elevation profile (3 points, see dem_processor.py)"
seg_122026781_2,55.1,1.19,plain,"real: DEM sample (AWS Terrain Tiles (Skadi/SRTM1, ~30m, void-filled)), mean of 12/12 points along geometry (range 54.8-55.8m)","real: mean absolute gradient over the DEM elevation profile (12 points, see dem_processor.py)"
seg_122026781_3,55.2,0.95,plain,"real: DEM sample (AWS Terrain Tiles (Skadi/SRTM1, ~30m, void-filled)), mean of 5/5 points along geometry (range 55.0-55.4m)","real: mean absolute gradient over the DEM elevation profile (5 points, see dem_processor.py)"
seg_122027964_0,56.4,3.09,plain,"real: DEM sample (AWS Terrain Tiles (Skadi/SRTM1, ~30m, void-filled)), mean of 16/16 points along geometry (range 54.1-58.9m)","real: mean absolute gradient over the DEM elevation profile (16 points, see dem_processor.py)"
seg_122027969_0,58.2,0.28,plain,"real: DEM sample (AWS Terrain Tiles (Skadi/SRTM1, ~30m, void-filled)), mean of 6/6 points along geometry (range 58.0-58.9m)","real: mean absolute gradient over the DEM elevation profile (6 points, see dem_processor.py)"
seg_122027972_0,63.0,1.15,plain,"real: DEM sample (AWS Terrain Tiles (Skadi/SRTM1, ~30m, void-filled)), mean of 3/3 points along geometry (range 62.0-64.1m)","real: mean absolute gradient over the DEM elevation profile (3 points, see dem_processor.py)"
seg_122027972_1,61.5,1.49,plain,"real: DEM sample (AWS Terrain Tiles (Skadi/SRTM1, ~30m, void-filled)), mean of 2/2 points along geometry (range 61.1-62.0m)","real: mean absolute gradient over the DEM elevation profile (2 points, see dem_processor.py)"
seg_122030738_0,60.4,1.77,plain,"real: DEM sample (AWS Terrain Tiles (Skadi/SRTM1, ~30m, void-filled)), mean of 5/5 points along geometry (range 59.3-61.5m)","real: mean absolute gradient over the DEM elevation profile (5 points, see dem_processor.py)"
seg_122030738_1,59.1,3.0,plain,"real: DEM sample (AWS Terrain Tiles (Skadi/SRTM1, ~30m, void-filled)), mean of 2/2 points along geometry (range 58.8-59.3m)","real: mean absolute gradient over the DEM elevation profile (2 points, see dem_processor.py)"
seg_122030739_0,58.6,1.19,plain,"real: DEM sample (AWS Terrain Tiles (Skadi/SRTM1, ~30m, void-filled)), mean of 7/7 points along geometry (range 57.5-59.6m)","real: mean absolute gradient over the DEM elevation profile (7 points, see dem_processor.py)"
seg_122030746_0,57.3,1.3,plain,"real: DEM sample (AWS Terrain Tiles (Skadi/SRTM1, ~30m, void-filled)), mean of 2/2 points along geometry (range 57.1-57.6m)","real: mean absolute gradient over the DEM elevation profile (2 points, see dem_processor.py)"
seg_122030750_0,59.1,0.06,plain,"real: DEM sample (AWS Terrain Tiles (Skadi/SRTM1, ~30m, void-filled)), mean of 2/2 points along geometry (range 59.1-59.1m)","real: mean absolute gradient over the DEM elevation profile (2 points, see dem_processor.py)"
seg_122030754_0,58.0,0.31,plain,"real: DEM sample (AWS Terrain Tiles (Skadi/SRTM1, ~30m, void-filled)), mean of 2/2 points along geometry (range 57.9-58.0m)","real: mean absolute gradient over the DEM elevation profile (2 points, see dem_processor.py)"
seg_122030754_1,58.3,0.79,plain,"real: DEM sample (AWS Terrain Tiles (Skadi/SRTM1, ~30m, void-filled)), mean of 3/3 points along geometry (range 57.9-59.0m)","real: mean absolute gradient over the DEM elevation profile (3 points, see dem_processor.py)"
seg_122030754_2,57.2,0.92,plain,"real: DEM sample (AWS Terrain Tiles (Skadi/SRTM1, ~30m, void-filled)), mean of 6/6 points along geometry (range 55.8-59.0m)","real: mean absolute gradient over the DEM elevation profile (6 points, see dem_processor.py)"
seg_122030766_0,55.2,1.56,plain,"real: DEM sample (AWS Terrain Tiles (Skadi/SRTM1, ~30m, void-filled)), mean of 30/30 points along geometry (range 51.0-60.9m)","real: mean absolute gradient over the DEM elevation profile (30 points, see dem_processor.py)"
seg_122030770_0,56.2,1.06,plain,"real: DEM sample (AWS Terrain Tiles (Skadi/SRTM1, ~30m, void-filled)), mean of 9/9 points along geometry (range 53.9-57.2m)","real: mean absolute gradient over the DEM elevation profile (9 points, see dem_processor.py)"
seg_122031554_0,58.0,1.34,plain,"real: DEM sample (AWS Terrain Tiles (Skadi/SRTM1, ~30m, void-filled)), mean of 65/65 points along geometry (range 52.9-66.2m)","real: mean absolute gradient over the DEM elevation profile (65 points, see dem_processor.py)"
seg_123891692_0,51.1,0.95,plain,"real: DEM sample (AWS Terrain Tiles (Skadi/SRTM1, ~30m, void-filled)), mean of 66/66 points along geometry (range 48.0-55.4m)","real: mean absolute gradient over the DEM elevation profile (66 points, see dem_processor.py)"
seg_123891695_0,51.9,0.76,plain,"real: DEM sample (AWS Terrain Tiles (Skadi/SRTM1, ~30m, void-filled)), mean of 2/2 points along geometry (range 51.7-52.0m)","real: mean absolute gradient over the DEM elevation profile (2 points, see dem_processor.py)"
seg_123891695_1,53.8,0.95,plain,"real: DEM sample (AWS Terrain Tiles (Skadi/SRTM1, ~30m, void-filled)), mean of 23/23 points along geometry (range 50.3-56.8m)","real: mean absolute gradient over the DEM elevation profile (23 points, see dem_processor.py)"
seg_123891706_0,57.8,0.6,plain,"real: DEM sample (AWS Terrain Tiles (Skadi/SRTM1, ~30m, void-filled)), mean of 2/2 points along geometry (range 57.6-57.9m)","real: mean absolute gradient over the DEM elevation profile (2 points, see dem_processor.py)"
seg_123891706_1,58.1,1.39,plain,"real: DEM sample (AWS Terrain Tiles (Skadi/SRTM1, ~30m, void-filled)), mean of 45/45 points along geometry (range 55.8-61.8m)","real: mean absolute gradient over the DEM elevation profile (45 points, see dem_processor.py)"
seg_123891708_0,51.7,0.93,plain,"real: DEM sample (AWS Terrain Tiles (Skadi/SRTM1, ~30m, void-filled)), mean of 61/61 points along geometry (range 47.7-55.6m)","real: mean absolute gradient over the DEM elevation profile (61 points, see dem_processor.py)"
seg_123891708_1,52.7,1.02,plain,"real: DEM sample (AWS Terrain Tiles (Skadi/SRTM1, ~30m, void-filled)), mean of 45/45 points along geometry (range 50.0-58.3m)","real: mean absolute gradient over the DEM elevation profile (45 points, see dem_processor.py)"
seg_123891708_2,53.7,0.32,plain,"real: DEM sample (AWS Terrain Tiles (Skadi/SRTM1, ~30m, void-filled)), mean of 6/6 points along geometry (range 53.1-54.1m)","real: mean absolute gradient over the DEM elevation profile (6 points, see dem_processor.py)"
seg_123891709_0,57.5,1.75,plain,"real: DEM sample (AWS Terrain Tiles (Skadi/SRTM1, ~30m, void-filled)), mean of 90/90 points along geometry (range 50.8-65.8m)","real: mean absolute gradient over the DEM elevation profile (90 points, see dem_processor.py)"
seg_123891716_0,54.5,0.92,plain,"real: DEM sample (AWS Terrain Tiles (Skadi/SRTM1, ~30m, void-filled)), mean of 47/47 points along geometry (range 51.8-56.6m)","real: mean absolute gradient over the DEM elevation profile (47 points, see dem_processor.py)"
seg_129101834_0,56.7,1.26,plain,"real: DEM sample (AWS Terrain Tiles (Skadi/SRTM1, ~30m, void-filled)), mean of 5/5 points along geometry (range 54.8-58.9m)","real: mean absolute gradient over the DEM elevation profile (5 points, see dem_processor.py)"
seg_130149151_0,76.8,1.06,plain,"real: DEM sample (AWS Terrain Tiles (Skadi/SRTM1, ~30m, void-filled)), mean of 78/78 points along geometry (range 71.5-80.4m)","real: mean absolute gradient over the DEM elevation profile (78 points, see dem_processor.py)"
seg_132967581_0,1591.4,6.45,mountain,"real: DEM sample (AWS Terrain Tiles (Skadi/SRTM1, ~30m, void-filled)), mean of 2/2 points along geometry (range 1588.4-1594.4m)","real: mean absolute gradient over the DEM elevation profile (2 points, see dem_processor.py)"
seg_132967605_0,2391.7,6.09,mountain,"real: DEM sample (AWS Terrain Tiles (Skadi/SRTM1, ~30m, void-filled)), mean of 131/131 points along geometry (range 2308.2-2493.3m)","real: mean absolute gradient over the DEM elevation profile (131 points, see dem_processor.py)"
seg_135461184_0,54.5,3.43,plain,"real: DEM sample (AWS Terrain Tiles (Skadi/SRTM1, ~30m, void-filled)), mean of 3/3 points along geometry (range 53.0-55.3m)","real: mean absolute gradient over the DEM elevation profile (3 points, see dem_processor.py)"
seg_136316001_0,74.4,1.83,plain,"real: DEM sample (AWS Terrain Tiles (Skadi/SRTM1, ~30m, void-filled)), mean of 17/17 points along geometry (range 70.8-77.8m)","real: mean absolute gradient over the DEM elevation profile (17 points, see dem_processor.py)"
seg_136316001_1,72.9,1.28,plain,"real: DEM sample (AWS Terrain Tiles (Skadi/SRTM1, ~30m, void-filled)), mean of 14/14 points along geometry (range 70.0-75.7m)","real: mean absolute gradient over the DEM elevation profile (14 points, see dem_processor.py)"
seg_136316001_2,73.0,1.1,plain,"real: DEM sample (AWS Terrain Tiles (Skadi/SRTM1, ~30m, void-filled)), mean of 22/22 points along geometry (range 66.3-78.5m)","real: mean absolute gradient over the DEM elevation profile (22 points, see dem_processor.py)"
seg_136316001_3,78.2,1.99,plain,"real: DEM sample (AWS Terrain Tiles (Skadi/SRTM1, ~30m, void-filled)), mean of 3/3 points along geometry (range 76.6-79.6m)","real: mean absolute gradient over the DEM elevation profile (3 points, see dem_processor.py)"
seg_136316001_4,78.0,1.51,plain,"real: DEM sample (AWS Terrain Tiles (Skadi/SRTM1, ~30m, void-filled)), mean of 6/6 points along geometry (range 75.8-79.6m)","real: mean absolute gradient over the DEM elevation profile (6 points, see dem_processor.py)"
seg_136316001_5,75.9,1.63,plain,"real: DEM sample (AWS Terrain Tiles (Skadi/SRTM1, ~30m, void-filled)), mean of 31/31 points along geometry (range 71.1-80.9m)","real: mean absolute gradient over the DEM elevation profile (31 points, see dem_processor.py)"
seg_136316001_6,79.6,1.2,plain,"real: DEM sample (AWS Terrain Tiles (Skadi/SRTM1, ~30m, void-filled)), mean of 5/5 points along geometry (range 78.4-80.9m)","real: mean absolute gradient over the DEM elevation profile (5 points, see dem_processor.py)"
seg_136316001_7,76.8,1.3,plain,"real: DEM sample (AWS Terrain Tiles (Skadi/SRTM1, ~30m, void-filled)), mean of 8/8 points along geometry (range 75.2-78.5m)","real: mean absolute gradient over the DEM elevation profile (8 points, see dem_processor.py)"
seg_136316001_8,78.8,1.81,plain,"real: DEM sample (AWS Terrain Tiles (Skadi/SRTM1, ~30m, void-filled)), mean of 41/41 points along geometry (range 73.0-97.3m)","real: mean absolute gradient over the DEM elevation profile (41 points, see dem_processor.py)"
seg_136316004_0,76.6,1.18,plain,"real: DEM sample (AWS Terrain Tiles (Skadi/SRTM1, ~30m, void-filled)), mean of 35/35 points along geometry (range 72.4-80.0m)","real: mean absolute gradient over the DEM elevation profile (35 points, see dem_processor.py)"
seg_136316004_1,75.6,1.47,plain,"real: DEM sample (AWS Terrain Tiles (Skadi/SRTM1, ~30m, void-filled)), mean of 47/47 points along geometry (range 71.0-81.6m)","real: mean absolute gradient over the DEM elevation profile (47 points, see dem_processor.py)"
seg_136316021_0,74.8,0.8,plain,"real: DEM sample (AWS Terrain Tiles (Skadi/SRTM1, ~30m, void-filled)), mean of 5/5 points along geometry (range 73.5-75.2m)","real: mean absolute gradient over the DEM elevation profile (5 points, see dem_processor.py)"
seg_136316021_1,72.6,1.15,plain,"real: DEM sample (AWS Terrain Tiles (Skadi/SRTM1, ~30m, void-filled)), mean of 58/58 points along geometry (range 67.6-77.8m)","real: mean absolute gradient over the DEM elevation profile (58 points, see dem_processor.py)"
seg_136316021_2,74.2,0.17,plain,"real: DEM sample (AWS Terrain Tiles (Skadi/SRTM1, ~30m, void-filled)), mean of 3/3 points along geometry (range 74.2-74.3m)","real: mean absolute gradient over the DEM elevation profile (3 points, see dem_processor.py)"
seg_144197013_0,60.3,1.56,plain,"real: DEM sample (AWS Terrain Tiles (Skadi/SRTM1, ~30m, void-filled)), mean of 15/15 points along geometry (range 57.1-62.9m)","real: mean absolute gradient over the DEM elevation profile (15 points, see dem_processor.py)"
seg_144197013_1,57.5,1.09,plain,"real: DEM sample (AWS Terrain Tiles (Skadi/SRTM1, ~30m, void-filled)), mean of 8/8 points along geometry (range 56.6-58.0m)","real: mean absolute gradient over the DEM elevation profile (8 points, see dem_processor.py)"
seg_144197013_2,57.1,0.41,plain,"real: DEM sample (AWS Terrain Tiles (Skadi/SRTM1, ~30m, void-filled)), mean of 2/2 points along geometry (range 57.0-57.1m)","real: mean absolute gradient over the DEM elevation profile (2 points, see dem_processor.py)"
seg_144197014_0,62.2,0.54,plain,"real: DEM sample (AWS Terrain Tiles (Skadi/SRTM1, ~30m, void-filled)), mean of 13/13 points along geometry (range 60.3-64.3m)","real: mean absolute gradient over the DEM elevation profile (13 points, see dem_processor.py)"
seg_144357674_0,59.2,1.96,plain,"real: DEM sample (AWS Terrain Tiles (Skadi/SRTM1, ~30m, void-filled)), mean of 11/11 points along geometry (range 57.1-62.8m)","real: mean absolute gradient over the DEM elevation profile (11 points, see dem_processor.py)"
seg_144357674_1,59.5,1.49,plain,"real: DEM sample (AWS Terrain Tiles (Skadi/SRTM1, ~30m, void-filled)), mean of 2/2 points along geometry (range 59.4-59.6m)","real: mean absolute gradient over the DEM elevation profile (2 points, see dem_processor.py)"
seg_146351050_0,65.6,0.91,plain,"real: DEM sample (AWS Terrain Tiles (Skadi/SRTM1, ~30m, void-filled)), mean of 99/99 points along geometry (range 60.3-70.0m)","real: mean absolute gradient over the DEM elevation profile (99 points, see dem_processor.py)"
seg_154290478_0,71.9,1.07,plain,"real: DEM sample (AWS Terrain Tiles (Skadi/SRTM1, ~30m, void-filled)), mean of 99/99 points along geometry (range 66.1-76.9m)","real: mean absolute gradient over the DEM elevation profile (99 points, see dem_processor.py)"
seg_154290478_1,74.9,1.2,plain,"real: DEM sample (AWS Terrain Tiles (Skadi/SRTM1, ~30m, void-filled)), mean of 69/69 points along geometry (range 70.2-81.2m)","real: mean absolute gradient over the DEM elevation profile (69 points, see dem_processor.py)"
seg_154290481_0,90.5,1.01,plain,"real: DEM sample (AWS Terrain Tiles (Skadi/SRTM1, ~30m, void-filled)), mean of 48/48 points along geometry (range 85.7-96.5m)","real: mean absolute gradient over the DEM elevation profile (48 points, see dem_processor.py)"
seg_154290494_0,92.4,0.8,plain,"real: DEM sample (AWS Terrain Tiles (Skadi/SRTM1, ~30m, void-filled)), mean of 20/20 points along geometry (range 89.1-95.0m)","real: mean absolute gradient over the DEM elevation profile (20 points, see dem_processor.py)"
seg_157584895_0,58.2,1.34,plain,"real: DEM sample (AWS Terrain Tiles (Skadi/SRTM1, ~30m, void-filled)), mean of 9/9 points along geometry (range 56.6-58.8m)","real: mean absolute gradient over the DEM elevation profile (9 points, see dem_processor.py)"
seg_157584897_0,61.9,1.49,plain,"real: DEM sample (AWS Terrain Tiles (Skadi/SRTM1, ~30m, void-filled)), mean of 4/4 points along geometry (range 61.7-62.2m)","real: mean absolute gradient over the DEM elevation profile (4 points, see dem_processor.py)"
seg_157584898_0,57.0,1.69,plain,"real: DEM sample (AWS Terrain Tiles (Skadi/SRTM1, ~30m, void-filled)), mean of 20/20 points along geometry (range 51.7-60.7m)","real: mean absolute gradient over the DEM elevation profile (20 points, see dem_processor.py)"
seg_157584898_1,61.8,0.94,plain,"real: DEM sample (AWS Terrain Tiles (Skadi/SRTM1, ~30m, void-filled)), mean of 6/6 points along geometry (range 60.6-63.3m)","real: mean absolute gradient over the DEM elevation profile (6 points, see dem_processor.py)"
seg_157586072_0,134.9,6.81,plain,"real: DEM sample (AWS Terrain Tiles (Skadi/SRTM1, ~30m, void-filled)), mean of 169/169 points along geometry (range 77.3-222.1m)","real: mean absolute gradient over the DEM elevation profile (169 points, see dem_processor.py)"
seg_157586072_1,76.6,5.91,plain,"real: DEM sample (AWS Terrain Tiles (Skadi/SRTM1, ~30m, void-filled)), mean of 3/3 points along geometry (range 75.5-77.3m)","real: mean absolute gradient over the DEM elevation profile (3 points, see dem_processor.py)"
seg_157587544_0,56.7,3.04,plain,"real: DEM sample (AWS Terrain Tiles (Skadi/SRTM1, ~30m, void-filled)), mean of 10/10 points along geometry (range 55.1-63.1m)","real: mean absolute gradient over the DEM elevation profile (10 points, see dem_processor.py)"
seg_157587544_1,61.0,2.51,plain,"real: DEM sample (AWS Terrain Tiles (Skadi/SRTM1, ~30m, void-filled)), mean of 5/5 points along geometry (range 55.9-66.1m)","real: mean absolute gradient over the DEM elevation profile (5 points, see dem_processor.py)"
seg_157587547_0,54.9,1.3,plain,"real: DEM sample (AWS Terrain Tiles (Skadi/SRTM1, ~30m, void-filled)), mean of 13/13 points along geometry (range 53.1-57.8m)","real: mean absolute gradient over the DEM elevation profile (13 points, see dem_processor.py)"
seg_157587547_1,56.4,0.92,plain,"real: DEM sample (AWS Terrain Tiles (Skadi/SRTM1, ~30m, void-filled)), mean of 6/6 points along geometry (range 55.2-57.8m)","real: mean absolute gradient over the DEM elevation profile (6 points, see dem_processor.py)"
seg_157587547_2,55.8,0.27,plain,"real: DEM sample (AWS Terrain Tiles (Skadi/SRTM1, ~30m, void-filled)), mean of 3/3 points along geometry (range 55.5-56.0m)","real: mean absolute gradient over the DEM elevation profile (3 points, see dem_processor.py)"
seg_157587548_0,60.1,1.02,plain,"real: DEM sample (AWS Terrain Tiles (Skadi/SRTM1, ~30m, void-filled)), mean of 11/11 points along geometry (range 57.1-63.7m)","real: mean absolute gradient over the DEM elevation profile (11 points, see dem_processor.py)"
seg_157587549_0,60.9,1.13,plain,"real: DEM sample (AWS Terrain Tiles (Skadi/SRTM1, ~30m, void-filled)), mean of 13/13 points along geometry (range 57.4-65.6m)","real: mean absolute gradient over the DEM elevation profile (13 points, see dem_processor.py)"
seg_157598093_0,1225.4,6.28,hill,"real: DEM sample (AWS Terrain Tiles (Skadi/SRTM1, ~30m, void-filled)), mean of 127/127 points along geometry (range 1179.3-1256.3m)","real: mean absolute gradient over the DEM elevation profile (127 points, see dem_processor.py)"
seg_157598093_1,1268.2,7.83,hill,"real: DEM sample (AWS Terrain Tiles (Skadi/SRTM1, ~30m, void-filled)), mean of 36/36 points along geometry (range 1240.1-1301.6m)","real: mean absolute gradient over the DEM elevation profile (36 points, see dem_processor.py)"
seg_157598093_2,1313.9,4.78,hill,"real: DEM sample (AWS Terrain Tiles (Skadi/SRTM1, ~30m, void-filled)), mean of 68/68 points along geometry (range 1278.9-1375.0m)","real: mean absolute gradient over the DEM elevation profile (68 points, see dem_processor.py)"
seg_157600650_0,1491.8,7.94,hill,"real: DEM sample (AWS Terrain Tiles (Skadi/SRTM1, ~30m, void-filled)), mean of 38/38 points along geometry (range 1464.0-1525.2m)","real: mean absolute gradient over the DEM elevation profile (38 points, see dem_processor.py)"
seg_157600650_1,1718.9,7.37,mountain,"real: DEM sample (AWS Terrain Tiles (Skadi/SRTM1, ~30m, void-filled)), mean of 254/254 points along geometry (range 1523.7-1947.4m)","real: mean absolute gradient over the DEM elevation profile (254 points, see dem_processor.py)"
seg_157600650_2,2075.2,9.96,mountain,"real: DEM sample (AWS Terrain Tiles (Skadi/SRTM1, ~30m, void-filled)), mean of 121/121 points along geometry (range 1947.4-2211.0m)","real: mean absolute gradient over the DEM elevation profile (121 points, see dem_processor.py)"
seg_157600651_0,1344.1,2.46,hill,"real: DEM sample (AWS Terrain Tiles (Skadi/SRTM1, ~30m, void-filled)), mean of 13/13 points along geometry (range 1333.0-1358.7m)","real: mean absolute gradient over the DEM elevation profile (13 points, see dem_processor.py)"
seg_157600651_1,1369.3,3.56,hill,"real: DEM sample (AWS Terrain Tiles (Skadi/SRTM1, ~30m, void-filled)), mean of 43/43 points along geometry (range 1350.9-1391.4m)","real: mean absolute gradient over the DEM elevation profile (43 points, see dem_processor.py)"
seg_157600651_2,1417.5,5.66,hill,"real: DEM sample (AWS Terrain Tiles (Skadi/SRTM1, ~30m, void-filled)), mean of 66/66 points along geometry (range 1386.1-1464.0m)","real: mean absolute gradient over the DEM elevation profile (66 points, see dem_processor.py)"
seg_157600672_0,1482.4,6.86,hill,"real: DEM sample (AWS Terrain Tiles (Skadi/SRTM1, ~30m, void-filled)), mean of 100/100 points along geometry (range 1453.7-1526.0m)","real: mean absolute gradient over the DEM elevation profile (100 points, see dem_processor.py)"
seg_157600672_1,1490.8,6.23,hill,"real: DEM sample (AWS Terrain Tiles (Skadi/SRTM1, ~30m, void-filled)), mean of 85/85 points along geometry (range 1452.8-1514.0m)","real: mean absolute gradient over the DEM elevation profile (85 points, see dem_processor.py)"
seg_157600674_0,1466.2,4.29,hill,"real: DEM sample (AWS Terrain Tiles (Skadi/SRTM1, ~30m, void-filled)), mean of 12/12 points along geometry (range 1450.6-1487.8m)","real: mean absolute gradient over the DEM elevation profile (12 points, see dem_processor.py)"
seg_157600685_0,1380.6,11.3,hill,"real: DEM sample (AWS Terrain Tiles (Skadi/SRTM1, ~30m, void-filled)), mean of 643/643 points along geometry (range 1088.2-1775.6m)","real: mean absolute gradient over the DEM elevation profile (643 points, see dem_processor.py)"
seg_157600685_1,1456.7,5.43,hill,"real: DEM sample (AWS Terrain Tiles (Skadi/SRTM1, ~30m, void-filled)), mean of 28/28 points along geometry (range 1427.1-1493.6m)","real: mean absolute gradient over the DEM elevation profile (28 points, see dem_processor.py)"
seg_157600685_2,1319.6,12.67,hill,"real: DEM sample (AWS Terrain Tiles (Skadi/SRTM1, ~30m, void-filled)), mean of 144/144 points along geometry (range 1237.0-1429.7m)","real: mean absolute gradient over the DEM elevation profile (144 points, see dem_processor.py)"
seg_158014341_0,54.7,1.35,plain,"real: DEM sample (AWS Terrain Tiles (Skadi/SRTM1, ~30m, void-filled)), mean of 2/2 points along geometry (range 54.5-54.8m)","real: mean absolute gradient over the DEM elevation profile (2 points, see dem_processor.py)"
seg_158014341_1,52.7,0.98,plain,"real: DEM sample (AWS Terrain Tiles (Skadi/SRTM1, ~30m, void-filled)), mean of 42/42 points along geometry (range 49.0-55.0m)","real: mean absolute gradient over the DEM elevation profile (42 points, see dem_processor.py)"
seg_168274949_0,79.2,1.05,plain,"real: DEM sample (AWS Terrain Tiles (Skadi/SRTM1, ~30m, void-filled)), mean of 73/73 points along geometry (range 74.9-85.1m)","real: mean absolute gradient over the DEM elevation profile (73 points, see dem_processor.py)"
seg_168275012_1,92.6,1.43,plain,"real: DEM sample (AWS Terrain Tiles (Skadi/SRTM1, ~30m, void-filled)), mean of 12/12 points along geometry (range 88.6-96.4m)","real: mean absolute gradient over the DEM elevation profile (12 points, see dem_processor.py)"
seg_168274990_0,75.8,1.0,plain,"real: DEM sample (AWS Terrain Tiles (Skadi/SRTM1, ~30m, void-filled)), mean of 46/46 points along geometry (range 71.2-80.5m)","real: mean absolute gradient over the DEM elevation profile (46 points, see dem_processor.py)"
seg_168274990_1,75.8,1.23,plain,"real: DEM sample (AWS Terrain Tiles (Skadi/SRTM1, ~30m, void-filled)), mean of 79/79 points along geometry (range 70.3-80.1m)","real: mean absolute gradient over the DEM elevation profile (79 points, see dem_processor.py)"
seg_168274990_2,75.2,1.04,plain,"real: DEM sample (AWS Terrain Tiles (Skadi/SRTM1, ~30m, void-filled)), mean of 55/55 points along geometry (range 71.9-80.0m)","real: mean absolute gradient over the DEM elevation profile (55 points, see dem_processor.py)"
seg_168274990_3,77.8,1.24,plain,"real: DEM sample (AWS Terrain Tiles (Skadi/SRTM1, ~30m, void-filled)), mean of 17/17 points along geometry (range 73.9-80.3m)","real: mean absolute gradient over the DEM elevation profile (17 points, see dem_processor.py)"
seg_168274991_0,76.1,3.49,plain,"real: DEM sample (AWS Terrain Tiles (Skadi/SRTM1, ~30m, void-filled)), mean of 14/14 points along geometry (range 68.4-80.6m)","real: mean absolute gradient over the DEM elevation profile (14 points, see dem_processor.py)"
seg_168274997_0,78.2,1.38,plain,"real: DEM sample (AWS Terrain Tiles (Skadi/SRTM1, ~30m, void-filled)), mean of 6/6 points along geometry (range 75.3-79.9m)","real: mean absolute gradient over the DEM elevation profile (6 points, see dem_processor.py)"
seg_168274999_0,79.7,1.38,plain,"real: DEM sample (AWS Terrain Tiles (Skadi/SRTM1, ~30m, void-filled)), mean of 3/3 points along geometry (range 78.7-80.4m)","real: mean absolute gradient over the DEM elevation profile (3 points, see dem_processor.py)"
seg_168275000_0,74.7,2.25,plain,"real: DEM sample (AWS Terrain Tiles (Skadi/SRTM1, ~30m, void-filled)), mean of 11/11 points along geometry (range 68.3-77.7m)","real: mean absolute gradient over the DEM elevation profile (11 points, see dem_processor.py)"
seg_168275000_1,77.1,1.29,plain,"real: DEM sample (AWS Terrain Tiles (Skadi/SRTM1, ~30m, void-filled)), mean of 81/81 points along geometry (range 70.9-84.6m)","real: mean absolute gradient over the DEM elevation profile (81 points, see dem_processor.py)"
seg_168275000_2,84.1,0.0,plain,"real: DEM sample (AWS Terrain Tiles (Skadi/SRTM1, ~30m, void-filled)), mean of 2/2 points along geometry (range 84.1-84.1m)","real: mean absolute gradient over the DEM elevation profile (2 points, see dem_processor.py)"
seg_168275009_0,75.4,1.41,plain,"real: DEM sample (AWS Terrain Tiles (Skadi/SRTM1, ~30m, void-filled)), mean of 20/20 points along geometry (range 70.3-79.0m)","real: mean absolute gradient over the DEM elevation profile (20 points, see dem_processor.py)"
seg_168275011_0,76.0,1.07,plain,"real: DEM sample (AWS Terrain Tiles (Skadi/SRTM1, ~30m, void-filled)), mean of 114/114 points along geometry (range 70.4-79.3m)","real: mean absolute gradient over the DEM elevation profile (114 points, see dem_processor.py)"
seg_168275011_1,79.0,1.59,plain,"real: DEM sample (AWS Terrain Tiles (Skadi/SRTM1, ~30m, void-filled)), mean of 4/4 points along geometry (range 78.8-79.3m)","real: mean absolute gradient over the DEM elevation profile (4 points, see dem_processor.py)"
seg_168275012_0,97.8,1.37,plain,"real: DEM sample (AWS Terrain Tiles (Skadi/SRTM1, ~30m, void-filled)), mean of 142/142 points along geometry (range 86.2-107.2m)","real: mean absolute gradient over the DEM elevation profile (142 points, see dem_processor.py)"
seg_168275012_2,92.9,1.79,plain,"real: DEM sample (AWS Terrain Tiles (Skadi/SRTM1, ~30m, void-filled)), mean of 10/10 points along geometry (range 91.9-94.2m)","real: mean absolute gradient over the DEM elevation profile (10 points, see dem_processor.py)"
seg_169939254_0,78.5,0.93,plain,"real: DEM sample (AWS Terrain Tiles (Skadi/SRTM1, ~30m, void-filled)), mean of 79/79 points along geometry (range 71.4-85.0m)","real: mean absolute gradient over the DEM elevation profile (79 points, see dem_processor.py)"
seg_169939254_1,74.7,1.05,plain,"real: DEM sample (AWS Terrain Tiles (Skadi/SRTM1, ~30m, void-filled)), mean of 39/39 points along geometry (range 69.2-79.0m)","real: mean absolute gradient over the DEM elevation profile (39 points, see dem_processor.py)"
seg_169939254_2,71.2,0.54,plain,"real: DEM sample (AWS Terrain Tiles (Skadi/SRTM1, ~30m, void-filled)), mean of 2/2 points along geometry (range 71.1-71.2m)","real: mean absolute gradient over the DEM elevation profile (2 points, see dem_processor.py)"
seg_169939254_3,71.0,0.2,plain,"real: DEM sample (AWS Terrain Tiles (Skadi/SRTM1, ~30m, void-filled)), mean of 4/4 points along geometry (range 70.8-71.2m)","real: mean absolute gradient over the DEM elevation profile (4 points, see dem_processor.py)"
seg_169939262_0,79.7,1.54,plain,"real: DEM sample (AWS Terrain Tiles (Skadi/SRTM1, ~30m, void-filled)), mean of 37/37 points along geometry (range 71.1-86.6m)","real: mean absolute gradient over the DEM elevation profile (37 points, see dem_processor.py)"
seg_169939262_1,76.9,1.57,plain,"real: DEM sample (AWS Terrain Tiles (Skadi/SRTM1, ~30m, void-filled)), mean of 48/48 points along geometry (range 69.1-83.0m)","real: mean absolute gradient over the DEM elevation profile (48 points, see dem_processor.py)"
seg_169939303_0,73.1,0.71,plain,"real: DEM sample (AWS Terrain Tiles (Skadi/SRTM1, ~30m, void-filled)), mean of 11/11 points along geometry (range 71.0-75.8m)","real: mean absolute gradient over the DEM elevation profile (11 points, see dem_processor.py)"
seg_169939303_1,72.9,0.83,plain,"real: DEM sample (AWS Terrain Tiles (Skadi/SRTM1, ~30m, void-filled)), mean of 20/20 points along geometry (range 70.5-76.0m)","real: mean absolute gradient over the DEM elevation profile (20 points, see dem_processor.py)"
seg_169984538_0,62.3,1.09,plain,"real: DEM sample (AWS Terrain Tiles (Skadi/SRTM1, ~30m, void-filled)), mean of 206/206 points along geometry (range 58.0-71.0m)","real: mean absolute gradient over the DEM elevation profile (206 points, see dem_processor.py)"
seg_169984540_0,61.2,1.09,plain,"real: DEM sample (AWS Terrain Tiles (Skadi/SRTM1, ~30m, void-filled)), mean of 141/141 points along geometry (range 56.0-66.2m)","real: mean absolute gradient over the DEM elevation profile (141 points, see dem_processor.py)"
seg_169984540_1,59.7,0.83,plain,"real: DEM sample (AWS Terrain Tiles (Skadi/SRTM1, ~30m, void-filled)), mean of 53/53 points along geometry (range 57.0-62.9m)","real: mean absolute gradient over the DEM elevation profile (53 points, see dem_processor.py)"
seg_169984542_0,60.5,1.11,plain,"real: DEM sample (AWS Terrain Tiles (Skadi/SRTM1, ~30m, void-filled)), mean of 38/38 points along geometry (range 56.2-64.7m)","real: mean absolute gradient over the DEM elevation profile (38 points, see dem_processor.py)"
seg_169984543_0,59.4,1.2,plain,"real: DEM sample (AWS Terrain Tiles (Skadi/SRTM1, ~30m, void-filled)), mean of 94/94 points along geometry (range 55.2-64.3m)","real: mean absolute gradient over the DEM elevation profile (94 points, see dem_processor.py)"
seg_169984543_1,61.8,0.99,plain,"real: DEM sample (AWS Terrain Tiles (Skadi/SRTM1, ~30m, void-filled)), mean of 11/11 points along geometry (range 60.6-64.0m)","real: mean absolute gradient over the DEM elevation profile (11 points, see dem_processor.py)"
seg_169984545_0,61.3,1.15,plain,"real: DEM sample (AWS Terrain Tiles (Skadi/SRTM1, ~30m, void-filled)), mean of 27/27 points along geometry (range 58.0-64.0m)","real: mean absolute gradient over the DEM elevation profile (27 points, see dem_processor.py)"
seg_169984545_1,60.1,1.45,plain,"real: DEM sample (AWS Terrain Tiles (Skadi/SRTM1, ~30m, void-filled)), mean of 34/34 points along geometry (range 55.4-65.7m)","real: mean absolute gradient over the DEM elevation profile (34 points, see dem_processor.py)"
seg_169984545_2,62.2,1.06,plain,"real: DEM sample (AWS Terrain Tiles (Skadi/SRTM1, ~30m, void-filled)), mean of 39/39 points along geometry (range 58.8-65.0m)","real: mean absolute gradient over the DEM elevation profile (39 points, see dem_processor.py)"
seg_169984545_3,62.6,1.0,plain,"real: DEM sample (AWS Terrain Tiles (Skadi/SRTM1, ~30m, void-filled)), mean of 86/86 points along geometry (range 59.5-66.1m)","real: mean absolute gradient over the DEM elevation profile (86 points, see dem_processor.py)"
seg_169984545_4,64.9,1.42,plain,"real: DEM sample (AWS Terrain Tiles (Skadi/SRTM1, ~30m, void-filled)), mean of 27/27 points along geometry (range 62.3-70.2m)","real: mean absolute gradient over the DEM elevation profile (27 points, see dem_processor.py)"
seg_169984549_0,66.6,1.04,plain,"real: DEM sample (AWS Terrain Tiles (Skadi/SRTM1, ~30m, void-filled)), mean of 28/28 points along geometry (range 64.2-68.6m)","real: mean absolute gradient over the DEM elevation profile (28 points, see dem_processor.py)"
seg_169984555_0,66.3,0.97,plain,"real: DEM sample (AWS Terrain Tiles (Skadi/SRTM1, ~30m, void-filled)), mean of 77/77 points along geometry (range 61.1-70.4m)","real: mean absolute gradient over the DEM elevation profile (77 points, see dem_processor.py)"
seg_169984557_0,66.0,0.71,plain,"real: DEM sample (AWS Terrain Tiles (Skadi/SRTM1, ~30m, void-filled)), mean of 10/10 points along geometry (range 64.4-67.4m)","real: mean absolute gradient over the DEM elevation profile (10 points, see dem_processor.py)"
seg_169984557_1,66.5,1.33,plain,"real: DEM sample (AWS Terrain Tiles (Skadi/SRTM1, ~30m, void-filled)), mean of 30/30 points along geometry (range 62.1-70.5m)","real: mean absolute gradient over the DEM elevation profile (30 points, see dem_processor.py)"
seg_169984557_2,68.0,0.97,plain,"real: DEM sample (AWS Terrain Tiles (Skadi/SRTM1, ~30m, void-filled)), mean of 42/42 points along geometry (range 65.7-70.9m)","real: mean absolute gradient over the DEM elevation profile (42 points, see dem_processor.py)"
seg_169984564_0,62.6,1.23,plain,"real: DEM sample (AWS Terrain Tiles (Skadi/SRTM1, ~30m, void-filled)), mean of 10/10 points along geometry (range 59.3-65.0m)","real: mean absolute gradient over the DEM elevation profile (10 points, see dem_processor.py)"
seg_169984564_1,60.3,1.01,plain,"real: DEM sample (AWS Terrain Tiles (Skadi/SRTM1, ~30m, void-filled)), mean of 43/43 points along geometry (range 57.1-66.8m)","real: mean absolute gradient over the DEM elevation profile (43 points, see dem_processor.py)"
seg_169984564_2,62.8,0.8,plain,"real: DEM sample (AWS Terrain Tiles (Skadi/SRTM1, ~30m, void-filled)), mean of 22/22 points along geometry (range 59.0-66.8m)","real: mean absolute gradient over the DEM elevation profile (22 points, see dem_processor.py)"
seg_169984565_0,64.3,0.9,plain,"real: DEM sample (AWS Terrain Tiles (Skadi/SRTM1, ~30m, void-filled)), mean of 54/54 points along geometry (range 60.0-67.9m)","real: mean absolute gradient over the DEM elevation profile (54 points, see dem_processor.py)"
seg_169984565_1,67.6,0.72,plain,"real: DEM sample (AWS Terrain Tiles (Skadi/SRTM1, ~30m, void-filled)), mean of 8/8 points along geometry (range 66.4-68.7m)","real: mean absolute gradient over the DEM elevation profile (8 points, see dem_processor.py)"
seg_221068463_0,79.4,1.07,plain,"real: DEM sample (AWS Terrain Tiles (Skadi/SRTM1, ~30m, void-filled)), mean of 168/168 points along geometry (range 72.3-90.1m)","real: mean absolute gradient over the DEM elevation profile (168 points, see dem_processor.py)"
seg_221068463_1,86.1,0.88,plain,"real: DEM sample (AWS Terrain Tiles (Skadi/SRTM1, ~30m, void-filled)), mean of 24/24 points along geometry (range 80.2-89.1m)","real: mean absolute gradient over the DEM elevation profile (24 points, see dem_processor.py)"
seg_221068463_2,88.9,0.79,plain,"real: DEM sample (AWS Terrain Tiles (Skadi/SRTM1, ~30m, void-filled)), mean of 4/4 points along geometry (range 88.0-90.0m)","real: mean absolute gradient over the DEM elevation profile (4 points, see dem_processor.py)"
seg_221068463_3,90.7,0.87,plain,"real: DEM sample (AWS Terrain Tiles (Skadi/SRTM1, ~30m, void-filled)), mean of 11/11 points along geometry (range 88.0-94.3m)","real: mean absolute gradient over the DEM elevation profile (11 points, see dem_processor.py)"
seg_221068463_4,90.5,1.17,plain,"real: DEM sample (AWS Terrain Tiles (Skadi/SRTM1, ~30m, void-filled)), mean of 163/163 points along geometry (range 79.2-98.4m)","real: mean absolute gradient over the DEM elevation profile (163 points, see dem_processor.py)"
seg_221068464_0,84.7,1.46,plain,"real: DEM sample (AWS Terrain Tiles (Skadi/SRTM1, ~30m, void-filled)), mean of 43/43 points along geometry (range 81.1-90.0m)","real: mean absolute gradient over the DEM elevation profile (43 points, see dem_processor.py)"
seg_221068465_0,80.9,0.87,plain,"real: DEM sample (AWS Terrain Tiles (Skadi/SRTM1, ~30m, void-filled)), mean of 27/27 points along geometry (range 76.9-83.0m)","real: mean absolute gradient over the DEM elevation profile (27 points, see dem_processor.py)"
seg_221068465_1,81.6,0.76,plain,"real: DEM sample (AWS Terrain Tiles (Skadi/SRTM1, ~30m, void-filled)), mean of 9/9 points along geometry (range 79.4-83.1m)","real: mean absolute gradient over the DEM elevation profile (9 points, see dem_processor.py)"
seg_221068465_2,74.6,1.07,plain,"real: DEM sample (AWS Terrain Tiles (Skadi/SRTM1, ~30m, void-filled)), mean of 130/130 points along geometry (range 66.0-84.4m)","real: mean absolute gradient over the DEM elevation profile (130 points, see dem_processor.py)"
seg_221068465_3,70.5,1.38,plain,"real: DEM sample (AWS Terrain Tiles (Skadi/SRTM1, ~30m, void-filled)), mean of 4/4 points along geometry (range 70.0-70.8m)","real: mean absolute gradient over the DEM elevation profile (4 points, see dem_processor.py)"
seg_221068466_0,83.1,1.34,plain,"real: DEM sample (AWS Terrain Tiles (Skadi/SRTM1, ~30m, void-filled)), mean of 19/19 points along geometry (range 79.9-86.6m)","real: mean absolute gradient over the DEM elevation profile (19 points, see dem_processor.py)"
seg_221068467_0,82.4,1.33,plain,"real: DEM sample (AWS Terrain Tiles (Skadi/SRTM1, ~30m, void-filled)), mean of 3/3 points along geometry (range 81.4-83.0m)","real: mean absolute gradient over the DEM elevation profile (3 points, see dem_processor.py)"
seg_221068468_0,81.9,1.16,plain,"real: DEM sample (AWS Terrain Tiles (Skadi/SRTM1, ~30m, void-filled)), mean of 95/95 points along geometry (range 75.4-89.8m)","real: mean absolute gradient over the DEM elevation profile (95 points, see dem_processor.py)"
seg_221068469_0,78.5,2.22,plain,"real: DEM sample (AWS Terrain Tiles (Skadi/SRTM1, ~30m, void-filled)), mean of 7/7 points along geometry (range 77.1-80.7m)","real: mean absolute gradient over the DEM elevation profile (7 points, see dem_processor.py)"
seg_221068472_0,84.6,0.7,plain,"real: DEM sample (AWS Terrain Tiles (Skadi/SRTM1, ~30m, void-filled)), mean of 19/19 points along geometry (range 82.7-86.6m)","real: mean absolute gradient over the DEM elevation profile (19 points, see dem_processor.py)"
seg_221491270_0,53.0,2.11,plain,"real: DEM sample (AWS Terrain Tiles (Skadi/SRTM1, ~30m, void-filled)), mean of 28/28 points along geometry (range 46.8-59.7m)","real: mean absolute gradient over the DEM elevation profile (28 points, see dem_processor.py)"
seg_221491270_1,54.5,1.84,plain,"real: DEM sample (AWS Terrain Tiles (Skadi/SRTM1, ~30m, void-filled)), mean of 60/60 points along geometry (range 49.1-63.7m)","real: mean absolute gradient over the DEM elevation profile (60 points, see dem_processor.py)"
seg_221569524_0,61.3,1.13,plain,"real: DEM sample (AWS Terrain Tiles (Skadi/SRTM1, ~30m, void-filled)), mean of 95/95 points along geometry (range 55.7-66.5m)","real: mean absolute gradient over the DEM elevation profile (95 points, see dem_processor.py)"
seg_221569524_1,63.2,1.09,plain,"real: DEM sample (AWS Terrain Tiles (Skadi/SRTM1, ~30m, void-filled)), mean of 51/51 points along geometry (range 57.0-67.4m)","real: mean absolute gradient over the DEM elevation profile (51 points, see dem_processor.py)"
seg_221569524_2,64.0,1.19,plain,"real: DEM sample (AWS Terrain Tiles (Skadi/SRTM1, ~30m, void-filled)), mean of 55/55 points along geometry (range 60.8-66.8m)","real: mean absolute gradient over the DEM elevation profile (55 points, see dem_processor.py)"
seg_221569525_0,58.7,1.66,plain,"real: DEM sample (AWS Terrain Tiles (Skadi/SRTM1, ~30m, void-filled)), mean of 7/7 points along geometry (range 56.5-59.9m)","real: mean absolute gradient over the DEM elevation profile (7 points, see dem_processor.py)"
seg_221569525_1,60.9,0.98,plain,"real: DEM sample (AWS Terrain Tiles (Skadi/SRTM1, ~30m, void-filled)), mean of 83/83 points along geometry (range 57.3-66.5m)","real: mean absolute gradient over the DEM elevation profile (83 points, see dem_processor.py)"
seg_221569525_2,60.4,1.42,plain,"real: DEM sample (AWS Terrain Tiles (Skadi/SRTM1, ~30m, void-filled)), mean of 4/4 points along geometry (range 59.1-61.9m)","real: mean absolute gradient over the DEM elevation profile (4 points, see dem_processor.py)"
seg_221569525_3,59.8,0.88,plain,"real: DEM sample (AWS Terrain Tiles (Skadi/SRTM1, ~30m, void-filled)), mean of 31/31 points along geometry (range 57.7-64.4m)","real: mean absolute gradient over the DEM elevation profile (31 points, see dem_processor.py)"
seg_221578208_0,2191.4,12.45,mountain,"real: DEM sample (AWS Terrain Tiles (Skadi/SRTM1, ~30m, void-filled)), mean of 1608/1608 points along geometry (range 1330.2-2798.5m)","real: mean absolute gradient over the DEM elevation profile (1608 points, see dem_processor.py)"
seg_221578209_0,88.0,1.09,plain,"real: DEM sample (AWS Terrain Tiles (Skadi/SRTM1, ~30m, void-filled)), mean of 92/92 points along geometry (range 81.8-93.8m)","real: mean absolute gradient over the DEM elevation profile (92 points, see dem_processor.py)"
seg_221578209_1,93.2,1.23,plain,"real: DEM sample (AWS Terrain Tiles (Skadi/SRTM1, ~30m, void-filled)), mean of 31/31 points along geometry (range 87.2-96.8m)","real: mean absolute gradient over the DEM elevation profile (31 points, see dem_processor.py)"
seg_222980003_0,62.2,1.39,plain,"real: DEM sample (AWS Terrain Tiles (Skadi/SRTM1, ~30m, void-filled)), mean of 29/29 points along geometry (range 59.5-64.6m)","real: mean absolute gradient over the DEM elevation profile (29 points, see dem_processor.py)"
seg_224011410_0,50.4,0.91,plain,"real: DEM sample (AWS Terrain Tiles (Skadi/SRTM1, ~30m, void-filled)), mean of 6/6 points along geometry (range 49.2-51.8m)","real: mean absolute gradient over the DEM elevation profile (6 points, see dem_processor.py)"
seg_224011410_1,53.1,1.11,plain,"real: DEM sample (AWS Terrain Tiles (Skadi/SRTM1, ~30m, void-filled)), mean of 30/30 points along geometry (range 50.1-55.4m)","real: mean absolute gradient over the DEM elevation profile (30 points, see dem_processor.py)"
seg_224011411_0,57.6,1.27,plain,"real: DEM sample (AWS Terrain Tiles (Skadi/SRTM1, ~30m, void-filled)), mean of 11/11 points along geometry (range 54.7-62.2m)","real: mean absolute gradient over the DEM elevation profile (11 points, see dem_processor.py)"
seg_224011412_0,62.9,0.72,plain,"real: DEM sample (AWS Terrain Tiles (Skadi/SRTM1, ~30m, void-filled)), mean of 28/28 points along geometry (range 60.0-65.2m)","real: mean absolute gradient over the DEM elevation profile (28 points, see dem_processor.py)"
seg_224011413_0,49.4,1.34,plain,"real: DEM sample (AWS Terrain Tiles (Skadi/SRTM1, ~30m, void-filled)), mean of 2/2 points along geometry (range 49.0-49.8m)","real: mean absolute gradient over the DEM elevation profile (2 points, see dem_processor.py)"
seg_224011414_0,62.3,0.8,plain,"real: DEM sample (AWS Terrain Tiles (Skadi/SRTM1, ~30m, void-filled)), mean of 2/2 points along geometry (range 62.0-62.7m)","real: mean absolute gradient over the DEM elevation profile (2 points, see dem_processor.py)"
seg_224011415_0,62.0,0.09,plain,"real: DEM sample (AWS Terrain Tiles (Skadi/SRTM1, ~30m, void-filled)), mean of 2/2 points along geometry (range 61.9-62.0m)","real: mean absolute gradient over the DEM elevation profile (2 points, see dem_processor.py)"
seg_224011416_0,53.8,1.0,plain,"real: DEM sample (AWS Terrain Tiles (Skadi/SRTM1, ~30m, void-filled)), mean of 55/55 points along geometry (range 49.4-59.2m)","real: mean absolute gradient over the DEM elevation profile (55 points, see dem_processor.py)"
seg_224011416_1,51.8,0.98,plain,"real: DEM sample (AWS Terrain Tiles (Skadi/SRTM1, ~30m, void-filled)), mean of 36/36 points along geometry (range 49.2-57.5m)","real: mean absolute gradient over the DEM elevation profile (36 points, see dem_processor.py)"
seg_224011416_2,59.3,4.14,plain,"real: DEM sample (AWS Terrain Tiles (Skadi/SRTM1, ~30m, void-filled)), mean of 4/4 points along geometry (range 57.5-61.3m)","real: mean absolute gradient over the DEM elevation profile (4 points, see dem_processor.py)"
seg_224011418_0,52.2,0.87,plain,"real: DEM sample (AWS Terrain Tiles (Skadi/SRTM1, ~30m, void-filled)), mean of 20/20 points along geometry (range 49.9-55.2m)","real: mean absolute gradient over the DEM elevation profile (20 points, see dem_processor.py)"
seg_224011420_0,54.9,1.15,plain,"real: DEM sample (AWS Terrain Tiles (Skadi/SRTM1, ~30m, void-filled)), mean of 25/25 points along geometry (range 51.6-57.8m)","real: mean absolute gradient over the DEM elevation profile (25 points, see dem_processor.py)"
seg_224011421_0,61.2,1.63,plain,"real: DEM sample (AWS Terrain Tiles (Skadi/SRTM1, ~30m, void-filled)), mean of 2/2 points along geometry (range 60.8-61.7m)","real: mean absolute gradient over the DEM elevation profile (2 points, see dem_processor.py)"
seg_224011422_0,49.5,1.01,plain,"real: DEM sample (AWS Terrain Tiles (Skadi/SRTM1, ~30m, void-filled)), mean of 2/2 points along geometry (range 49.1-50.0m)","real: mean absolute gradient over the DEM elevation profile (2 points, see dem_processor.py)"
seg_224011422_1,49.5,1.92,plain,"real: DEM sample (AWS Terrain Tiles (Skadi/SRTM1, ~30m, void-filled)), mean of 2/2 points along geometry (range 49.0-50.0m)","real: mean absolute gradient over the DEM elevation profile (2 points, see dem_processor.py)"
seg_224011423_0,48.4,1.7,plain,"real: DEM sample (AWS Terrain Tiles (Skadi/SRTM1, ~30m, void-filled)), mean of 2/2 points along geometry (range 48.0-48.7m)","real: mean absolute gradient over the DEM elevation profile (2 points, see dem_processor.py)"
seg_224011423_1,48.3,1.11,plain,"real: DEM sample (AWS Terrain Tiles (Skadi/SRTM1, ~30m, void-filled)), mean of 2/2 points along geometry (range 48.0-48.7m)","real: mean absolute gradient over the DEM elevation profile (2 points, see dem_processor.py)"
seg_224011425_0,53.6,1.79,plain,"real: DEM sample (AWS Terrain Tiles (Skadi/SRTM1, ~30m, void-filled)), mean of 7/7 points along geometry (range 51.6-55.7m)","real: mean absolute gradient over the DEM elevation profile (7 points, see dem_processor.py)"
seg_224011427_0,51.6,1.23,plain,"real: DEM sample (AWS Terrain Tiles (Skadi/SRTM1, ~30m, void-filled)), mean of 58/58 points along geometry (range 48.8-56.0m)","real: mean absolute gradient over the DEM elevation profile (58 points, see dem_processor.py)"
seg_224011428_0,49.4,1.46,plain,"real: DEM sample (AWS Terrain Tiles (Skadi/SRTM1, ~30m, void-filled)), mean of 3/3 points along geometry (range 49.0-50.3m)","real: mean absolute gradient over the DEM elevation profile (3 points, see dem_processor.py)"
seg_224011428_1,49.3,0.61,plain,"real: DEM sample (AWS Terrain Tiles (Skadi/SRTM1, ~30m, void-filled)), mean of 10/10 points along geometry (range 48.5-50.2m)","real: mean absolute gradient over the DEM elevation profile (10 points, see dem_processor.py)"
seg_224011428_2,49.7,0.87,plain,"real: DEM sample (AWS Terrain Tiles (Skadi/SRTM1, ~30m, void-filled)), mean of 9/9 points along geometry (range 48.2-51.0m)","real: mean absolute gradient over the DEM elevation profile (9 points, see dem_processor.py)"
seg_224011429_0,52.3,1.57,plain,"real: DEM sample (AWS Terrain Tiles (Skadi/SRTM1, ~30m, void-filled)), mean of 27/27 points along geometry (range 48.2-58.8m)","real: mean absolute gradient over the DEM elevation profile (27 points, see dem_processor.py)"
seg_224011429_1,51.5,0.79,plain,"real: DEM sample (AWS Terrain Tiles (Skadi/SRTM1, ~30m, void-filled)), mean of 18/18 points along geometry (range 49.9-56.8m)","real: mean absolute gradient over the DEM elevation profile (18 points, see dem_processor.py)"
seg_224013298_0,58.6,1.11,plain,"real: DEM sample (AWS Terrain Tiles (Skadi/SRTM1, ~30m, void-filled)), mean of 44/44 points along geometry (range 54.9-63.1m)","real: mean absolute gradient over the DEM elevation profile (44 points, see dem_processor.py)"
seg_224013298_1,59.6,1.95,plain,"real: DEM sample (AWS Terrain Tiles (Skadi/SRTM1, ~30m, void-filled)), mean of 14/14 points along geometry (range 56.1-62.8m)","real: mean absolute gradient over the DEM elevation profile (14 points, see dem_processor.py)"
seg_224013299_0,63.6,2.8,plain,"real: DEM sample (AWS Terrain Tiles (Skadi/SRTM1, ~30m, void-filled)), mean of 98/98 points along geometry (range 53.6-94.2m)","real: mean absolute gradient over the DEM elevation profile (98 points, see dem_processor.py)"
seg_224013299_1,60.3,2.15,plain,"real: DEM sample (AWS Terrain Tiles (Skadi/SRTM1, ~30m, void-filled)), mean of 250/250 points along geometry (range 45.6-89.4m)","real: mean absolute gradient over the DEM elevation profile (250 points, see dem_processor.py)"
seg_224013300_0,50.5,4.1,plain,"real: DEM sample (AWS Terrain Tiles (Skadi/SRTM1, ~30m, void-filled)), mean of 6/6 points along geometry (range 46.2-55.6m)","real: mean absolute gradient over the DEM elevation profile (6 points, see dem_processor.py)"
seg_224129747_0,62.4,0.78,plain,"real: DEM sample (AWS Terrain Tiles (Skadi/SRTM1, ~30m, void-filled)), mean of 2/2 points along geometry (range 61.9-62.8m)","real: mean absolute gradient over the DEM elevation profile (2 points, see dem_processor.py)"
seg_224129750_0,63.3,1.75,plain,"real: DEM sample (AWS Terrain Tiles (Skadi/SRTM1, ~30m, void-filled)), mean of 9/9 points along geometry (range 60.2-66.2m)","real: mean absolute gradient over the DEM elevation profile (9 points, see dem_processor.py)"
seg_224129750_1,64.9,0.56,plain,"real: DEM sample (AWS Terrain Tiles (Skadi/SRTM1, ~30m, void-filled)), mean of 3/3 points along geometry (range 64.3-65.3m)","real: mean absolute gradient over the DEM elevation profile (3 points, see dem_processor.py)"
seg_224129750_2,63.9,1.16,plain,"real: DEM sample (AWS Terrain Tiles (Skadi/SRTM1, ~30m, void-filled)), mean of 144/144 points along geometry (range 58.1-70.8m)","real: mean absolute gradient over the DEM elevation profile (144 points, see dem_processor.py)"
seg_224647936_0,89.4,1.22,plain,"real: DEM sample (AWS Terrain Tiles (Skadi/SRTM1, ~30m, void-filled)), mean of 4/4 points along geometry (range 88.0-90.9m)","real: mean absolute gradient over the DEM elevation profile (4 points, see dem_processor.py)"
seg_224647937_0,91.7,0.87,plain,"real: DEM sample (AWS Terrain Tiles (Skadi/SRTM1, ~30m, void-filled)), mean of 64/64 points along geometry (range 87.9-97.0m)","real: mean absolute gradient over the DEM elevation profile (64 points, see dem_processor.py)"
seg_224647937_1,92.2,1.44,plain,"real: DEM sample (AWS Terrain Tiles (Skadi/SRTM1, ~30m, void-filled)), mean of 17/17 points along geometry (range 86.4-96.9m)","real: mean absolute gradient over the DEM elevation profile (17 points, see dem_processor.py)"
seg_225904841_0,66.2,0.9,plain,"real: DEM sample (AWS Terrain Tiles (Skadi/SRTM1, ~30m, void-filled)), mean of 8/8 points along geometry (range 65.5-66.7m)","real: mean absolute gradient over the DEM elevation profile (8 points, see dem_processor.py)"
seg_225904842_0,66.3,0.99,plain,"real: DEM sample (AWS Terrain Tiles (Skadi/SRTM1, ~30m, void-filled)), mean of 2/2 points along geometry (range 66.1-66.5m)","real: mean absolute gradient over the DEM elevation profile (2 points, see dem_processor.py)"
seg_225904852_0,68.3,1.46,plain,"real: DEM sample (AWS Terrain Tiles (Skadi/SRTM1, ~30m, void-filled)), mean of 48/48 points along geometry (range 63.9-75.9m)","real: mean absolute gradient over the DEM elevation profile (48 points, see dem_processor.py)"
seg_225904852_1,67.6,1.21,plain,"real: DEM sample (AWS Terrain Tiles (Skadi/SRTM1, ~30m, void-filled)), mean of 59/59 points along geometry (range 64.2-72.9m)","real: mean absolute gradient over the DEM elevation profile (59 points, see dem_processor.py)"
seg_225904854_0,66.5,0.57,plain,"real: DEM sample (AWS Terrain Tiles (Skadi/SRTM1, ~30m, void-filled)), mean of 11/11 points along geometry (range 65.4-67.4m)","real: mean absolute gradient over the DEM elevation profile (11 points, see dem_processor.py)"
seg_225904854_1,65.4,1.08,plain,"real: DEM sample (AWS Terrain Tiles (Skadi/SRTM1, ~30m, void-filled)), mean of 2/2 points along geometry (range 65.4-65.5m)","real: mean absolute gradient over the DEM elevation profile (2 points, see dem_processor.py)"
seg_226032545_0,65.4,0.85,plain,"real: DEM sample (AWS Terrain Tiles (Skadi/SRTM1, ~30m, void-filled)), mean of 82/82 points along geometry (range 61.1-69.3m)","real: mean absolute gradient over the DEM elevation profile (82 points, see dem_processor.py)"
seg_226284064_0,64.1,2.79,plain,"real: DEM sample (AWS Terrain Tiles (Skadi/SRTM1, ~30m, void-filled)), mean of 3/3 points along geometry (range 62.2-65.2m)","real: mean absolute gradient over the DEM elevation profile (3 points, see dem_processor.py)"
seg_226284066_0,82.5,3.46,plain,"real: DEM sample (AWS Terrain Tiles (Skadi/SRTM1, ~30m, void-filled)), mean of 181/181 points along geometry (range 66.8-112.1m)","real: mean absolute gradient over the DEM elevation profile (181 points, see dem_processor.py)"
seg_226285940_0,56.0,2.2,plain,"real: DEM sample (AWS Terrain Tiles (Skadi/SRTM1, ~30m, void-filled)), mean of 16/16 points along geometry (range 51.1-61.9m)","real: mean absolute gradient over the DEM elevation profile (16 points, see dem_processor.py)"
seg_226285940_1,56.3,1.05,plain,"real: DEM sample (AWS Terrain Tiles (Skadi/SRTM1, ~30m, void-filled)), mean of 36/36 points along geometry (range 53.5-64.1m)","real: mean absolute gradient over the DEM elevation profile (36 points, see dem_processor.py)"
seg_228262995_0,65.4,1.11,plain,"real: DEM sample (AWS Terrain Tiles (Skadi/SRTM1, ~30m, void-filled)), mean of 32/32 points along geometry (range 59.4-68.3m)","real: mean absolute gradient over the DEM elevation profile (32 points, see dem_processor.py)"
seg_228263000_0,61.8,1.15,plain,"real: DEM sample (AWS Terrain Tiles (Skadi/SRTM1, ~30m, void-filled)), mean of 110/110 points along geometry (range 58.0-69.4m)","real: mean absolute gradient over the DEM elevation profile (110 points, see dem_processor.py)"
seg_228263001_0,62.1,0.76,plain,"real: DEM sample (AWS Terrain Tiles (Skadi/SRTM1, ~30m, void-filled)), mean of 4/4 points along geometry (range 61.3-63.4m)","real: mean absolute gradient over the DEM elevation profile (4 points, see dem_processor.py)"
seg_228263001_1,62.1,1.0,plain,"real: DEM sample (AWS Terrain Tiles (Skadi/SRTM1, ~30m, void-filled)), mean of 73/73 points along geometry (range 58.7-65.4m)","real: mean absolute gradient over the DEM elevation profile (73 points, see dem_processor.py)"
seg_228263001_2,63.6,0.83,plain,"real: DEM sample (AWS Terrain Tiles (Skadi/SRTM1, ~30m, void-filled)), mean of 80/80 points along geometry (range 58.2-68.2m)","real: mean absolute gradient over the DEM elevation profile (80 points, see dem_processor.py)"
seg_228263003_0,65.1,1.33,plain,"real: DEM sample (AWS Terrain Tiles (Skadi/SRTM1, ~30m, void-filled)), mean of 26/26 points along geometry (range 61.0-70.0m)","real: mean absolute gradient over the DEM elevation profile (26 points, see dem_processor.py)"
seg_228275670_0,53.5,1.53,plain,"real: DEM sample (AWS Terrain Tiles (Skadi/SRTM1, ~30m, void-filled)), mean of 49/49 points along geometry (range 49.8-58.1m)","real: mean absolute gradient over the DEM elevation profile (49 points, see dem_processor.py)"
seg_228275680_0,53.3,1.27,plain,"real: DEM sample (AWS Terrain Tiles (Skadi/SRTM1, ~30m, void-filled)), mean of 43/43 points along geometry (range 49.5-56.6m)","real: mean absolute gradient over the DEM elevation profile (43 points, see dem_processor.py)"
seg_228275680_1,50.6,1.61,plain,"real: DEM sample (AWS Terrain Tiles (Skadi/SRTM1, ~30m, void-filled)), mean of 26/26 points along geometry (range 47.0-54.5m)","real: mean absolute gradient over the DEM elevation profile (26 points, see dem_processor.py)"
seg_228275680_2,54.2,1.09,plain,"real: DEM sample (AWS Terrain Tiles (Skadi/SRTM1, ~30m, void-filled)), mean of 10/10 points along geometry (range 52.9-55.3m)","real: mean absolute gradient over the DEM elevation profile (10 points, see dem_processor.py)"
seg_228411360_0,62.1,1.01,plain,"real: DEM sample (AWS Terrain Tiles (Skadi/SRTM1, ~30m, void-filled)), mean of 27/27 points along geometry (range 60.2-63.9m)","real: mean absolute gradient over the DEM elevation profile (27 points, see dem_processor.py)"
seg_228411360_1,63.4,0.79,plain,"real: DEM sample (AWS Terrain Tiles (Skadi/SRTM1, ~30m, void-filled)), mean of 20/20 points along geometry (range 61.0-66.2m)","real: mean absolute gradient over the DEM elevation profile (20 points, see dem_processor.py)"
seg_228411360_2,64.2,1.31,plain,"real: DEM sample (AWS Terrain Tiles (Skadi/SRTM1, ~30m, void-filled)), mean of 67/67 points along geometry (range 59.3-69.1m)","real: mean absolute gradient over the DEM elevation profile (67 points, see dem_processor.py)"
seg_228539976_0,63.0,1.12,plain,"real: DEM sample (AWS Terrain Tiles (Skadi/SRTM1, ~30m, void-filled)), mean of 113/113 points along geometry (range 58.5-69.8m)","real: mean absolute gradient over the DEM elevation profile (113 points, see dem_processor.py)"
seg_228539976_1,67.6,0.96,plain,"real: DEM sample (AWS Terrain Tiles (Skadi/SRTM1, ~30m, void-filled)), mean of 34/34 points along geometry (range 65.2-70.8m)","real: mean absolute gradient over the DEM elevation profile (34 points, see dem_processor.py)"
seg_228549920_0,51.7,1.29,plain,"real: DEM sample (AWS Terrain Tiles (Skadi/SRTM1, ~30m, void-filled)), mean of 173/173 points along geometry (range 48.2-54.6m)","real: mean absolute gradient over the DEM elevation profile (173 points, see dem_processor.py)"
seg_229557756_0,61.1,1.41,plain,"real: DEM sample (AWS Terrain Tiles (Skadi/SRTM1, ~30m, void-filled)), mean of 54/54 points along geometry (range 56.8-68.0m)","real: mean absolute gradient over the DEM elevation profile (54 points, see dem_processor.py)"
seg_229557757_0,58.9,1.35,plain,"real: DEM sample (AWS Terrain Tiles (Skadi/SRTM1, ~30m, void-filled)), mean of 221/221 points along geometry (range 51.7-66.4m)","real: mean absolute gradient over the DEM elevation profile (221 points, see dem_processor.py)"
seg_229795710_0,62.1,1.05,plain,"real: DEM sample (AWS Terrain Tiles (Skadi/SRTM1, ~30m, void-filled)), mean of 124/124 points along geometry (range 57.2-69.2m)","real: mean absolute gradient over the DEM elevation profile (124 points, see dem_processor.py)"
seg_229795710_1,62.6,0.93,plain,"real: DEM sample (AWS Terrain Tiles (Skadi/SRTM1, ~30m, void-filled)), mean of 124/124 points along geometry (range 57.2-67.3m)","real: mean absolute gradient over the DEM elevation profile (124 points, see dem_processor.py)"
seg_229795746_0,62.6,1.18,plain,"real: DEM sample (AWS Terrain Tiles (Skadi/SRTM1, ~30m, void-filled)), mean of 103/103 points along geometry (range 58.0-67.0m)","real: mean absolute gradient over the DEM elevation profile (103 points, see dem_processor.py)"
seg_229922210_0,69.1,1.11,plain,"real: DEM sample (AWS Terrain Tiles (Skadi/SRTM1, ~30m, void-filled)), mean of 250/250 points along geometry (range 61.0-77.0m)","real: mean absolute gradient over the DEM elevation profile (250 points, see dem_processor.py)"
seg_229922212_0,63.1,0.99,plain,"real: DEM sample (AWS Terrain Tiles (Skadi/SRTM1, ~30m, void-filled)), mean of 228/228 points along geometry (range 58.8-67.1m)","real: mean absolute gradient over the DEM elevation profile (228 points, see dem_processor.py)"
seg_230000184_0,61.3,1.11,plain,"real: DEM sample (AWS Terrain Tiles (Skadi/SRTM1, ~30m, void-filled)), mean of 2/2 points along geometry (range 60.9-61.8m)","real: mean absolute gradient over the DEM elevation profile (2 points, see dem_processor.py)"
seg_230003428_0,65.5,1.27,plain,"real: DEM sample (AWS Terrain Tiles (Skadi/SRTM1, ~30m, void-filled)), mean of 49/49 points along geometry (range 62.5-68.5m)","real: mean absolute gradient over the DEM elevation profile (49 points, see dem_processor.py)"
seg_230003429_0,66.0,1.44,plain,"real: DEM sample (AWS Terrain Tiles (Skadi/SRTM1, ~30m, void-filled)), mean of 10/10 points along geometry (range 62.8-69.2m)","real: mean absolute gradient over the DEM elevation profile (10 points, see dem_processor.py)"
seg_230003429_1,67.2,1.02,plain,"real: DEM sample (AWS Terrain Tiles (Skadi/SRTM1, ~30m, void-filled)), mean of 43/43 points along geometry (range 62.4-72.9m)","real: mean absolute gradient over the DEM elevation profile (43 points, see dem_processor.py)"
seg_231238012_0,64.0,0.96,plain,"real: DEM sample (AWS Terrain Tiles (Skadi/SRTM1, ~30m, void-filled)), mean of 43/43 points along geometry (range 59.1-68.1m)","real: mean absolute gradient over the DEM elevation profile (43 points, see dem_processor.py)"
seg_238491031_0,2404.7,2.47,mountain,"real: DEM sample (AWS Terrain Tiles (Skadi/SRTM1, ~30m, void-filled)), mean of 2/2 points along geometry (range 2402.8-2406.5m)","real: mean absolute gradient over the DEM elevation profile (2 points, see dem_processor.py)"
seg_238491032_0,3357.1,3.98,mountain,"real: DEM sample (AWS Terrain Tiles (Skadi/SRTM1, ~30m, void-filled)), mean of 3/3 points along geometry (range 3355.4-3358.4m)","real: mean absolute gradient over the DEM elevation profile (3 points, see dem_processor.py)"
seg_238491033_0,2315.2,5.78,mountain,"real: DEM sample (AWS Terrain Tiles (Skadi/SRTM1, ~30m, void-filled)), mean of 657/657 points along geometry (range 2005.2-2505.5m)","real: mean absolute gradient over the DEM elevation profile (657 points, see dem_processor.py)"
seg_238491045_0,3026.1,6.8,mountain,"real: DEM sample (AWS Terrain Tiles (Skadi/SRTM1, ~30m, void-filled)), mean of 676/676 points along geometry (range 2655.5-3378.8m)","real: mean absolute gradient over the DEM elevation profile (676 points, see dem_processor.py)"
seg_238491054_0,3623.5,5.64,mountain,"real: DEM sample (AWS Terrain Tiles (Skadi/SRTM1, ~30m, void-filled)), mean of 376/376 points along geometry (range 3358.4-3845.8m)","real: mean absolute gradient over the DEM elevation profile (376 points, see dem_processor.py)"
seg_238491395_0,2145.8,3.11,mountain,"real: DEM sample (AWS Terrain Tiles (Skadi/SRTM1, ~30m, void-filled)), mean of 3/3 points along geometry (range 2143.8-2147.9m)","real: mean absolute gradient over the DEM elevation profile (3 points, see dem_processor.py)"
seg_238491396_0,1981.1,6.05,mountain,"real: DEM sample (AWS Terrain Tiles (Skadi/SRTM1, ~30m, void-filled)), mean of 248/248 points along geometry (range 1777.8-2147.7m)","real: mean absolute gradient over the DEM elevation profile (248 points, see dem_processor.py)"
seg_238496654_0,1528.0,4.14,mountain,"real: DEM sample (AWS Terrain Tiles (Skadi/SRTM1, ~30m, void-filled)), mean of 2/2 points along geometry (range 1525.6-1530.5m)","real: mean absolute gradient over the DEM elevation profile (2 points, see dem_processor.py)"
seg_238496655_0,1782.2,8.34,mountain,"real: DEM sample (AWS Terrain Tiles (Skadi/SRTM1, ~30m, void-filled)), mean of 2/2 points along geometry (range 1777.8-1786.5m)","real: mean absolute gradient over the DEM elevation profile (2 points, see dem_processor.py)"
seg_238496656_0,1727.3,6.11,mountain,"real: DEM sample (AWS Terrain Tiles (Skadi/SRTM1, ~30m, void-filled)), mean of 117/117 points along geometry (range 1674.7-1786.5m)","real: mean absolute gradient over the DEM elevation profile (117 points, see dem_processor.py)"
seg_238496656_1,1677.2,5.44,mountain,"real: DEM sample (AWS Terrain Tiles (Skadi/SRTM1, ~30m, void-filled)), mean of 21/21 points along geometry (range 1661.7-1689.4m)","real: mean absolute gradient over the DEM elevation profile (21 points, see dem_processor.py)"
seg_238496656_2,1631.5,7.26,mountain,"real: DEM sample (AWS Terrain Tiles (Skadi/SRTM1, ~30m, void-filled)), mean of 417/417 points along geometry (range 1525.6-1702.7m)","real: mean absolute gradient over the DEM elevation profile (417 points, see dem_processor.py)"
seg_238496657_0,1528.7,7.83,mountain,"real: DEM sample (AWS Terrain Tiles (Skadi/SRTM1, ~30m, void-filled)), mean of 8/8 points along geometry (range 1521.6-1534.1m)","real: mean absolute gradient over the DEM elevation profile (8 points, see dem_processor.py)"
seg_238496657_1,1503.7,6.15,mountain,"real: DEM sample (AWS Terrain Tiles (Skadi/SRTM1, ~30m, void-filled)), mean of 119/119 points along geometry (range 1423.2-1573.3m)","real: mean absolute gradient over the DEM elevation profile (119 points, see dem_processor.py)"
seg_238496657_2,1563.7,7.83,mountain,"real: DEM sample (AWS Terrain Tiles (Skadi/SRTM1, ~30m, void-filled)), mean of 213/213 points along geometry (range 1414.4-1646.9m)","real: mean absolute gradient over the DEM elevation profile (213 points, see dem_processor.py)"
seg_238496657_3,1632.4,10.88,mountain,"real: DEM sample (AWS Terrain Tiles (Skadi/SRTM1, ~30m, void-filled)), mean of 7/7 points along geometry (range 1624.2-1639.6m)","real: mean absolute gradient over the DEM elevation profile (7 points, see dem_processor.py)"
seg_238496657_4,1679.7,9.03,mountain,"real: DEM sample (AWS Terrain Tiles (Skadi/SRTM1, ~30m, void-filled)), mean of 222/222 points along geometry (range 1585.8-1813.5m)","real: mean absolute gradient over the DEM elevation profile (222 points, see dem_processor.py)"
seg_238496657_5,1908.4,6.42,mountain,"real: DEM sample (AWS Terrain Tiles (Skadi/SRTM1, ~30m, void-filled)), mean of 106/106 points along geometry (range 1804.4-2012.0m)","real: mean absolute gradient over the DEM elevation profile (106 points, see dem_processor.py)"
seg_238560159_0,1582.5,5.72,mountain,"real: DEM sample (AWS Terrain Tiles (Skadi/SRTM1, ~30m, void-filled)), mean of 398/398 points along geometry (range 1479.3-1683.7m)","real: mean absolute gradient over the DEM elevation profile (398 points, see dem_processor.py)"
seg_238560167_0,1200.0,9.48,hill,"real: DEM sample (AWS Terrain Tiles (Skadi/SRTM1, ~30m, void-filled)), mean of 124/124 points along geometry (range 1134.5-1247.9m)","real: mean absolute gradient over the DEM elevation profile (124 points, see dem_processor.py)"
seg_238560173_0,1147.3,0.4,hill,"real: DEM sample (AWS Terrain Tiles (Skadi/SRTM1, ~30m, void-filled)), mean of 2/2 points along geometry (range 1147.2-1147.3m)","real: mean absolute gradient over the DEM elevation profile (2 points, see dem_processor.py)"
seg_238560176_0,1089.9,4.91,hill,"real: DEM sample (AWS Terrain Tiles (Skadi/SRTM1, ~30m, void-filled)), mean of 3/3 points along geometry (range 1085.7-1093.9m)","real: mean absolute gradient over the DEM elevation profile (3 points, see dem_processor.py)"
seg_238560178_0,1111.7,6.85,hill,"real: DEM sample (AWS Terrain Tiles (Skadi/SRTM1, ~30m, void-filled)), mean of 17/17 points along geometry (range 1093.9-1140.2m)","real: mean absolute gradient over the DEM elevation profile (17 points, see dem_processor.py)"
seg_238560178_1,1144.0,7.89,hill,"real: DEM sample (AWS Terrain Tiles (Skadi/SRTM1, ~30m, void-filled)), mean of 63/63 points along geometry (range 1126.4-1165.9m)","real: mean absolute gradient over the DEM elevation profile (63 points, see dem_processor.py)"
seg_238668504_0,57.3,0.48,plain,"real: DEM sample (AWS Terrain Tiles (Skadi/SRTM1, ~30m, void-filled)), mean of 2/2 points along geometry (range 57.0-57.6m)","real: mean absolute gradient over the DEM elevation profile (2 points, see dem_processor.py)"
seg_238668506_0,65.2,1.33,plain,"real: DEM sample (AWS Terrain Tiles (Skadi/SRTM1, ~30m, void-filled)), mean of 56/56 points along geometry (range 59.9-69.6m)","real: mean absolute gradient over the DEM elevation profile (56 points, see dem_processor.py)"
seg_238668506_1,66.9,0.79,plain,"real: DEM sample (AWS Terrain Tiles (Skadi/SRTM1, ~30m, void-filled)), mean of 17/17 points along geometry (range 65.8-69.0m)","real: mean absolute gradient over the DEM elevation profile (17 points, see dem_processor.py)"
seg_238668506_2,64.5,1.01,plain,"real: DEM sample (AWS Terrain Tiles (Skadi/SRTM1, ~30m, void-filled)), mean of 40/40 points along geometry (range 58.0-69.5m)","real: mean absolute gradient over the DEM elevation profile (40 points, see dem_processor.py)"
seg_238668506_3,62.5,1.15,plain,"real: DEM sample (AWS Terrain Tiles (Skadi/SRTM1, ~30m, void-filled)), mean of 26/26 points along geometry (range 60.1-66.8m)","real: mean absolute gradient over the DEM elevation profile (26 points, see dem_processor.py)"
seg_238668506_4,63.0,1.19,plain,"real: DEM sample (AWS Terrain Tiles (Skadi/SRTM1, ~30m, void-filled)), mean of 43/43 points along geometry (range 59.4-66.4m)","real: mean absolute gradient over the DEM elevation profile (43 points, see dem_processor.py)"
seg_238668506_5,61.0,1.57,plain,"real: DEM sample (AWS Terrain Tiles (Skadi/SRTM1, ~30m, void-filled)), mean of 25/25 points along geometry (range 58.4-64.0m)","real: mean absolute gradient over the DEM elevation profile (25 points, see dem_processor.py)"
seg_238668506_6,61.3,1.05,plain,"real: DEM sample (AWS Terrain Tiles (Skadi/SRTM1, ~30m, void-filled)), mean of 8/8 points along geometry (range 60.0-61.6m)","real: mean absolute gradient over the DEM elevation profile (8 points, see dem_processor.py)"
seg_238668506_7,61.0,1.77,plain,"real: DEM sample (AWS Terrain Tiles (Skadi/SRTM1, ~30m, void-filled)), mean of 11/11 points along geometry (range 59.4-63.0m)","real: mean absolute gradient over the DEM elevation profile (11 points, see dem_processor.py)"
seg_238668508_0,57.7,1.92,plain,"real: DEM sample (AWS Terrain Tiles (Skadi/SRTM1, ~30m, void-filled)), mean of 62/62 points along geometry (range 53.2-61.7m)","real: mean absolute gradient over the DEM elevation profile (62 points, see dem_processor.py)"
seg_238668508_1,57.2,1.53,plain,"real: DEM sample (AWS Terrain Tiles (Skadi/SRTM1, ~30m, void-filled)), mean of 42/42 points along geometry (range 52.4-59.3m)","real: mean absolute gradient over the DEM elevation profile (42 points, see dem_processor.py)"
seg_238668512_0,82.8,1.02,plain,"real: DEM sample (AWS Terrain Tiles (Skadi/SRTM1, ~30m, void-filled)), mean of 72/72 points along geometry (range 77.1-86.6m)","real: mean absolute gradient over the DEM elevation profile (72 points, see dem_processor.py)"
seg_238668512_1,78.2,0.97,plain,"real: DEM sample (AWS Terrain Tiles (Skadi/SRTM1, ~30m, void-filled)), mean of 142/142 points along geometry (range 71.3-82.7m)","real: mean absolute gradient over the DEM elevation profile (142 points, see dem_processor.py)"
seg_238668512_2,75.3,1.48,plain,"real: DEM sample (AWS Terrain Tiles (Skadi/SRTM1, ~30m, void-filled)), mean of 9/9 points along geometry (range 73.0-77.3m)","real: mean absolute gradient over the DEM elevation profile (9 points, see dem_processor.py)"
seg_238668515_0,82.6,2.28,plain,"real: DEM sample (AWS Terrain Tiles (Skadi/SRTM1, ~30m, void-filled)), mean of 2/2 points along geometry (range 81.4-83.8m)","real: mean absolute gradient over the DEM elevation profile (2 points, see dem_processor.py)"
seg_238668526_0,75.2,1.77,plain,"real: DEM sample (AWS Terrain Tiles (Skadi/SRTM1, ~30m, void-filled)), mean of 9/9 points along geometry (range 72.0-85.0m)","real: mean absolute gradient over the DEM elevation profile (9 points, see dem_processor.py)"
seg_238668527_0,82.4,0.98,plain,"real: DEM sample (AWS Terrain Tiles (Skadi/SRTM1, ~30m, void-filled)), mean of 2/2 points along geometry (range 82.2-82.5m)","real: mean absolute gradient over the DEM elevation profile (2 points, see dem_processor.py)"
seg_238668527_1,79.7,1.22,plain,"real: DEM sample (AWS Terrain Tiles (Skadi/SRTM1, ~30m, void-filled)), mean of 124/124 points along geometry (range 75.0-85.3m)","real: mean absolute gradient over the DEM elevation profile (124 points, see dem_processor.py)"
seg_244619572_0,2989.0,5.04,mountain,"real: DEM sample (AWS Terrain Tiles (Skadi/SRTM1, ~30m, void-filled)), mean of 50/50 points along geometry (range 2977.1-2999.1m)","real: mean absolute gradient over the DEM elevation profile (50 points, see dem_processor.py)"
seg_244619587_0,2951.3,3.08,mountain,"real: DEM sample (AWS Terrain Tiles (Skadi/SRTM1, ~30m, void-filled)), mean of 9/9 points along geometry (range 2949.6-2952.1m)","real: mean absolute gradient over the DEM elevation profile (9 points, see dem_processor.py)"
seg_261074438_0,55.5,1.15,plain,"real: DEM sample (AWS Terrain Tiles (Skadi/SRTM1, ~30m, void-filled)), mean of 10/10 points along geometry (range 53.3-58.0m)","real: mean absolute gradient over the DEM elevation profile (10 points, see dem_processor.py)"
seg_261074438_1,55.2,1.47,plain,"real: DEM sample (AWS Terrain Tiles (Skadi/SRTM1, ~30m, void-filled)), mean of 14/14 points along geometry (range 52.6-57.7m)","real: mean absolute gradient over the DEM elevation profile (14 points, see dem_processor.py)"
seg_261074442_0,54.8,0.81,plain,"real: DEM sample (AWS Terrain Tiles (Skadi/SRTM1, ~30m, void-filled)), mean of 41/41 points along geometry (range 52.4-57.0m)","real: mean absolute gradient over the DEM elevation profile (41 points, see dem_processor.py)"
seg_261074444_0,53.3,0.94,plain,"real: DEM sample (AWS Terrain Tiles (Skadi/SRTM1, ~30m, void-filled)), mean of 32/32 points along geometry (range 51.2-54.8m)","real: mean absolute gradient over the DEM elevation profile (32 points, see dem_processor.py)"
seg_261074444_1,53.0,0.0,plain,"real: DEM sample (AWS Terrain Tiles (Skadi/SRTM1, ~30m, void-filled)), mean of 2/2 points along geometry (range 53.0-53.0m)","real: mean absolute gradient over the DEM elevation profile (2 points, see dem_processor.py)"
seg_261074445_0,59.0,2.01,plain,"real: DEM sample (AWS Terrain Tiles (Skadi/SRTM1, ~30m, void-filled)), mean of 26/26 points along geometry (range 52.2-66.1m)","real: mean absolute gradient over the DEM elevation profile (26 points, see dem_processor.py)"
seg_261074445_1,54.5,0.72,plain,"real: DEM sample (AWS Terrain Tiles (Skadi/SRTM1, ~30m, void-filled)), mean of 11/11 points along geometry (range 54.0-55.3m)","real: mean absolute gradient over the DEM elevation profile (11 points, see dem_processor.py)"
seg_261074446_0,60.2,2.98,plain,"real: DEM sample (AWS Terrain Tiles (Skadi/SRTM1, ~30m, void-filled)), mean of 4/4 points along geometry (range 55.9-62.1m)","real: mean absolute gradient over the DEM elevation profile (4 points, see dem_processor.py)"
seg_261074447_0,56.5,0.92,plain,"real: DEM sample (AWS Terrain Tiles (Skadi/SRTM1, ~30m, void-filled)), mean of 12/12 points along geometry (range 54.5-58.5m)","real: mean absolute gradient over the DEM elevation profile (12 points, see dem_processor.py)"
seg_261074449_0,58.6,1.83,plain,"real: DEM sample (AWS Terrain Tiles (Skadi/SRTM1, ~30m, void-filled)), mean of 10/10 points along geometry (range 56.7-61.3m)","real: mean absolute gradient over the DEM elevation profile (10 points, see dem_processor.py)"
seg_261074451_0,56.4,1.7,plain,"real: DEM sample (AWS Terrain Tiles (Skadi/SRTM1, ~30m, void-filled)), mean of 18/18 points along geometry (range 53.4-64.9m)","real: mean absolute gradient over the DEM elevation profile (18 points, see dem_processor.py)"
seg_261074453_0,57.2,0.71,plain,"real: DEM sample (AWS Terrain Tiles (Skadi/SRTM1, ~30m, void-filled)), mean of 11/11 points along geometry (range 55.9-58.9m)","real: mean absolute gradient over the DEM elevation profile (11 points, see dem_processor.py)"
seg_261074453_1,56.2,0.24,plain,"real: DEM sample (AWS Terrain Tiles (Skadi/SRTM1, ~30m, void-filled)), mean of 10/10 points along geometry (range 55.9-57.0m)","real: mean absolute gradient over the DEM elevation profile (10 points, see dem_processor.py)"
seg_261074454_0,59.3,2.05,plain,"real: DEM sample (AWS Terrain Tiles (Skadi/SRTM1, ~30m, void-filled)), mean of 12/12 points along geometry (range 56.7-62.1m)","real: mean absolute gradient over the DEM elevation profile (12 points, see dem_processor.py)"
seg_261074454_1,62.8,1.22,plain,"real: DEM sample (AWS Terrain Tiles (Skadi/SRTM1, ~30m, void-filled)), mean of 2/2 points along geometry (range 62.1-63.6m)","real: mean absolute gradient over the DEM elevation profile (2 points, see dem_processor.py)"
seg_261074456_0,55.4,0.83,plain,"real: DEM sample (AWS Terrain Tiles (Skadi/SRTM1, ~30m, void-filled)), mean of 2/2 points along geometry (range 54.8-56.0m)","real: mean absolute gradient over the DEM elevation profile (2 points, see dem_processor.py)"
seg_261078158_0,87.7,3.42,plain,"real: DEM sample (AWS Terrain Tiles (Skadi/SRTM1, ~30m, void-filled)), mean of 46/46 points along geometry (range 70.2-120.5m)","real: mean absolute gradient over the DEM elevation profile (46 points, see dem_processor.py)"
seg_262982732_0,55.6,1.4,plain,"real: DEM sample (AWS Terrain Tiles (Skadi/SRTM1, ~30m, void-filled)), mean of 25/25 points along geometry (range 53.0-61.6m)","real: mean absolute gradient over the DEM elevation profile (25 points, see dem_processor.py)"
seg_262982735_0,60.6,1.74,plain,"real: DEM sample (AWS Terrain Tiles (Skadi/SRTM1, ~30m, void-filled)), mean of 2/2 points along geometry (range 60.5-60.7m)","real: mean absolute gradient over the DEM elevation profile (2 points, see dem_processor.py)"
seg_262982735_1,58.8,2.86,plain,"real: DEM sample (AWS Terrain Tiles (Skadi/SRTM1, ~30m, void-filled)), mean of 5/5 points along geometry (range 55.8-61.2m)","real: mean absolute gradient over the DEM elevation profile (5 points, see dem_processor.py)"
seg_262982735_2,56.0,1.29,plain,"real: DEM sample (AWS Terrain Tiles (Skadi/SRTM1, ~30m, void-filled)), mean of 2/2 points along geometry (range 55.9-56.1m)","real: mean absolute gradient over the DEM elevation profile (2 points, see dem_processor.py)"
seg_262982742_0,59.4,1.65,plain,"real: DEM sample (AWS Terrain Tiles (Skadi/SRTM1, ~30m, void-filled)), mean of 12/12 points along geometry (range 57.0-60.0m)","real: mean absolute gradient over the DEM elevation profile (12 points, see dem_processor.py)"
seg_284662840_0,2915.7,5.92,mountain,"real: DEM sample (AWS Terrain Tiles (Skadi/SRTM1, ~30m, void-filled)), mean of 1247/1247 points along geometry (range 2147.9-3581.0m)","real: mean absolute gradient over the DEM elevation profile (1247 points, see dem_processor.py)"
seg_284662912_0,3894.1,3.49,mountain,"real: DEM sample (AWS Terrain Tiles (Skadi/SRTM1, ~30m, void-filled)), mean of 55/55 points along geometry (range 3845.8-3938.8m)","real: mean absolute gradient over the DEM elevation profile (55 points, see dem_processor.py)"
seg_284799028_0,52.0,0.3,plain,"real: DEM sample (AWS Terrain Tiles (Skadi/SRTM1, ~30m, void-filled)), mean of 2/2 points along geometry (range 52.0-52.1m)","real: mean absolute gradient over the DEM elevation profile (2 points, see dem_processor.py)"
seg_284799028_1,51.4,1.21,plain,"real: DEM sample (AWS Terrain Tiles (Skadi/SRTM1, ~30m, void-filled)), mean of 70/70 points along geometry (range 47.9-54.0m)","real: mean absolute gradient over the DEM elevation profile (70 points, see dem_processor.py)"
seg_284799028_2,53.8,1.58,plain,"real: DEM sample (AWS Terrain Tiles (Skadi/SRTM1, ~30m, void-filled)), mean of 76/76 points along geometry (range 49.6-56.5m)","real: mean absolute gradient over the DEM elevation profile (76 points, see dem_processor.py)"
seg_284804891_0,62.3,3.37,plain,"real: DEM sample (AWS Terrain Tiles (Skadi/SRTM1, ~30m, void-filled)), mean of 5/5 points along geometry (range 56.9-64.0m)","real: mean absolute gradient over the DEM elevation profile (5 points, see dem_processor.py)"
seg_284804891_1,64.4,1.15,plain,"real: DEM sample (AWS Terrain Tiles (Skadi/SRTM1, ~30m, void-filled)), mean of 119/119 points along geometry (range 56.3-84.7m)","real: mean absolute gradient over the DEM elevation profile (119 points, see dem_processor.py)"
seg_284804891_2,62.3,3.36,plain,"real: DEM sample (AWS Terrain Tiles (Skadi/SRTM1, ~30m, void-filled)), mean of 3/3 points along geometry (range 60.2-65.1m)","real: mean absolute gradient over the DEM elevation profile (3 points, see dem_processor.py)"
seg_284804891_3,60.9,0.92,plain,"real: DEM sample (AWS Terrain Tiles (Skadi/SRTM1, ~30m, void-filled)), mean of 28/28 points along geometry (range 57.5-65.6m)","real: mean absolute gradient over the DEM elevation profile (28 points, see dem_processor.py)"
seg_284804891_4,62.6,1.1,plain,"real: DEM sample (AWS Terrain Tiles (Skadi/SRTM1, ~30m, void-filled)), mean of 29/29 points along geometry (range 59.6-65.0m)","real: mean absolute gradient over the DEM elevation profile (29 points, see dem_processor.py)"
seg_284804900_0,59.8,0.91,plain,"real: DEM sample (AWS Terrain Tiles (Skadi/SRTM1, ~30m, void-filled)), mean of 58/58 points along geometry (range 56.5-62.3m)","real: mean absolute gradient over the DEM elevation profile (58 points, see dem_processor.py)"
seg_284804904_0,59.5,0.76,plain,"real: DEM sample (AWS Terrain Tiles (Skadi/SRTM1, ~30m, void-filled)), mean of 45/45 points along geometry (range 55.5-63.0m)","real: mean absolute gradient over the DEM elevation profile (45 points, see dem_processor.py)"
seg_284804904_1,60.8,0.89,plain,"real: DEM sample (AWS Terrain Tiles (Skadi/SRTM1, ~30m, void-filled)), mean of 49/49 points along geometry (range 57.5-64.5m)","real: mean absolute gradient over the DEM elevation profile (49 points, see dem_processor.py)"
seg_284804913_0,59.5,1.02,plain,"real: DEM sample (AWS Terrain Tiles (Skadi/SRTM1, ~30m, void-filled)), mean of 34/34 points along geometry (range 57.2-63.0m)","real: mean absolute gradient over the DEM elevation profile (34 points, see dem_processor.py)"
seg_284804914_0,55.9,1.02,plain,"real: DEM sample (AWS Terrain Tiles (Skadi/SRTM1, ~30m, void-filled)), mean of 56/56 points along geometry (range 52.4-60.6m)","real: mean absolute gradient over the DEM elevation profile (56 points, see dem_processor.py)"
seg_284804914_1,58.4,1.27,plain,"real: DEM sample (AWS Terrain Tiles (Skadi/SRTM1, ~30m, void-filled)), mean of 127/127 points along geometry (range 52.4-62.5m)","real: mean absolute gradient over the DEM elevation profile (127 points, see dem_processor.py)"
seg_284804914_2,60.2,1.2,plain,"real: DEM sample (AWS Terrain Tiles (Skadi/SRTM1, ~30m, void-filled)), mean of 77/77 points along geometry (range 56.0-65.1m)","real: mean absolute gradient over the DEM elevation profile (77 points, see dem_processor.py)"
seg_284804920_0,70.2,0.84,plain,"real: DEM sample (AWS Terrain Tiles (Skadi/SRTM1, ~30m, void-filled)), mean of 27/27 points along geometry (range 60.6-75.3m)","real: mean absolute gradient over the DEM elevation profile (27 points, see dem_processor.py)"
seg_284804920_1,72.2,0.85,plain,"real: DEM sample (AWS Terrain Tiles (Skadi/SRTM1, ~30m, void-filled)), mean of 23/23 points along geometry (range 68.4-75.8m)","real: mean absolute gradient over the DEM elevation profile (23 points, see dem_processor.py)"
seg_284804922_0,61.3,0.63,plain,"real: DEM sample (AWS Terrain Tiles (Skadi/SRTM1, ~30m, void-filled)), mean of 21/21 points along geometry (range 59.7-62.7m)","real: mean absolute gradient over the DEM elevation profile (21 points, see dem_processor.py)"
seg_284804924_0,62.0,1.05,plain,"real: DEM sample (AWS Terrain Tiles (Skadi/SRTM1, ~30m, void-filled)), mean of 31/31 points along geometry (range 59.2-66.7m)","real: mean absolute gradient over the DEM elevation profile (31 points, see dem_processor.py)"
seg_284804927_0,69.2,1.26,plain,"real: DEM sample (AWS Terrain Tiles (Skadi/SRTM1, ~30m, void-filled)), mean of 51/51 points along geometry (range 63.5-73.0m)","real: mean absolute gradient over the DEM elevation profile (51 points, see dem_processor.py)"
seg_284804928_0,58.1,0.8,plain,"real: DEM sample (AWS Terrain Tiles (Skadi/SRTM1, ~30m, void-filled)), mean of 19/19 points along geometry (range 56.1-60.4m)","real: mean absolute gradient over the DEM elevation profile (19 points, see dem_processor.py)"
seg_284804930_0,68.7,1.18,plain,"real: DEM sample (AWS Terrain Tiles (Skadi/SRTM1, ~30m, void-filled)), mean of 39/39 points along geometry (range 64.0-71.7m)","real: mean absolute gradient over the DEM elevation profile (39 points, see dem_processor.py)"
seg_284804931_0,68.0,0.86,plain,"real: DEM sample (AWS Terrain Tiles (Skadi/SRTM1, ~30m, void-filled)), mean of 40/40 points along geometry (range 63.9-72.0m)","real: mean absolute gradient over the DEM elevation profile (40 points, see dem_processor.py)"
seg_288458011_0,2085.1,6.05,mountain,"real: DEM sample (AWS Terrain Tiles (Skadi/SRTM1, ~30m, void-filled)), mean of 116/116 points along geometry (range 1999.7-2174.5m)","real: mean absolute gradient over the DEM elevation profile (116 points, see dem_processor.py)"
seg_288458014_0,2186.0,4.03,mountain,"real: DEM sample (AWS Terrain Tiles (Skadi/SRTM1, ~30m, void-filled)), mean of 21/21 points along geometry (range 2170.9-2204.6m)","real: mean absolute gradient over the DEM elevation profile (21 points, see dem_processor.py)"
seg_288458015_0,2389.3,13.03,mountain,"real: DEM sample (AWS Terrain Tiles (Skadi/SRTM1, ~30m, void-filled)), mean of 220/220 points along geometry (range 2197.3-2555.8m)","real: mean absolute gradient over the DEM elevation profile (220 points, see dem_processor.py)"
seg_288458016_0,1521.4,10.44,mountain,"real: DEM sample (AWS Terrain Tiles (Skadi/SRTM1, ~30m, void-filled)), mean of 153/153 points along geometry (range 1424.9-1592.9m)","real: mean absolute gradient over the DEM elevation profile (153 points, see dem_processor.py)"
seg_288458016_1,1252.1,11.16,hill,"real: DEM sample (AWS Terrain Tiles (Skadi/SRTM1, ~30m, void-filled)), mean of 123/123 points along geometry (range 1109.5-1430.1m)","real: mean absolute gradient over the DEM elevation profile (123 points, see dem_processor.py)"
seg_288458016_2,1091.0,7.07,hill,"real: DEM sample (AWS Terrain Tiles (Skadi/SRTM1, ~30m, void-filled)), mean of 103/103 points along geometry (range 1059.8-1144.4m)","real: mean absolute gradient over the DEM elevation profile (103 points, see dem_processor.py)"
seg_288458018_0,1711.7,8.66,mountain,"real: DEM sample (AWS Terrain Tiles (Skadi/SRTM1, ~30m, void-filled)), mean of 92/92 points along geometry (range 1677.8-1744.5m)","real: mean absolute gradient over the DEM elevation profile (92 points, see dem_processor.py)"
seg_288458019_0,2569.3,11.68,mountain,"real: DEM sample (AWS Terrain Tiles (Skadi/SRTM1, ~30m, void-filled)), mean of 89/89 points along geometry (range 2516.5-2607.8m)","real: mean absolute gradient over the DEM elevation profile (89 points, see dem_processor.py)"
seg_288523064_0,68.0,0.89,plain,"real: DEM sample (AWS Terrain Tiles (Skadi/SRTM1, ~30m, void-filled)), mean of 2/2 points along geometry (range 67.6-68.4m)","real: mean absolute gradient over the DEM elevation profile (2 points, see dem_processor.py)"
seg_288523065_0,69.3,2.47,plain,"real: DEM sample (AWS Terrain Tiles (Skadi/SRTM1, ~30m, void-filled)), mean of 4/4 points along geometry (range 67.8-70.9m)","real: mean absolute gradient over the DEM elevation profile (4 points, see dem_processor.py)"
seg_288523066_0,72.4,1.23,plain,"real: DEM sample (AWS Terrain Tiles (Skadi/SRTM1, ~30m, void-filled)), mean of 54/54 points along geometry (range 66.6-75.7m)","real: mean absolute gradient over the DEM elevation profile (54 points, see dem_processor.py)"
seg_288523070_0,74.3,2.52,plain,"real: DEM sample (AWS Terrain Tiles (Skadi/SRTM1, ~30m, void-filled)), mean of 3/3 points along geometry (range 73.7-74.8m)","real: mean absolute gradient over the DEM elevation profile (3 points, see dem_processor.py)"
seg_289680936_0,56.9,0.85,plain,"real: DEM sample (AWS Terrain Tiles (Skadi/SRTM1, ~30m, void-filled)), mean of 2/2 points along geometry (range 56.9-57.0m)","real: mean absolute gradient over the DEM elevation profile (2 points, see dem_processor.py)"
seg_289680936_1,58.5,0.63,plain,"real: DEM sample (AWS Terrain Tiles (Skadi/SRTM1, ~30m, void-filled)), mean of 21/21 points along geometry (range 56.8-59.6m)","real: mean absolute gradient over the DEM elevation profile (21 points, see dem_processor.py)"
seg_296776770_0,2074.5,14.67,mountain,"real: DEM sample (AWS Terrain Tiles (Skadi/SRTM1, ~30m, void-filled)), mean of 123/123 points along geometry (range 2042.9-2127.8m)","real: mean absolute gradient over the DEM elevation profile (123 points, see dem_processor.py)"
seg_296776772_0,2178.5,7.73,mountain,"real: DEM sample (AWS Terrain Tiles (Skadi/SRTM1, ~30m, void-filled)), mean of 235/235 points along geometry (range 2088.3-2255.1m)","real: mean absolute gradient over the DEM elevation profile (235 points, see dem_processor.py)"
seg_296903596_0,2289.0,7.78,mountain,"real: DEM sample (AWS Terrain Tiles (Skadi/SRTM1, ~30m, void-filled)), mean of 106/106 points along geometry (range 2254.3-2320.2m)","real: mean absolute gradient over the DEM elevation profile (106 points, see dem_processor.py)"
seg_296903599_0,2247.3,12.71,mountain,"real: DEM sample (AWS Terrain Tiles (Skadi/SRTM1, ~30m, void-filled)), mean of 488/488 points along geometry (range 2058.3-2424.0m)","real: mean absolute gradient over the DEM elevation profile (488 points, see dem_processor.py)"
seg_296907391_0,2348.4,11.94,mountain,"real: DEM sample (AWS Terrain Tiles (Skadi/SRTM1, ~30m, void-filled)), mean of 151/151 points along geometry (range 2293.5-2407.9m)","real: mean absolute gradient over the DEM elevation profile (151 points, see dem_processor.py)"
seg_296907391_1,2449.4,11.65,mountain,"real: DEM sample (AWS Terrain Tiles (Skadi/SRTM1, ~30m, void-filled)), mean of 740/740 points along geometry (range 2345.1-2547.7m)","real: mean absolute gradient over the DEM elevation profile (740 points, see dem_processor.py)"
seg_296907395_0,2422.7,11.28,mountain,"real: DEM sample (AWS Terrain Tiles (Skadi/SRTM1, ~30m, void-filled)), mean of 100/100 points along geometry (range 2390.1-2457.1m)","real: mean absolute gradient over the DEM elevation profile (100 points, see dem_processor.py)"
seg_296909302_0,2363.3,10.92,mountain,"real: DEM sample (AWS Terrain Tiles (Skadi/SRTM1, ~30m, void-filled)), mean of 379/379 points along geometry (range 2290.4-2446.3m)","real: mean absolute gradient over the DEM elevation profile (379 points, see dem_processor.py)"
seg_296909302_1,2401.0,8.11,mountain,"real: DEM sample (AWS Terrain Tiles (Skadi/SRTM1, ~30m, void-filled)), mean of 38/38 points along geometry (range 2379.6-2426.3m)","real: mean absolute gradient over the DEM elevation profile (38 points, see dem_processor.py)"
seg_296912768_0,1994.8,9.92,mountain,"real: DEM sample (AWS Terrain Tiles (Skadi/SRTM1, ~30m, void-filled)), mean of 1206/1206 points along geometry (range 1547.2-2265.3m)","real: mean absolute gradient over the DEM elevation profile (1206 points, see dem_processor.py)"
seg_296915126_0,1599.8,10.88,mountain,"real: DEM sample (AWS Terrain Tiles (Skadi/SRTM1, ~30m, void-filled)), mean of 43/43 points along geometry (range 1541.2-1655.9m)","real: mean absolute gradient over the DEM elevation profile (43 points, see dem_processor.py)"
seg_296915129_0,1810.1,8.8,mountain,"real: DEM sample (AWS Terrain Tiles (Skadi/SRTM1, ~30m, void-filled)), mean of 399/399 points along geometry (range 1594.4-2009.1m)","real: mean absolute gradient over the DEM elevation profile (399 points, see dem_processor.py)"
seg_296935690_0,4036.5,6.66,mountain,"real: DEM sample (AWS Terrain Tiles (Skadi/SRTM1, ~30m, void-filled)), mean of 207/207 points along geometry (range 3855.9-4206.2m)","real: mean absolute gradient over the DEM elevation profile (207 points, see dem_processor.py)"
seg_296941457_0,4242.3,3.9,mountain,"real: DEM sample (AWS Terrain Tiles (Skadi/SRTM1, ~30m, void-filled)), mean of 265/265 points along geometry (range 4191.6-4290.5m)","real: mean absolute gradient over the DEM elevation profile (265 points, see dem_processor.py)"
seg_296946465_0,3856.1,0.97,mountain,"real: DEM sample (AWS Terrain Tiles (Skadi/SRTM1, ~30m, void-filled)), mean of 2/2 points along geometry (range 3855.9-3856.2m)","real: mean absolute gradient over the DEM elevation profile (2 points, see dem_processor.py)"
seg_296946478_0,3705.1,2.35,mountain,"real: DEM sample (AWS Terrain Tiles (Skadi/SRTM1, ~30m, void-filled)), mean of 2/2 points along geometry (range 3704.5-3705.7m)","real: mean absolute gradient over the DEM elevation profile (2 points, see dem_processor.py)"
seg_297979506_0,2456.7,6.71,mountain,"real: DEM sample (AWS Terrain Tiles (Skadi/SRTM1, ~30m, void-filled)), mean of 641/641 points along geometry (range 1523.8-3197.6m)","real: mean absolute gradient over the DEM elevation profile (641 points, see dem_processor.py)"
seg_300868962_0,3973.9,6.87,mountain,"real: DEM sample (AWS Terrain Tiles (Skadi/SRTM1, ~30m, void-filled)), mean of 523/523 points along geometry (range 3639.7-4243.0m)","real: mean absolute gradient over the DEM elevation profile (523 points, see dem_processor.py)"
seg_300906038_0,3800.9,6.36,mountain,"real: DEM sample (AWS Terrain Tiles (Skadi/SRTM1, ~30m, void-filled)), mean of 865/865 points along geometry (range 3251.0-4288.5m)","real: mean absolute gradient over the DEM elevation profile (865 points, see dem_processor.py)"
seg_309948089_0,89.2,0.99,plain,"real: DEM sample (AWS Terrain Tiles (Skadi/SRTM1, ~30m, void-filled)), mean of 79/79 points along geometry (range 84.3-92.5m)","real: mean absolute gradient over the DEM elevation profile (79 points, see dem_processor.py)"
seg_311848756_0,2903.6,5.41,mountain,"real: DEM sample (AWS Terrain Tiles (Skadi/SRTM1, ~30m, void-filled)), mean of 49/49 points along geometry (range 2890.0-2940.1m)","real: mean absolute gradient over the DEM elevation profile (49 points, see dem_processor.py)"
seg_324171520_0,57.5,1.17,plain,"real: DEM sample (AWS Terrain Tiles (Skadi/SRTM1, ~30m, void-filled)), mean of 125/125 points along geometry (range 53.0-61.7m)","real: mean absolute gradient over the DEM elevation profile (125 points, see dem_processor.py)"
seg_324171522_0,61.9,0.92,plain,"real: DEM sample (AWS Terrain Tiles (Skadi/SRTM1, ~30m, void-filled)), mean of 26/26 points along geometry (range 59.9-64.5m)","real: mean absolute gradient over the DEM elevation profile (26 points, see dem_processor.py)"
seg_324171524_0,63.5,1.09,plain,"real: DEM sample (AWS Terrain Tiles (Skadi/SRTM1, ~30m, void-filled)), mean of 40/40 points along geometry (range 59.2-68.9m)","real: mean absolute gradient over the DEM elevation profile (40 points, see dem_processor.py)"
seg_324171524_1,59.9,1.06,plain,"real: DEM sample (AWS Terrain Tiles (Skadi/SRTM1, ~30m, void-filled)), mean of 67/67 points along geometry (range 55.2-64.5m)","real: mean absolute gradient over the DEM elevation profile (67 points, see dem_processor.py)"
seg_324292580_0,59.8,1.03,plain,"real: DEM sample (AWS Terrain Tiles (Skadi/SRTM1, ~30m, void-filled)), mean of 42/42 points along geometry (range 56.0-63.5m)","real: mean absolute gradient over the DEM elevation profile (42 points, see dem_processor.py)"
seg_324292580_1,57.7,1.11,plain,"real: DEM sample (AWS Terrain Tiles (Skadi/SRTM1, ~30m, void-filled)), mean of 19/19 points along geometry (range 54.7-62.8m)","real: mean absolute gradient over the DEM elevation profile (19 points, see dem_processor.py)"
seg_324292581_0,65.0,0.87,plain,"real: DEM sample (AWS Terrain Tiles (Skadi/SRTM1, ~30m, void-filled)), mean of 29/29 points along geometry (range 60.3-67.8m)","real: mean absolute gradient over the DEM elevation profile (29 points, see dem_processor.py)"
seg_324292581_1,63.2,0.97,plain,"real: DEM sample (AWS Terrain Tiles (Skadi/SRTM1, ~30m, void-filled)), mean of 26/26 points along geometry (range 58.0-66.2m)","real: mean absolute gradient over the DEM elevation profile (26 points, see dem_processor.py)"
seg_324292582_0,62.4,0.97,plain,"real: DEM sample (AWS Terrain Tiles (Skadi/SRTM1, ~30m, void-filled)), mean of 61/61 points along geometry (range 56.8-68.4m)","real: mean absolute gradient over the DEM elevation profile (61 points, see dem_processor.py)"
seg_324292583_0,59.9,1.05,plain,"real: DEM sample (AWS Terrain Tiles (Skadi/SRTM1, ~30m, void-filled)), mean of 54/54 points along geometry (range 55.9-63.4m)","real: mean absolute gradient over the DEM elevation profile (54 points, see dem_processor.py)"
seg_324292584_0,58.5,1.01,plain,"real: DEM sample (AWS Terrain Tiles (Skadi/SRTM1, ~30m, void-filled)), mean of 55/55 points along geometry (range 55.1-63.3m)","real: mean absolute gradient over the DEM elevation profile (55 points, see dem_processor.py)"
seg_324292585_0,62.3,0.96,plain,"real: DEM sample (AWS Terrain Tiles (Skadi/SRTM1, ~30m, void-filled)), mean of 3/3 points along geometry (range 61.6-62.8m)","real: mean absolute gradient over the DEM elevation profile (3 points, see dem_processor.py)"
seg_324292585_1,57.8,0.96,plain,"real: DEM sample (AWS Terrain Tiles (Skadi/SRTM1, ~30m, void-filled)), mean of 57/57 points along geometry (range 54.3-62.8m)","real: mean absolute gradient over the DEM elevation profile (57 points, see dem_processor.py)"
seg_329481192_0,63.0,1.03,plain,"real: DEM sample (AWS Terrain Tiles (Skadi/SRTM1, ~30m, void-filled)), mean of 50/50 points along geometry (range 58.0-66.7m)","real: mean absolute gradient over the DEM elevation profile (50 points, see dem_processor.py)"
seg_338160885_0,2729.3,11.36,mountain,"real: DEM sample (AWS Terrain Tiles (Skadi/SRTM1, ~30m, void-filled)), mean of 1450/1450 points along geometry (range 2142.5-3200.6m)","real: mean absolute gradient over the DEM elevation profile (1450 points, see dem_processor.py)"
seg_338163264_0,1987.7,8.57,mountain,"real: DEM sample (AWS Terrain Tiles (Skadi/SRTM1, ~30m, void-filled)), mean of 321/321 points along geometry (range 1852.7-2160.3m)","real: mean absolute gradient over the DEM elevation profile (321 points, see dem_processor.py)"
seg_338165583_0,1851.9,1.19,mountain,"real: DEM sample (AWS Terrain Tiles (Skadi/SRTM1, ~30m, void-filled)), mean of 2/2 points along geometry (range 1851.1-1852.7m)","real: mean absolute gradient over the DEM elevation profile (2 points, see dem_processor.py)"
seg_338165601_0,2071.9,12.29,mountain,"real: DEM sample (AWS Terrain Tiles (Skadi/SRTM1, ~30m, void-filled)), mean of 1284/1284 points along geometry (range 1851.1-2279.6m)","real: mean absolute gradient over the DEM elevation profile (1284 points, see dem_processor.py)"
seg_338305064_0,1493.9,4.16,hill,"real: DEM sample (AWS Terrain Tiles (Skadi/SRTM1, ~30m, void-filled)), mean of 101/101 points along geometry (range 1479.1-1526.8m)","real: mean absolute gradient over the DEM elevation profile (101 points, see dem_processor.py)"
seg_338306255_0,1478.8,5.32,hill,"real: DEM sample (AWS Terrain Tiles (Skadi/SRTM1, ~30m, void-filled)), mean of 17/17 points along geometry (range 1465.6-1489.2m)","real: mean absolute gradient over the DEM elevation profile (17 points, see dem_processor.py)"
seg_338306256_0,1533.0,9.55,mountain,"real: DEM sample (AWS Terrain Tiles (Skadi/SRTM1, ~30m, void-filled)), mean of 233/233 points along geometry (range 1465.6-1608.8m)","real: mean absolute gradient over the DEM elevation profile (233 points, see dem_processor.py)"
seg_338329179_0,1900.2,11.15,mountain,"real: DEM sample (AWS Terrain Tiles (Skadi/SRTM1, ~30m, void-filled)), mean of 531/531 points along geometry (range 1740.5-2028.5m)","real: mean absolute gradient over the DEM elevation profile (531 points, see dem_processor.py)"
seg_338332426_0,1664.1,11.94,mountain,"real: DEM sample (AWS Terrain Tiles (Skadi/SRTM1, ~30m, void-filled)), mean of 129/129 points along geometry (range 1595.3-1721.7m)","real: mean absolute gradient over the DEM elevation profile (129 points, see dem_processor.py)"
seg_338332956_0,1994.2,9.4,mountain,"real: DEM sample (AWS Terrain Tiles (Skadi/SRTM1, ~30m, void-filled)), mean of 739/739 points along geometry (range 1833.1-2112.7m)","real: mean absolute gradient over the DEM elevation profile (739 points, see dem_processor.py)"
seg_338334538_0,1744.4,12.02,mountain,"real: DEM sample (AWS Terrain Tiles (Skadi/SRTM1, ~30m, void-filled)), mean of 354/354 points along geometry (range 1626.1-1839.6m)","real: mean absolute gradient over the DEM elevation profile (354 points, see dem_processor.py)"
seg_338338874_0,1735.4,8.64,mountain,"real: DEM sample (AWS Terrain Tiles (Skadi/SRTM1, ~30m, void-filled)), mean of 80/80 points along geometry (range 1704.3-1765.5m)","real: mean absolute gradient over the DEM elevation profile (80 points, see dem_processor.py)"
seg_338338875_0,1727.9,8.38,mountain,"real: DEM sample (AWS Terrain Tiles (Skadi/SRTM1, ~30m, void-filled)), mean of 2/2 points along geometry (range 1724.9-1730.8m)","real: mean absolute gradient over the DEM elevation profile (2 points, see dem_processor.py)"
seg_338338876_0,1564.8,6.56,mountain,"real: DEM sample (AWS Terrain Tiles (Skadi/SRTM1, ~30m, void-filled)), mean of 262/262 points along geometry (range 1487.8-1638.7m)","real: mean absolute gradient over the DEM elevation profile (262 points, see dem_processor.py)"
seg_338369841_0,1902.0,9.21,mountain,"real: DEM sample (AWS Terrain Tiles (Skadi/SRTM1, ~30m, void-filled)), mean of 772/772 points along geometry (range 1724.6-2033.5m)","real: mean absolute gradient over the DEM elevation profile (772 points, see dem_processor.py)"
seg_349663132_0,82.3,1.24,plain,"real: DEM sample (AWS Terrain Tiles (Skadi/SRTM1, ~30m, void-filled)), mean of 5/5 points along geometry (range 81.0-84.0m)","real: mean absolute gradient over the DEM elevation profile (5 points, see dem_processor.py)"
seg_349663132_1,81.2,0.98,plain,"real: DEM sample (AWS Terrain Tiles (Skadi/SRTM1, ~30m, void-filled)), mean of 18/18 points along geometry (range 78.6-85.1m)","real: mean absolute gradient over the DEM elevation profile (18 points, see dem_processor.py)"
seg_349663306_0,73.8,1.34,plain,"real: DEM sample (AWS Terrain Tiles (Skadi/SRTM1, ~30m, void-filled)), mean of 128/128 points along geometry (range 67.0-78.5m)","real: mean absolute gradient over the DEM elevation profile (128 points, see dem_processor.py)"
seg_349663351_0,80.7,0.96,plain,"real: DEM sample (AWS Terrain Tiles (Skadi/SRTM1, ~30m, void-filled)), mean of 13/13 points along geometry (range 79.2-82.3m)","real: mean absolute gradient over the DEM elevation profile (13 points, see dem_processor.py)"
seg_349665371_0,83.7,1.12,plain,"real: DEM sample (AWS Terrain Tiles (Skadi/SRTM1, ~30m, void-filled)), mean of 5/5 points along geometry (range 82.1-86.6m)","real: mean absolute gradient over the DEM elevation profile (5 points, see dem_processor.py)"
seg_349665371_1,86.2,1.2,plain,"real: DEM sample (AWS Terrain Tiles (Skadi/SRTM1, ~30m, void-filled)), mean of 2/2 points along geometry (range 85.9-86.6m)","real: mean absolute gradient over the DEM elevation profile (2 points, see dem_processor.py)"
seg_349666214_0,81.4,1.07,plain,"real: DEM sample (AWS Terrain Tiles (Skadi/SRTM1, ~30m, void-filled)), mean of 4/4 points along geometry (range 79.7-82.6m)","real: mean absolute gradient over the DEM elevation profile (4 points, see dem_processor.py)"
seg_349671887_0,72.5,0.38,plain,"real: DEM sample (AWS Terrain Tiles (Skadi/SRTM1, ~30m, void-filled)), mean of 2/2 points along geometry (range 72.3-72.7m)","real: mean absolute gradient over the DEM elevation profile (2 points, see dem_processor.py)"
seg_363593108_0,62.5,1.12,plain,"real: DEM sample (AWS Terrain Tiles (Skadi/SRTM1, ~30m, void-filled)), mean of 48/48 points along geometry (range 60.0-65.0m)","real: mean absolute gradient over the DEM elevation profile (48 points, see dem_processor.py)"
seg_367630023_0,59.7,0.82,plain,"real: DEM sample (AWS Terrain Tiles (Skadi/SRTM1, ~30m, void-filled)), mean of 15/15 points along geometry (range 58.9-60.5m)","real: mean absolute gradient over the DEM elevation profile (15 points, see dem_processor.py)"
seg_386384618_0,56.9,2.1,plain,"real: DEM sample (AWS Terrain Tiles (Skadi/SRTM1, ~30m, void-filled)), mean of 2/2 points along geometry (range 56.1-57.7m)","real: mean absolute gradient over the DEM elevation profile (2 points, see dem_processor.py)"
seg_386384620_0,50.7,0.19,plain,"real: DEM sample (AWS Terrain Tiles (Skadi/SRTM1, ~30m, void-filled)), mean of 2/2 points along geometry (range 50.6-50.7m)","real: mean absolute gradient over the DEM elevation profile (2 points, see dem_processor.py)"
seg_386384620_1,51.6,3.46,plain,"real: DEM sample (AWS Terrain Tiles (Skadi/SRTM1, ~30m, void-filled)), mean of 2/2 points along geometry (range 50.7-52.5m)","real: mean absolute gradient over the DEM elevation profile (2 points, see dem_processor.py)"
seg_386384625_0,56.7,2.87,plain,"real: DEM sample (AWS Terrain Tiles (Skadi/SRTM1, ~30m, void-filled)), mean of 2/2 points along geometry (range 55.6-57.8m)","real: mean absolute gradient over the DEM elevation profile (2 points, see dem_processor.py)"
seg_386384629_0,53.2,0.44,plain,"real: DEM sample (AWS Terrain Tiles (Skadi/SRTM1, ~30m, void-filled)), mean of 2/2 points along geometry (range 53.1-53.4m)","real: mean absolute gradient over the DEM elevation profile (2 points, see dem_processor.py)"
seg_386384629_1,57.6,2.03,plain,"real: DEM sample (AWS Terrain Tiles (Skadi/SRTM1, ~30m, void-filled)), mean of 253/253 points along geometry (range 51.0-75.8m)","real: mean absolute gradient over the DEM elevation profile (253 points, see dem_processor.py)"
seg_386384631_0,56.8,1.71,plain,"real: DEM sample (AWS Terrain Tiles (Skadi/SRTM1, ~30m, void-filled)), mean of 6/6 points along geometry (range 54.6-57.8m)","real: mean absolute gradient over the DEM elevation profile (6 points, see dem_processor.py)"
seg_386384632_0,55.9,1.34,plain,"real: DEM sample (AWS Terrain Tiles (Skadi/SRTM1, ~30m, void-filled)), mean of 18/18 points along geometry (range 51.7-59.7m)","real: mean absolute gradient over the DEM elevation profile (18 points, see dem_processor.py)"
seg_386384632_1,54.2,1.29,plain,"real: DEM sample (AWS Terrain Tiles (Skadi/SRTM1, ~30m, void-filled)), mean of 120/120 points along geometry (range 50.0-58.7m)","real: mean absolute gradient over the DEM elevation profile (120 points, see dem_processor.py)"
seg_386384633_0,54.2,1.65,plain,"real: DEM sample (AWS Terrain Tiles (Skadi/SRTM1, ~30m, void-filled)), mean of 41/41 points along geometry (range 51.2-56.9m)","real: mean absolute gradient over the DEM elevation profile (41 points, see dem_processor.py)"
seg_386384633_1,53.1,1.9,plain,"real: DEM sample (AWS Terrain Tiles (Skadi/SRTM1, ~30m, void-filled)), mean of 19/19 points along geometry (range 49.1-57.3m)","real: mean absolute gradient over the DEM elevation profile (19 points, see dem_processor.py)"
seg_386384633_2,53.1,1.42,plain,"real: DEM sample (AWS Terrain Tiles (Skadi/SRTM1, ~30m, void-filled)), mean of 23/23 points along geometry (range 48.9-56.8m)","real: mean absolute gradient over the DEM elevation profile (23 points, see dem_processor.py)"
seg_386384633_3,54.3,0.6,plain,"real: DEM sample (AWS Terrain Tiles (Skadi/SRTM1, ~30m, void-filled)), mean of 5/5 points along geometry (range 54.0-54.7m)","real: mean absolute gradient over the DEM elevation profile (5 points, see dem_processor.py)"
seg_386384633_4,53.7,1.25,plain,"real: DEM sample (AWS Terrain Tiles (Skadi/SRTM1, ~30m, void-filled)), mean of 57/57 points along geometry (range 50.0-58.2m)","real: mean absolute gradient over the DEM elevation profile (57 points, see dem_processor.py)"
seg_386384633_5,52.6,1.42,plain,"real: DEM sample (AWS Terrain Tiles (Skadi/SRTM1, ~30m, void-filled)), mean of 22/22 points along geometry (range 50.2-55.0m)","real: mean absolute gradient over the DEM elevation profile (22 points, see dem_processor.py)"
seg_386384634_0,51.7,1.48,plain,"real: DEM sample (AWS Terrain Tiles (Skadi/SRTM1, ~30m, void-filled)), mean of 18/18 points along geometry (range 49.3-54.6m)","real: mean absolute gradient over the DEM elevation profile (18 points, see dem_processor.py)"
seg_386384634_1,53.3,1.3,plain,"real: DEM sample (AWS Terrain Tiles (Skadi/SRTM1, ~30m, void-filled)), mean of 34/34 points along geometry (range 50.2-58.0m)","real: mean absolute gradient over the DEM elevation profile (34 points, see dem_processor.py)"
seg_386384634_2,53.4,0.98,plain,"real: DEM sample (AWS Terrain Tiles (Skadi/SRTM1, ~30m, void-filled)), mean of 49/49 points along geometry (range 48.0-56.2m)","real: mean absolute gradient over the DEM elevation profile (49 points, see dem_processor.py)"
seg_386384634_3,52.2,1.49,plain,"real: DEM sample (AWS Terrain Tiles (Skadi/SRTM1, ~30m, void-filled)), mean of 17/17 points along geometry (range 48.2-55.5m)","real: mean absolute gradient over the DEM elevation profile (17 points, see dem_processor.py)"
seg_386384634_4,53.5,1.69,plain,"real: DEM sample (AWS Terrain Tiles (Skadi/SRTM1, ~30m, void-filled)), mean of 44/44 points along geometry (range 50.4-56.6m)","real: mean absolute gradient over the DEM elevation profile (44 points, see dem_processor.py)"
seg_386384636_0,57.1,0.87,plain,"real: DEM sample (AWS Terrain Tiles (Skadi/SRTM1, ~30m, void-filled)), mean of 14/14 points along geometry (range 56.5-58.0m)","real: mean absolute gradient over the DEM elevation profile (14 points, see dem_processor.py)"
seg_386384636_1,56.5,1.9,plain,"real: DEM sample (AWS Terrain Tiles (Skadi/SRTM1, ~30m, void-filled)), mean of 249/249 points along geometry (range 49.6-71.0m)","real: mean absolute gradient over the DEM elevation profile (249 points, see dem_processor.py)"
seg_386384637_0,57.1,1.72,plain,"real: DEM sample (AWS Terrain Tiles (Skadi/SRTM1, ~30m, void-filled)), mean of 16/16 points along geometry (range 52.5-63.5m)","real: mean absolute gradient over the DEM elevation profile (16 points, see dem_processor.py)"
seg_386384637_1,63.4,2.88,plain,"real: DEM sample (AWS Terrain Tiles (Skadi/SRTM1, ~30m, void-filled)), mean of 2/2 points along geometry (range 62.3-64.6m)","real: mean absolute gradient over the DEM elevation profile (2 points, see dem_processor.py)"
seg_386390129_0,60.2,1.99,plain,"real: DEM sample (AWS Terrain Tiles (Skadi/SRTM1, ~30m, void-filled)), mean of 23/23 points along geometry (range 57.1-64.0m)","real: mean absolute gradient over the DEM elevation profile (23 points, see dem_processor.py)"
seg_386390130_0,59.5,1.93,plain,"real: DEM sample (AWS Terrain Tiles (Skadi/SRTM1, ~30m, void-filled)), mean of 22/22 points along geometry (range 55.7-64.6m)","real: mean absolute gradient over the DEM elevation profile (22 points, see dem_processor.py)"
seg_386390131_0,73.3,1.41,plain,"real: DEM sample (AWS Terrain Tiles (Skadi/SRTM1, ~30m, void-filled)), mean of 6/6 points along geometry (range 72.2-73.9m)","real: mean absolute gradient over the DEM elevation profile (6 points, see dem_processor.py)"
seg_386390132_0,58.2,1.45,plain,"real: DEM sample (AWS Terrain Tiles (Skadi/SRTM1, ~30m, void-filled)), mean of 3/3 points along geometry (range 56.9-59.2m)","real: mean absolute gradient over the DEM elevation profile (3 points, see dem_processor.py)"
seg_386390133_0,58.2,1.63,plain,"real: DEM sample (AWS Terrain Tiles (Skadi/SRTM1, ~30m, void-filled)), mean of 3/3 points along geometry (range 56.7-60.4m)","real: mean absolute gradient over the DEM elevation profile (3 points, see dem_processor.py)"
seg_386390134_0,60.2,2.49,plain,"real: DEM sample (AWS Terrain Tiles (Skadi/SRTM1, ~30m, void-filled)), mean of 3/3 points along geometry (range 57.6-62.8m)","real: mean absolute gradient over the DEM elevation profile (3 points, see dem_processor.py)"
seg_386390135_0,60.2,3.78,plain,"real: DEM sample (AWS Terrain Tiles (Skadi/SRTM1, ~30m, void-filled)), mean of 3/3 points along geometry (range 56.4-64.6m)","real: mean absolute gradient over the DEM elevation profile (3 points, see dem_processor.py)"
seg_386390136_0,90.3,3.98,plain,"real: DEM sample (AWS Terrain Tiles (Skadi/SRTM1, ~30m, void-filled)), mean of 5/5 points along geometry (range 87.5-95.1m)","real: mean absolute gradient over the DEM elevation profile (5 points, see dem_processor.py)"
seg_386390136_1,96.8,3.48,plain,"real: DEM sample (AWS Terrain Tiles (Skadi/SRTM1, ~30m, void-filled)), mean of 8/8 points along geometry (range 95.1-97.9m)","real: mean absolute gradient over the DEM elevation profile (8 points, see dem_processor.py)"
seg_386390136_2,111.0,3.76,plain,"real: DEM sample (AWS Terrain Tiles (Skadi/SRTM1, ~30m, void-filled)), mean of 140/140 points along geometry (range 90.8-138.8m)","real: mean absolute gradient over the DEM elevation profile (140 points, see dem_processor.py)"
seg_386390136_3,135.1,2.54,plain,"real: DEM sample (AWS Terrain Tiles (Skadi/SRTM1, ~30m, void-filled)), mean of 95/95 points along geometry (range 127.0-144.3m)","real: mean absolute gradient over the DEM elevation profile (95 points, see dem_processor.py)"
seg_386390136_4,138.9,2.99,plain,"real: DEM sample (AWS Terrain Tiles (Skadi/SRTM1, ~30m, void-filled)), mean of 85/85 points along geometry (range 131.9-150.8m)","real: mean absolute gradient over the DEM elevation profile (85 points, see dem_processor.py)"
seg_386390136_5,133.8,4.7,plain,"real: DEM sample (AWS Terrain Tiles (Skadi/SRTM1, ~30m, void-filled)), mean of 9/9 points along geometry (range 131.0-136.1m)","real: mean absolute gradient over the DEM elevation profile (9 points, see dem_processor.py)"
seg_386390138_0,70.5,1.3,plain,"real: DEM sample (AWS Terrain Tiles (Skadi/SRTM1, ~30m, void-filled)), mean of 9/9 points along geometry (range 68.6-74.0m)","real: mean absolute gradient over the DEM elevation profile (9 points, see dem_processor.py)"
seg_386390139_0,85.7,2.1,plain,"real: DEM sample (AWS Terrain Tiles (Skadi/SRTM1, ~30m, void-filled)), mean of 10/10 points along geometry (range 84.8-87.5m)","real: mean absolute gradient over the DEM elevation profile (10 points, see dem_processor.py)"
seg_386390140_0,86.9,0.29,plain,"real: DEM sample (AWS Terrain Tiles (Skadi/SRTM1, ~30m, void-filled)), mean of 2/2 points along geometry (range 86.9-87.0m)","real: mean absolute gradient over the DEM elevation profile (2 points, see dem_processor.py)"
seg_386390140_1,91.3,5.02,plain,"real: DEM sample (AWS Terrain Tiles (Skadi/SRTM1, ~30m, void-filled)), mean of 37/37 points along geometry (range 84.2-104.5m)","real: mean absolute gradient over the DEM elevation profile (37 points, see dem_processor.py)"
seg_386390140_2,143.5,6.13,plain,"real: DEM sample (AWS Terrain Tiles (Skadi/SRTM1, ~30m, void-filled)), mean of 160/160 points along geometry (range 104.5-178.9m)","real: mean absolute gradient over the DEM elevation profile (160 points, see dem_processor.py)"
seg_386390140_3,110.5,3.18,plain,"real: DEM sample (AWS Terrain Tiles (Skadi/SRTM1, ~30m, void-filled)), mean of 126/126 points along geometry (range 70.0-157.6m)","real: mean absolute gradient over the DEM elevation profile (126 points, see dem_processor.py)"
seg_386390140_4,71.6,1.1,plain,"real: DEM sample (AWS Terrain Tiles (Skadi/SRTM1, ~30m, void-filled)), mean of 9/9 points along geometry (range 69.6-73.5m)","real: mean absolute gradient over the DEM elevation profile (9 points, see dem_processor.py)"
seg_386390140_5,69.3,1.1,plain,"real: DEM sample (AWS Terrain Tiles (Skadi/SRTM1, ~30m, void-filled)), mean of 5/5 points along geometry (range 68.1-70.6m)","real: mean absolute gradient over the DEM elevation profile (5 points, see dem_processor.py)"
seg_386390140_6,67.6,0.92,plain,"real: DEM sample (AWS Terrain Tiles (Skadi/SRTM1, ~30m, void-filled)), mean of 21/21 points along geometry (range 64.3-72.4m)","real: mean absolute gradient over the DEM elevation profile (21 points, see dem_processor.py)"
seg_386390140_7,66.8,1.02,plain,"real: DEM sample (AWS Terrain Tiles (Skadi/SRTM1, ~30m, void-filled)), mean of 22/22 points along geometry (range 62.9-69.9m)","real: mean absolute gradient over the DEM elevation profile (22 points, see dem_processor.py)"
seg_386390140_8,64.2,0.37,plain,"real: DEM sample (AWS Terrain Tiles (Skadi/SRTM1, ~30m, void-filled)), mean of 2/2 points along geometry (range 64.0-64.4m)","real: mean absolute gradient over the DEM elevation profile (2 points, see dem_processor.py)"
seg_386390141_0,70.2,1.41,plain,"real: DEM sample (AWS Terrain Tiles (Skadi/SRTM1, ~30m, void-filled)), mean of 9/9 points along geometry (range 68.0-72.4m)","real: mean absolute gradient over the DEM elevation profile (9 points, see dem_processor.py)"
seg_386390142_0,69.5,1.99,plain,"real: DEM sample (AWS Terrain Tiles (Skadi/SRTM1, ~30m, void-filled)), mean of 77/77 points along geometry (range 62.6-78.1m)","real: mean absolute gradient over the DEM elevation profile (77 points, see dem_processor.py)"
seg_386390142_1,62.4,1.81,plain,"real: DEM sample (AWS Terrain Tiles (Skadi/SRTM1, ~30m, void-filled)), mean of 22/22 points along geometry (range 56.5-65.9m)","real: mean absolute gradient over the DEM elevation profile (22 points, see dem_processor.py)"
seg_386390142_2,61.2,1.53,plain,"real: DEM sample (AWS Terrain Tiles (Skadi/SRTM1, ~30m, void-filled)), mean of 66/66 points along geometry (range 56.0-72.3m)","real: mean absolute gradient over the DEM elevation profile (66 points, see dem_processor.py)"
seg_386390142_3,69.7,3.82,plain,"real: DEM sample (AWS Terrain Tiles (Skadi/SRTM1, ~30m, void-filled)), mean of 33/33 points along geometry (range 59.2-77.0m)","real: mean absolute gradient over the DEM elevation profile (33 points, see dem_processor.py)"
seg_386390143_0,66.7,3.09,plain,"real: DEM sample (AWS Terrain Tiles (Skadi/SRTM1, ~30m, void-filled)), mean of 33/33 points along geometry (range 57.7-75.1m)","real: mean absolute gradient over the DEM elevation profile (33 points, see dem_processor.py)"
seg_386390143_1,62.0,1.67,plain,"real: DEM sample (AWS Terrain Tiles (Skadi/SRTM1, ~30m, void-filled)), mean of 62/62 points along geometry (range 55.7-75.5m)","real: mean absolute gradient over the DEM elevation profile (62 points, see dem_processor.py)"
seg_386390143_2,62.4,1.89,plain,"real: DEM sample (AWS Terrain Tiles (Skadi/SRTM1, ~30m, void-filled)), mean of 21/21 points along geometry (range 56.1-66.0m)","real: mean absolute gradient over the DEM elevation profile (21 points, see dem_processor.py)"
seg_386390143_3,69.8,2.09,plain,"real: DEM sample (AWS Terrain Tiles (Skadi/SRTM1, ~30m, void-filled)), mean of 75/75 points along geometry (range 62.8-79.5m)","real: mean absolute gradient over the DEM elevation profile (75 points, see dem_processor.py)"
seg_386390144_0,88.8,3.33,plain,"real: DEM sample (AWS Terrain Tiles (Skadi/SRTM1, ~30m, void-filled)), mean of 8/8 points along geometry (range 84.3-95.1m)","real: mean absolute gradient over the DEM elevation profile (8 points, see dem_processor.py)"
seg_386390145_0,71.9,0.91,plain,"real: DEM sample (AWS Terrain Tiles (Skadi/SRTM1, ~30m, void-filled)), mean of 7/7 points along geometry (range 70.9-72.4m)","real: mean absolute gradient over the DEM elevation profile (7 points, see dem_processor.py)"
seg_386390146_0,68.5,9.32,plain,"real: DEM sample (AWS Terrain Tiles (Skadi/SRTM1, ~30m, void-filled)), mean of 2/2 points along geometry (range 67.9-69.1m)","real: mean absolute gradient over the DEM elevation profile (2 points, see dem_processor.py)"
seg_387479829_0,69.6,0.63,plain,"real: DEM sample (AWS Terrain Tiles (Skadi/SRTM1, ~30m, void-filled)), mean of 10/10 points along geometry (range 68.3-70.5m)","real: mean absolute gradient over the DEM elevation profile (10 points, see dem_processor.py)"
seg_387479829_1,68.5,1.35,plain,"real: DEM sample (AWS Terrain Tiles (Skadi/SRTM1, ~30m, void-filled)), mean of 50/50 points along geometry (range 66.0-71.9m)","real: mean absolute gradient over the DEM elevation profile (50 points, see dem_processor.py)"
seg_389363496_0,83.7,2.81,plain,"real: DEM sample (AWS Terrain Tiles (Skadi/SRTM1, ~30m, void-filled)), mean of 2/2 points along geometry (range 82.4-85.0m)","real: mean absolute gradient over the DEM elevation profile (2 points, see dem_processor.py)"
seg_389363497_0,82.7,1.02,plain,"real: DEM sample (AWS Terrain Tiles (Skadi/SRTM1, ~30m, void-filled)), mean of 8/8 points along geometry (range 81.0-84.0m)","real: mean absolute gradient over the DEM elevation profile (8 points, see dem_processor.py)"
seg_391321284_0,72.7,0.83,plain,"real: DEM sample (AWS Terrain Tiles (Skadi/SRTM1, ~30m, void-filled)), mean of 17/17 points along geometry (range 68.1-75.9m)","real: mean absolute gradient over the DEM elevation profile (17 points, see dem_processor.py)"
seg_391321284_1,70.9,1.13,plain,"real: DEM sample (AWS Terrain Tiles (Skadi/SRTM1, ~30m, void-filled)), mean of 60/60 points along geometry (range 64.2-79.2m)","real: mean absolute gradient over the DEM elevation profile (60 points, see dem_processor.py)"
seg_391321284_2,65.2,1.31,plain,"real: DEM sample (AWS Terrain Tiles (Skadi/SRTM1, ~30m, void-filled)), mean of 22/22 points along geometry (range 62.8-67.9m)","real: mean absolute gradient over the DEM elevation profile (22 points, see dem_processor.py)"
seg_393657586_0,63.1,2.46,plain,"real: DEM sample (AWS Terrain Tiles (Skadi/SRTM1, ~30m, void-filled)), mean of 8/8 points along geometry (range 59.9-66.1m)","real: mean absolute gradient over the DEM elevation profile (8 points, see dem_processor.py)"
seg_393657586_1,58.5,1.79,plain,"real: DEM sample (AWS Terrain Tiles (Skadi/SRTM1, ~30m, void-filled)), mean of 13/13 points along geometry (range 55.8-65.3m)","real: mean absolute gradient over the DEM elevation profile (13 points, see dem_processor.py)"
seg_395997750_0,133.6,3.69,plain,"real: DEM sample (AWS Terrain Tiles (Skadi/SRTM1, ~30m, void-filled)), mean of 8/8 points along geometry (range 131.7-135.0m)","real: mean absolute gradient over the DEM elevation profile (8 points, see dem_processor.py)"
seg_395997750_1,136.6,2.62,plain,"real: DEM sample (AWS Terrain Tiles (Skadi/SRTM1, ~30m, void-filled)), mean of 147/147 points along geometry (range 126.8-151.2m)","real: mean absolute gradient over the DEM elevation profile (147 points, see dem_processor.py)"
seg_395997750_2,111.3,3.86,plain,"real: DEM sample (AWS Terrain Tiles (Skadi/SRTM1, ~30m, void-filled)), mean of 129/129 points along geometry (range 91.7-141.3m)","real: mean absolute gradient over the DEM elevation profile (129 points, see dem_processor.py)"
seg_395997750_3,91.4,2.7,plain,"real: DEM sample (AWS Terrain Tiles (Skadi/SRTM1, ~30m, void-filled)), mean of 16/16 points along geometry (range 86.1-95.9m)","real: mean absolute gradient over the DEM elevation profile (16 points, see dem_processor.py)"
seg_395997751_0,86.0,1.9,plain,"real: DEM sample (AWS Terrain Tiles (Skadi/SRTM1, ~30m, void-filled)), mean of 5/5 points along geometry (range 84.2-89.1m)","real: mean absolute gradient over the DEM elevation profile (5 points, see dem_processor.py)"
seg_395997752_0,87.3,3.87,plain,"real: DEM sample (AWS Terrain Tiles (Skadi/SRTM1, ~30m, void-filled)), mean of 15/15 points along geometry (range 83.0-95.7m)","real: mean absolute gradient over the DEM elevation profile (15 points, see dem_processor.py)"
seg_405840603_0,53.6,1.16,plain,"real: DEM sample (AWS Terrain Tiles (Skadi/SRTM1, ~30m, void-filled)), mean of 3/3 points along geometry (range 52.9-54.6m)","real: mean absolute gradient over the DEM elevation profile (3 points, see dem_processor.py)"
seg_405840603_1,54.0,0.84,plain,"real: DEM sample (AWS Terrain Tiles (Skadi/SRTM1, ~30m, void-filled)), mean of 5/5 points along geometry (range 53.0-54.6m)","real: mean absolute gradient over the DEM elevation profile (5 points, see dem_processor.py)"
seg_405840603_2,52.4,1.13,plain,"real: DEM sample (AWS Terrain Tiles (Skadi/SRTM1, ~30m, void-filled)), mean of 5/5 points along geometry (range 50.1-54.3m)","real: mean absolute gradient over the DEM elevation profile (5 points, see dem_processor.py)"
seg_405840603_3,56.3,1.28,plain,"real: DEM sample (AWS Terrain Tiles (Skadi/SRTM1, ~30m, void-filled)), mean of 34/34 points along geometry (range 50.1-59.0m)","real: mean absolute gradient over the DEM elevation profile (34 points, see dem_processor.py)"
seg_405840603_4,59.2,1.25,plain,"real: DEM sample (AWS Terrain Tiles (Skadi/SRTM1, ~30m, void-filled)), mean of 2/2 points along geometry (range 59.0-59.4m)","real: mean absolute gradient over the DEM elevation profile (2 points, see dem_processor.py)"
seg_405840604_0,56.6,2.88,plain,"real: DEM sample (AWS Terrain Tiles (Skadi/SRTM1, ~30m, void-filled)), mean of 11/11 points along geometry (range 50.0-59.3m)","real: mean absolute gradient over the DEM elevation profile (11 points, see dem_processor.py)"
seg_405840604_1,52.4,1.3,plain,"real: DEM sample (AWS Terrain Tiles (Skadi/SRTM1, ~30m, void-filled)), mean of 5/5 points along geometry (range 50.0-54.7m)","real: mean absolute gradient over the DEM elevation profile (5 points, see dem_processor.py)"
seg_405840604_2,54.0,0.92,plain,"real: DEM sample (AWS Terrain Tiles (Skadi/SRTM1, ~30m, void-filled)), mean of 7/7 points along geometry (range 53.2-55.3m)","real: mean absolute gradient over the DEM elevation profile (7 points, see dem_processor.py)"
seg_405840604_3,54.8,1.2,plain,"real: DEM sample (AWS Terrain Tiles (Skadi/SRTM1, ~30m, void-filled)), mean of 9/9 points along geometry (range 53.4-58.0m)","real: mean absolute gradient over the DEM elevation profile (9 points, see dem_processor.py)"
seg_405840604_4,70.1,2.58,plain,"real: DEM sample (AWS Terrain Tiles (Skadi/SRTM1, ~30m, void-filled)), mean of 15/15 points along geometry (range 58.0-83.1m)","real: mean absolute gradient over the DEM elevation profile (15 points, see dem_processor.py)"
seg_405840604_5,66.2,2.44,plain,"real: DEM sample (AWS Terrain Tiles (Skadi/SRTM1, ~30m, void-filled)), mean of 32/32 points along geometry (range 54.3-83.1m)","real: mean absolute gradient over the DEM elevation profile (32 points, see dem_processor.py)"
seg_405840604_6,56.6,1.39,plain,"real: DEM sample (AWS Terrain Tiles (Skadi/SRTM1, ~30m, void-filled)), mean of 22/22 points along geometry (range 53.4-58.9m)","real: mean absolute gradient over the DEM elevation profile (22 points, see dem_processor.py)"
seg_405840604_7,58.5,1.15,plain,"real: DEM sample (AWS Terrain Tiles (Skadi/SRTM1, ~30m, void-filled)), mean of 13/13 points along geometry (range 55.2-60.8m)","real: mean absolute gradient over the DEM elevation profile (13 points, see dem_processor.py)"
seg_405840604_8,61.4,1.53,plain,"real: DEM sample (AWS Terrain Tiles (Skadi/SRTM1, ~30m, void-filled)), mean of 6/6 points along geometry (range 60.3-62.5m)","real: mean absolute gradient over the DEM elevation profile (6 points, see dem_processor.py)"
seg_405840604_9,60.7,1.5,plain,"real: DEM sample (AWS Terrain Tiles (Skadi/SRTM1, ~30m, void-filled)), mean of 7/7 points along geometry (range 59.2-62.9m)","real: mean absolute gradient over the DEM elevation profile (7 points, see dem_processor.py)"
seg_405840605_0,59.7,1.42,plain,"real: DEM sample (AWS Terrain Tiles (Skadi/SRTM1, ~30m, void-filled)), mean of 7/7 points along geometry (range 57.4-61.0m)","real: mean absolute gradient over the DEM elevation profile (7 points, see dem_processor.py)"
seg_405840605_1,61.0,0.0,plain,"real: DEM sample (AWS Terrain Tiles (Skadi/SRTM1, ~30m, void-filled)), mean of 2/2 points along geometry (range 61.0-61.0m)","real: mean absolute gradient over the DEM elevation profile (2 points, see dem_processor.py)"
seg_405840605_2,61.0,0.0,plain,"real: DEM sample (AWS Terrain Tiles (Skadi/SRTM1, ~30m, void-filled)), mean of 5/5 points along geometry (range 61.0-61.0m)","real: mean absolute gradient over the DEM elevation profile (5 points, see dem_processor.py)"
seg_405840605_3,60.1,1.32,plain,"real: DEM sample (AWS Terrain Tiles (Skadi/SRTM1, ~30m, void-filled)), mean of 8/8 points along geometry (range 58.2-61.5m)","real: mean absolute gradient over the DEM elevation profile (8 points, see dem_processor.py)"
seg_405840606_0,60.0,1.69,plain,"real: DEM sample (AWS Terrain Tiles (Skadi/SRTM1, ~30m, void-filled)), mean of 3/3 points along geometry (range 59.2-61.0m)","real: mean absolute gradient over the DEM elevation profile (3 points, see dem_processor.py)"
seg_405840606_1,59.1,0.91,plain,"real: DEM sample (AWS Terrain Tiles (Skadi/SRTM1, ~30m, void-filled)), mean of 2/2 points along geometry (range 59.0-59.2m)","real: mean absolute gradient over the DEM elevation profile (2 points, see dem_processor.py)"
seg_405840606_2,58.7,0.46,plain,"real: DEM sample (AWS Terrain Tiles (Skadi/SRTM1, ~30m, void-filled)), mean of 10/10 points along geometry (range 58.0-59.3m)","real: mean absolute gradient over the DEM elevation profile (10 points, see dem_processor.py)"
seg_405840607_0,59.5,2.29,plain,"real: DEM sample (AWS Terrain Tiles (Skadi/SRTM1, ~30m, void-filled)), mean of 2/2 points along geometry (range 59.0-60.1m)","real: mean absolute gradient over the DEM elevation profile (2 points, see dem_processor.py)"
seg_405840610_0,62.8,0.93,plain,"real: DEM sample (AWS Terrain Tiles (Skadi/SRTM1, ~30m, void-filled)), mean of 61/61 points along geometry (range 57.9-67.7m)","real: mean absolute gradient over the DEM elevation profile (61 points, see dem_processor.py)"
seg_405840610_1,57.5,1.21,plain,"real: DEM sample (AWS Terrain Tiles (Skadi/SRTM1, ~30m, void-filled)), mean of 13/13 points along geometry (range 56.4-59.2m)","real: mean absolute gradient over the DEM elevation profile (13 points, see dem_processor.py)"
seg_407769473_0,78.6,1.11,plain,"real: DEM sample (AWS Terrain Tiles (Skadi/SRTM1, ~30m, void-filled)), mean of 56/56 points along geometry (range 66.6-83.3m)","real: mean absolute gradient over the DEM elevation profile (56 points, see dem_processor.py)"
seg_407995792_0,60.6,1.27,plain,"real: DEM sample (AWS Terrain Tiles (Skadi/SRTM1, ~30m, void-filled)), mean of 3/3 points along geometry (range 60.4-60.9m)","real: mean absolute gradient over the DEM elevation profile (3 points, see dem_processor.py)"
seg_407995793_0,59.0,0.96,plain,"real: DEM sample (AWS Terrain Tiles (Skadi/SRTM1, ~30m, void-filled)), mean of 13/13 points along geometry (range 57.9-60.1m)","real: mean absolute gradient over the DEM elevation profile (13 points, see dem_processor.py)"
seg_421591810_0,59.8,1.07,plain,"real: DEM sample (AWS Terrain Tiles (Skadi/SRTM1, ~30m, void-filled)), mean of 50/50 points along geometry (range 55.7-66.0m)","real: mean absolute gradient over the DEM elevation profile (50 points, see dem_processor.py)"
seg_421591816_0,60.9,0.33,plain,"real: DEM sample (AWS Terrain Tiles (Skadi/SRTM1, ~30m, void-filled)), mean of 2/2 points along geometry (range 60.8-61.0m)","real: mean absolute gradient over the DEM elevation profile (2 points, see dem_processor.py)"
seg_421591816_1,60.9,0.37,plain,"real: DEM sample (AWS Terrain Tiles (Skadi/SRTM1, ~30m, void-filled)), mean of 2/2 points along geometry (range 60.8-61.0m)","real: mean absolute gradient over the DEM elevation profile (2 points, see dem_processor.py)"
seg_421591816_2,59.9,1.75,plain,"real: DEM sample (AWS Terrain Tiles (Skadi/SRTM1, ~30m, void-filled)), mean of 6/6 points along geometry (range 57.1-61.4m)","real: mean absolute gradient over the DEM elevation profile (6 points, see dem_processor.py)"
seg_421591821_0,60.0,0.84,plain,"real: DEM sample (AWS Terrain Tiles (Skadi/SRTM1, ~30m, void-filled)), mean of 4/4 points along geometry (range 58.9-61.0m)","real: mean absolute gradient over the DEM elevation profile (4 points, see dem_processor.py)"
seg_421591821_1,60.9,0.22,plain,"real: DEM sample (AWS Terrain Tiles (Skadi/SRTM1, ~30m, void-filled)), mean of 2/2 points along geometry (range 60.9-61.0m)","real: mean absolute gradient over the DEM elevation profile (2 points, see dem_processor.py)"
seg_421591821_2,60.0,1.78,plain,"real: DEM sample (AWS Terrain Tiles (Skadi/SRTM1, ~30m, void-filled)), mean of 8/8 points along geometry (range 56.6-61.4m)","real: mean absolute gradient over the DEM elevation profile (8 points, see dem_processor.py)"
seg_421591822_0,59.5,1.33,plain,"real: DEM sample (AWS Terrain Tiles (Skadi/SRTM1, ~30m, void-filled)), mean of 9/9 points along geometry (range 56.9-61.2m)","real: mean absolute gradient over the DEM elevation profile (9 points, see dem_processor.py)"
seg_421591826_0,58.2,1.28,plain,"real: DEM sample (AWS Terrain Tiles (Skadi/SRTM1, ~30m, void-filled)), mean of 24/24 points along geometry (range 55.1-61.5m)","real: mean absolute gradient over the DEM elevation profile (24 points, see dem_processor.py)"
seg_431216810_0,50.7,1.26,plain,"real: DEM sample (AWS Terrain Tiles (Skadi/SRTM1, ~30m, void-filled)), mean of 56/56 points along geometry (range 46.9-54.9m)","real: mean absolute gradient over the DEM elevation profile (56 points, see dem_processor.py)"
seg_431216811_0,50.6,1.25,plain,"real: DEM sample (AWS Terrain Tiles (Skadi/SRTM1, ~30m, void-filled)), mean of 56/56 points along geometry (range 46.0-54.8m)","real: mean absolute gradient over the DEM elevation profile (56 points, see dem_processor.py)"
seg_431216811_1,52.1,1.56,plain,"real: DEM sample (AWS Terrain Tiles (Skadi/SRTM1, ~30m, void-filled)), mean of 3/3 points along geometry (range 51.3-52.9m)","real: mean absolute gradient over the DEM elevation profile (3 points, see dem_processor.py)"
seg_431220703_0,53.7,1.68,plain,"real: DEM sample (AWS Terrain Tiles (Skadi/SRTM1, ~30m, void-filled)), mean of 4/4 points along geometry (range 51.7-55.4m)","real: mean absolute gradient over the DEM elevation profile (4 points, see dem_processor.py)"
seg_431220703_1,56.9,1.56,plain,"real: DEM sample (AWS Terrain Tiles (Skadi/SRTM1, ~30m, void-filled)), mean of 65/65 points along geometry (range 51.4-64.8m)","real: mean absolute gradient over the DEM elevation profile (65 points, see dem_processor.py)"
seg_431220703_2,52.4,0.72,plain,"real: DEM sample (AWS Terrain Tiles (Skadi/SRTM1, ~30m, void-filled)), mean of 8/8 points along geometry (range 51.1-53.6m)","real: mean absolute gradient over the DEM elevation profile (8 points, see dem_processor.py)"
seg_431223046_0,51.7,1.38,plain,"real: DEM sample (AWS Terrain Tiles (Skadi/SRTM1, ~30m, void-filled)), mean of 4/4 points along geometry (range 51.0-53.0m)","real: mean absolute gradient over the DEM elevation profile (4 points, see dem_processor.py)"
seg_431223046_1,53.0,0.86,plain,"real: DEM sample (AWS Terrain Tiles (Skadi/SRTM1, ~30m, void-filled)), mean of 8/8 points along geometry (range 51.2-53.9m)","real: mean absolute gradient over the DEM elevation profile (8 points, see dem_processor.py)"
seg_431223046_2,53.7,0.91,plain,"real: DEM sample (AWS Terrain Tiles (Skadi/SRTM1, ~30m, void-filled)), mean of 20/20 points along geometry (range 51.7-56.4m)","real: mean absolute gradient over the DEM elevation profile (20 points, see dem_processor.py)"
seg_431223046_3,54.7,0.85,plain,"real: DEM sample (AWS Terrain Tiles (Skadi/SRTM1, ~30m, void-filled)), mean of 14/14 points along geometry (range 54.0-56.4m)","real: mean absolute gradient over the DEM elevation profile (14 points, see dem_processor.py)"
seg_431223046_4,54.4,0.75,plain,"real: DEM sample (AWS Terrain Tiles (Skadi/SRTM1, ~30m, void-filled)), mean of 11/11 points along geometry (range 53.2-55.3m)","real: mean absolute gradient over the DEM elevation profile (11 points, see dem_processor.py)"
seg_431223046_5,56.2,1.15,plain,"real: DEM sample (AWS Terrain Tiles (Skadi/SRTM1, ~30m, void-filled)), mean of 43/43 points along geometry (range 51.8-60.6m)","real: mean absolute gradient over the DEM elevation profile (43 points, see dem_processor.py)"
seg_431223046_6,54.5,1.62,plain,"real: DEM sample (AWS Terrain Tiles (Skadi/SRTM1, ~30m, void-filled)), mean of 3/3 points along geometry (range 53.9-54.9m)","real: mean absolute gradient over the DEM elevation profile (3 points, see dem_processor.py)"
seg_431223046_7,55.4,0.9,plain,"real: DEM sample (AWS Terrain Tiles (Skadi/SRTM1, ~30m, void-filled)), mean of 5/5 points along geometry (range 54.9-56.0m)","real: mean absolute gradient over the DEM elevation profile (5 points, see dem_processor.py)"
seg_431223046_8,52.6,0.96,plain,"real: DEM sample (AWS Terrain Tiles (Skadi/SRTM1, ~30m, void-filled)), mean of 28/28 points along geometry (range 50.1-56.0m)","real: mean absolute gradient over the DEM elevation profile (28 points, see dem_processor.py)"
seg_431237222_0,53.7,0.54,plain,"real: DEM sample (AWS Terrain Tiles (Skadi/SRTM1, ~30m, void-filled)), mean of 2/2 points along geometry (range 53.3-54.0m)","real: mean absolute gradient over the DEM elevation profile (2 points, see dem_processor.py)"
seg_431237222_1,53.1,0.95,plain,"real: DEM sample (AWS Terrain Tiles (Skadi/SRTM1, ~30m, void-filled)), mean of 31/31 points along geometry (range 50.0-56.0m)","real: mean absolute gradient over the DEM elevation profile (31 points, see dem_processor.py)"
seg_431237222_2,54.3,0.99,plain,"real: DEM sample (AWS Terrain Tiles (Skadi/SRTM1, ~30m, void-filled)), mean of 2/2 points along geometry (range 54.1-54.5m)","real: mean absolute gradient over the DEM elevation profile (2 points, see dem_processor.py)"
seg_431237223_0,54.0,0.86,plain,"real: DEM sample (AWS Terrain Tiles (Skadi/SRTM1, ~30m, void-filled)), mean of 6/6 points along geometry (range 52.6-54.8m)","real: mean absolute gradient over the DEM elevation profile (6 points, see dem_processor.py)"
seg_431237224_0,52.3,1.26,plain,"real: DEM sample (AWS Terrain Tiles (Skadi/SRTM1, ~30m, void-filled)), mean of 2/2 points along geometry (range 52.0-52.6m)","real: mean absolute gradient over the DEM elevation profile (2 points, see dem_processor.py)"
seg_431237225_0,56.2,1.31,plain,"real: DEM sample (AWS Terrain Tiles (Skadi/SRTM1, ~30m, void-filled)), mean of 23/23 points along geometry (range 54.0-57.9m)","real: mean absolute gradient over the DEM elevation profile (23 points, see dem_processor.py)"
seg_431237227_0,56.2,1.18,plain,"real: DEM sample (AWS Terrain Tiles (Skadi/SRTM1, ~30m, void-filled)), mean of 21/21 points along geometry (range 51.8-58.9m)","real: mean absolute gradient over the DEM elevation profile (21 points, see dem_processor.py)"
seg_431237227_1,56.2,0.49,plain,"real: DEM sample (AWS Terrain Tiles (Skadi/SRTM1, ~30m, void-filled)), mean of 4/4 points along geometry (range 55.9-56.6m)","real: mean absolute gradient over the DEM elevation profile (4 points, see dem_processor.py)"
seg_431237227_2,56.2,0.98,plain,"real: DEM sample (AWS Terrain Tiles (Skadi/SRTM1, ~30m, void-filled)), mean of 2/2 points along geometry (range 55.9-56.4m)","real: mean absolute gradient over the DEM elevation profile (2 points, see dem_processor.py)"
seg_431237228_0,54.3,1.05,plain,"real: DEM sample (AWS Terrain Tiles (Skadi/SRTM1, ~30m, void-filled)), mean of 42/42 points along geometry (range 50.9-57.4m)","real: mean absolute gradient over the DEM elevation profile (42 points, see dem_processor.py)"
seg_431237228_1,55.6,0.99,plain,"real: DEM sample (AWS Terrain Tiles (Skadi/SRTM1, ~30m, void-filled)), mean of 47/47 points along geometry (range 52.0-59.3m)","real: mean absolute gradient over the DEM elevation profile (47 points, see dem_processor.py)"
seg_448885366_0,57.0,0.0,plain,"real: DEM sample (AWS Terrain Tiles (Skadi/SRTM1, ~30m, void-filled)), mean of 2/2 points along geometry (range 57.0-57.0m)","real: mean absolute gradient over the DEM elevation profile (2 points, see dem_processor.py)"
seg_448885367_0,56.6,1.04,plain,"real: DEM sample (AWS Terrain Tiles (Skadi/SRTM1, ~30m, void-filled)), mean of 86/86 points along geometry (range 53.1-60.4m)","real: mean absolute gradient over the DEM elevation profile (86 points, see dem_processor.py)"
seg_459339984_0,54.2,1.56,plain,"real: DEM sample (AWS Terrain Tiles (Skadi/SRTM1, ~30m, void-filled)), mean of 2/2 points along geometry (range 53.9-54.5m)","real: mean absolute gradient over the DEM elevation profile (2 points, see dem_processor.py)"
seg_459339985_0,55.4,1.31,plain,"real: DEM sample (AWS Terrain Tiles (Skadi/SRTM1, ~30m, void-filled)), mean of 14/14 points along geometry (range 53.0-58.0m)","real: mean absolute gradient over the DEM elevation profile (14 points, see dem_processor.py)"
seg_459339985_1,56.1,0.63,plain,"real: DEM sample (AWS Terrain Tiles (Skadi/SRTM1, ~30m, void-filled)), mean of 3/3 points along geometry (range 56.0-56.4m)","real: mean absolute gradient over the DEM elevation profile (3 points, see dem_processor.py)"
seg_459339985_2,56.3,1.16,plain,"real: DEM sample (AWS Terrain Tiles (Skadi/SRTM1, ~30m, void-filled)), mean of 13/13 points along geometry (range 54.5-57.3m)","real: mean absolute gradient over the DEM elevation profile (13 points, see dem_processor.py)"
seg_461735602_0,86.7,1.31,plain,"real: DEM sample (AWS Terrain Tiles (Skadi/SRTM1, ~30m, void-filled)), mean of 5/5 points along geometry (range 86.4-86.9m)","real: mean absolute gradient over the DEM elevation profile (5 points, see dem_processor.py)"
seg_461940997_0,56.0,1.27,plain,"real: DEM sample (AWS Terrain Tiles (Skadi/SRTM1, ~30m, void-filled)), mean of 34/34 points along geometry (range 52.2-60.0m)","real: mean absolute gradient over the DEM elevation profile (34 points, see dem_processor.py)"
seg_461949860_0,57.4,0.75,plain,"real: DEM sample (AWS Terrain Tiles (Skadi/SRTM1, ~30m, void-filled)), mean of 4/4 points along geometry (range 57.0-58.2m)","real: mean absolute gradient over the DEM elevation profile (4 points, see dem_processor.py)"
seg_461949860_1,55.4,1.77,plain,"real: DEM sample (AWS Terrain Tiles (Skadi/SRTM1, ~30m, void-filled)), mean of 8/8 points along geometry (range 53.4-58.2m)","real: mean absolute gradient over the DEM elevation profile (8 points, see dem_processor.py)"
seg_461949861_0,56.9,0.74,plain,"real: DEM sample (AWS Terrain Tiles (Skadi/SRTM1, ~30m, void-filled)), mean of 3/3 points along geometry (range 56.9-57.0m)","real: mean absolute gradient over the DEM elevation profile (3 points, see dem_processor.py)"
seg_461949861_1,56.7,2.71,plain,"real: DEM sample (AWS Terrain Tiles (Skadi/SRTM1, ~30m, void-filled)), mean of 2/2 points along geometry (range 56.5-57.0m)","real: mean absolute gradient over the DEM elevation profile (2 points, see dem_processor.py)"
seg_461949861_2,56.0,3.12,plain,"real: DEM sample (AWS Terrain Tiles (Skadi/SRTM1, ~30m, void-filled)), mean of 4/4 points along geometry (range 55.6-56.5m)","real: mean absolute gradient over the DEM elevation profile (4 points, see dem_processor.py)"
seg_461949861_3,54.9,5.14,plain,"real: DEM sample (AWS Terrain Tiles (Skadi/SRTM1, ~30m, void-filled)), mean of 4/4 points along geometry (range 54.0-55.6m)","real: mean absolute gradient over the DEM elevation profile (4 points, see dem_processor.py)"
seg_461949861_4,53.5,4.01,plain,"real: DEM sample (AWS Terrain Tiles (Skadi/SRTM1, ~30m, void-filled)), mean of 3/3 points along geometry (range 53.1-54.0m)","real: mean absolute gradient over the DEM elevation profile (3 points, see dem_processor.py)"
seg_461949861_5,53.5,2.69,plain,"real: DEM sample (AWS Terrain Tiles (Skadi/SRTM1, ~30m, void-filled)), mean of 5/5 points along geometry (range 53.0-54.1m)","real: mean absolute gradient over the DEM elevation profile (5 points, see dem_processor.py)"
seg_461949861_6,54.4,3.88,plain,"real: DEM sample (AWS Terrain Tiles (Skadi/SRTM1, ~30m, void-filled)), mean of 3/3 points along geometry (range 54.1-54.7m)","real: mean absolute gradient over the DEM elevation profile (3 points, see dem_processor.py)"
seg_461949861_7,56.0,3.94,plain,"real: DEM sample (AWS Terrain Tiles (Skadi/SRTM1, ~30m, void-filled)), mean of 6/6 points along geometry (range 54.7-56.9m)","real: mean absolute gradient over the DEM elevation profile (6 points, see dem_processor.py)"
seg_461949945_0,56.7,1.5,plain,"real: DEM sample (AWS Terrain Tiles (Skadi/SRTM1, ~30m, void-filled)), mean of 9/9 points along geometry (range 55.3-57.4m)","real: mean absolute gradient over the DEM elevation profile (9 points, see dem_processor.py)"
seg_461952487_0,62.4,3.87,plain,"real: DEM sample (AWS Terrain Tiles (Skadi/SRTM1, ~30m, void-filled)), mean of 332/332 points along geometry (range 47.7-78.4m)","real: mean absolute gradient over the DEM elevation profile (332 points, see dem_processor.py)"
seg_479206974_0,53.4,1.18,plain,"real: DEM sample (AWS Terrain Tiles (Skadi/SRTM1, ~30m, void-filled)), mean of 33/33 points along geometry (range 49.7-57.0m)","real: mean absolute gradient over the DEM elevation profile (33 points, see dem_processor.py)"
seg_497502697_0,60.8,1.43,plain,"real: DEM sample (AWS Terrain Tiles (Skadi/SRTM1, ~30m, void-filled)), mean of 4/4 points along geometry (range 60.0-61.4m)","real: mean absolute gradient over the DEM elevation profile (4 points, see dem_processor.py)"
seg_497502697_1,60.7,1.35,plain,"real: DEM sample (AWS Terrain Tiles (Skadi/SRTM1, ~30m, void-filled)), mean of 17/17 points along geometry (range 59.5-62.0m)","real: mean absolute gradient over the DEM elevation profile (17 points, see dem_processor.py)"
seg_497502697_2,59.4,0.59,plain,"real: DEM sample (AWS Terrain Tiles (Skadi/SRTM1, ~30m, void-filled)), mean of 2/2 points along geometry (range 59.4-59.5m)","real: mean absolute gradient over the DEM elevation profile (2 points, see dem_processor.py)"
seg_497502701_0,59.8,1.75,plain,"real: DEM sample (AWS Terrain Tiles (Skadi/SRTM1, ~30m, void-filled)), mean of 11/11 points along geometry (range 58.0-61.7m)","real: mean absolute gradient over the DEM elevation profile (11 points, see dem_processor.py)"
seg_497502704_0,59.2,3.1,plain,"real: DEM sample (AWS Terrain Tiles (Skadi/SRTM1, ~30m, void-filled)), mean of 2/2 points along geometry (range 58.8-59.6m)","real: mean absolute gradient over the DEM elevation profile (2 points, see dem_processor.py)"
seg_497502726_0,121.5,4.82,plain,"real: DEM sample (AWS Terrain Tiles (Skadi/SRTM1, ~30m, void-filled)), mean of 101/101 points along geometry (range 63.7-159.6m)","real: mean absolute gradient over the DEM elevation profile (101 points, see dem_processor.py)"
seg_497520981_0,54.4,1.45,plain,"real: DEM sample (AWS Terrain Tiles (Skadi/SRTM1, ~30m, void-filled)), mean of 3/3 points along geometry (range 54.1-54.8m)","real: mean absolute gradient over the DEM elevation profile (3 points, see dem_processor.py)"
seg_497520981_1,56.5,1.31,plain,"real: DEM sample (AWS Terrain Tiles (Skadi/SRTM1, ~30m, void-filled)), mean of 8/8 points along geometry (range 54.0-58.9m)","real: mean absolute gradient over the DEM elevation profile (8 points, see dem_processor.py)"
seg_497520981_2,56.1,2.57,plain,"real: DEM sample (AWS Terrain Tiles (Skadi/SRTM1, ~30m, void-filled)), mean of 2/2 points along geometry (range 55.3-57.0m)","real: mean absolute gradient over the DEM elevation profile (2 points, see dem_processor.py)"
seg_497520981_3,58.0,1.31,plain,"real: DEM sample (AWS Terrain Tiles (Skadi/SRTM1, ~30m, void-filled)), mean of 9/9 points along geometry (range 55.3-60.0m)","real: mean absolute gradient over the DEM elevation profile (9 points, see dem_processor.py)"
seg_497520981_4,57.6,1.94,plain,"real: DEM sample (AWS Terrain Tiles (Skadi/SRTM1, ~30m, void-filled)), mean of 10/10 points along geometry (range 56.1-59.4m)","real: mean absolute gradient over the DEM elevation profile (10 points, see dem_processor.py)"
seg_497520981_5,57.2,1.15,plain,"real: DEM sample (AWS Terrain Tiles (Skadi/SRTM1, ~30m, void-filled)), mean of 4/4 points along geometry (range 56.0-58.0m)","real: mean absolute gradient over the DEM elevation profile (4 points, see dem_processor.py)"
seg_497520982_0,55.0,2.51,plain,"real: DEM sample (AWS Terrain Tiles (Skadi/SRTM1, ~30m, void-filled)), mean of 2/2 points along geometry (range 54.4-55.7m)","real: mean absolute gradient over the DEM elevation profile (2 points, see dem_processor.py)"
seg_497520984_0,55.4,2.12,plain,"real: DEM sample (AWS Terrain Tiles (Skadi/SRTM1, ~30m, void-filled)), mean of 2/2 points along geometry (range 55.0-55.8m)","real: mean absolute gradient over the DEM elevation profile (2 points, see dem_processor.py)"
seg_497520984_1,54.0,1.64,plain,"real: DEM sample (AWS Terrain Tiles (Skadi/SRTM1, ~30m, void-filled)), mean of 8/8 points along geometry (range 52.4-55.2m)","real: mean absolute gradient over the DEM elevation profile (8 points, see dem_processor.py)"
seg_497520985_0,55.9,0.75,plain,"real: DEM sample (AWS Terrain Tiles (Skadi/SRTM1, ~30m, void-filled)), mean of 2/2 points along geometry (range 55.8-56.1m)","real: mean absolute gradient over the DEM elevation profile (2 points, see dem_processor.py)"
seg_497520988_0,56.9,1.05,plain,"real: DEM sample (AWS Terrain Tiles (Skadi/SRTM1, ~30m, void-filled)), mean of 21/21 points along geometry (range 54.1-59.9m)","real: mean absolute gradient over the DEM elevation profile (21 points, see dem_processor.py)"
seg_497520989_0,53.8,1.3,plain,"real: DEM sample (AWS Terrain Tiles (Skadi/SRTM1, ~30m, void-filled)), mean of 2/2 points along geometry (range 53.6-54.1m)","real: mean absolute gradient over the DEM elevation profile (2 points, see dem_processor.py)"
seg_497520990_0,57.5,1.91,plain,"real: DEM sample (AWS Terrain Tiles (Skadi/SRTM1, ~30m, void-filled)), mean of 2/2 points along geometry (range 57.3-57.8m)","real: mean absolute gradient over the DEM elevation profile (2 points, see dem_processor.py)"
seg_497520991_0,56.6,2.6,plain,"real: DEM sample (AWS Terrain Tiles (Skadi/SRTM1, ~30m, void-filled)), mean of 2/2 points along geometry (range 56.0-57.3m)","real: mean absolute gradient over the DEM elevation profile (2 points, see dem_processor.py)"
seg_497524496_0,62.6,1.58,plain,"real: DEM sample (AWS Terrain Tiles (Skadi/SRTM1, ~30m, void-filled)), mean of 2/2 points along geometry (range 62.5-62.7m)","real: mean absolute gradient over the DEM elevation profile (2 points, see dem_processor.py)"
seg_497524502_0,53.3,1.64,plain,"real: DEM sample (AWS Terrain Tiles (Skadi/SRTM1, ~30m, void-filled)), mean of 55/55 points along geometry (range 49.8-56.7m)","real: mean absolute gradient over the DEM elevation profile (55 points, see dem_processor.py)"
seg_497524503_0,53.8,0.99,plain,"real: DEM sample (AWS Terrain Tiles (Skadi/SRTM1, ~30m, void-filled)), mean of 22/22 points along geometry (range 51.0-55.5m)","real: mean absolute gradient over the DEM elevation profile (22 points, see dem_processor.py)"
seg_497524503_1,51.4,2.03,plain,"real: DEM sample (AWS Terrain Tiles (Skadi/SRTM1, ~30m, void-filled)), mean of 18/18 points along geometry (range 47.0-53.5m)","real: mean absolute gradient over the DEM elevation profile (18 points, see dem_processor.py)"
seg_507463415_0,1585.0,2.75,mountain,"real: DEM sample (AWS Terrain Tiles (Skadi/SRTM1, ~30m, void-filled)), mean of 67/67 points along geometry (range 1569.3-1612.7m)","real: mean absolute gradient over the DEM elevation profile (67 points, see dem_processor.py)"
seg_507819474_0,53.4,1.28,plain,"real: DEM sample (AWS Terrain Tiles (Skadi/SRTM1, ~30m, void-filled)), mean of 5/5 points along geometry (range 50.9-55.2m)","real: mean absolute gradient over the DEM elevation profile (5 points, see dem_processor.py)"
seg_507819525_0,59.3,2.34,plain,"real: DEM sample (AWS Terrain Tiles (Skadi/SRTM1, ~30m, void-filled)), mean of 9/9 points along geometry (range 57.3-63.4m)","real: mean absolute gradient over the DEM elevation profile (9 points, see dem_processor.py)"
seg_507819548_0,55.0,1.28,plain,"real: DEM sample (AWS Terrain Tiles (Skadi/SRTM1, ~30m, void-filled)), mean of 7/7 points along geometry (range 53.6-57.0m)","real: mean absolute gradient over the DEM elevation profile (7 points, see dem_processor.py)"
seg_508130609_0,73.5,2.27,plain,"real: DEM sample (AWS Terrain Tiles (Skadi/SRTM1, ~30m, void-filled)), mean of 65/65 points along geometry (range 65.1-81.5m)","real: mean absolute gradient over the DEM elevation profile (65 points, see dem_processor.py)"
seg_508333037_0,51.6,1.94,plain,"real: DEM sample (AWS Terrain Tiles (Skadi/SRTM1, ~30m, void-filled)), mean of 5/5 points along geometry (range 50.2-53.1m)","real: mean absolute gradient over the DEM elevation profile (5 points, see dem_processor.py)"
seg_508333037_1,52.9,1.61,plain,"real: DEM sample (AWS Terrain Tiles (Skadi/SRTM1, ~30m, void-filled)), mean of 173/173 points along geometry (range 46.6-63.3m)","real: mean absolute gradient over the DEM elevation profile (173 points, see dem_processor.py)"
seg_508338574_0,57.1,1.77,plain,"real: DEM sample (AWS Terrain Tiles (Skadi/SRTM1, ~30m, void-filled)), mean of 2/2 points along geometry (range 57.0-57.2m)","real: mean absolute gradient over the DEM elevation profile (2 points, see dem_processor.py)"
seg_508340155_0,58.1,1.74,plain,"real: DEM sample (AWS Terrain Tiles (Skadi/SRTM1, ~30m, void-filled)), mean of 2/2 points along geometry (range 58.0-58.2m)","real: mean absolute gradient over the DEM elevation profile (2 points, see dem_processor.py)"
seg_508340345_0,58.2,1.46,plain,"real: DEM sample (AWS Terrain Tiles (Skadi/SRTM1, ~30m, void-filled)), mean of 2/2 points along geometry (range 58.1-58.3m)","real: mean absolute gradient over the DEM elevation profile (2 points, see dem_processor.py)"
seg_508340347_0,57.5,0.02,plain,"real: DEM sample (AWS Terrain Tiles (Skadi/SRTM1, ~30m, void-filled)), mean of 2/2 points along geometry (range 57.5-57.5m)","real: mean absolute gradient over the DEM elevation profile (2 points, see dem_processor.py)"
seg_508340348_0,59.7,1.46,plain,"real: DEM sample (AWS Terrain Tiles (Skadi/SRTM1, ~30m, void-filled)), mean of 2/2 points along geometry (range 59.6-59.8m)","real: mean absolute gradient over the DEM elevation profile (2 points, see dem_processor.py)"
seg_508351469_0,64.0,1.7,plain,"real: DEM sample (AWS Terrain Tiles (Skadi/SRTM1, ~30m, void-filled)), mean of 12/12 points along geometry (range 60.6-67.9m)","real: mean absolute gradient over the DEM elevation profile (12 points, see dem_processor.py)"
seg_508372269_0,54.4,1.1,plain,"real: DEM sample (AWS Terrain Tiles (Skadi/SRTM1, ~30m, void-filled)), mean of 2/2 points along geometry (range 53.8-55.0m)","real: mean absolute gradient over the DEM elevation profile (2 points, see dem_processor.py)"
seg_508372271_0,53.9,0.96,plain,"real: DEM sample (AWS Terrain Tiles (Skadi/SRTM1, ~30m, void-filled)), mean of 21/21 points along geometry (range 51.0-56.4m)","real: mean absolute gradient over the DEM elevation profile (21 points, see dem_processor.py)"
seg_508372459_0,54.6,0.97,plain,"real: DEM sample (AWS Terrain Tiles (Skadi/SRTM1, ~30m, void-filled)), mean of 83/83 points along geometry (range 51.0-58.3m)","real: mean absolute gradient over the DEM elevation profile (83 points, see dem_processor.py)"
seg_508372514_0,52.0,2.08,plain,"real: DEM sample (AWS Terrain Tiles (Skadi/SRTM1, ~30m, void-filled)), mean of 43/43 points along geometry (range 44.2-57.7m)","real: mean absolute gradient over the DEM elevation profile (43 points, see dem_processor.py)"
seg_508399298_0,58.4,0.92,plain,"real: DEM sample (AWS Terrain Tiles (Skadi/SRTM1, ~30m, void-filled)), mean of 6/6 points along geometry (range 57.7-59.4m)","real: mean absolute gradient over the DEM elevation profile (6 points, see dem_processor.py)"
seg_508399298_1,60.1,1.27,plain,"real: DEM sample (AWS Terrain Tiles (Skadi/SRTM1, ~30m, void-filled)), mean of 10/10 points along geometry (range 59.0-61.9m)","real: mean absolute gradient over the DEM elevation profile (10 points, see dem_processor.py)"
seg_508399320_0,67.3,2.99,plain,"real: DEM sample (AWS Terrain Tiles (Skadi/SRTM1, ~30m, void-filled)), mean of 162/162 points along geometry (range 54.4-82.3m)","real: mean absolute gradient over the DEM elevation profile (162 points, see dem_processor.py)"
seg_508414076_0,61.6,1.3,plain,"real: DEM sample (AWS Terrain Tiles (Skadi/SRTM1, ~30m, void-filled)), mean of 64/64 points along geometry (range 57.5-65.0m)","real: mean absolute gradient over the DEM elevation profile (64 points, see dem_processor.py)"
seg_508414105_0,57.1,2.56,plain,"real: DEM sample (AWS Terrain Tiles (Skadi/SRTM1, ~30m, void-filled)), mean of 2/2 points along geometry (range 56.0-58.2m)","real: mean absolute gradient over the DEM elevation profile (2 points, see dem_processor.py)"
seg_508414105_1,60.5,1.86,plain,"real: DEM sample (AWS Terrain Tiles (Skadi/SRTM1, ~30m, void-filled)), mean of 9/9 points along geometry (range 56.9-64.4m)","real: mean absolute gradient over the DEM elevation profile (9 points, see dem_processor.py)"
seg_508422339_0,60.0,0.9,plain,"real: DEM sample (AWS Terrain Tiles (Skadi/SRTM1, ~30m, void-filled)), mean of 21/21 points along geometry (range 57.3-61.9m)","real: mean absolute gradient over the DEM elevation profile (21 points, see dem_processor.py)"
seg_508535624_0,65.5,0.56,plain,"real: DEM sample (AWS Terrain Tiles (Skadi/SRTM1, ~30m, void-filled)), mean of 3/3 points along geometry (range 65.0-65.8m)","real: mean absolute gradient over the DEM elevation profile (3 points, see dem_processor.py)"
seg_508535878_0,71.6,2.21,plain,"real: DEM sample (AWS Terrain Tiles (Skadi/SRTM1, ~30m, void-filled)), mean of 7/7 points along geometry (range 70.2-73.3m)","real: mean absolute gradient over the DEM elevation profile (7 points, see dem_processor.py)"
seg_508665336_0,59.6,1.55,plain,"real: DEM sample (AWS Terrain Tiles (Skadi/SRTM1, ~30m, void-filled)), mean of 5/5 points along geometry (range 58.3-61.3m)","real: mean absolute gradient over the DEM elevation profile (5 points, see dem_processor.py)"
seg_508670974_0,113.7,5.43,plain,"real: DEM sample (AWS Terrain Tiles (Skadi/SRTM1, ~30m, void-filled)), mean of 74/74 points along geometry (range 89.1-144.4m)","real: mean absolute gradient over the DEM elevation profile (74 points, see dem_processor.py)"
seg_508670974_1,129.5,5.47,plain,"real: DEM sample (AWS Terrain Tiles (Skadi/SRTM1, ~30m, void-filled)), mean of 27/27 points along geometry (range 122.8-141.2m)","real: mean absolute gradient over the DEM elevation profile (27 points, see dem_processor.py)"
seg_508682546_0,52.7,1.54,plain,"real: DEM sample (AWS Terrain Tiles (Skadi/SRTM1, ~30m, void-filled)), mean of 13/13 points along geometry (range 50.2-54.5m)","real: mean absolute gradient over the DEM elevation profile (13 points, see dem_processor.py)"
seg_508682548_0,50.7,2.23,plain,"real: DEM sample (AWS Terrain Tiles (Skadi/SRTM1, ~30m, void-filled)), mean of 30/30 points along geometry (range 37.4-67.4m)","real: mean absolute gradient over the DEM elevation profile (30 points, see dem_processor.py)"
seg_508682549_0,54.7,1.55,plain,"real: DEM sample (AWS Terrain Tiles (Skadi/SRTM1, ~30m, void-filled)), mean of 38/38 points along geometry (range 48.5-62.0m)","real: mean absolute gradient over the DEM elevation profile (38 points, see dem_processor.py)"
seg_508686071_0,60.9,5.95,plain,"real: DEM sample (AWS Terrain Tiles (Skadi/SRTM1, ~30m, void-filled)), mean of 7/7 points along geometry (range 56.1-64.4m)","real: mean absolute gradient over the DEM elevation profile (7 points, see dem_processor.py)"
seg_508686075_0,50.8,0.68,plain,"real: DEM sample (AWS Terrain Tiles (Skadi/SRTM1, ~30m, void-filled)), mean of 8/8 points along geometry (range 50.5-51.0m)","real: mean absolute gradient over the DEM elevation profile (8 points, see dem_processor.py)"
seg_508686078_0,56.9,2.44,plain,"real: DEM sample (AWS Terrain Tiles (Skadi/SRTM1, ~30m, void-filled)), mean of 4/4 points along geometry (range 52.3-59.2m)","real: mean absolute gradient over the DEM elevation profile (4 points, see dem_processor.py)"
seg_508686081_0,58.4,3.32,plain,"real: DEM sample (AWS Terrain Tiles (Skadi/SRTM1, ~30m, void-filled)), mean of 6/6 points along geometry (range 52.9-61.3m)","real: mean absolute gradient over the DEM elevation profile (6 points, see dem_processor.py)"
seg_508686084_0,51.0,2.46,plain,"real: DEM sample (AWS Terrain Tiles (Skadi/SRTM1, ~30m, void-filled)), mean of 8/8 points along geometry (range 50.0-54.8m)","real: mean absolute gradient over the DEM elevation profile (8 points, see dem_processor.py)"
seg_508686087_0,53.5,2.79,plain,"real: DEM sample (AWS Terrain Tiles (Skadi/SRTM1, ~30m, void-filled)), mean of 25/25 points along geometry (range 49.0-60.3m)","real: mean absolute gradient over the DEM elevation profile (25 points, see dem_processor.py)"
seg_508686089_0,51.9,0.86,plain,"real: DEM sample (AWS Terrain Tiles (Skadi/SRTM1, ~30m, void-filled)), mean of 11/11 points along geometry (range 50.4-53.0m)","real: mean absolute gradient over the DEM elevation profile (11 points, see dem_processor.py)"
seg_508686095_0,53.0,2.0,plain,"real: DEM sample (AWS Terrain Tiles (Skadi/SRTM1, ~30m, void-filled)), mean of 4/4 points along geometry (range 51.2-54.8m)","real: mean absolute gradient over the DEM elevation profile (4 points, see dem_processor.py)"
seg_508686095_1,53.8,2.79,plain,"real: DEM sample (AWS Terrain Tiles (Skadi/SRTM1, ~30m, void-filled)), mean of 5/5 points along geometry (range 51.0-56.6m)","real: mean absolute gradient over the DEM elevation profile (5 points, see dem_processor.py)"
seg_508686095_2,51.9,1.12,plain,"real: DEM sample (AWS Terrain Tiles (Skadi/SRTM1, ~30m, void-filled)), mean of 3/3 points along geometry (range 51.0-53.0m)","real: mean absolute gradient over the DEM elevation profile (3 points, see dem_processor.py)"
seg_508686096_0,53.4,1.9,plain,"real: DEM sample (AWS Terrain Tiles (Skadi/SRTM1, ~30m, void-filled)), mean of 7/7 points along geometry (range 51.4-56.3m)","real: mean absolute gradient over the DEM elevation profile (7 points, see dem_processor.py)"
seg_508686096_1,52.7,1.78,plain,"real: DEM sample (AWS Terrain Tiles (Skadi/SRTM1, ~30m, void-filled)), mean of 4/4 points along geometry (range 51.6-54.3m)","real: mean absolute gradient over the DEM elevation profile (4 points, see dem_processor.py)"
seg_508686097_0,51.7,1.52,plain,"real: DEM sample (AWS Terrain Tiles (Skadi/SRTM1, ~30m, void-filled)), mean of 4/4 points along geometry (range 50.8-53.0m)","real: mean absolute gradient over the DEM elevation profile (4 points, see dem_processor.py)"
seg_508686097_1,54.7,2.76,plain,"real: DEM sample (AWS Terrain Tiles (Skadi/SRTM1, ~30m, void-filled)), mean of 5/5 points along geometry (range 50.8-58.8m)","real: mean absolute gradient over the DEM elevation profile (5 points, see dem_processor.py)"
seg_508686097_2,58.9,0.85,plain,"real: DEM sample (AWS Terrain Tiles (Skadi/SRTM1, ~30m, void-filled)), mean of 2/2 points along geometry (range 58.8-59.0m)","real: mean absolute gradient over the DEM elevation profile (2 points, see dem_processor.py)"
seg_508686099_0,61.1,0.5,plain,"real: DEM sample (AWS Terrain Tiles (Skadi/SRTM1, ~30m, void-filled)), mean of 2/2 points along geometry (range 60.8-61.3m)","real: mean absolute gradient over the DEM elevation profile (2 points, see dem_processor.py)"
seg_508686099_1,52.8,1.67,plain,"real: DEM sample (AWS Terrain Tiles (Skadi/SRTM1, ~30m, void-filled)), mean of 14/14 points along geometry (range 49.7-60.8m)","real: mean absolute gradient over the DEM elevation profile (14 points, see dem_processor.py)"
seg_508686100_0,54.6,1.6,plain,"real: DEM sample (AWS Terrain Tiles (Skadi/SRTM1, ~30m, void-filled)), mean of 2/2 points along geometry (range 54.1-55.2m)","real: mean absolute gradient over the DEM elevation profile (2 points, see dem_processor.py)"
seg_508686101_0,51.6,1.56,plain,"real: DEM sample (AWS Terrain Tiles (Skadi/SRTM1, ~30m, void-filled)), mean of 12/12 points along geometry (range 50.2-54.4m)","real: mean absolute gradient over the DEM elevation profile (12 points, see dem_processor.py)"
seg_508686103_0,53.4,0.88,plain,"real: DEM sample (AWS Terrain Tiles (Skadi/SRTM1, ~30m, void-filled)), mean of 31/31 points along geometry (range 50.3-56.6m)","real: mean absolute gradient over the DEM elevation profile (31 points, see dem_processor.py)"
seg_508686106_0,54.3,1.36,plain,"real: DEM sample (AWS Terrain Tiles (Skadi/SRTM1, ~30m, void-filled)), mean of 10/10 points along geometry (range 52.6-55.9m)","real: mean absolute gradient over the DEM elevation profile (10 points, see dem_processor.py)"
seg_508689386_0,62.1,1.17,plain,"real: DEM sample (AWS Terrain Tiles (Skadi/SRTM1, ~30m, void-filled)), mean of 5/5 points along geometry (range 60.5-64.1m)","real: mean absolute gradient over the DEM elevation profile (5 points, see dem_processor.py)"
seg_508689386_1,60.7,1.71,plain,"real: DEM sample (AWS Terrain Tiles (Skadi/SRTM1, ~30m, void-filled)), mean of 2/2 points along geometry (range 60.6-60.9m)","real: mean absolute gradient over the DEM elevation profile (2 points, see dem_processor.py)"
seg_508689386_2,62.8,2.01,plain,"real: DEM sample (AWS Terrain Tiles (Skadi/SRTM1, ~30m, void-filled)), mean of 5/5 points along geometry (range 60.8-64.7m)","real: mean absolute gradient over the DEM elevation profile (5 points, see dem_processor.py)"
seg_508689386_3,62.8,1.13,plain,"real: DEM sample (AWS Terrain Tiles (Skadi/SRTM1, ~30m, void-filled)), mean of 5/5 points along geometry (range 60.8-64.1m)","real: mean absolute gradient over the DEM elevation profile (5 points, see dem_processor.py)"
seg_508689388_0,55.4,0.89,plain,"real: DEM sample (AWS Terrain Tiles (Skadi/SRTM1, ~30m, void-filled)), mean of 3/3 points along geometry (range 54.0-56.1m)","real: mean absolute gradient over the DEM elevation profile (3 points, see dem_processor.py)"
seg_508689389_0,55.3,2.64,plain,"real: DEM sample (AWS Terrain Tiles (Skadi/SRTM1, ~30m, void-filled)), mean of 2/2 points along geometry (range 54.0-56.6m)","real: mean absolute gradient over the DEM elevation profile (2 points, see dem_processor.py)"
seg_508977077_0,52.2,1.62,plain,"real: DEM sample (AWS Terrain Tiles (Skadi/SRTM1, ~30m, void-filled)), mean of 8/8 points along geometry (range 50.5-54.0m)","real: mean absolute gradient over the DEM elevation profile (8 points, see dem_processor.py)"
seg_509093239_0,62.5,3.14,plain,"real: DEM sample (AWS Terrain Tiles (Skadi/SRTM1, ~30m, void-filled)), mean of 27/27 points along geometry (range 56.3-75.3m)","real: mean absolute gradient over the DEM elevation profile (27 points, see dem_processor.py)"
seg_509093274_0,82.9,2.71,plain,"real: DEM sample (AWS Terrain Tiles (Skadi/SRTM1, ~30m, void-filled)), mean of 50/50 points along geometry (range 74.9-101.7m)","real: mean absolute gradient over the DEM elevation profile (50 points, see dem_processor.py)"
seg_510186674_0,53.8,2.12,plain,"real: DEM sample (AWS Terrain Tiles (Skadi/SRTM1, ~30m, void-filled)), mean of 69/69 points along geometry (range 48.4-58.8m)","real: mean absolute gradient over the DEM elevation profile (69 points, see dem_processor.py)"
seg_510343702_0,55.0,2.47,plain,"real: DEM sample (AWS Terrain Tiles (Skadi/SRTM1, ~30m, void-filled)), mean of 187/187 points along geometry (range 48.1-65.5m)","real: mean absolute gradient over the DEM elevation profile (187 points, see dem_processor.py)"
seg_510419357_0,53.0,1.12,plain,"real: DEM sample (AWS Terrain Tiles (Skadi/SRTM1, ~30m, void-filled)), mean of 2/2 points along geometry (range 52.5-53.6m)","real: mean absolute gradient over the DEM elevation profile (2 points, see dem_processor.py)"
seg_510453156_0,55.2,3.03,plain,"real: DEM sample (AWS Terrain Tiles (Skadi/SRTM1, ~30m, void-filled)), mean of 4/4 points along geometry (range 54.2-56.0m)","real: mean absolute gradient over the DEM elevation profile (4 points, see dem_processor.py)"
seg_510453156_1,64.9,7.9,plain,"real: DEM sample (AWS Terrain Tiles (Skadi/SRTM1, ~30m, void-filled)), mean of 8/8 points along geometry (range 56.0-71.4m)","real: mean absolute gradient over the DEM elevation profile (8 points, see dem_processor.py)"
seg_510453157_0,58.5,6.91,plain,"real: DEM sample (AWS Terrain Tiles (Skadi/SRTM1, ~30m, void-filled)), mean of 5/5 points along geometry (range 56.0-63.9m)","real: mean absolute gradient over the DEM elevation profile (5 points, see dem_processor.py)"
seg_511187551_0,54.1,1.55,plain,"real: DEM sample (AWS Terrain Tiles (Skadi/SRTM1, ~30m, void-filled)), mean of 49/49 points along geometry (range 50.4-58.2m)","real: mean absolute gradient over the DEM elevation profile (49 points, see dem_processor.py)"
seg_511204936_0,49.1,1.67,plain,"real: DEM sample (AWS Terrain Tiles (Skadi/SRTM1, ~30m, void-filled)), mean of 50/50 points along geometry (range 45.6-56.7m)","real: mean absolute gradient over the DEM elevation profile (50 points, see dem_processor.py)"
seg_511222631_0,54.3,0.89,plain,"real: DEM sample (AWS Terrain Tiles (Skadi/SRTM1, ~30m, void-filled)), mean of 55/55 points along geometry (range 50.1-57.6m)","real: mean absolute gradient over the DEM elevation profile (55 points, see dem_processor.py)"
seg_511222631_1,55.3,1.38,plain,"real: DEM sample (AWS Terrain Tiles (Skadi/SRTM1, ~30m, void-filled)), mean of 37/37 points along geometry (range 51.9-57.0m)","real: mean absolute gradient over the DEM elevation profile (37 points, see dem_processor.py)"
seg_511223689_0,53.8,1.75,plain,"real: DEM sample (AWS Terrain Tiles (Skadi/SRTM1, ~30m, void-filled)), mean of 54/54 points along geometry (range 47.0-62.7m)","real: mean absolute gradient over the DEM elevation profile (54 points, see dem_processor.py)"
seg_511223689_1,57.1,2.44,plain,"real: DEM sample (AWS Terrain Tiles (Skadi/SRTM1, ~30m, void-filled)), mean of 43/43 points along geometry (range 49.3-66.3m)","real: mean absolute gradient over the DEM elevation profile (43 points, see dem_processor.py)"
seg_511226643_0,54.7,1.47,plain,"real: DEM sample (AWS Terrain Tiles (Skadi/SRTM1, ~30m, void-filled)), mean of 26/26 points along geometry (range 50.1-56.7m)","real: mean absolute gradient over the DEM elevation profile (26 points, see dem_processor.py)"
seg_511233664_0,53.9,1.57,plain,"real: DEM sample (AWS Terrain Tiles (Skadi/SRTM1, ~30m, void-filled)), mean of 27/27 points along geometry (range 49.7-57.2m)","real: mean absolute gradient over the DEM elevation profile (27 points, see dem_processor.py)"
seg_511241181_0,54.0,1.1,plain,"real: DEM sample (AWS Terrain Tiles (Skadi/SRTM1, ~30m, void-filled)), mean of 12/12 points along geometry (range 52.0-55.7m)","real: mean absolute gradient over the DEM elevation profile (12 points, see dem_processor.py)"
seg_511241181_1,55.4,0.94,plain,"real: DEM sample (AWS Terrain Tiles (Skadi/SRTM1, ~30m, void-filled)), mean of 3/3 points along geometry (range 55.0-55.7m)","real: mean absolute gradient over the DEM elevation profile (3 points, see dem_processor.py)"
seg_511241181_2,53.6,1.4,plain,"real: DEM sample (AWS Terrain Tiles (Skadi/SRTM1, ~30m, void-filled)), mean of 43/43 points along geometry (range 48.0-57.5m)","real: mean absolute gradient over the DEM elevation profile (43 points, see dem_processor.py)"
seg_511241181_3,53.2,1.17,plain,"real: DEM sample (AWS Terrain Tiles (Skadi/SRTM1, ~30m, void-filled)), mean of 137/137 points along geometry (range 48.4-57.8m)","real: mean absolute gradient over the DEM elevation profile (137 points, see dem_processor.py)"
seg_513054988_0,1164.8,19.1,hill,"real: DEM sample (AWS Terrain Tiles (Skadi/SRTM1, ~30m, void-filled)), mean of 2/2 points along geometry (range 1155.3-1174.2m)","real: mean absolute gradient over the DEM elevation profile (2 points, see dem_processor.py)"
seg_513054989_0,1703.3,7.93,mountain,"real: DEM sample (AWS Terrain Tiles (Skadi/SRTM1, ~30m, void-filled)), mean of 173/173 points along geometry (range 1615.6-1809.3m)","real: mean absolute gradient over the DEM elevation profile (173 points, see dem_processor.py)"
seg_513054989_1,1461.4,8.21,hill,"real: DEM sample (AWS Terrain Tiles (Skadi/SRTM1, ~30m, void-filled)), mean of 287/287 points along geometry (range 1287.0-1627.1m)","real: mean absolute gradient over the DEM elevation profile (287 points, see dem_processor.py)"
seg_513054989_2,1282.9,10.99,hill,"real: DEM sample (AWS Terrain Tiles (Skadi/SRTM1, ~30m, void-filled)), mean of 5/5 points along geometry (range 1279.5-1287.9m)","real: mean absolute gradient over the DEM elevation profile (5 points, see dem_processor.py)"
seg_513054989_3,1215.8,6.02,hill,"real: DEM sample (AWS Terrain Tiles (Skadi/SRTM1, ~30m, void-filled)), mean of 89/89 points along geometry (range 1164.4-1280.1m)","real: mean absolute gradient over the DEM elevation profile (89 points, see dem_processor.py)"
seg_513813454_0,1476.3,8.63,hill,"real: DEM sample (AWS Terrain Tiles (Skadi/SRTM1, ~30m, void-filled)), mean of 278/278 points along geometry (range 1328.3-1608.5m)","real: mean absolute gradient over the DEM elevation profile (278 points, see dem_processor.py)"
seg_513813477_0,1326.0,7.2,hill,"real: DEM sample (AWS Terrain Tiles (Skadi/SRTM1, ~30m, void-filled)), mean of 73/73 points along geometry (range 1276.6-1391.3m)","real: mean absolute gradient over the DEM elevation profile (73 points, see dem_processor.py)"
seg_513813477_1,1269.6,6.81,hill,"real: DEM sample (AWS Terrain Tiles (Skadi/SRTM1, ~30m, void-filled)), mean of 12/12 points along geometry (range 1263.4-1276.6m)","real: mean absolute gradient over the DEM elevation profile (12 points, see dem_processor.py)"
seg_513813493_0,1381.2,9.46,hill,"real: DEM sample (AWS Terrain Tiles (Skadi/SRTM1, ~30m, void-filled)), mean of 182/182 points along geometry (range 1320.5-1488.8m)","real: mean absolute gradient over the DEM elevation profile (182 points, see dem_processor.py)"
seg_513813493_1,1411.8,8.16,hill,"real: DEM sample (AWS Terrain Tiles (Skadi/SRTM1, ~30m, void-filled)), mean of 98/98 points along geometry (range 1377.9-1470.9m)","real: mean absolute gradient over the DEM elevation profile (98 points, see dem_processor.py)"
seg_513813493_2,1389.7,18.61,hill,"real: DEM sample (AWS Terrain Tiles (Skadi/SRTM1, ~30m, void-filled)), mean of 2/2 points along geometry (range 1388.1-1391.3m)","real: mean absolute gradient over the DEM elevation profile (2 points, see dem_processor.py)"
seg_517474923_0,58.2,1.67,plain,"real: DEM sample (AWS Terrain Tiles (Skadi/SRTM1, ~30m, void-filled)), mean of 2/2 points along geometry (range 57.8-58.5m)","real: mean absolute gradient over the DEM elevation profile (2 points, see dem_processor.py)"
seg_517474924_0,58.6,2.18,plain,"real: DEM sample (AWS Terrain Tiles (Skadi/SRTM1, ~30m, void-filled)), mean of 2/2 points along geometry (range 58.2-59.1m)","real: mean absolute gradient over the DEM elevation profile (2 points, see dem_processor.py)"
seg_517474927_0,51.2,0.02,plain,"real: DEM sample (AWS Terrain Tiles (Skadi/SRTM1, ~30m, void-filled)), mean of 2/2 points along geometry (range 51.2-51.2m)","real: mean absolute gradient over the DEM elevation profile (2 points, see dem_processor.py)"
seg_517474928_0,49.2,0.39,plain,"real: DEM sample (AWS Terrain Tiles (Skadi/SRTM1, ~30m, void-filled)), mean of 2/2 points along geometry (range 49.0-49.3m)","real: mean absolute gradient over the DEM elevation profile (2 points, see dem_processor.py)"
seg_517478747_0,53.9,0.52,plain,"real: DEM sample (AWS Terrain Tiles (Skadi/SRTM1, ~30m, void-filled)), mean of 2/2 points along geometry (range 53.8-54.0m)","real: mean absolute gradient over the DEM elevation profile (2 points, see dem_processor.py)"
seg_517478748_0,51.9,1.78,plain,"real: DEM sample (AWS Terrain Tiles (Skadi/SRTM1, ~30m, void-filled)), mean of 2/2 points along geometry (range 51.5-52.3m)","real: mean absolute gradient over the DEM elevation profile (2 points, see dem_processor.py)"
seg_517891508_0,49.6,3.2,plain,"real: DEM sample (AWS Terrain Tiles (Skadi/SRTM1, ~30m, void-filled)), mean of 2/2 points along geometry (range 48.5-50.7m)","real: mean absolute gradient over the DEM elevation profile (2 points, see dem_processor.py)"
seg_517941876_0,63.4,0.83,plain,"real: DEM sample (AWS Terrain Tiles (Skadi/SRTM1, ~30m, void-filled)), mean of 4/4 points along geometry (range 63.3-63.6m)","real: mean absolute gradient over the DEM elevation profile (4 points, see dem_processor.py)"
seg_517941876_1,62.9,2.02,plain,"real: DEM sample (AWS Terrain Tiles (Skadi/SRTM1, ~30m, void-filled)), mean of 8/8 points along geometry (range 60.4-66.3m)","real: mean absolute gradient over the DEM elevation profile (8 points, see dem_processor.py)"
seg_517941876_2,64.6,1.4,plain,"real: DEM sample (AWS Terrain Tiles (Skadi/SRTM1, ~30m, void-filled)), mean of 5/5 points along geometry (range 62.4-66.8m)","real: mean absolute gradient over the DEM elevation profile (5 points, see dem_processor.py)"
seg_518213044_0,54.4,2.45,plain,"real: DEM sample (AWS Terrain Tiles (Skadi/SRTM1, ~30m, void-filled)), mean of 13/13 points along geometry (range 50.8-60.2m)","real: mean absolute gradient over the DEM elevation profile (13 points, see dem_processor.py)"
seg_523852496_0,4344.9,6.48,mountain,"real: DEM sample (AWS Terrain Tiles (Skadi/SRTM1, ~30m, void-filled)), mean of 267/267 points along geometry (range 4280.0-4415.0m)","real: mean absolute gradient over the DEM elevation profile (267 points, see dem_processor.py)"
seg_534819102_0,52.6,0.94,plain,"real: DEM sample (AWS Terrain Tiles (Skadi/SRTM1, ~30m, void-filled)), mean of 45/45 points along geometry (range 50.3-56.0m)","real: mean absolute gradient over the DEM elevation profile (45 points, see dem_processor.py)"
seg_534819102_1,55.2,0.94,plain,"real: DEM sample (AWS Terrain Tiles (Skadi/SRTM1, ~30m, void-filled)), mean of 16/16 points along geometry (range 52.7-57.8m)","real: mean absolute gradient over the DEM elevation profile (16 points, see dem_processor.py)"
seg_534819107_0,54.8,1.03,plain,"real: DEM sample (AWS Terrain Tiles (Skadi/SRTM1, ~30m, void-filled)), mean of 5/5 points along geometry (range 53.0-56.0m)","real: mean absolute gradient over the DEM elevation profile (5 points, see dem_processor.py)"
seg_534819107_1,56.2,1.43,plain,"real: DEM sample (AWS Terrain Tiles (Skadi/SRTM1, ~30m, void-filled)), mean of 33/33 points along geometry (range 52.3-59.8m)","real: mean absolute gradient over the DEM elevation profile (33 points, see dem_processor.py)"
seg_540412989_0,2472.2,4.74,mountain,"real: DEM sample (AWS Terrain Tiles (Skadi/SRTM1, ~30m, void-filled)), mean of 187/187 points along geometry (range 2402.8-2536.2m)","real: mean absolute gradient over the DEM elevation profile (187 points, see dem_processor.py)"
seg_540412990_0,2965.9,7.04,mountain,"real: DEM sample (AWS Terrain Tiles (Skadi/SRTM1, ~30m, void-filled)), mean of 25/25 points along geometry (range 2949.6-2992.3m)","real: mean absolute gradient over the DEM elevation profile (25 points, see dem_processor.py)"
seg_540412991_0,2989.9,3.61,mountain,"real: DEM sample (AWS Terrain Tiles (Skadi/SRTM1, ~30m, void-filled)), mean of 25/25 points along geometry (range 2980.8-3000.6m)","real: mean absolute gradient over the DEM elevation profile (25 points, see dem_processor.py)"
seg_541319127_0,69.6,1.02,plain,"real: DEM sample (AWS Terrain Tiles (Skadi/SRTM1, ~30m, void-filled)), mean of 11/11 points along geometry (range 68.3-71.9m)","real: mean absolute gradient over the DEM elevation profile (11 points, see dem_processor.py)"
seg_541319128_0,67.8,1.49,plain,"real: DEM sample (AWS Terrain Tiles (Skadi/SRTM1, ~30m, void-filled)), mean of 15/15 points along geometry (range 64.5-73.3m)","real: mean absolute gradient over the DEM elevation profile (15 points, see dem_processor.py)"
seg_541319128_1,68.2,0.89,plain,"real: DEM sample (AWS Terrain Tiles (Skadi/SRTM1, ~30m, void-filled)), mean of 2/2 points along geometry (range 67.9-68.4m)","real: mean absolute gradient over the DEM elevation profile (2 points, see dem_processor.py)"
seg_543480046_0,52.5,1.07,plain,"real: DEM sample (AWS Terrain Tiles (Skadi/SRTM1, ~30m, void-filled)), mean of 51/51 points along geometry (range 49.6-56.7m)","real: mean absolute gradient over the DEM elevation profile (51 points, see dem_processor.py)"
seg_543623710_0,55.9,0.89,plain,"real: DEM sample (AWS Terrain Tiles (Skadi/SRTM1, ~30m, void-filled)), mean of 5/5 points along geometry (range 55.6-56.8m)","real: mean absolute gradient over the DEM elevation profile (5 points, see dem_processor.py)"
seg_543623711_0,57.6,1.27,plain,"real: DEM sample (AWS Terrain Tiles (Skadi/SRTM1, ~30m, void-filled)), mean of 2/2 points along geometry (range 57.5-57.7m)","real: mean absolute gradient over the DEM elevation profile (2 points, see dem_processor.py)"
seg_543623711_1,57.9,0.79,plain,"real: DEM sample (AWS Terrain Tiles (Skadi/SRTM1, ~30m, void-filled)), mean of 2/2 points along geometry (range 57.7-58.0m)","real: mean absolute gradient over the DEM elevation profile (2 points, see dem_processor.py)"
seg_543623711_2,58.3,0.53,plain,"real: DEM sample (AWS Terrain Tiles (Skadi/SRTM1, ~30m, void-filled)), mean of 4/4 points along geometry (range 57.7-59.0m)","real: mean absolute gradient over the DEM elevation profile (4 points, see dem_processor.py)"
seg_543623711_3,57.7,1.01,plain,"real: DEM sample (AWS Terrain Tiles (Skadi/SRTM1, ~30m, void-filled)), mean of 4/4 points along geometry (range 56.9-59.0m)","real: mean absolute gradient over the DEM elevation profile (4 points, see dem_processor.py)"
seg_543623712_0,56.3,1.36,plain,"real: DEM sample (AWS Terrain Tiles (Skadi/SRTM1, ~30m, void-filled)), mean of 40/40 points along geometry (range 51.9-61.0m)","real: mean absolute gradient over the DEM elevation profile (40 points, see dem_processor.py)"
seg_543623714_0,57.1,0.94,plain,"real: DEM sample (AWS Terrain Tiles (Skadi/SRTM1, ~30m, void-filled)), mean of 18/18 points along geometry (range 55.0-60.1m)","real: mean absolute gradient over the DEM elevation profile (18 points, see dem_processor.py)"
seg_543623717_0,57.2,4.4,plain,"real: DEM sample (AWS Terrain Tiles (Skadi/SRTM1, ~30m, void-filled)), mean of 3/3 points along geometry (range 53.9-59.0m)","real: mean absolute gradient over the DEM elevation profile (3 points, see dem_processor.py)"
seg_543623719_0,54.6,1.61,plain,"real: DEM sample (AWS Terrain Tiles (Skadi/SRTM1, ~30m, void-filled)), mean of 11/11 points along geometry (range 51.3-59.4m)","real: mean absolute gradient over the DEM elevation profile (11 points, see dem_processor.py)"
seg_543624681_0,54.3,0.7,plain,"real: DEM sample (AWS Terrain Tiles (Skadi/SRTM1, ~30m, void-filled)), mean of 5/5 points along geometry (range 53.2-55.3m)","real: mean absolute gradient over the DEM elevation profile (5 points, see dem_processor.py)"
seg_543624681_1,54.2,0.38,plain,"real: DEM sample (AWS Terrain Tiles (Skadi/SRTM1, ~30m, void-filled)), mean of 6/6 points along geometry (range 53.2-55.1m)","real: mean absolute gradient over the DEM elevation profile (6 points, see dem_processor.py)"
seg_543624682_0,54.4,0.64,plain,"real: DEM sample (AWS Terrain Tiles (Skadi/SRTM1, ~30m, void-filled)), mean of 11/11 points along geometry (range 53.5-55.5m)","real: mean absolute gradient over the DEM elevation profile (11 points, see dem_processor.py)"
seg_543624684_0,55.2,1.17,plain,"real: DEM sample (AWS Terrain Tiles (Skadi/SRTM1, ~30m, void-filled)), mean of 9/9 points along geometry (range 54.3-57.0m)","real: mean absolute gradient over the DEM elevation profile (9 points, see dem_processor.py)"
seg_543627488_0,56.5,1.1,plain,"real: DEM sample (AWS Terrain Tiles (Skadi/SRTM1, ~30m, void-filled)), mean of 13/13 points along geometry (range 55.0-58.6m)","real: mean absolute gradient over the DEM elevation profile (13 points, see dem_processor.py)"
seg_543627490_0,56.3,1.44,plain,"real: DEM sample (AWS Terrain Tiles (Skadi/SRTM1, ~30m, void-filled)), mean of 16/16 points along geometry (range 54.2-58.1m)","real: mean absolute gradient over the DEM elevation profile (16 points, see dem_processor.py)"
seg_543640148_0,54.3,1.09,plain,"real: DEM sample (AWS Terrain Tiles (Skadi/SRTM1, ~30m, void-filled)), mean of 14/14 points along geometry (range 52.5-56.0m)","real: mean absolute gradient over the DEM elevation profile (14 points, see dem_processor.py)"
seg_543640150_0,55.0,0.94,plain,"real: DEM sample (AWS Terrain Tiles (Skadi/SRTM1, ~30m, void-filled)), mean of 17/17 points along geometry (range 52.4-56.9m)","real: mean absolute gradient over the DEM elevation profile (17 points, see dem_processor.py)"
seg_543640151_0,53.0,0.39,plain,"real: DEM sample (AWS Terrain Tiles (Skadi/SRTM1, ~30m, void-filled)), mean of 5/5 points along geometry (range 52.6-53.3m)","real: mean absolute gradient over the DEM elevation profile (5 points, see dem_processor.py)"
seg_543640152_0,59.2,1.7,plain,"real: DEM sample (AWS Terrain Tiles (Skadi/SRTM1, ~30m, void-filled)), mean of 32/32 points along geometry (range 55.7-61.9m)","real: mean absolute gradient over the DEM elevation profile (32 points, see dem_processor.py)"
seg_543640152_1,56.6,1.05,plain,"real: DEM sample (AWS Terrain Tiles (Skadi/SRTM1, ~30m, void-filled)), mean of 36/36 points along geometry (range 53.1-60.2m)","real: mean absolute gradient over the DEM elevation profile (36 points, see dem_processor.py)"
seg_543640826_0,52.8,0.77,plain,"real: DEM sample (AWS Terrain Tiles (Skadi/SRTM1, ~30m, void-filled)), mean of 6/6 points along geometry (range 52.2-53.0m)","real: mean absolute gradient over the DEM elevation profile (6 points, see dem_processor.py)"
seg_543640827_0,54.8,1.2,plain,"real: DEM sample (AWS Terrain Tiles (Skadi/SRTM1, ~30m, void-filled)), mean of 7/7 points along geometry (range 53.2-56.1m)","real: mean absolute gradient over the DEM elevation profile (7 points, see dem_processor.py)"
seg_543646780_0,58.2,1.59,plain,"real: DEM sample (AWS Terrain Tiles (Skadi/SRTM1, ~30m, void-filled)), mean of 2/2 points along geometry (range 57.9-58.4m)","real: mean absolute gradient over the DEM elevation profile (2 points, see dem_processor.py)"
seg_543646780_1,57.1,2.04,plain,"real: DEM sample (AWS Terrain Tiles (Skadi/SRTM1, ~30m, void-filled)), mean of 3/3 points along geometry (range 56.1-57.9m)","real: mean absolute gradient over the DEM elevation profile (3 points, see dem_processor.py)"
seg_543646780_2,55.4,0.68,plain,"real: DEM sample (AWS Terrain Tiles (Skadi/SRTM1, ~30m, void-filled)), mean of 6/6 points along geometry (range 55.1-56.1m)","real: mean absolute gradient over the DEM elevation profile (6 points, see dem_processor.py)"
seg_543647062_0,70.3,2.14,plain,"real: DEM sample (AWS Terrain Tiles (Skadi/SRTM1, ~30m, void-filled)), mean of 69/69 points along geometry (range 56.1-89.5m)","real: mean absolute gradient over the DEM elevation profile (69 points, see dem_processor.py)"
seg_543647062_1,56.3,1.01,plain,"real: DEM sample (AWS Terrain Tiles (Skadi/SRTM1, ~30m, void-filled)), mean of 18/18 points along geometry (range 54.4-59.0m)","real: mean absolute gradient over the DEM elevation profile (18 points, see dem_processor.py)"
seg_543647063_0,54.9,0.94,plain,"real: DEM sample (AWS Terrain Tiles (Skadi/SRTM1, ~30m, void-filled)), mean of 7/7 points along geometry (range 53.4-56.1m)","real: mean absolute gradient over the DEM elevation profile (7 points, see dem_processor.py)"
seg_543647063_1,55.3,0.08,plain,"real: DEM sample (AWS Terrain Tiles (Skadi/SRTM1, ~30m, void-filled)), mean of 2/2 points along geometry (range 55.2-55.3m)","real: mean absolute gradient over the DEM elevation profile (2 points, see dem_processor.py)"
seg_543647063_2,54.8,1.35,plain,"real: DEM sample (AWS Terrain Tiles (Skadi/SRTM1, ~30m, void-filled)), mean of 40/40 points along geometry (range 52.0-58.5m)","real: mean absolute gradient over the DEM elevation profile (40 points, see dem_processor.py)"
seg_543649267_0,55.3,1.07,plain,"real: DEM sample (AWS Terrain Tiles (Skadi/SRTM1, ~30m, void-filled)), mean of 4/4 points along geometry (range 54.7-55.9m)","real: mean absolute gradient over the DEM elevation profile (4 points, see dem_processor.py)"
seg_543649267_1,57.2,2.7,plain,"real: DEM sample (AWS Terrain Tiles (Skadi/SRTM1, ~30m, void-filled)), mean of 3/3 points along geometry (range 55.9-58.2m)","real: mean absolute gradient over the DEM elevation profile (3 points, see dem_processor.py)"
seg_543649267_2,58.3,0.81,plain,"real: DEM sample (AWS Terrain Tiles (Skadi/SRTM1, ~30m, void-filled)), mean of 2/2 points along geometry (range 58.2-58.5m)","real: mean absolute gradient over the DEM elevation profile (2 points, see dem_processor.py)"
seg_543649268_0,59.4,1.63,plain,"real: DEM sample (AWS Terrain Tiles (Skadi/SRTM1, ~30m, void-filled)), mean of 17/17 points along geometry (range 57.4-60.9m)","real: mean absolute gradient over the DEM elevation profile (17 points, see dem_processor.py)"
seg_543649269_0,59.9,0.7,plain,"real: DEM sample (AWS Terrain Tiles (Skadi/SRTM1, ~30m, void-filled)), mean of 15/15 points along geometry (range 58.8-60.7m)","real: mean absolute gradient over the DEM elevation profile (15 points, see dem_processor.py)"
seg_543650234_0,56.7,1.05,plain,"real: DEM sample (AWS Terrain Tiles (Skadi/SRTM1, ~30m, void-filled)), mean of 22/22 points along geometry (range 54.1-60.2m)","real: mean absolute gradient over the DEM elevation profile (22 points, see dem_processor.py)"
seg_543653045_0,55.4,2.45,plain,"real: DEM sample (AWS Terrain Tiles (Skadi/SRTM1, ~30m, void-filled)), mean of 2/2 points along geometry (range 55.1-55.7m)","real: mean absolute gradient over the DEM elevation profile (2 points, see dem_processor.py)"
seg_543653045_1,57.6,1.32,plain,"real: DEM sample (AWS Terrain Tiles (Skadi/SRTM1, ~30m, void-filled)), mean of 53/53 points along geometry (range 54.3-61.2m)","real: mean absolute gradient over the DEM elevation profile (53 points, see dem_processor.py)"
seg_543653045_2,61.4,1.54,plain,"real: DEM sample (AWS Terrain Tiles (Skadi/SRTM1, ~30m, void-filled)), mean of 61/61 points along geometry (range 57.1-67.3m)","real: mean absolute gradient over the DEM elevation profile (61 points, see dem_processor.py)"
seg_543653045_3,57.7,3.18,plain,"real: DEM sample (AWS Terrain Tiles (Skadi/SRTM1, ~30m, void-filled)), mean of 2/2 points along geometry (range 57.5-58.0m)","real: mean absolute gradient over the DEM elevation profile (2 points, see dem_processor.py)"
seg_548223441_0,61.7,1.26,plain,"real: DEM sample (AWS Terrain Tiles (Skadi/SRTM1, ~30m, void-filled)), mean of 3/3 points along geometry (range 60.2-62.9m)","real: mean absolute gradient over the DEM elevation profile (3 points, see dem_processor.py)"
seg_560851692_0,2856.0,5.19,mountain,"real: DEM sample (AWS Terrain Tiles (Skadi/SRTM1, ~30m, void-filled)), mean of 348/348 points along geometry (range 2737.9-2952.9m)","real: mean absolute gradient over the DEM elevation profile (348 points, see dem_processor.py)"
seg_560851692_1,2716.0,4.39,mountain,"real: DEM sample (AWS Terrain Tiles (Skadi/SRTM1, ~30m, void-filled)), mean of 64/64 points along geometry (range 2682.3-2737.9m)","real: mean absolute gradient over the DEM elevation profile (64 points, see dem_processor.py)"
seg_563748237_0,1585.4,8.55,mountain,"real: DEM sample (AWS Terrain Tiles (Skadi/SRTM1, ~30m, void-filled)), mean of 2/2 points along geometry (range 1578.8-1592.0m)","real: mean absolute gradient over the DEM elevation profile (2 points, see dem_processor.py)"
seg_564639519_0,61.0,0.0,plain,"real: DEM sample (AWS Terrain Tiles (Skadi/SRTM1, ~30m, void-filled)), mean of 2/2 points along geometry (range 61.0-61.0m)","real: mean absolute gradient over the DEM elevation profile (2 points, see dem_processor.py)"
seg_564639519_1,60.3,1.21,plain,"real: DEM sample (AWS Terrain Tiles (Skadi/SRTM1, ~30m, void-filled)), mean of 4/4 points along geometry (range 59.6-61.0m)","real: mean absolute gradient over the DEM elevation profile (4 points, see dem_processor.py)"
seg_564639519_2,58.8,1.18,plain,"real: DEM sample (AWS Terrain Tiles (Skadi/SRTM1, ~30m, void-filled)), mean of 4/4 points along geometry (range 57.5-59.7m)","real: mean absolute gradient over the DEM elevation profile (4 points, see dem_processor.py)"
seg_564639519_3,57.9,1.16,plain,"real: DEM sample (AWS Terrain Tiles (Skadi/SRTM1, ~30m, void-filled)), mean of 4/4 points along geometry (range 57.5-58.3m)","real: mean absolute gradient over the DEM elevation profile (4 points, see dem_processor.py)"
seg_564639519_4,58.3,0.25,plain,"real: DEM sample (AWS Terrain Tiles (Skadi/SRTM1, ~30m, void-filled)), mean of 6/6 points along geometry (range 58.2-58.3m)","real: mean absolute gradient over the DEM elevation profile (6 points, see dem_processor.py)"
seg_564639519_5,60.1,1.08,plain,"real: DEM sample (AWS Terrain Tiles (Skadi/SRTM1, ~30m, void-filled)), mean of 21/21 points along geometry (range 58.2-63.0m)","real: mean absolute gradient over the DEM elevation profile (21 points, see dem_processor.py)"
seg_564639519_6,62.6,1.85,plain,"real: DEM sample (AWS Terrain Tiles (Skadi/SRTM1, ~30m, void-filled)), mean of 2/2 points along geometry (range 62.4-62.8m)","real: mean absolute gradient over the DEM elevation profile (2 points, see dem_processor.py)"
seg_564639519_7,61.6,2.98,plain,"real: DEM sample (AWS Terrain Tiles (Skadi/SRTM1, ~30m, void-filled)), mean of 3/3 points along geometry (range 60.0-62.4m)","real: mean absolute gradient over the DEM elevation profile (3 points, see dem_processor.py)"
seg_564639519_8,60.8,0.8,plain,"real: DEM sample (AWS Terrain Tiles (Skadi/SRTM1, ~30m, void-filled)), mean of 6/6 points along geometry (range 60.0-61.9m)","real: mean absolute gradient over the DEM elevation profile (6 points, see dem_processor.py)"
seg_564639519_9,62.1,1.12,plain,"real: DEM sample (AWS Terrain Tiles (Skadi/SRTM1, ~30m, void-filled)), mean of 4/4 points along geometry (range 61.4-63.1m)","real: mean absolute gradient over the DEM elevation profile (4 points, see dem_processor.py)"
seg_564639519_10,60.8,3.0,plain,"real: DEM sample (AWS Terrain Tiles (Skadi/SRTM1, ~30m, void-filled)), mean of 3/3 points along geometry (range 59.2-63.1m)","real: mean absolute gradient over the DEM elevation profile (3 points, see dem_processor.py)"
seg_564639519_11,59.1,0.19,plain,"real: DEM sample (AWS Terrain Tiles (Skadi/SRTM1, ~30m, void-filled)), mean of 2/2 points along geometry (range 59.0-59.2m)","real: mean absolute gradient over the DEM elevation profile (2 points, see dem_processor.py)"
seg_564639519_12,60.6,0.91,plain,"real: DEM sample (AWS Terrain Tiles (Skadi/SRTM1, ~30m, void-filled)), mean of 5/5 points along geometry (range 59.0-62.1m)","real: mean absolute gradient over the DEM elevation profile (5 points, see dem_processor.py)"
seg_564639519_13,62.2,1.17,plain,"real: DEM sample (AWS Terrain Tiles (Skadi/SRTM1, ~30m, void-filled)), mean of 6/6 points along geometry (range 60.3-63.8m)","real: mean absolute gradient over the DEM elevation profile (6 points, see dem_processor.py)"
seg_564639519_14,60.2,0.92,plain,"real: DEM sample (AWS Terrain Tiles (Skadi/SRTM1, ~30m, void-filled)), mean of 2/2 points along geometry (range 60.0-60.3m)","real: mean absolute gradient over the DEM elevation profile (2 points, see dem_processor.py)"
seg_564639521_0,63.0,1.23,plain,"real: DEM sample (AWS Terrain Tiles (Skadi/SRTM1, ~30m, void-filled)), mean of 2/2 points along geometry (range 63.0-63.1m)","real: mean absolute gradient over the DEM elevation profile (2 points, see dem_processor.py)"
seg_564639522_0,59.2,0.61,plain,"real: DEM sample (AWS Terrain Tiles (Skadi/SRTM1, ~30m, void-filled)), mean of 2/2 points along geometry (range 59.2-59.2m)","real: mean absolute gradient over the DEM elevation profile (2 points, see dem_processor.py)"
seg_564639524_0,59.0,0.1,plain,"real: DEM sample (AWS Terrain Tiles (Skadi/SRTM1, ~30m, void-filled)), mean of 2/2 points along geometry (range 59.0-59.0m)","real: mean absolute gradient over the DEM elevation profile (2 points, see dem_processor.py)"
seg_564659516_0,61.2,0.97,plain,"real: DEM sample (AWS Terrain Tiles (Skadi/SRTM1, ~30m, void-filled)), mean of 12/12 points along geometry (range 59.9-63.5m)","real: mean absolute gradient over the DEM elevation profile (12 points, see dem_processor.py)"
seg_564659516_1,64.2,3.72,plain,"real: DEM sample (AWS Terrain Tiles (Skadi/SRTM1, ~30m, void-filled)), mean of 2/2 points along geometry (range 63.1-65.4m)","real: mean absolute gradient over the DEM elevation profile (2 points, see dem_processor.py)"
seg_564659516_2,66.4,2.42,plain,"real: DEM sample (AWS Terrain Tiles (Skadi/SRTM1, ~30m, void-filled)), mean of 17/17 points along geometry (range 62.0-70.3m)","real: mean absolute gradient over the DEM elevation profile (17 points, see dem_processor.py)"
seg_564659516_3,61.8,0.81,plain,"real: DEM sample (AWS Terrain Tiles (Skadi/SRTM1, ~30m, void-filled)), mean of 8/8 points along geometry (range 60.3-63.5m)","real: mean absolute gradient over the DEM elevation profile (8 points, see dem_processor.py)"
seg_564665216_0,66.9,1.47,plain,"real: DEM sample (AWS Terrain Tiles (Skadi/SRTM1, ~30m, void-filled)), mean of 11/11 points along geometry (range 65.0-70.5m)","real: mean absolute gradient over the DEM elevation profile (11 points, see dem_processor.py)"
seg_564665216_1,70.7,1.74,plain,"real: DEM sample (AWS Terrain Tiles (Skadi/SRTM1, ~30m, void-filled)), mean of 2/2 points along geometry (range 70.5-70.9m)","real: mean absolute gradient over the DEM elevation profile (2 points, see dem_processor.py)"
seg_564665217_0,64.4,1.2,plain,"real: DEM sample (AWS Terrain Tiles (Skadi/SRTM1, ~30m, void-filled)), mean of 21/21 points along geometry (range 60.2-70.1m)","real: mean absolute gradient over the DEM elevation profile (21 points, see dem_processor.py)"
seg_564665217_1,62.4,0.96,plain,"real: DEM sample (AWS Terrain Tiles (Skadi/SRTM1, ~30m, void-filled)), mean of 2/2 points along geometry (range 62.3-62.4m)","real: mean absolute gradient over the DEM elevation profile (2 points, see dem_processor.py)"
seg_564665217_2,60.6,2.03,plain,"real: DEM sample (AWS Terrain Tiles (Skadi/SRTM1, ~30m, void-filled)), mean of 5/5 points along geometry (range 58.5-62.3m)","real: mean absolute gradient over the DEM elevation profile (5 points, see dem_processor.py)"
seg_564665217_3,59.0,0.26,plain,"real: DEM sample (AWS Terrain Tiles (Skadi/SRTM1, ~30m, void-filled)), mean of 3/3 points along geometry (range 59.0-59.1m)","real: mean absolute gradient over the DEM elevation profile (3 points, see dem_processor.py)"
seg_564671757_0,66.1,1.28,plain,"real: DEM sample (AWS Terrain Tiles (Skadi/SRTM1, ~30m, void-filled)), mean of 23/23 points along geometry (range 64.0-70.6m)","real: mean absolute gradient over the DEM elevation profile (23 points, see dem_processor.py)"
seg_564671757_1,67.6,1.53,plain,"real: DEM sample (AWS Terrain Tiles (Skadi/SRTM1, ~30m, void-filled)), mean of 32/32 points along geometry (range 59.9-73.4m)","real: mean absolute gradient over the DEM elevation profile (32 points, see dem_processor.py)"
seg_564671760_0,67.2,1.76,plain,"real: DEM sample (AWS Terrain Tiles (Skadi/SRTM1, ~30m, void-filled)), mean of 14/14 points along geometry (range 63.2-71.1m)","real: mean absolute gradient over the DEM elevation profile (14 points, see dem_processor.py)"
seg_564671761_0,62.8,0.85,plain,"real: DEM sample (AWS Terrain Tiles (Skadi/SRTM1, ~30m, void-filled)), mean of 25/25 points along geometry (range 60.2-65.0m)","real: mean absolute gradient over the DEM elevation profile (25 points, see dem_processor.py)"
seg_564671763_0,62.4,0.73,plain,"real: DEM sample (AWS Terrain Tiles (Skadi/SRTM1, ~30m, void-filled)), mean of 2/2 points along geometry (range 62.1-62.6m)","real: mean absolute gradient over the DEM elevation profile (2 points, see dem_processor.py)"
seg_564671764_0,62.4,0.98,plain,"real: DEM sample (AWS Terrain Tiles (Skadi/SRTM1, ~30m, void-filled)), mean of 2/2 points along geometry (range 62.0-62.8m)","real: mean absolute gradient over the DEM elevation profile (2 points, see dem_processor.py)"
seg_564671765_0,70.3,4.05,plain,"real: DEM sample (AWS Terrain Tiles (Skadi/SRTM1, ~30m, void-filled)), mean of 4/4 points along geometry (range 68.2-72.6m)","real: mean absolute gradient over the DEM elevation profile (4 points, see dem_processor.py)"
seg_564671766_0,51.3,0.92,plain,"real: DEM sample (AWS Terrain Tiles (Skadi/SRTM1, ~30m, void-filled)), mean of 38/38 points along geometry (range 48.1-56.2m)","real: mean absolute gradient over the DEM elevation profile (38 points, see dem_processor.py)"
seg_564671766_1,59.8,3.12,plain,"real: DEM sample (AWS Terrain Tiles (Skadi/SRTM1, ~30m, void-filled)), mean of 4/4 points along geometry (range 56.2-61.5m)","real: mean absolute gradient over the DEM elevation profile (4 points, see dem_processor.py)"
seg_564671767_0,53.3,0.85,plain,"real: DEM sample (AWS Terrain Tiles (Skadi/SRTM1, ~30m, void-filled)), mean of 30/30 points along geometry (range 50.4-57.6m)","real: mean absolute gradient over the DEM elevation profile (30 points, see dem_processor.py)"
seg_564671768_0,53.3,1.17,plain,"real: DEM sample (AWS Terrain Tiles (Skadi/SRTM1, ~30m, void-filled)), mean of 15/15 points along geometry (range 50.6-58.0m)","real: mean absolute gradient over the DEM elevation profile (15 points, see dem_processor.py)"
seg_564671771_0,51.3,0.58,plain,"real: DEM sample (AWS Terrain Tiles (Skadi/SRTM1, ~30m, void-filled)), mean of 8/8 points along geometry (range 50.0-51.9m)","real: mean absolute gradient over the DEM elevation profile (8 points, see dem_processor.py)"
seg_564682907_0,59.5,0.92,plain,"real: DEM sample (AWS Terrain Tiles (Skadi/SRTM1, ~30m, void-filled)), mean of 2/2 points along geometry (range 59.3-59.7m)","real: mean absolute gradient over the DEM elevation profile (2 points, see dem_processor.py)"
seg_564682907_1,60.2,0.88,plain,"real: DEM sample (AWS Terrain Tiles (Skadi/SRTM1, ~30m, void-filled)), mean of 16/16 points along geometry (range 59.0-61.9m)","real: mean absolute gradient over the DEM elevation profile (16 points, see dem_processor.py)"
seg_564682907_2,59.5,0.83,plain,"real: DEM sample (AWS Terrain Tiles (Skadi/SRTM1, ~30m, void-filled)), mean of 7/7 points along geometry (range 59.0-60.5m)","real: mean absolute gradient over the DEM elevation profile (7 points, see dem_processor.py)"
seg_564682907_3,58.4,1.23,plain,"real: DEM sample (AWS Terrain Tiles (Skadi/SRTM1, ~30m, void-filled)), mean of 19/19 points along geometry (range 54.1-60.8m)","real: mean absolute gradient over the DEM elevation profile (19 points, see dem_processor.py)"
seg_564682909_0,56.4,1.1,plain,"real: DEM sample (AWS Terrain Tiles (Skadi/SRTM1, ~30m, void-filled)), mean of 12/12 points along geometry (range 55.1-58.0m)","real: mean absolute gradient over the DEM elevation profile (12 points, see dem_processor.py)"
seg_564682911_0,55.9,1.68,plain,"real: DEM sample (AWS Terrain Tiles (Skadi/SRTM1, ~30m, void-filled)), mean of 6/6 points along geometry (range 55.6-56.4m)","real: mean absolute gradient over the DEM elevation profile (6 points, see dem_processor.py)"
seg_564682911_1,55.9,0.95,plain,"real: DEM sample (AWS Terrain Tiles (Skadi/SRTM1, ~30m, void-filled)), mean of 4/4 points along geometry (range 55.8-56.0m)","real: mean absolute gradient over the DEM elevation profile (4 points, see dem_processor.py)"
seg_564682911_2,56.0,0.0,plain,"real: DEM sample (AWS Terrain Tiles (Skadi/SRTM1, ~30m, void-filled)), mean of 5/5 points along geometry (range 56.0-56.0m)","real: mean absolute gradient over the DEM elevation profile (5 points, see dem_processor.py)"
seg_564682911_3,56.0,0.0,plain,"real: DEM sample (AWS Terrain Tiles (Skadi/SRTM1, ~30m, void-filled)), mean of 2/2 points along geometry (range 56.0-56.0m)","real: mean absolute gradient over the DEM elevation profile (2 points, see dem_processor.py)"
seg_564682911_4,56.3,1.6,plain,"real: DEM sample (AWS Terrain Tiles (Skadi/SRTM1, ~30m, void-filled)), mean of 4/4 points along geometry (range 56.0-56.6m)","real: mean absolute gradient over the DEM elevation profile (4 points, see dem_processor.py)"
seg_564682911_5,56.7,0.65,plain,"real: DEM sample (AWS Terrain Tiles (Skadi/SRTM1, ~30m, void-filled)), mean of 5/5 points along geometry (range 56.6-56.8m)","real: mean absolute gradient over the DEM elevation profile (5 points, see dem_processor.py)"
seg_564682911_6,56.6,2.13,plain,"real: DEM sample (AWS Terrain Tiles (Skadi/SRTM1, ~30m, void-filled)), mean of 3/3 points along geometry (range 56.4-56.8m)","real: mean absolute gradient over the DEM elevation profile (3 points, see dem_processor.py)"
seg_564682914_0,55.6,0.25,plain,"real: DEM sample (AWS Terrain Tiles (Skadi/SRTM1, ~30m, void-filled)), mean of 4/4 points along geometry (range 55.2-56.0m)","real: mean absolute gradient over the DEM elevation profile (4 points, see dem_processor.py)"
seg_564697246_0,55.1,0.55,plain,"real: DEM sample (AWS Terrain Tiles (Skadi/SRTM1, ~30m, void-filled)), mean of 3/3 points along geometry (range 55.0-55.2m)","real: mean absolute gradient over the DEM elevation profile (3 points, see dem_processor.py)"
seg_564697246_1,55.4,1.29,plain,"real: DEM sample (AWS Terrain Tiles (Skadi/SRTM1, ~30m, void-filled)), mean of 8/8 points along geometry (range 53.6-57.8m)","real: mean absolute gradient over the DEM elevation profile (8 points, see dem_processor.py)"
seg_564697251_0,60.3,2.6,plain,"real: DEM sample (AWS Terrain Tiles (Skadi/SRTM1, ~30m, void-filled)), mean of 5/5 points along geometry (range 60.1-60.5m)","real: mean absolute gradient over the DEM elevation profile (5 points, see dem_processor.py)"
seg_564697251_1,61.0,2.79,plain,"real: DEM sample (AWS Terrain Tiles (Skadi/SRTM1, ~30m, void-filled)), mean of 7/7 points along geometry (range 60.5-61.5m)","real: mean absolute gradient over the DEM elevation profile (7 points, see dem_processor.py)"
seg_564697251_2,61.4,3.68,plain,"real: DEM sample (AWS Terrain Tiles (Skadi/SRTM1, ~30m, void-filled)), mean of 2/2 points along geometry (range 61.2-61.5m)","real: mean absolute gradient over the DEM elevation profile (2 points, see dem_processor.py)"
seg_564697252_0,61.0,3.96,plain,"real: DEM sample (AWS Terrain Tiles (Skadi/SRTM1, ~30m, void-filled)), mean of 3/3 points along geometry (range 60.9-61.2m)","real: mean absolute gradient over the DEM elevation profile (3 points, see dem_processor.py)"
seg_564697253_0,57.7,1.22,plain,"real: DEM sample (AWS Terrain Tiles (Skadi/SRTM1, ~30m, void-filled)), mean of 7/7 points along geometry (range 56.2-60.1m)","real: mean absolute gradient over the DEM elevation profile (7 points, see dem_processor.py)"
seg_564697254_0,60.3,1.96,plain,"real: DEM sample (AWS Terrain Tiles (Skadi/SRTM1, ~30m, void-filled)), mean of 10/10 points along geometry (range 60.0-60.9m)","real: mean absolute gradient over the DEM elevation profile (10 points, see dem_processor.py)"
seg_564697255_0,57.5,1.14,plain,"real: DEM sample (AWS Terrain Tiles (Skadi/SRTM1, ~30m, void-filled)), mean of 16/16 points along geometry (range 55.0-61.0m)","real: mean absolute gradient over the DEM elevation profile (16 points, see dem_processor.py)"
seg_565084766_0,62.5,0.8,plain,"real: DEM sample (AWS Terrain Tiles (Skadi/SRTM1, ~30m, void-filled)), mean of 13/13 points along geometry (range 60.1-65.4m)","real: mean absolute gradient over the DEM elevation profile (13 points, see dem_processor.py)"
seg_565084766_1,60.2,1.05,plain,"real: DEM sample (AWS Terrain Tiles (Skadi/SRTM1, ~30m, void-filled)), mean of 2/2 points along geometry (range 60.2-60.3m)","real: mean absolute gradient over the DEM elevation profile (2 points, see dem_processor.py)"
seg_565084766_2,62.6,1.65,plain,"real: DEM sample (AWS Terrain Tiles (Skadi/SRTM1, ~30m, void-filled)), mean of 14/14 points along geometry (range 60.2-65.1m)","real: mean absolute gradient over the DEM elevation profile (14 points, see dem_processor.py)"
seg_565084766_3,67.1,1.75,plain,"real: DEM sample (AWS Terrain Tiles (Skadi/SRTM1, ~30m, void-filled)), mean of 14/14 points along geometry (range 63.0-72.2m)","real: mean absolute gradient over the DEM elevation profile (14 points, see dem_processor.py)"
seg_565084773_0,60.2,0.68,plain,"real: DEM sample (AWS Terrain Tiles (Skadi/SRTM1, ~30m, void-filled)), mean of 17/17 points along geometry (range 58.3-62.5m)","real: mean absolute gradient over the DEM elevation profile (17 points, see dem_processor.py)"
seg_565084773_1,58.3,2.06,plain,"real: DEM sample (AWS Terrain Tiles (Skadi/SRTM1, ~30m, void-filled)), mean of 2/2 points along geometry (range 58.0-58.5m)","real: mean absolute gradient over the DEM elevation profile (2 points, see dem_processor.py)"
seg_565084773_2,59.6,2.11,plain,"real: DEM sample (AWS Terrain Tiles (Skadi/SRTM1, ~30m, void-filled)), mean of 2/2 points along geometry (range 58.0-61.3m)","real: mean absolute gradient over the DEM elevation profile (2 points, see dem_processor.py)"
seg_565084777_0,59.4,0.74,plain,"real: DEM sample (AWS Terrain Tiles (Skadi/SRTM1, ~30m, void-filled)), mean of 11/11 points along geometry (range 57.2-61.6m)","real: mean absolute gradient over the DEM elevation profile (11 points, see dem_processor.py)"
seg_565084777_1,55.8,0.62,plain,"real: DEM sample (AWS Terrain Tiles (Skadi/SRTM1, ~30m, void-filled)), mean of 11/11 points along geometry (range 54.2-58.2m)","real: mean absolute gradient over the DEM elevation profile (11 points, see dem_processor.py)"
seg_565084785_0,70.8,10.59,plain,"real: DEM sample (AWS Terrain Tiles (Skadi/SRTM1, ~30m, void-filled)), mean of 2/2 points along geometry (range 70.1-71.6m)","real: mean absolute gradient over the DEM elevation profile (2 points, see dem_processor.py)"
seg_565084787_0,68.6,0.55,plain,"real: DEM sample (AWS Terrain Tiles (Skadi/SRTM1, ~30m, void-filled)), mean of 3/3 points along geometry (range 67.9-69.0m)","real: mean absolute gradient over the DEM elevation profile (3 points, see dem_processor.py)"
seg_565084789_0,68.2,1.79,plain,"real: DEM sample (AWS Terrain Tiles (Skadi/SRTM1, ~30m, void-filled)), mean of 9/9 points along geometry (range 65.1-70.1m)","real: mean absolute gradient over the DEM elevation profile (9 points, see dem_processor.py)"
seg_565084791_0,69.8,1.19,plain,"real: DEM sample (AWS Terrain Tiles (Skadi/SRTM1, ~30m, void-filled)), mean of 5/5 points along geometry (range 68.7-71.1m)","real: mean absolute gradient over the DEM elevation profile (5 points, see dem_processor.py)"
seg_565097090_0,73.3,1.08,plain,"real: DEM sample (AWS Terrain Tiles (Skadi/SRTM1, ~30m, void-filled)), mean of 6/6 points along geometry (range 72.2-73.9m)","real: mean absolute gradient over the DEM elevation profile (6 points, see dem_processor.py)"
seg_565100016_0,55.6,0.18,plain,"real: DEM sample (AWS Terrain Tiles (Skadi/SRTM1, ~30m, void-filled)), mean of 2/2 points along geometry (range 55.6-55.6m)","real: mean absolute gradient over the DEM elevation profile (2 points, see dem_processor.py)"
seg_565100016_1,55.5,0.81,plain,"real: DEM sample (AWS Terrain Tiles (Skadi/SRTM1, ~30m, void-filled)), mean of 13/13 points along geometry (range 54.5-56.3m)","real: mean absolute gradient over the DEM elevation profile (13 points, see dem_processor.py)"
seg_565100030_0,56.8,2.83,plain,"real: DEM sample (AWS Terrain Tiles (Skadi/SRTM1, ~30m, void-filled)), mean of 8/8 points along geometry (range 56.4-57.3m)","real: mean absolute gradient over the DEM elevation profile (8 points, see dem_processor.py)"
seg_565100030_1,57.6,5.05,plain,"real: DEM sample (AWS Terrain Tiles (Skadi/SRTM1, ~30m, void-filled)), mean of 2/2 points along geometry (range 57.3-57.8m)","real: mean absolute gradient over the DEM elevation profile (2 points, see dem_processor.py)"
seg_565100030_2,58.1,5.54,plain,"real: DEM sample (AWS Terrain Tiles (Skadi/SRTM1, ~30m, void-filled)), mean of 2/2 points along geometry (range 57.8-58.3m)","real: mean absolute gradient over the DEM elevation profile (2 points, see dem_processor.py)"
seg_565100030_3,59.2,3.07,plain,"real: DEM sample (AWS Terrain Tiles (Skadi/SRTM1, ~30m, void-filled)), mean of 6/6 points along geometry (range 58.3-59.6m)","real: mean absolute gradient over the DEM elevation profile (6 points, see dem_processor.py)"
seg_565100030_4,59.1,3.13,plain,"real: DEM sample (AWS Terrain Tiles (Skadi/SRTM1, ~30m, void-filled)), mean of 5/5 points along geometry (range 58.7-59.6m)","real: mean absolute gradient over the DEM elevation profile (5 points, see dem_processor.py)"
seg_565100030_5,58.0,5.25,plain,"real: DEM sample (AWS Terrain Tiles (Skadi/SRTM1, ~30m, void-filled)), mean of 4/4 points along geometry (range 57.3-58.7m)","real: mean absolute gradient over the DEM elevation profile (4 points, see dem_processor.py)"
seg_565103162_0,58.2,1.11,plain,"real: DEM sample (AWS Terrain Tiles (Skadi/SRTM1, ~30m, void-filled)), mean of 7/7 points along geometry (range 57.4-60.0m)","real: mean absolute gradient over the DEM elevation profile (7 points, see dem_processor.py)"
seg_565103163_0,58.4,0.69,plain,"real: DEM sample (AWS Terrain Tiles (Skadi/SRTM1, ~30m, void-filled)), mean of 2/2 points along geometry (range 58.4-58.4m)","real: mean absolute gradient over the DEM elevation profile (2 points, see dem_processor.py)"
seg_565103163_1,58.7,0.76,plain,"real: DEM sample (AWS Terrain Tiles (Skadi/SRTM1, ~30m, void-filled)), mean of 8/8 points along geometry (range 58.4-59.0m)","real: mean absolute gradient over the DEM elevation profile (8 points, see dem_processor.py)"
seg_565103163_2,59.0,0.02,plain,"real: DEM sample (AWS Terrain Tiles (Skadi/SRTM1, ~30m, void-filled)), mean of 2/2 points along geometry (range 59.0-59.0m)","real: mean absolute gradient over the DEM elevation profile (2 points, see dem_processor.py)"
seg_565103163_3,59.0,0.01,plain,"real: DEM sample (AWS Terrain Tiles (Skadi/SRTM1, ~30m, void-filled)), mean of 4/4 points along geometry (range 59.0-59.0m)","real: mean absolute gradient over the DEM elevation profile (4 points, see dem_processor.py)"
seg_565103163_4,59.0,0.0,plain,"real: DEM sample (AWS Terrain Tiles (Skadi/SRTM1, ~30m, void-filled)), mean of 3/3 points along geometry (range 59.0-59.0m)","real: mean absolute gradient over the DEM elevation profile (3 points, see dem_processor.py)"
seg_565103163_5,58.7,1.56,plain,"real: DEM sample (AWS Terrain Tiles (Skadi/SRTM1, ~30m, void-filled)), mean of 5/5 points along geometry (range 58.4-59.0m)","real: mean absolute gradient over the DEM elevation profile (5 points, see dem_processor.py)"
seg_565103163_6,58.4,0.21,plain,"real: DEM sample (AWS Terrain Tiles (Skadi/SRTM1, ~30m, void-filled)), mean of 3/3 points along geometry (range 58.4-58.4m)","real: mean absolute gradient over the DEM elevation profile (3 points, see dem_processor.py)"
seg_565103164_0,57.9,1.11,plain,"real: DEM sample (AWS Terrain Tiles (Skadi/SRTM1, ~30m, void-filled)), mean of 2/2 points along geometry (range 57.4-58.4m)","real: mean absolute gradient over the DEM elevation profile (2 points, see dem_processor.py)"
seg_565103165_0,58.3,1.12,plain,"real: DEM sample (AWS Terrain Tiles (Skadi/SRTM1, ~30m, void-filled)), mean of 7/7 points along geometry (range 57.2-60.2m)","real: mean absolute gradient over the DEM elevation profile (7 points, see dem_processor.py)"
seg_565103166_0,57.2,0.76,plain,"real: DEM sample (AWS Terrain Tiles (Skadi/SRTM1, ~30m, void-filled)), mean of 43/43 points along geometry (range 55.7-59.0m)","real: mean absolute gradient over the DEM elevation profile (43 points, see dem_processor.py)"
seg_565103166_1,57.7,0.28,plain,"real: DEM sample (AWS Terrain Tiles (Skadi/SRTM1, ~30m, void-filled)), mean of 10/10 points along geometry (range 56.9-58.3m)","real: mean absolute gradient over the DEM elevation profile (10 points, see dem_processor.py)"
seg_565302567_0,59.0,1.17,plain,"real: DEM sample (AWS Terrain Tiles (Skadi/SRTM1, ~30m, void-filled)), mean of 8/8 points along geometry (range 57.7-59.9m)","real: mean absolute gradient over the DEM elevation profile (8 points, see dem_processor.py)"
seg_565302567_1,59.5,1.16,plain,"real: DEM sample (AWS Terrain Tiles (Skadi/SRTM1, ~30m, void-filled)), mean of 2/2 points along geometry (range 59.4-59.7m)","real: mean absolute gradient over the DEM elevation profile (2 points, see dem_processor.py)"
seg_565302567_2,60.3,1.27,plain,"real: DEM sample (AWS Terrain Tiles (Skadi/SRTM1, ~30m, void-filled)), mean of 7/7 points along geometry (range 59.7-60.8m)","real: mean absolute gradient over the DEM elevation profile (7 points, see dem_processor.py)"
seg_565302568_0,59.5,2.32,plain,"real: DEM sample (AWS Terrain Tiles (Skadi/SRTM1, ~30m, void-filled)), mean of 2/2 points along geometry (range 58.9-60.1m)","real: mean absolute gradient over the DEM elevation profile (2 points, see dem_processor.py)"
seg_565306841_0,200.9,8.85,plain,"real: DEM sample (AWS Terrain Tiles (Skadi/SRTM1, ~30m, void-filled)), mean of 46/46 points along geometry (range 183.7-216.8m)","real: mean absolute gradient over the DEM elevation profile (46 points, see dem_processor.py)"
seg_1215960698_0,203.3,19.06,plain,"real: DEM sample (AWS Terrain Tiles (Skadi/SRTM1, ~30m, void-filled)), mean of 2/2 points along geometry (range 190.5-216.0m)","real: mean absolute gradient over the DEM elevation profile (2 points, see dem_processor.py)"
seg_565306841_2,217.1,5.62,plain,"real: DEM sample (AWS Terrain Tiles (Skadi/SRTM1, ~30m, void-filled)), mean of 132/132 points along geometry (range 194.9-254.6m)","real: mean absolute gradient over the DEM elevation profile (132 points, see dem_processor.py)"
seg_565306892_0,1636.8,20.17,mountain,"real: DEM sample (AWS Terrain Tiles (Skadi/SRTM1, ~30m, void-filled)), mean of 445/445 points along geometry (range 1485.0-1765.6m)","real: mean absolute gradient over the DEM elevation profile (445 points, see dem_processor.py)"
seg_565306935_0,1254.2,8.65,hill,"real: DEM sample (AWS Terrain Tiles (Skadi/SRTM1, ~30m, void-filled)), mean of 639/639 points along geometry (range 918.3-1488.0m)","real: mean absolute gradient over the DEM elevation profile (639 points, see dem_processor.py)"
seg_565306971_0,570.4,7.83,hill,"real: DEM sample (AWS Terrain Tiles (Skadi/SRTM1, ~30m, void-filled)), mean of 993/993 points along geometry (range 387.7-918.3m)","real: mean absolute gradient over the DEM elevation profile (993 points, see dem_processor.py)"
seg_565307022_0,318.8,11.13,hill,"real: DEM sample (AWS Terrain Tiles (Skadi/SRTM1, ~30m, void-filled)), mean of 1455/1455 points along geometry (range 199.9-405.9m)","real: mean absolute gradient over the DEM elevation profile (1455 points, see dem_processor.py)"
seg_565307145_0,1715.4,9.23,mountain,"real: DEM sample (AWS Terrain Tiles (Skadi/SRTM1, ~30m, void-filled)), mean of 10/10 points along geometry (range 1706.0-1727.5m)","real: mean absolute gradient over the DEM elevation profile (10 points, see dem_processor.py)"
seg_565316308_0,59.1,3.54,plain,"real: DEM sample (AWS Terrain Tiles (Skadi/SRTM1, ~30m, void-filled)), mean of 2/2 points along geometry (range 58.9-59.2m)","real: mean absolute gradient over the DEM elevation profile (2 points, see dem_processor.py)"
seg_565316308_1,55.7,1.07,plain,"real: DEM sample (AWS Terrain Tiles (Skadi/SRTM1, ~30m, void-filled)), mean of 45/45 points along geometry (range 49.6-59.0m)","real: mean absolute gradient over the DEM elevation profile (45 points, see dem_processor.py)"
seg_565316325_0,58.1,0.41,plain,"real: DEM sample (AWS Terrain Tiles (Skadi/SRTM1, ~30m, void-filled)), mean of 3/3 points along geometry (range 58.0-58.2m)","real: mean absolute gradient over the DEM elevation profile (3 points, see dem_processor.py)"
seg_565316325_1,57.8,0.91,plain,"real: DEM sample (AWS Terrain Tiles (Skadi/SRTM1, ~30m, void-filled)), mean of 4/4 points along geometry (range 57.5-58.1m)","real: mean absolute gradient over the DEM elevation profile (4 points, see dem_processor.py)"
seg_565316325_2,58.8,1.3,plain,"real: DEM sample (AWS Terrain Tiles (Skadi/SRTM1, ~30m, void-filled)), mean of 4/4 points along geometry (range 57.5-60.0m)","real: mean absolute gradient over the DEM elevation profile (4 points, see dem_processor.py)"
seg_565316325_3,60.5,0.91,plain,"real: DEM sample (AWS Terrain Tiles (Skadi/SRTM1, ~30m, void-filled)), mean of 7/7 points along geometry (range 59.8-61.0m)","real: mean absolute gradient over the DEM elevation profile (7 points, see dem_processor.py)"
seg_565316331_0,58.4,1.15,plain,"real: DEM sample (AWS Terrain Tiles (Skadi/SRTM1, ~30m, void-filled)), mean of 3/3 points along geometry (range 58.0-58.9m)","real: mean absolute gradient over the DEM elevation profile (3 points, see dem_processor.py)"
seg_565316331_1,58.0,0.3,plain,"real: DEM sample (AWS Terrain Tiles (Skadi/SRTM1, ~30m, void-filled)), mean of 5/5 points along geometry (range 58.0-58.1m)","real: mean absolute gradient over the DEM elevation profile (5 points, see dem_processor.py)"
seg_565316338_0,58.4,1.19,plain,"real: DEM sample (AWS Terrain Tiles (Skadi/SRTM1, ~30m, void-filled)), mean of 6/6 points along geometry (range 58.3-59.0m)","real: mean absolute gradient over the DEM elevation profile (6 points, see dem_processor.py)"
seg_565327369_0,61.3,3.44,plain,"real: DEM sample (AWS Terrain Tiles (Skadi/SRTM1, ~30m, void-filled)), mean of 4/4 points along geometry (range 58.7-62.7m)","real: mean absolute gradient over the DEM elevation profile (4 points, see dem_processor.py)"
seg_565327369_1,62.7,0.49,plain,"real: DEM sample (AWS Terrain Tiles (Skadi/SRTM1, ~30m, void-filled)), mean of 2/2 points along geometry (range 62.7-62.8m)","real: mean absolute gradient over the DEM elevation profile (2 points, see dem_processor.py)"
seg_565327369_2,64.7,1.2,plain,"real: DEM sample (AWS Terrain Tiles (Skadi/SRTM1, ~30m, void-filled)), mean of 23/23 points along geometry (range 60.4-70.7m)","real: mean absolute gradient over the DEM elevation profile (23 points, see dem_processor.py)"
seg_565327381_0,58.9,0.55,plain,"real: DEM sample (AWS Terrain Tiles (Skadi/SRTM1, ~30m, void-filled)), mean of 2/2 points along geometry (range 58.7-59.1m)","real: mean absolute gradient over the DEM elevation profile (2 points, see dem_processor.py)"
seg_565327381_1,57.6,0.62,plain,"real: DEM sample (AWS Terrain Tiles (Skadi/SRTM1, ~30m, void-filled)), mean of 4/4 points along geometry (range 57.0-58.7m)","real: mean absolute gradient over the DEM elevation profile (4 points, see dem_processor.py)"
seg_565327381_2,59.8,3.69,plain,"real: DEM sample (AWS Terrain Tiles (Skadi/SRTM1, ~30m, void-filled)), mean of 2/2 points along geometry (range 57.0-62.7m)","real: mean absolute gradient over the DEM elevation profile (2 points, see dem_processor.py)"
seg_565327381_3,62.7,1.28,plain,"real: DEM sample (AWS Terrain Tiles (Skadi/SRTM1, ~30m, void-filled)), mean of 4/4 points along geometry (range 61.5-63.5m)","real: mean absolute gradient over the DEM elevation profile (4 points, see dem_processor.py)"
seg_565327383_0,59.2,1.84,plain,"real: DEM sample (AWS Terrain Tiles (Skadi/SRTM1, ~30m, void-filled)), mean of 2/2 points along geometry (range 59.0-59.4m)","real: mean absolute gradient over the DEM elevation profile (2 points, see dem_processor.py)"
seg_565327389_0,61.3,0.9,plain,"real: DEM sample (AWS Terrain Tiles (Skadi/SRTM1, ~30m, void-filled)), mean of 2/2 points along geometry (range 61.2-61.3m)","real: mean absolute gradient over the DEM elevation profile (2 points, see dem_processor.py)"
seg_565327404_0,65.2,4.86,plain,"real: DEM sample (AWS Terrain Tiles (Skadi/SRTM1, ~30m, void-filled)), mean of 2/2 points along geometry (range 64.9-65.4m)","real: mean absolute gradient over the DEM elevation profile (2 points, see dem_processor.py)"
seg_565327408_0,63.0,2.58,plain,"real: DEM sample (AWS Terrain Tiles (Skadi/SRTM1, ~30m, void-filled)), mean of 2/2 points along geometry (range 62.8-63.1m)","real: mean absolute gradient over the DEM elevation profile (2 points, see dem_processor.py)"
seg_565327422_0,62.0,1.56,plain,"real: DEM sample (AWS Terrain Tiles (Skadi/SRTM1, ~30m, void-filled)), mean of 2/2 points along geometry (range 61.9-62.1m)","real: mean absolute gradient over the DEM elevation profile (2 points, see dem_processor.py)"
seg_565327432_0,62.4,0.89,plain,"real: DEM sample (AWS Terrain Tiles (Skadi/SRTM1, ~30m, void-filled)), mean of 8/8 points along geometry (range 61.6-63.5m)","real: mean absolute gradient over the DEM elevation profile (8 points, see dem_processor.py)"
seg_565327437_0,62.0,0.87,plain,"real: DEM sample (AWS Terrain Tiles (Skadi/SRTM1, ~30m, void-filled)), mean of 14/14 points along geometry (range 60.2-63.3m)","real: mean absolute gradient over the DEM elevation profile (14 points, see dem_processor.py)"
seg_565327437_1,66.0,2.57,plain,"real: DEM sample (AWS Terrain Tiles (Skadi/SRTM1, ~30m, void-filled)), mean of 17/17 points along geometry (range 61.9-70.1m)","real: mean absolute gradient over the DEM elevation profile (17 points, see dem_processor.py)"
seg_565327437_2,64.2,3.33,plain,"real: DEM sample (AWS Terrain Tiles (Skadi/SRTM1, ~30m, void-filled)), mean of 3/3 points along geometry (range 62.8-64.9m)","real: mean absolute gradient over the DEM elevation profile (3 points, see dem_processor.py)"
seg_565327437_3,60.8,1.14,plain,"real: DEM sample (AWS Terrain Tiles (Skadi/SRTM1, ~30m, void-filled)), mean of 10/10 points along geometry (range 59.7-63.5m)","real: mean absolute gradient over the DEM elevation profile (10 points, see dem_processor.py)"
seg_565333175_0,65.4,1.58,plain,"real: DEM sample (AWS Terrain Tiles (Skadi/SRTM1, ~30m, void-filled)), mean of 22/22 points along geometry (range 60.5-71.0m)","real: mean absolute gradient over the DEM elevation profile (22 points, see dem_processor.py)"
seg_565333180_0,66.1,1.38,plain,"real: DEM sample (AWS Terrain Tiles (Skadi/SRTM1, ~30m, void-filled)), mean of 17/17 points along geometry (range 63.1-70.9m)","real: mean absolute gradient over the DEM elevation profile (17 points, see dem_processor.py)"
seg_565346085_0,56.9,0.96,plain,"real: DEM sample (AWS Terrain Tiles (Skadi/SRTM1, ~30m, void-filled)), mean of 15/15 points along geometry (range 55.3-59.0m)","real: mean absolute gradient over the DEM elevation profile (15 points, see dem_processor.py)"
seg_565346089_0,61.0,0.0,plain,"real: DEM sample (AWS Terrain Tiles (Skadi/SRTM1, ~30m, void-filled)), mean of 2/2 points along geometry (range 61.0-61.0m)","real: mean absolute gradient over the DEM elevation profile (2 points, see dem_processor.py)"
seg_565346101_0,59.7,0.7,plain,"real: DEM sample (AWS Terrain Tiles (Skadi/SRTM1, ~30m, void-filled)), mean of 5/5 points along geometry (range 59.1-60.7m)","real: mean absolute gradient over the DEM elevation profile (5 points, see dem_processor.py)"
seg_565346101_1,60.4,0.83,plain,"real: DEM sample (AWS Terrain Tiles (Skadi/SRTM1, ~30m, void-filled)), mean of 11/11 points along geometry (range 59.3-61.9m)","real: mean absolute gradient over the DEM elevation profile (11 points, see dem_processor.py)"
seg_565346101_2,59.7,0.94,plain,"real: DEM sample (AWS Terrain Tiles (Skadi/SRTM1, ~30m, void-filled)), mean of 4/4 points along geometry (range 59.6-59.9m)","real: mean absolute gradient over the DEM elevation profile (4 points, see dem_processor.py)"
seg_565346108_0,56.1,2.16,plain,"real: DEM sample (AWS Terrain Tiles (Skadi/SRTM1, ~30m, void-filled)), mean of 3/3 points along geometry (range 54.8-57.9m)","real: mean absolute gradient over the DEM elevation profile (3 points, see dem_processor.py)"
seg_565346110_0,58.3,0.6,plain,"real: DEM sample (AWS Terrain Tiles (Skadi/SRTM1, ~30m, void-filled)), mean of 2/2 points along geometry (range 57.9-58.6m)","real: mean absolute gradient over the DEM elevation profile (2 points, see dem_processor.py)"
seg_565346112_0,55.8,0.35,plain,"real: DEM sample (AWS Terrain Tiles (Skadi/SRTM1, ~30m, void-filled)), mean of 4/4 points along geometry (range 55.1-56.1m)","real: mean absolute gradient over the DEM elevation profile (4 points, see dem_processor.py)"
seg_565346114_0,57.8,1.25,plain,"real: DEM sample (AWS Terrain Tiles (Skadi/SRTM1, ~30m, void-filled)), mean of 17/17 points along geometry (range 54.2-61.0m)","real: mean absolute gradient over the DEM elevation profile (17 points, see dem_processor.py)"
seg_565346114_1,59.3,1.1,plain,"real: DEM sample (AWS Terrain Tiles (Skadi/SRTM1, ~30m, void-filled)), mean of 2/2 points along geometry (range 58.9-59.7m)","real: mean absolute gradient over the DEM elevation profile (2 points, see dem_processor.py)"
seg_565369280_0,53.2,0.88,plain,"real: DEM sample (AWS Terrain Tiles (Skadi/SRTM1, ~30m, void-filled)), mean of 3/3 points along geometry (range 52.9-53.5m)","real: mean absolute gradient over the DEM elevation profile (3 points, see dem_processor.py)"
seg_565369280_1,55.2,1.61,plain,"real: DEM sample (AWS Terrain Tiles (Skadi/SRTM1, ~30m, void-filled)), mean of 16/16 points along geometry (range 53.0-58.4m)","real: mean absolute gradient over the DEM elevation profile (16 points, see dem_processor.py)"
seg_566148617_0,56.7,1.95,plain,"real: DEM sample (AWS Terrain Tiles (Skadi/SRTM1, ~30m, void-filled)), mean of 6/6 points along geometry (range 54.6-57.8m)","real: mean absolute gradient over the DEM elevation profile (6 points, see dem_processor.py)"
seg_572241504_0,67.8,2.54,plain,"real: DEM sample (AWS Terrain Tiles (Skadi/SRTM1, ~30m, void-filled)), mean of 99/99 points along geometry (range 58.9-87.0m)","real: mean absolute gradient over the DEM elevation profile (99 points, see dem_processor.py)"
seg_572310492_0,66.4,2.29,plain,"real: DEM sample (AWS Terrain Tiles (Skadi/SRTM1, ~30m, void-filled)), mean of 4/4 points along geometry (range 65.9-67.0m)","real: mean absolute gradient over the DEM elevation profile (4 points, see dem_processor.py)"
seg_572310492_1,67.2,2.09,plain,"real: DEM sample (AWS Terrain Tiles (Skadi/SRTM1, ~30m, void-filled)), mean of 364/364 points along geometry (range 58.1-82.4m)","real: mean absolute gradient over the DEM elevation profile (364 points, see dem_processor.py)"
seg_572310492_2,68.9,0.78,plain,"real: DEM sample (AWS Terrain Tiles (Skadi/SRTM1, ~30m, void-filled)), mean of 2/2 points along geometry (range 68.8-69.0m)","real: mean absolute gradient over the DEM elevation profile (2 points, see dem_processor.py)"
seg_572978613_0,56.1,1.47,plain,"real: DEM sample (AWS Terrain Tiles (Skadi/SRTM1, ~30m, void-filled)), mean of 8/8 points along geometry (range 54.2-58.0m)","real: mean absolute gradient over the DEM elevation profile (8 points, see dem_processor.py)"
seg_572978613_1,55.6,1.31,plain,"real: DEM sample (AWS Terrain Tiles (Skadi/SRTM1, ~30m, void-filled)), mean of 2/2 points along geometry (range 55.4-55.7m)","real: mean absolute gradient over the DEM elevation profile (2 points, see dem_processor.py)"
seg_573024145_0,55.4,0.88,plain,"real: DEM sample (AWS Terrain Tiles (Skadi/SRTM1, ~30m, void-filled)), mean of 12/12 points along geometry (range 54.2-56.6m)","real: mean absolute gradient over the DEM elevation profile (12 points, see dem_processor.py)"
seg_585167216_0,50.9,1.09,plain,"real: DEM sample (AWS Terrain Tiles (Skadi/SRTM1, ~30m, void-filled)), mean of 53/53 points along geometry (range 49.1-52.9m)","real: mean absolute gradient over the DEM elevation profile (53 points, see dem_processor.py)"
seg_587501118_0,77.9,3.82,plain,"real: DEM sample (AWS Terrain Tiles (Skadi/SRTM1, ~30m, void-filled)), mean of 354/354 points along geometry (range 50.0-145.3m)","real: mean absolute gradient over the DEM elevation profile (354 points, see dem_processor.py)"
seg_588785832_0,53.4,1.06,plain,"real: DEM sample (AWS Terrain Tiles (Skadi/SRTM1, ~30m, void-filled)), mean of 3/3 points along geometry (range 53.0-54.0m)","real: mean absolute gradient over the DEM elevation profile (3 points, see dem_processor.py)"
seg_588785838_0,64.1,1.05,plain,"real: DEM sample (AWS Terrain Tiles (Skadi/SRTM1, ~30m, void-filled)), mean of 31/31 points along geometry (range 58.6-67.4m)","real: mean absolute gradient over the DEM elevation profile (31 points, see dem_processor.py)"
seg_588785839_0,63.6,1.15,plain,"real: DEM sample (AWS Terrain Tiles (Skadi/SRTM1, ~30m, void-filled)), mean of 29/29 points along geometry (range 58.2-66.9m)","real: mean absolute gradient over the DEM elevation profile (29 points, see dem_processor.py)"
seg_588785839_1,63.8,2.25,plain,"real: DEM sample (AWS Terrain Tiles (Skadi/SRTM1, ~30m, void-filled)), mean of 2/2 points along geometry (range 63.1-64.5m)","real: mean absolute gradient over the DEM elevation profile (2 points, see dem_processor.py)"
seg_588785839_2,63.3,0.42,plain,"real: DEM sample (AWS Terrain Tiles (Skadi/SRTM1, ~30m, void-filled)), mean of 2/2 points along geometry (range 63.1-63.5m)","real: mean absolute gradient over the DEM elevation profile (2 points, see dem_processor.py)"
seg_588785840_0,60.8,1.33,plain,"real: DEM sample (AWS Terrain Tiles (Skadi/SRTM1, ~30m, void-filled)), mean of 24/24 points along geometry (range 57.9-64.6m)","real: mean absolute gradient over the DEM elevation profile (24 points, see dem_processor.py)"
seg_588785841_0,60.3,1.23,plain,"real: DEM sample (AWS Terrain Tiles (Skadi/SRTM1, ~30m, void-filled)), mean of 21/21 points along geometry (range 57.9-63.8m)","real: mean absolute gradient over the DEM elevation profile (21 points, see dem_processor.py)"
seg_588785851_0,72.3,0.59,plain,"real: DEM sample (AWS Terrain Tiles (Skadi/SRTM1, ~30m, void-filled)), mean of 29/29 points along geometry (range 70.9-74.0m)","real: mean absolute gradient over the DEM elevation profile (29 points, see dem_processor.py)"
seg_588785856_0,66.1,0.84,plain,"real: DEM sample (AWS Terrain Tiles (Skadi/SRTM1, ~30m, void-filled)), mean of 2/2 points along geometry (range 65.6-66.6m)","real: mean absolute gradient over the DEM elevation profile (2 points, see dem_processor.py)"
seg_588785866_0,80.9,1.24,plain,"real: DEM sample (AWS Terrain Tiles (Skadi/SRTM1, ~30m, void-filled)), mean of 5/5 points along geometry (range 80.1-81.9m)","real: mean absolute gradient over the DEM elevation profile (5 points, see dem_processor.py)"
seg_588791117_0,56.6,1.06,plain,"real: DEM sample (AWS Terrain Tiles (Skadi/SRTM1, ~30m, void-filled)), mean of 35/35 points along geometry (range 53.2-59.2m)","real: mean absolute gradient over the DEM elevation profile (35 points, see dem_processor.py)"
seg_605053762_0,72.2,1.25,plain,"real: DEM sample (AWS Terrain Tiles (Skadi/SRTM1, ~30m, void-filled)), mean of 158/158 points along geometry (range 68.3-76.0m)","real: mean absolute gradient over the DEM elevation profile (158 points, see dem_processor.py)"
seg_605053763_0,89.0,0.84,plain,"real: DEM sample (AWS Terrain Tiles (Skadi/SRTM1, ~30m, void-filled)), mean of 105/105 points along geometry (range 82.0-95.1m)","real: mean absolute gradient over the DEM elevation profile (105 points, see dem_processor.py)"
seg_605053773_0,82.1,1.08,plain,"real: DEM sample (AWS Terrain Tiles (Skadi/SRTM1, ~30m, void-filled)), mean of 35/35 points along geometry (range 77.5-87.0m)","real: mean absolute gradient over the DEM elevation profile (35 points, see dem_processor.py)"
seg_609822887_0,60.2,0.99,plain,"real: DEM sample (AWS Terrain Tiles (Skadi/SRTM1, ~30m, void-filled)), mean of 58/58 points along geometry (range 56.1-65.3m)","real: mean absolute gradient over the DEM elevation profile (58 points, see dem_processor.py)"
seg_609822888_0,59.8,1.2,plain,"real: DEM sample (AWS Terrain Tiles (Skadi/SRTM1, ~30m, void-filled)), mean of 73/73 points along geometry (range 53.8-64.3m)","real: mean absolute gradient over the DEM elevation profile (73 points, see dem_processor.py)"
seg_609822890_0,59.4,1.31,plain,"real: DEM sample (AWS Terrain Tiles (Skadi/SRTM1, ~30m, void-filled)), mean of 16/16 points along geometry (range 55.2-62.9m)","real: mean absolute gradient over the DEM elevation profile (16 points, see dem_processor.py)"
seg_609822890_1,60.6,1.25,plain,"real: DEM sample (AWS Terrain Tiles (Skadi/SRTM1, ~30m, void-filled)), mean of 37/37 points along geometry (range 56.4-65.5m)","real: mean absolute gradient over the DEM elevation profile (37 points, see dem_processor.py)"
seg_609822893_0,57.6,0.88,plain,"real: DEM sample (AWS Terrain Tiles (Skadi/SRTM1, ~30m, void-filled)), mean of 135/135 points along geometry (range 52.1-63.4m)","real: mean absolute gradient over the DEM elevation profile (135 points, see dem_processor.py)"
seg_609822894_0,58.2,3.76,plain,"real: DEM sample (AWS Terrain Tiles (Skadi/SRTM1, ~30m, void-filled)), mean of 3/3 points along geometry (range 55.7-60.5m)","real: mean absolute gradient over the DEM elevation profile (3 points, see dem_processor.py)"
seg_609822895_0,60.0,0.95,plain,"real: DEM sample (AWS Terrain Tiles (Skadi/SRTM1, ~30m, void-filled)), mean of 75/75 points along geometry (range 55.0-64.1m)","real: mean absolute gradient over the DEM elevation profile (75 points, see dem_processor.py)"
seg_609822895_1,57.6,0.87,plain,"real: DEM sample (AWS Terrain Tiles (Skadi/SRTM1, ~30m, void-filled)), mean of 71/71 points along geometry (range 53.2-63.0m)","real: mean absolute gradient over the DEM elevation profile (71 points, see dem_processor.py)"
seg_609822896_0,59.5,1.32,plain,"real: DEM sample (AWS Terrain Tiles (Skadi/SRTM1, ~30m, void-filled)), mean of 126/126 points along geometry (range 53.2-64.9m)","real: mean absolute gradient over the DEM elevation profile (126 points, see dem_processor.py)"
seg_609822898_0,61.3,1.04,plain,"real: DEM sample (AWS Terrain Tiles (Skadi/SRTM1, ~30m, void-filled)), mean of 5/5 points along geometry (range 60.6-62.7m)","real: mean absolute gradient over the DEM elevation profile (5 points, see dem_processor.py)"
seg_609822898_1,64.1,1.52,plain,"real: DEM sample (AWS Terrain Tiles (Skadi/SRTM1, ~30m, void-filled)), mean of 34/34 points along geometry (range 59.3-68.7m)","real: mean absolute gradient over the DEM elevation profile (34 points, see dem_processor.py)"
seg_609822898_2,61.7,1.25,plain,"real: DEM sample (AWS Terrain Tiles (Skadi/SRTM1, ~30m, void-filled)), mean of 28/28 points along geometry (range 58.2-65.4m)","real: mean absolute gradient over the DEM elevation profile (28 points, see dem_processor.py)"
seg_609822898_3,63.2,0.75,plain,"real: DEM sample (AWS Terrain Tiles (Skadi/SRTM1, ~30m, void-filled)), mean of 21/21 points along geometry (range 61.3-65.3m)","real: mean absolute gradient over the DEM elevation profile (21 points, see dem_processor.py)"
seg_609822899_0,64.9,1.13,plain,"real: DEM sample (AWS Terrain Tiles (Skadi/SRTM1, ~30m, void-filled)), mean of 27/27 points along geometry (range 62.4-67.3m)","real: mean absolute gradient over the DEM elevation profile (27 points, see dem_processor.py)"
seg_609822900_0,61.5,0.96,plain,"real: DEM sample (AWS Terrain Tiles (Skadi/SRTM1, ~30m, void-filled)), mean of 100/100 points along geometry (range 57.6-64.2m)","real: mean absolute gradient over the DEM elevation profile (100 points, see dem_processor.py)"
seg_609822902_0,62.9,1.26,plain,"real: DEM sample (AWS Terrain Tiles (Skadi/SRTM1, ~30m, void-filled)), mean of 84/84 points along geometry (range 57.8-68.2m)","real: mean absolute gradient over the DEM elevation profile (84 points, see dem_processor.py)"
seg_609822902_1,61.5,1.02,plain,"real: DEM sample (AWS Terrain Tiles (Skadi/SRTM1, ~30m, void-filled)), mean of 45/45 points along geometry (range 56.0-64.7m)","real: mean absolute gradient over the DEM elevation profile (45 points, see dem_processor.py)"
seg_609822902_2,60.2,1.81,plain,"real: DEM sample (AWS Terrain Tiles (Skadi/SRTM1, ~30m, void-filled)), mean of 7/7 points along geometry (range 58.0-62.2m)","real: mean absolute gradient over the DEM elevation profile (7 points, see dem_processor.py)"
seg_609822903_0,59.1,3.16,plain,"real: DEM sample (AWS Terrain Tiles (Skadi/SRTM1, ~30m, void-filled)), mean of 3/3 points along geometry (range 56.6-62.2m)","real: mean absolute gradient over the DEM elevation profile (3 points, see dem_processor.py)"
seg_609822904_0,56.9,0.55,plain,"real: DEM sample (AWS Terrain Tiles (Skadi/SRTM1, ~30m, void-filled)), mean of 2/2 points along geometry (range 56.6-57.2m)","real: mean absolute gradient over the DEM elevation profile (2 points, see dem_processor.py)"
seg_609822905_0,64.2,0.95,plain,"real: DEM sample (AWS Terrain Tiles (Skadi/SRTM1, ~30m, void-filled)), mean of 13/13 points along geometry (range 61.5-66.7m)","real: mean absolute gradient over the DEM elevation profile (13 points, see dem_processor.py)"
seg_609822905_1,59.7,1.03,plain,"real: DEM sample (AWS Terrain Tiles (Skadi/SRTM1, ~30m, void-filled)), mean of 38/38 points along geometry (range 56.0-63.0m)","real: mean absolute gradient over the DEM elevation profile (38 points, see dem_processor.py)"
seg_610740582_0,63.9,1.19,plain,"real: DEM sample (AWS Terrain Tiles (Skadi/SRTM1, ~30m, void-filled)), mean of 85/85 points along geometry (range 59.2-68.2m)","real: mean absolute gradient over the DEM elevation profile (85 points, see dem_processor.py)"
seg_610813575_0,66.8,2.08,plain,"real: DEM sample (AWS Terrain Tiles (Skadi/SRTM1, ~30m, void-filled)), mean of 17/17 points along geometry (range 65.1-70.1m)","real: mean absolute gradient over the DEM elevation profile (17 points, see dem_processor.py)"
seg_610813581_0,69.3,1.33,plain,"real: DEM sample (AWS Terrain Tiles (Skadi/SRTM1, ~30m, void-filled)), mean of 24/24 points along geometry (range 64.9-72.9m)","real: mean absolute gradient over the DEM elevation profile (24 points, see dem_processor.py)"
seg_611040819_0,66.1,1.35,plain,"real: DEM sample (AWS Terrain Tiles (Skadi/SRTM1, ~30m, void-filled)), mean of 16/16 points along geometry (range 63.7-69.0m)","real: mean absolute gradient over the DEM elevation profile (16 points, see dem_processor.py)"
seg_611040819_1,65.2,1.3,plain,"real: DEM sample (AWS Terrain Tiles (Skadi/SRTM1, ~30m, void-filled)), mean of 37/37 points along geometry (range 61.1-67.7m)","real: mean absolute gradient over the DEM elevation profile (37 points, see dem_processor.py)"
seg_611040820_0,65.7,1.85,plain,"real: DEM sample (AWS Terrain Tiles (Skadi/SRTM1, ~30m, void-filled)), mean of 2/2 points along geometry (range 65.5-66.0m)","real: mean absolute gradient over the DEM elevation profile (2 points, see dem_processor.py)"
seg_611040820_1,67.8,1.26,plain,"real: DEM sample (AWS Terrain Tiles (Skadi/SRTM1, ~30m, void-filled)), mean of 114/114 points along geometry (range 64.7-73.0m)","real: mean absolute gradient over the DEM elevation profile (114 points, see dem_processor.py)"
seg_611040824_0,65.9,1.38,plain,"real: DEM sample (AWS Terrain Tiles (Skadi/SRTM1, ~30m, void-filled)), mean of 10/10 points along geometry (range 64.1-68.0m)","real: mean absolute gradient over the DEM elevation profile (10 points, see dem_processor.py)"
seg_611040824_1,67.4,1.09,plain,"real: DEM sample (AWS Terrain Tiles (Skadi/SRTM1, ~30m, void-filled)), mean of 71/71 points along geometry (range 63.8-71.3m)","real: mean absolute gradient over the DEM elevation profile (71 points, see dem_processor.py)"
seg_611040824_2,67.0,1.15,plain,"real: DEM sample (AWS Terrain Tiles (Skadi/SRTM1, ~30m, void-filled)), mean of 53/53 points along geometry (range 62.3-70.0m)","real: mean absolute gradient over the DEM elevation profile (53 points, see dem_processor.py)"
seg_611040824_3,68.4,1.51,plain,"real: DEM sample (AWS Terrain Tiles (Skadi/SRTM1, ~30m, void-filled)), mean of 16/16 points along geometry (range 65.3-72.5m)","real: mean absolute gradient over the DEM elevation profile (16 points, see dem_processor.py)"
seg_611197746_0,86.0,1.61,plain,"real: DEM sample (AWS Terrain Tiles (Skadi/SRTM1, ~30m, void-filled)), mean of 10/10 points along geometry (range 84.7-87.3m)","real: mean absolute gradient over the DEM elevation profile (10 points, see dem_processor.py)"
seg_611197746_1,85.2,3.03,plain,"real: DEM sample (AWS Terrain Tiles (Skadi/SRTM1, ~30m, void-filled)), mean of 98/98 points along geometry (range 74.4-99.5m)","real: mean absolute gradient over the DEM elevation profile (98 points, see dem_processor.py)"
seg_611197746_2,74.9,2.39,plain,"real: DEM sample (AWS Terrain Tiles (Skadi/SRTM1, ~30m, void-filled)), mean of 34/34 points along geometry (range 68.0-83.6m)","real: mean absolute gradient over the DEM elevation profile (34 points, see dem_processor.py)"
seg_611197746_3,70.9,1.95,plain,"real: DEM sample (AWS Terrain Tiles (Skadi/SRTM1, ~30m, void-filled)), mean of 39/39 points along geometry (range 67.7-79.0m)","real: mean absolute gradient over the DEM elevation profile (39 points, see dem_processor.py)"
seg_611197746_4,68.7,1.45,plain,"real: DEM sample (AWS Terrain Tiles (Skadi/SRTM1, ~30m, void-filled)), mean of 67/67 points along geometry (range 65.8-72.4m)","real: mean absolute gradient over the DEM elevation profile (67 points, see dem_processor.py)"
seg_611197746_5,68.8,0.79,plain,"real: DEM sample (AWS Terrain Tiles (Skadi/SRTM1, ~30m, void-filled)), mean of 11/11 points along geometry (range 67.2-69.8m)","real: mean absolute gradient over the DEM elevation profile (11 points, see dem_processor.py)"
seg_611197747_0,71.5,2.38,plain,"real: DEM sample (AWS Terrain Tiles (Skadi/SRTM1, ~30m, void-filled)), mean of 22/22 points along geometry (range 68.8-76.3m)","real: mean absolute gradient over the DEM elevation profile (22 points, see dem_processor.py)"
seg_611197747_1,72.1,2.19,plain,"real: DEM sample (AWS Terrain Tiles (Skadi/SRTM1, ~30m, void-filled)), mean of 39/39 points along geometry (range 68.7-79.6m)","real: mean absolute gradient over the DEM elevation profile (39 points, see dem_processor.py)"
seg_611197747_2,76.0,2.72,plain,"real: DEM sample (AWS Terrain Tiles (Skadi/SRTM1, ~30m, void-filled)), mean of 33/33 points along geometry (range 68.1-86.3m)","real: mean absolute gradient over the DEM elevation profile (33 points, see dem_processor.py)"
seg_611197747_3,86.6,3.59,plain,"real: DEM sample (AWS Terrain Tiles (Skadi/SRTM1, ~30m, void-filled)), mean of 100/100 points along geometry (range 74.2-103.1m)","real: mean absolute gradient over the DEM elevation profile (100 points, see dem_processor.py)"
seg_611197747_4,86.4,2.06,plain,"real: DEM sample (AWS Terrain Tiles (Skadi/SRTM1, ~30m, void-filled)), mean of 5/5 points along geometry (range 85.9-87.0m)","real: mean absolute gradient over the DEM elevation profile (5 points, see dem_processor.py)"
seg_611252812_0,72.4,1.85,plain,"real: DEM sample (AWS Terrain Tiles (Skadi/SRTM1, ~30m, void-filled)), mean of 2/2 points along geometry (range 72.1-72.7m)","real: mean absolute gradient over the DEM elevation profile (2 points, see dem_processor.py)"
seg_611252812_1,68.8,2.02,plain,"real: DEM sample (AWS Terrain Tiles (Skadi/SRTM1, ~30m, void-filled)), mean of 19/19 points along geometry (range 64.4-74.3m)","real: mean absolute gradient over the DEM elevation profile (19 points, see dem_processor.py)"
seg_611252812_2,69.8,1.5,plain,"real: DEM sample (AWS Terrain Tiles (Skadi/SRTM1, ~30m, void-filled)), mean of 60/60 points along geometry (range 64.8-74.4m)","real: mean absolute gradient over the DEM elevation profile (60 points, see dem_processor.py)"
seg_611252816_0,77.0,0.96,plain,"real: DEM sample (AWS Terrain Tiles (Skadi/SRTM1, ~30m, void-filled)), mean of 9/9 points along geometry (range 75.3-78.3m)","real: mean absolute gradient over the DEM elevation profile (9 points, see dem_processor.py)"
seg_611252816_1,76.0,1.69,plain,"real: DEM sample (AWS Terrain Tiles (Skadi/SRTM1, ~30m, void-filled)), mean of 15/15 points along geometry (range 73.8-81.6m)","real: mean absolute gradient over the DEM elevation profile (15 points, see dem_processor.py)"
seg_611252816_2,74.7,0.8,plain,"real: DEM sample (AWS Terrain Tiles (Skadi/SRTM1, ~30m, void-filled)), mean of 6/6 points along geometry (range 74.0-76.5m)","real: mean absolute gradient over the DEM elevation profile (6 points, see dem_processor.py)"
seg_611252816_3,77.0,0.87,plain,"real: DEM sample (AWS Terrain Tiles (Skadi/SRTM1, ~30m, void-filled)), mean of 2/2 points along geometry (range 76.5-77.4m)","real: mean absolute gradient over the DEM elevation profile (2 points, see dem_processor.py)"
seg_611252816_4,74.5,1.28,plain,"real: DEM sample (AWS Terrain Tiles (Skadi/SRTM1, ~30m, void-filled)), mean of 15/15 points along geometry (range 71.7-77.4m)","real: mean absolute gradient over the DEM elevation profile (15 points, see dem_processor.py)"
seg_611252816_5,74.3,0.88,plain,"real: DEM sample (AWS Terrain Tiles (Skadi/SRTM1, ~30m, void-filled)), mean of 32/32 points along geometry (range 69.8-77.1m)","real: mean absolute gradient over the DEM elevation profile (32 points, see dem_processor.py)"
seg_611252816_6,75.7,1.54,plain,"real: DEM sample (AWS Terrain Tiles (Skadi/SRTM1, ~30m, void-filled)), mean of 42/42 points along geometry (range 69.4-81.2m)","real: mean absolute gradient over the DEM elevation profile (42 points, see dem_processor.py)"
seg_611252820_0,71.2,1.4,plain,"real: DEM sample (AWS Terrain Tiles (Skadi/SRTM1, ~30m, void-filled)), mean of 76/76 points along geometry (range 66.0-74.7m)","real: mean absolute gradient over the DEM elevation profile (76 points, see dem_processor.py)"
seg_611496536_0,57.1,1.14,plain,"real: DEM sample (AWS Terrain Tiles (Skadi/SRTM1, ~30m, void-filled)), mean of 2/2 points along geometry (range 56.8-57.4m)","real: mean absolute gradient over the DEM elevation profile (2 points, see dem_processor.py)"
seg_611496537_0,58.3,0.73,plain,"real: DEM sample (AWS Terrain Tiles (Skadi/SRTM1, ~30m, void-filled)), mean of 6/6 points along geometry (range 56.8-59.3m)","real: mean absolute gradient over the DEM elevation profile (6 points, see dem_processor.py)"
seg_611496537_1,58.9,0.76,plain,"real: DEM sample (AWS Terrain Tiles (Skadi/SRTM1, ~30m, void-filled)), mean of 15/15 points along geometry (range 58.0-60.2m)","real: mean absolute gradient over the DEM elevation profile (15 points, see dem_processor.py)"
seg_611496537_2,58.6,0.46,plain,"real: DEM sample (AWS Terrain Tiles (Skadi/SRTM1, ~30m, void-filled)), mean of 7/7 points along geometry (range 58.0-59.5m)","real: mean absolute gradient over the DEM elevation profile (7 points, see dem_processor.py)"
seg_611496537_3,59.4,1.15,plain,"real: DEM sample (AWS Terrain Tiles (Skadi/SRTM1, ~30m, void-filled)), mean of 8/8 points along geometry (range 58.1-60.1m)","real: mean absolute gradient over the DEM elevation profile (8 points, see dem_processor.py)"
seg_611496537_4,58.0,0.13,plain,"real: DEM sample (AWS Terrain Tiles (Skadi/SRTM1, ~30m, void-filled)), mean of 2/2 points along geometry (range 58.0-58.1m)","real: mean absolute gradient over the DEM elevation profile (2 points, see dem_processor.py)"
seg_611570677_0,56.4,2.2,plain,"real: DEM sample (AWS Terrain Tiles (Skadi/SRTM1, ~30m, void-filled)), mean of 4/4 points along geometry (range 54.7-58.0m)","real: mean absolute gradient over the DEM elevation profile (4 points, see dem_processor.py)"
seg_611570677_1,58.3,3.45,plain,"real: DEM sample (AWS Terrain Tiles (Skadi/SRTM1, ~30m, void-filled)), mean of 2/2 points along geometry (range 58.0-58.5m)","real: mean absolute gradient over the DEM elevation profile (2 points, see dem_processor.py)"
seg_611570677_2,59.8,1.06,plain,"real: DEM sample (AWS Terrain Tiles (Skadi/SRTM1, ~30m, void-filled)), mean of 5/5 points along geometry (range 58.5-61.3m)","real: mean absolute gradient over the DEM elevation profile (5 points, see dem_processor.py)"
seg_611570677_3,58.5,0.73,plain,"real: DEM sample (AWS Terrain Tiles (Skadi/SRTM1, ~30m, void-filled)), mean of 3/3 points along geometry (range 58.0-58.9m)","real: mean absolute gradient over the DEM elevation profile (3 points, see dem_processor.py)"
seg_611570678_0,57.7,1.96,plain,"real: DEM sample (AWS Terrain Tiles (Skadi/SRTM1, ~30m, void-filled)), mean of 5/5 points along geometry (range 56.6-58.5m)","real: mean absolute gradient over the DEM elevation profile (5 points, see dem_processor.py)"
seg_611882068_0,65.5,1.3,plain,"real: DEM sample (AWS Terrain Tiles (Skadi/SRTM1, ~30m, void-filled)), mean of 14/14 points along geometry (range 63.0-67.1m)","real: mean absolute gradient over the DEM elevation profile (14 points, see dem_processor.py)"
seg_611882070_0,66.8,0.99,plain,"real: DEM sample (AWS Terrain Tiles (Skadi/SRTM1, ~30m, void-filled)), mean of 43/43 points along geometry (range 63.3-69.3m)","real: mean absolute gradient over the DEM elevation profile (43 points, see dem_processor.py)"
seg_611882070_1,65.0,1.1,plain,"real: DEM sample (AWS Terrain Tiles (Skadi/SRTM1, ~30m, void-filled)), mean of 78/78 points along geometry (range 61.3-69.0m)","real: mean absolute gradient over the DEM elevation profile (78 points, see dem_processor.py)"
seg_611882070_2,65.4,1.26,plain,"real: DEM sample (AWS Terrain Tiles (Skadi/SRTM1, ~30m, void-filled)), mean of 21/21 points along geometry (range 61.0-69.0m)","real: mean absolute gradient over the DEM elevation profile (21 points, see dem_processor.py)"
seg_611882075_0,67.6,1.27,plain,"real: DEM sample (AWS Terrain Tiles (Skadi/SRTM1, ~30m, void-filled)), mean of 108/108 points along geometry (range 62.0-71.0m)","real: mean absolute gradient over the DEM elevation profile (108 points, see dem_processor.py)"
seg_611882075_1,66.8,1.64,plain,"real: DEM sample (AWS Terrain Tiles (Skadi/SRTM1, ~30m, void-filled)), mean of 31/31 points along geometry (range 62.1-70.0m)","real: mean absolute gradient over the DEM elevation profile (31 points, see dem_processor.py)"
seg_611882078_0,58.9,1.1,plain,"real: DEM sample (AWS Terrain Tiles (Skadi/SRTM1, ~30m, void-filled)), mean of 104/104 points along geometry (range 56.0-63.3m)","real: mean absolute gradient over the DEM elevation profile (104 points, see dem_processor.py)"
seg_611882078_1,59.6,0.96,plain,"real: DEM sample (AWS Terrain Tiles (Skadi/SRTM1, ~30m, void-filled)), mean of 110/110 points along geometry (range 55.9-63.8m)","real: mean absolute gradient over the DEM elevation profile (110 points, see dem_processor.py)"
seg_611882079_0,63.5,1.31,plain,"real: DEM sample (AWS Terrain Tiles (Skadi/SRTM1, ~30m, void-filled)), mean of 205/205 points along geometry (range 58.4-69.6m)","real: mean absolute gradient over the DEM elevation profile (205 points, see dem_processor.py)"
seg_611882085_0,64.1,1.14,plain,"real: DEM sample (AWS Terrain Tiles (Skadi/SRTM1, ~30m, void-filled)), mean of 30/30 points along geometry (range 60.4-69.0m)","real: mean absolute gradient over the DEM elevation profile (30 points, see dem_processor.py)"
seg_611882085_1,69.7,1.07,plain,"real: DEM sample (AWS Terrain Tiles (Skadi/SRTM1, ~30m, void-filled)), mean of 50/50 points along geometry (range 65.5-73.0m)","real: mean absolute gradient over the DEM elevation profile (50 points, see dem_processor.py)"
seg_611882086_0,63.4,0.45,plain,"real: DEM sample (AWS Terrain Tiles (Skadi/SRTM1, ~30m, void-filled)), mean of 2/2 points along geometry (range 63.1-63.7m)","real: mean absolute gradient over the DEM elevation profile (2 points, see dem_processor.py)"
seg_611882087_0,61.7,1.09,plain,"real: DEM sample (AWS Terrain Tiles (Skadi/SRTM1, ~30m, void-filled)), mean of 46/46 points along geometry (range 57.3-66.0m)","real: mean absolute gradient over the DEM elevation profile (46 points, see dem_processor.py)"
seg_611885489_0,58.4,3.29,plain,"real: DEM sample (AWS Terrain Tiles (Skadi/SRTM1, ~30m, void-filled)), mean of 3/3 points along geometry (range 55.0-61.0m)","real: mean absolute gradient over the DEM elevation profile (3 points, see dem_processor.py)"
seg_611885490_0,60.1,1.11,plain,"real: DEM sample (AWS Terrain Tiles (Skadi/SRTM1, ~30m, void-filled)), mean of 63/63 points along geometry (range 53.5-65.4m)","real: mean absolute gradient over the DEM elevation profile (63 points, see dem_processor.py)"
seg_612338401_0,80.0,1.33,plain,"real: DEM sample (AWS Terrain Tiles (Skadi/SRTM1, ~30m, void-filled)), mean of 206/206 points along geometry (range 70.8-92.8m)","real: mean absolute gradient over the DEM elevation profile (206 points, see dem_processor.py)"
seg_612338403_0,83.9,1.08,plain,"real: DEM sample (AWS Terrain Tiles (Skadi/SRTM1, ~30m, void-filled)), mean of 112/112 points along geometry (range 78.1-88.8m)","real: mean absolute gradient over the DEM elevation profile (112 points, see dem_processor.py)"
seg_612338405_0,83.0,0.87,plain,"real: DEM sample (AWS Terrain Tiles (Skadi/SRTM1, ~30m, void-filled)), mean of 61/61 points along geometry (range 77.0-88.4m)","real: mean absolute gradient over the DEM elevation profile (61 points, see dem_processor.py)"
seg_612338405_1,88.3,0.83,plain,"real: DEM sample (AWS Terrain Tiles (Skadi/SRTM1, ~30m, void-filled)), mean of 7/7 points along geometry (range 88.0-89.9m)","real: mean absolute gradient over the DEM elevation profile (7 points, see dem_processor.py)"
seg_612338405_2,87.9,1.27,plain,"real: DEM sample (AWS Terrain Tiles (Skadi/SRTM1, ~30m, void-filled)), mean of 50/50 points along geometry (range 81.1-95.6m)","real: mean absolute gradient over the DEM elevation profile (50 points, see dem_processor.py)"
seg_613675717_0,89.5,0.97,plain,"real: DEM sample (AWS Terrain Tiles (Skadi/SRTM1, ~30m, void-filled)), mean of 17/17 points along geometry (range 86.3-94.4m)","real: mean absolute gradient over the DEM elevation profile (17 points, see dem_processor.py)"
seg_613675718_0,94.2,0.97,plain,"real: DEM sample (AWS Terrain Tiles (Skadi/SRTM1, ~30m, void-filled)), mean of 27/27 points along geometry (range 90.3-97.6m)","real: mean absolute gradient over the DEM elevation profile (27 points, see dem_processor.py)"
seg_613675720_0,93.0,0.0,plain,"real: DEM sample (AWS Terrain Tiles (Skadi/SRTM1, ~30m, void-filled)), mean of 3/3 points along geometry (range 93.0-93.0m)","real: mean absolute gradient over the DEM elevation profile (3 points, see dem_processor.py)"
seg_613675720_1,92.9,1.78,plain,"real: DEM sample (AWS Terrain Tiles (Skadi/SRTM1, ~30m, void-filled)), mean of 30/30 points along geometry (range 91.5-94.9m)","real: mean absolute gradient over the DEM elevation profile (30 points, see dem_processor.py)"
seg_613675720_2,93.4,1.15,plain,"real: DEM sample (AWS Terrain Tiles (Skadi/SRTM1, ~30m, void-filled)), mean of 11/11 points along geometry (range 93.0-94.4m)","real: mean absolute gradient over the DEM elevation profile (11 points, see dem_processor.py)"
seg_615633237_0,62.5,1.11,plain,"real: DEM sample (AWS Terrain Tiles (Skadi/SRTM1, ~30m, void-filled)), mean of 37/37 points along geometry (range 59.5-68.1m)","real: mean absolute gradient over the DEM elevation profile (37 points, see dem_processor.py)"
seg_1135116794_4,71.3,0.92,plain,"real: DEM sample (AWS Terrain Tiles (Skadi/SRTM1, ~30m, void-filled)), mean of 9/9 points along geometry (range 69.9-73.6m)","real: mean absolute gradient over the DEM elevation profile (9 points, see dem_processor.py)"
seg_615633240_0,60.8,0.88,plain,"real: DEM sample (AWS Terrain Tiles (Skadi/SRTM1, ~30m, void-filled)), mean of 36/36 points along geometry (range 57.4-63.6m)","real: mean absolute gradient over the DEM elevation profile (36 points, see dem_processor.py)"
seg_615633241_0,60.9,0.91,plain,"real: DEM sample (AWS Terrain Tiles (Skadi/SRTM1, ~30m, void-filled)), mean of 34/34 points along geometry (range 57.6-64.4m)","real: mean absolute gradient over the DEM elevation profile (34 points, see dem_processor.py)"
seg_617226308_0,60.2,1.59,plain,"real: DEM sample (AWS Terrain Tiles (Skadi/SRTM1, ~30m, void-filled)), mean of 21/21 points along geometry (range 57.2-63.2m)","real: mean absolute gradient over the DEM elevation profile (21 points, see dem_processor.py)"
seg_617226308_1,58.5,1.45,plain,"real: DEM sample (AWS Terrain Tiles (Skadi/SRTM1, ~30m, void-filled)), mean of 117/117 points along geometry (range 54.0-62.8m)","real: mean absolute gradient over the DEM elevation profile (117 points, see dem_processor.py)"
seg_617226310_0,61.0,0.89,plain,"real: DEM sample (AWS Terrain Tiles (Skadi/SRTM1, ~30m, void-filled)), mean of 2/2 points along geometry (range 60.4-61.6m)","real: mean absolute gradient over the DEM elevation profile (2 points, see dem_processor.py)"
seg_622569272_0,2538.0,7.15,mountain,"real: DEM sample (AWS Terrain Tiles (Skadi/SRTM1, ~30m, void-filled)), mean of 17/17 points along geometry (range 2531.8-2546.4m)","real: mean absolute gradient over the DEM elevation profile (17 points, see dem_processor.py)"
seg_636366607_0,67.1,2.61,plain,"real: DEM sample (AWS Terrain Tiles (Skadi/SRTM1, ~30m, void-filled)), mean of 4/4 points along geometry (range 64.8-68.4m)","real: mean absolute gradient over the DEM elevation profile (4 points, see dem_processor.py)"
seg_636805774_0,1264.0,0.73,hill,"real: DEM sample (AWS Terrain Tiles (Skadi/SRTM1, ~30m, void-filled)), mean of 2/2 points along geometry (range 1263.7-1264.4m)","real: mean absolute gradient over the DEM elevation profile (2 points, see dem_processor.py)"
seg_636805775_0,1269.5,4.95,hill,"real: DEM sample (AWS Terrain Tiles (Skadi/SRTM1, ~30m, void-filled)), mean of 17/17 points along geometry (range 1263.7-1279.7m)","real: mean absolute gradient over the DEM elevation profile (17 points, see dem_processor.py)"
seg_636805776_0,1343.9,8.59,hill,"real: DEM sample (AWS Terrain Tiles (Skadi/SRTM1, ~30m, void-filled)), mean of 3/3 points along geometry (range 1337.6-1348.1m)","real: mean absolute gradient over the DEM elevation profile (3 points, see dem_processor.py)"
seg_636805777_0,1352.0,19.74,hill,"real: DEM sample (AWS Terrain Tiles (Skadi/SRTM1, ~30m, void-filled)), mean of 3/3 points along geometry (range 1348.1-1356.3m)","real: mean absolute gradient over the DEM elevation profile (3 points, see dem_processor.py)"
seg_636944290_0,57.7,2.12,plain,"real: DEM sample (AWS Terrain Tiles (Skadi/SRTM1, ~30m, void-filled)), mean of 2/2 points along geometry (range 56.2-59.2m)","real: mean absolute gradient over the DEM elevation profile (2 points, see dem_processor.py)"
seg_636944291_0,62.3,0.97,plain,"real: DEM sample (AWS Terrain Tiles (Skadi/SRTM1, ~30m, void-filled)), mean of 15/15 points along geometry (range 60.4-64.0m)","real: mean absolute gradient over the DEM elevation profile (15 points, see dem_processor.py)"
seg_636944291_1,61.2,1.45,plain,"real: DEM sample (AWS Terrain Tiles (Skadi/SRTM1, ~30m, void-filled)), mean of 126/126 points along geometry (range 58.1-65.1m)","real: mean absolute gradient over the DEM elevation profile (126 points, see dem_processor.py)"
seg_637560679_0,53.9,0.7,plain,"real: DEM sample (AWS Terrain Tiles (Skadi/SRTM1, ~30m, void-filled)), mean of 2/2 points along geometry (range 53.6-54.2m)","real: mean absolute gradient over the DEM elevation profile (2 points, see dem_processor.py)"
seg_637560680_0,53.5,1.23,plain,"real: DEM sample (AWS Terrain Tiles (Skadi/SRTM1, ~30m, void-filled)), mean of 2/2 points along geometry (range 53.0-54.0m)","real: mean absolute gradient over the DEM elevation profile (2 points, see dem_processor.py)"
seg_637560682_0,53.0,0.06,plain,"real: DEM sample (AWS Terrain Tiles (Skadi/SRTM1, ~30m, void-filled)), mean of 2/2 points along geometry (range 53.0-53.0m)","real: mean absolute gradient over the DEM elevation profile (2 points, see dem_processor.py)"
seg_637560682_1,52.4,0.95,plain,"real: DEM sample (AWS Terrain Tiles (Skadi/SRTM1, ~30m, void-filled)), mean of 7/7 points along geometry (range 51.1-53.0m)","real: mean absolute gradient over the DEM elevation profile (7 points, see dem_processor.py)"
seg_637560683_0,53.9,1.38,plain,"real: DEM sample (AWS Terrain Tiles (Skadi/SRTM1, ~30m, void-filled)), mean of 24/24 points along geometry (range 49.7-56.7m)","real: mean absolute gradient over the DEM elevation profile (24 points, see dem_processor.py)"
seg_650917884_0,63.4,0.83,plain,"real: DEM sample (AWS Terrain Tiles (Skadi/SRTM1, ~30m, void-filled)), mean of 35/35 points along geometry (range 59.2-67.8m)","real: mean absolute gradient over the DEM elevation profile (35 points, see dem_processor.py)"
seg_650917884_1,64.2,0.94,plain,"real: DEM sample (AWS Terrain Tiles (Skadi/SRTM1, ~30m, void-filled)), mean of 25/25 points along geometry (range 59.0-67.2m)","real: mean absolute gradient over the DEM elevation profile (25 points, see dem_processor.py)"
seg_650979287_0,57.2,1.2,plain,"real: DEM sample (AWS Terrain Tiles (Skadi/SRTM1, ~30m, void-filled)), mean of 37/37 points along geometry (range 54.2-61.5m)","real: mean absolute gradient over the DEM elevation profile (37 points, see dem_processor.py)"
seg_650980239_0,58.4,1.06,plain,"real: DEM sample (AWS Terrain Tiles (Skadi/SRTM1, ~30m, void-filled)), mean of 67/67 points along geometry (range 54.5-61.6m)","real: mean absolute gradient over the DEM elevation profile (67 points, see dem_processor.py)"
seg_650986959_0,74.1,1.11,plain,"real: DEM sample (AWS Terrain Tiles (Skadi/SRTM1, ~30m, void-filled)), mean of 64/64 points along geometry (range 70.1-80.8m)","real: mean absolute gradient over the DEM elevation profile (64 points, see dem_processor.py)"
seg_650994189_0,55.9,1.32,plain,"real: DEM sample (AWS Terrain Tiles (Skadi/SRTM1, ~30m, void-filled)), mean of 134/134 points along geometry (range 51.2-61.0m)","real: mean absolute gradient over the DEM elevation profile (134 points, see dem_processor.py)"
seg_651001376_0,52.1,1.35,plain,"real: DEM sample (AWS Terrain Tiles (Skadi/SRTM1, ~30m, void-filled)), mean of 410/410 points along geometry (range 40.9-63.0m)","real: mean absolute gradient over the DEM elevation profile (410 points, see dem_processor.py)"
seg_651001376_1,56.8,1.34,plain,"real: DEM sample (AWS Terrain Tiles (Skadi/SRTM1, ~30m, void-filled)), mean of 328/328 points along geometry (range 52.7-61.5m)","real: mean absolute gradient over the DEM elevation profile (328 points, see dem_processor.py)"
seg_651413123_0,82.0,1.29,plain,"real: DEM sample (AWS Terrain Tiles (Skadi/SRTM1, ~30m, void-filled)), mean of 2/2 points along geometry (range 81.1-83.0m)","real: mean absolute gradient over the DEM elevation profile (2 points, see dem_processor.py)"
seg_651413123_1,76.8,1.29,plain,"real: DEM sample (AWS Terrain Tiles (Skadi/SRTM1, ~30m, void-filled)), mean of 112/112 points along geometry (range 70.4-84.0m)","real: mean absolute gradient over the DEM elevation profile (112 points, see dem_processor.py)"
seg_651640563_0,52.3,1.86,plain,"real: DEM sample (AWS Terrain Tiles (Skadi/SRTM1, ~30m, void-filled)), mean of 2/2 points along geometry (range 52.2-52.5m)","real: mean absolute gradient over the DEM elevation profile (2 points, see dem_processor.py)"
seg_651640654_0,51.3,0.87,plain,"real: DEM sample (AWS Terrain Tiles (Skadi/SRTM1, ~30m, void-filled)), mean of 2/2 points along geometry (range 51.2-51.3m)","real: mean absolute gradient over the DEM elevation profile (2 points, see dem_processor.py)"
seg_651641217_0,52.4,3.81,plain,"real: DEM sample (AWS Terrain Tiles (Skadi/SRTM1, ~30m, void-filled)), mean of 8/8 points along geometry (range 51.5-54.5m)","real: mean absolute gradient over the DEM elevation profile (8 points, see dem_processor.py)"
seg_651641218_0,52.7,3.43,plain,"real: DEM sample (AWS Terrain Tiles (Skadi/SRTM1, ~30m, void-filled)), mean of 7/7 points along geometry (range 51.6-54.7m)","real: mean absolute gradient over the DEM elevation profile (7 points, see dem_processor.py)"
seg_651641220_0,53.8,0.8,plain,"real: DEM sample (AWS Terrain Tiles (Skadi/SRTM1, ~30m, void-filled)), mean of 7/7 points along geometry (range 52.9-54.6m)","real: mean absolute gradient over the DEM elevation profile (7 points, see dem_processor.py)"
seg_651641220_1,51.9,2.96,plain,"real: DEM sample (AWS Terrain Tiles (Skadi/SRTM1, ~30m, void-filled)), mean of 3/3 points along geometry (range 50.8-52.9m)","real: mean absolute gradient over the DEM elevation profile (3 points, see dem_processor.py)"
seg_651641220_2,50.7,2.0,plain,"real: DEM sample (AWS Terrain Tiles (Skadi/SRTM1, ~30m, void-filled)), mean of 2/2 points along geometry (range 50.5-50.8m)","real: mean absolute gradient over the DEM elevation profile (2 points, see dem_processor.py)"
seg_651641220_3,50.9,2.3,plain,"real: DEM sample (AWS Terrain Tiles (Skadi/SRTM1, ~30m, void-filled)), mean of 4/4 points along geometry (range 50.4-51.7m)","real: mean absolute gradient over the DEM elevation profile (4 points, see dem_processor.py)"
seg_651641220_4,52.9,1.15,plain,"real: DEM sample (AWS Terrain Tiles (Skadi/SRTM1, ~30m, void-filled)), mean of 10/10 points along geometry (range 51.7-54.2m)","real: mean absolute gradient over the DEM elevation profile (10 points, see dem_processor.py)"
seg_651641782_0,50.7,0.33,plain,"real: DEM sample (AWS Terrain Tiles (Skadi/SRTM1, ~30m, void-filled)), mean of 4/4 points along geometry (range 50.6-50.7m)","real: mean absolute gradient over the DEM elevation profile (4 points, see dem_processor.py)"
seg_651912057_0,65.1,1.08,plain,"real: DEM sample (AWS Terrain Tiles (Skadi/SRTM1, ~30m, void-filled)), mean of 98/98 points along geometry (range 61.0-70.1m)","real: mean absolute gradient over the DEM elevation profile (98 points, see dem_processor.py)"
seg_657773831_0,56.6,0.91,plain,"real: DEM sample (AWS Terrain Tiles (Skadi/SRTM1, ~30m, void-filled)), mean of 28/28 points along geometry (range 54.6-59.5m)","real: mean absolute gradient over the DEM elevation profile (28 points, see dem_processor.py)"
seg_657782632_0,57.3,1.08,plain,"real: DEM sample (AWS Terrain Tiles (Skadi/SRTM1, ~30m, void-filled)), mean of 9/9 points along geometry (range 55.3-61.2m)","real: mean absolute gradient over the DEM elevation profile (9 points, see dem_processor.py)"
seg_657782633_0,55.2,1.3,plain,"real: DEM sample (AWS Terrain Tiles (Skadi/SRTM1, ~30m, void-filled)), mean of 22/22 points along geometry (range 51.4-58.4m)","real: mean absolute gradient over the DEM elevation profile (22 points, see dem_processor.py)"
seg_657782633_1,53.2,1.66,plain,"real: DEM sample (AWS Terrain Tiles (Skadi/SRTM1, ~30m, void-filled)), mean of 5/5 points along geometry (range 50.1-55.0m)","real: mean absolute gradient over the DEM elevation profile (5 points, see dem_processor.py)"
seg_657782633_2,50.2,1.7,plain,"real: DEM sample (AWS Terrain Tiles (Skadi/SRTM1, ~30m, void-filled)), mean of 2/2 points along geometry (range 50.1-50.4m)","real: mean absolute gradient over the DEM elevation profile (2 points, see dem_processor.py)"
seg_657782634_0,52.1,1.19,plain,"real: DEM sample (AWS Terrain Tiles (Skadi/SRTM1, ~30m, void-filled)), mean of 26/26 points along geometry (range 49.1-56.7m)","real: mean absolute gradient over the DEM elevation profile (26 points, see dem_processor.py)"
seg_657782634_1,49.5,0.81,plain,"real: DEM sample (AWS Terrain Tiles (Skadi/SRTM1, ~30m, void-filled)), mean of 16/16 points along geometry (range 48.0-50.9m)","real: mean absolute gradient over the DEM elevation profile (16 points, see dem_processor.py)"
seg_658697395_0,77.1,0.92,plain,"real: DEM sample (AWS Terrain Tiles (Skadi/SRTM1, ~30m, void-filled)), mean of 42/42 points along geometry (range 70.2-81.0m)","real: mean absolute gradient over the DEM elevation profile (42 points, see dem_processor.py)"
seg_658698437_0,83.3,1.08,plain,"real: DEM sample (AWS Terrain Tiles (Skadi/SRTM1, ~30m, void-filled)), mean of 58/58 points along geometry (range 76.4-93.4m)","real: mean absolute gradient over the DEM elevation profile (58 points, see dem_processor.py)"
seg_658702335_0,73.9,2.37,plain,"real: DEM sample (AWS Terrain Tiles (Skadi/SRTM1, ~30m, void-filled)), mean of 6/6 points along geometry (range 72.6-76.5m)","real: mean absolute gradient over the DEM elevation profile (6 points, see dem_processor.py)"
seg_659471832_0,59.5,2.31,plain,"real: DEM sample (AWS Terrain Tiles (Skadi/SRTM1, ~30m, void-filled)), mean of 2/2 points along geometry (range 59.3-59.6m)","real: mean absolute gradient over the DEM elevation profile (2 points, see dem_processor.py)"
seg_659471832_1,60.0,2.89,plain,"real: DEM sample (AWS Terrain Tiles (Skadi/SRTM1, ~30m, void-filled)), mean of 3/3 points along geometry (range 59.6-60.4m)","real: mean absolute gradient over the DEM elevation profile (3 points, see dem_processor.py)"
seg_659471832_2,60.5,0.77,plain,"real: DEM sample (AWS Terrain Tiles (Skadi/SRTM1, ~30m, void-filled)), mean of 2/2 points along geometry (range 60.4-60.6m)","real: mean absolute gradient over the DEM elevation profile (2 points, see dem_processor.py)"
seg_659471832_3,60.0,4.0,plain,"real: DEM sample (AWS Terrain Tiles (Skadi/SRTM1, ~30m, void-filled)), mean of 3/3 points along geometry (range 59.4-60.6m)","real: mean absolute gradient over the DEM elevation profile (3 points, see dem_processor.py)"
seg_659471832_4,59.2,1.19,plain,"real: DEM sample (AWS Terrain Tiles (Skadi/SRTM1, ~30m, void-filled)), mean of 5/5 points along geometry (range 59.0-59.4m)","real: mean absolute gradient over the DEM elevation profile (5 points, see dem_processor.py)"
seg_659471832_5,59.2,1.81,plain,"real: DEM sample (AWS Terrain Tiles (Skadi/SRTM1, ~30m, void-filled)), mean of 2/2 points along geometry (range 59.1-59.3m)","real: mean absolute gradient over the DEM elevation profile (2 points, see dem_processor.py)"
seg_659471833_0,54.9,1.02,plain,"real: DEM sample (AWS Terrain Tiles (Skadi/SRTM1, ~30m, void-filled)), mean of 16/16 points along geometry (range 51.2-56.8m)","real: mean absolute gradient over the DEM elevation profile (16 points, see dem_processor.py)"
seg_659471833_1,57.1,1.04,plain,"real: DEM sample (AWS Terrain Tiles (Skadi/SRTM1, ~30m, void-filled)), mean of 8/8 points along geometry (range 56.0-59.3m)","real: mean absolute gradient over the DEM elevation profile (8 points, see dem_processor.py)"
seg_659472079_0,57.6,1.04,plain,"real: DEM sample (AWS Terrain Tiles (Skadi/SRTM1, ~30m, void-filled)), mean of 62/62 points along geometry (range 53.0-62.3m)","real: mean absolute gradient over the DEM elevation profile (62 points, see dem_processor.py)"
seg_659533061_0,72.3,0.62,plain,"real: DEM sample (AWS Terrain Tiles (Skadi/SRTM1, ~30m, void-filled)), mean of 2/2 points along geometry (range 72.2-72.5m)","real: mean absolute gradient over the DEM elevation profile (2 points, see dem_processor.py)"
seg_659533061_1,73.0,1.64,plain,"real: DEM sample (AWS Terrain Tiles (Skadi/SRTM1, ~30m, void-filled)), mean of 105/105 points along geometry (range 69.3-77.8m)","real: mean absolute gradient over the DEM elevation profile (105 points, see dem_processor.py)"
seg_659574413_0,60.6,0.85,plain,"real: DEM sample (AWS Terrain Tiles (Skadi/SRTM1, ~30m, void-filled)), mean of 28/28 points along geometry (range 58.6-64.0m)","real: mean absolute gradient over the DEM elevation profile (28 points, see dem_processor.py)"
seg_659574413_1,60.9,0.94,plain,"real: DEM sample (AWS Terrain Tiles (Skadi/SRTM1, ~30m, void-filled)), mean of 29/29 points along geometry (range 58.1-64.0m)","real: mean absolute gradient over the DEM elevation profile (29 points, see dem_processor.py)"
seg_659574415_0,59.6,0.57,plain,"real: DEM sample (AWS Terrain Tiles (Skadi/SRTM1, ~30m, void-filled)), mean of 2/2 points along geometry (range 59.2-60.0m)","real: mean absolute gradient over the DEM elevation profile (2 points, see dem_processor.py)"
seg_659574416_0,60.2,1.11,plain,"real: DEM sample (AWS Terrain Tiles (Skadi/SRTM1, ~30m, void-filled)), mean of 7/7 points along geometry (range 57.7-62.5m)","real: mean absolute gradient over the DEM elevation profile (7 points, see dem_processor.py)"
seg_659574417_0,63.5,1.09,plain,"real: DEM sample (AWS Terrain Tiles (Skadi/SRTM1, ~30m, void-filled)), mean of 13/13 points along geometry (range 60.0-64.8m)","real: mean absolute gradient over the DEM elevation profile (13 points, see dem_processor.py)"
seg_659574418_0,62.9,0.84,plain,"real: DEM sample (AWS Terrain Tiles (Skadi/SRTM1, ~30m, void-filled)), mean of 120/120 points along geometry (range 57.9-68.3m)","real: mean absolute gradient over the DEM elevation profile (120 points, see dem_processor.py)"
seg_659574419_0,64.4,1.0,plain,"real: DEM sample (AWS Terrain Tiles (Skadi/SRTM1, ~30m, void-filled)), mean of 3/3 points along geometry (range 63.2-65.2m)","real: mean absolute gradient over the DEM elevation profile (3 points, see dem_processor.py)"
seg_659574421_0,61.8,0.8,plain,"real: DEM sample (AWS Terrain Tiles (Skadi/SRTM1, ~30m, void-filled)), mean of 52/52 points along geometry (range 57.5-66.2m)","real: mean absolute gradient over the DEM elevation profile (52 points, see dem_processor.py)"
seg_659776407_0,60.6,1.06,plain,"real: DEM sample (AWS Terrain Tiles (Skadi/SRTM1, ~30m, void-filled)), mean of 19/19 points along geometry (range 57.3-63.0m)","real: mean absolute gradient over the DEM elevation profile (19 points, see dem_processor.py)"
seg_659776408_0,58.7,0.86,plain,"real: DEM sample (AWS Terrain Tiles (Skadi/SRTM1, ~30m, void-filled)), mean of 23/23 points along geometry (range 56.0-62.7m)","real: mean absolute gradient over the DEM elevation profile (23 points, see dem_processor.py)"
seg_659776408_1,59.1,0.82,plain,"real: DEM sample (AWS Terrain Tiles (Skadi/SRTM1, ~30m, void-filled)), mean of 4/4 points along geometry (range 58.6-60.0m)","real: mean absolute gradient over the DEM elevation profile (4 points, see dem_processor.py)"
seg_662904833_0,53.6,1.98,plain,"real: DEM sample (AWS Terrain Tiles (Skadi/SRTM1, ~30m, void-filled)), mean of 3/3 points along geometry (range 52.9-54.4m)","real: mean absolute gradient over the DEM elevation profile (3 points, see dem_processor.py)"
seg_662904833_1,54.2,1.37,plain,"real: DEM sample (AWS Terrain Tiles (Skadi/SRTM1, ~30m, void-filled)), mean of 4/4 points along geometry (range 53.0-55.2m)","real: mean absolute gradient over the DEM elevation profile (4 points, see dem_processor.py)"
seg_662904834_0,51.9,0.82,plain,"real: DEM sample (AWS Terrain Tiles (Skadi/SRTM1, ~30m, void-filled)), mean of 7/7 points along geometry (range 51.1-52.6m)","real: mean absolute gradient over the DEM elevation profile (7 points, see dem_processor.py)"
seg_662904834_1,51.9,3.01,plain,"real: DEM sample (AWS Terrain Tiles (Skadi/SRTM1, ~30m, void-filled)), mean of 3/3 points along geometry (range 51.3-52.5m)","real: mean absolute gradient over the DEM elevation profile (3 points, see dem_processor.py)"
seg_662907280_0,54.0,1.71,plain,"real: DEM sample (AWS Terrain Tiles (Skadi/SRTM1, ~30m, void-filled)), mean of 29/29 points along geometry (range 51.3-57.3m)","real: mean absolute gradient over the DEM elevation profile (29 points, see dem_processor.py)"
seg_662909140_0,57.0,0.98,plain,"real: DEM sample (AWS Terrain Tiles (Skadi/SRTM1, ~30m, void-filled)), mean of 23/23 points along geometry (range 54.7-63.2m)","real: mean absolute gradient over the DEM elevation profile (23 points, see dem_processor.py)"
seg_662909140_1,62.1,1.98,plain,"real: DEM sample (AWS Terrain Tiles (Skadi/SRTM1, ~30m, void-filled)), mean of 8/8 points along geometry (range 60.0-65.5m)","real: mean absolute gradient over the DEM elevation profile (8 points, see dem_processor.py)"
seg_662909141_0,55.1,1.38,plain,"real: DEM sample (AWS Terrain Tiles (Skadi/SRTM1, ~30m, void-filled)), mean of 2/2 points along geometry (range 54.7-55.4m)","real: mean absolute gradient over the DEM elevation profile (2 points, see dem_processor.py)"
seg_662909143_0,56.9,1.32,plain,"real: DEM sample (AWS Terrain Tiles (Skadi/SRTM1, ~30m, void-filled)), mean of 3/3 points along geometry (range 56.6-57.1m)","real: mean absolute gradient over the DEM elevation profile (3 points, see dem_processor.py)"
seg_662909143_1,56.4,3.35,plain,"real: DEM sample (AWS Terrain Tiles (Skadi/SRTM1, ~30m, void-filled)), mean of 2/2 points along geometry (range 56.2-56.6m)","real: mean absolute gradient over the DEM elevation profile (2 points, see dem_processor.py)"
seg_662909143_2,55.8,4.4,plain,"real: DEM sample (AWS Terrain Tiles (Skadi/SRTM1, ~30m, void-filled)), mean of 2/2 points along geometry (range 55.4-56.2m)","real: mean absolute gradient over the DEM elevation profile (2 points, see dem_processor.py)"
seg_662909144_0,56.7,0.96,plain,"real: DEM sample (AWS Terrain Tiles (Skadi/SRTM1, ~30m, void-filled)), mean of 3/3 points along geometry (range 56.6-56.9m)","real: mean absolute gradient over the DEM elevation profile (3 points, see dem_processor.py)"
seg_662911956_0,56.0,2.07,plain,"real: DEM sample (AWS Terrain Tiles (Skadi/SRTM1, ~30m, void-filled)), mean of 6/6 points along geometry (range 51.8-57.9m)","real: mean absolute gradient over the DEM elevation profile (6 points, see dem_processor.py)"
seg_662911956_1,57.0,0.92,plain,"real: DEM sample (AWS Terrain Tiles (Skadi/SRTM1, ~30m, void-filled)), mean of 9/9 points along geometry (range 54.3-58.0m)","real: mean absolute gradient over the DEM elevation profile (9 points, see dem_processor.py)"
seg_662911956_2,55.6,3.63,plain,"real: DEM sample (AWS Terrain Tiles (Skadi/SRTM1, ~30m, void-filled)), mean of 2/2 points along geometry (range 54.3-57.0m)","real: mean absolute gradient over the DEM elevation profile (2 points, see dem_processor.py)"
seg_677269523_0,53.8,1.2,plain,"real: DEM sample (AWS Terrain Tiles (Skadi/SRTM1, ~30m, void-filled)), mean of 74/74 points along geometry (range 50.6-56.6m)","real: mean absolute gradient over the DEM elevation profile (74 points, see dem_processor.py)"
seg_677506833_0,54.1,0.26,plain,"real: DEM sample (AWS Terrain Tiles (Skadi/SRTM1, ~30m, void-filled)), mean of 2/2 points along geometry (range 54.0-54.1m)","real: mean absolute gradient over the DEM elevation profile (2 points, see dem_processor.py)"
seg_677506835_0,54.5,1.46,plain,"real: DEM sample (AWS Terrain Tiles (Skadi/SRTM1, ~30m, void-filled)), mean of 69/69 points along geometry (range 50.3-56.4m)","real: mean absolute gradient over the DEM elevation profile (69 points, see dem_processor.py)"
seg_677506836_0,54.9,3.3,plain,"real: DEM sample (AWS Terrain Tiles (Skadi/SRTM1, ~30m, void-filled)), mean of 2/2 points along geometry (range 54.0-55.7m)","real: mean absolute gradient over the DEM elevation profile (2 points, see dem_processor.py)"
seg_677506837_0,52.6,1.02,plain,"real: DEM sample (AWS Terrain Tiles (Skadi/SRTM1, ~30m, void-filled)), mean of 32/32 points along geometry (range 51.0-56.0m)","real: mean absolute gradient over the DEM elevation profile (32 points, see dem_processor.py)"
seg_677506844_0,54.0,1.61,plain,"real: DEM sample (AWS Terrain Tiles (Skadi/SRTM1, ~30m, void-filled)), mean of 26/26 points along geometry (range 50.6-58.2m)","real: mean absolute gradient over the DEM elevation profile (26 points, see dem_processor.py)"
seg_677506845_0,53.5,4.57,plain,"real: DEM sample (AWS Terrain Tiles (Skadi/SRTM1, ~30m, void-filled)), mean of 2/2 points along geometry (range 52.7-54.3m)","real: mean absolute gradient over the DEM elevation profile (2 points, see dem_processor.py)"
seg_677506862_0,54.1,1.27,plain,"real: DEM sample (AWS Terrain Tiles (Skadi/SRTM1, ~30m, void-filled)), mean of 117/117 points along geometry (range 50.1-58.7m)","real: mean absolute gradient over the DEM elevation profile (117 points, see dem_processor.py)"
seg_677506862_1,56.0,1.39,plain,"real: DEM sample (AWS Terrain Tiles (Skadi/SRTM1, ~30m, void-filled)), mean of 19/19 points along geometry (range 52.1-58.9m)","real: mean absolute gradient over the DEM elevation profile (19 points, see dem_processor.py)"
seg_677506884_0,51.2,0.23,plain,"real: DEM sample (AWS Terrain Tiles (Skadi/SRTM1, ~30m, void-filled)), mean of 2/2 points along geometry (range 51.2-51.3m)","real: mean absolute gradient over the DEM elevation profile (2 points, see dem_processor.py)"
seg_677506885_0,53.2,1.61,plain,"real: DEM sample (AWS Terrain Tiles (Skadi/SRTM1, ~30m, void-filled)), mean of 37/37 points along geometry (range 49.0-57.4m)","real: mean absolute gradient over the DEM elevation profile (37 points, see dem_processor.py)"
seg_677506885_1,54.2,1.41,plain,"real: DEM sample (AWS Terrain Tiles (Skadi/SRTM1, ~30m, void-filled)), mean of 28/28 points along geometry (range 51.2-57.9m)","real: mean absolute gradient over the DEM elevation profile (28 points, see dem_processor.py)"
seg_711640766_0,54.7,2.12,plain,"real: DEM sample (AWS Terrain Tiles (Skadi/SRTM1, ~30m, void-filled)), mean of 2/2 points along geometry (range 54.5-54.9m)","real: mean absolute gradient over the DEM elevation profile (2 points, see dem_processor.py)"
seg_711640767_0,54.7,1.23,plain,"real: DEM sample (AWS Terrain Tiles (Skadi/SRTM1, ~30m, void-filled)), mean of 3/3 points along geometry (range 54.5-54.9m)","real: mean absolute gradient over the DEM elevation profile (3 points, see dem_processor.py)"
seg_713328876_0,64.4,5.5,plain,"real: DEM sample (AWS Terrain Tiles (Skadi/SRTM1, ~30m, void-filled)), mean of 2/2 points along geometry (range 64.3-64.6m)","real: mean absolute gradient over the DEM elevation profile (2 points, see dem_processor.py)"
seg_713328876_1,64.0,5.51,plain,"real: DEM sample (AWS Terrain Tiles (Skadi/SRTM1, ~30m, void-filled)), mean of 2/2 points along geometry (range 63.7-64.3m)","real: mean absolute gradient over the DEM elevation profile (2 points, see dem_processor.py)"
seg_713345325_0,60.0,0.27,plain,"real: DEM sample (AWS Terrain Tiles (Skadi/SRTM1, ~30m, void-filled)), mean of 2/2 points along geometry (range 60.0-60.0m)","real: mean absolute gradient over the DEM elevation profile (2 points, see dem_processor.py)"
seg_713365239_0,51.7,0.11,plain,"real: DEM sample (AWS Terrain Tiles (Skadi/SRTM1, ~30m, void-filled)), mean of 3/3 points along geometry (range 51.6-51.7m)","real: mean absolute gradient over the DEM elevation profile (3 points, see dem_processor.py)"
seg_713375123_0,55.0,2.82,plain,"real: DEM sample (AWS Terrain Tiles (Skadi/SRTM1, ~30m, void-filled)), mean of 2/2 points along geometry (range 54.6-55.3m)","real: mean absolute gradient over the DEM elevation profile (2 points, see dem_processor.py)"
seg_713375124_0,54.0,0.34,plain,"real: DEM sample (AWS Terrain Tiles (Skadi/SRTM1, ~30m, void-filled)), mean of 2/2 points along geometry (range 53.9-54.0m)","real: mean absolute gradient over the DEM elevation profile (2 points, see dem_processor.py)"
seg_713385005_0,57.2,1.05,plain,"real: DEM sample (AWS Terrain Tiles (Skadi/SRTM1, ~30m, void-filled)), mean of 2/2 points along geometry (range 57.2-57.3m)","real: mean absolute gradient over the DEM elevation profile (2 points, see dem_processor.py)"
seg_713385005_1,57.1,0.38,plain,"real: DEM sample (AWS Terrain Tiles (Skadi/SRTM1, ~30m, void-filled)), mean of 2/2 points along geometry (range 57.1-57.2m)","real: mean absolute gradient over the DEM elevation profile (2 points, see dem_processor.py)"
seg_713543964_0,64.3,9.12,plain,"real: DEM sample (AWS Terrain Tiles (Skadi/SRTM1, ~30m, void-filled)), mean of 2/2 points along geometry (range 63.2-65.3m)","real: mean absolute gradient over the DEM elevation profile (2 points, see dem_processor.py)"
seg_713578264_0,50.0,0.32,plain,"real: DEM sample (AWS Terrain Tiles (Skadi/SRTM1, ~30m, void-filled)), mean of 2/2 points along geometry (range 50.0-50.1m)","real: mean absolute gradient over the DEM elevation profile (2 points, see dem_processor.py)"
seg_713580778_0,59.6,0.74,plain,"real: DEM sample (AWS Terrain Tiles (Skadi/SRTM1, ~30m, void-filled)), mean of 3/3 points along geometry (range 59.3-60.0m)","real: mean absolute gradient over the DEM elevation profile (3 points, see dem_processor.py)"
seg_713580778_1,59.1,2.05,plain,"real: DEM sample (AWS Terrain Tiles (Skadi/SRTM1, ~30m, void-filled)), mean of 3/3 points along geometry (range 58.9-59.3m)","real: mean absolute gradient over the DEM elevation profile (3 points, see dem_processor.py)"
seg_713582019_0,82.6,8.45,plain,"real: DEM sample (AWS Terrain Tiles (Skadi/SRTM1, ~30m, void-filled)), mean of 2/2 points along geometry (range 82.0-83.1m)","real: mean absolute gradient over the DEM elevation profile (2 points, see dem_processor.py)"
seg_713582020_0,56.3,3.32,plain,"real: DEM sample (AWS Terrain Tiles (Skadi/SRTM1, ~30m, void-filled)), mean of 2/2 points along geometry (range 56.0-56.6m)","real: mean absolute gradient over the DEM elevation profile (2 points, see dem_processor.py)"
seg_713586648_0,59.0,10.85,plain,"real: DEM sample (AWS Terrain Tiles (Skadi/SRTM1, ~30m, void-filled)), mean of 2/2 points along geometry (range 57.8-60.3m)","real: mean absolute gradient over the DEM elevation profile (2 points, see dem_processor.py)"
seg_713587279_0,62.0,1.05,plain,"real: DEM sample (AWS Terrain Tiles (Skadi/SRTM1, ~30m, void-filled)), mean of 3/3 points along geometry (range 60.8-62.7m)","real: mean absolute gradient over the DEM elevation profile (3 points, see dem_processor.py)"
seg_713587279_1,62.4,0.63,plain,"real: DEM sample (AWS Terrain Tiles (Skadi/SRTM1, ~30m, void-filled)), mean of 7/7 points along geometry (range 60.5-63.2m)","real: mean absolute gradient over the DEM elevation profile (7 points, see dem_processor.py)"
seg_713587280_0,62.8,0.11,plain,"real: DEM sample (AWS Terrain Tiles (Skadi/SRTM1, ~30m, void-filled)), mean of 2/2 points along geometry (range 62.8-62.9m)","real: mean absolute gradient over the DEM elevation profile (2 points, see dem_processor.py)"
seg_713587280_1,62.7,1.11,plain,"real: DEM sample (AWS Terrain Tiles (Skadi/SRTM1, ~30m, void-filled)), mean of 2/2 points along geometry (range 62.6-62.8m)","real: mean absolute gradient over the DEM elevation profile (2 points, see dem_processor.py)"
seg_713587280_2,62.2,0.21,plain,"real: DEM sample (AWS Terrain Tiles (Skadi/SRTM1, ~30m, void-filled)), mean of 5/5 points along geometry (range 62.0-62.6m)","real: mean absolute gradient over the DEM elevation profile (5 points, see dem_processor.py)"
seg_714344976_0,62.0,0.24,plain,"real: DEM sample (AWS Terrain Tiles (Skadi/SRTM1, ~30m, void-filled)), mean of 4/4 points along geometry (range 61.7-62.4m)","real: mean absolute gradient over the DEM elevation profile (4 points, see dem_processor.py)"
seg_714347282_0,62.0,4.01,plain,"real: DEM sample (AWS Terrain Tiles (Skadi/SRTM1, ~30m, void-filled)), mean of 2/2 points along geometry (range 61.4-62.5m)","real: mean absolute gradient over the DEM elevation profile (2 points, see dem_processor.py)"
seg_714355207_0,65.2,0.65,plain,"real: DEM sample (AWS Terrain Tiles (Skadi/SRTM1, ~30m, void-filled)), mean of 4/4 points along geometry (range 64.7-65.7m)","real: mean absolute gradient over the DEM elevation profile (4 points, see dem_processor.py)"
seg_714390617_0,51.5,0.93,plain,"real: DEM sample (AWS Terrain Tiles (Skadi/SRTM1, ~30m, void-filled)), mean of 2/2 points along geometry (range 51.4-51.5m)","real: mean absolute gradient over the DEM elevation profile (2 points, see dem_processor.py)"
seg_714398978_0,58.0,2.04,plain,"real: DEM sample (AWS Terrain Tiles (Skadi/SRTM1, ~30m, void-filled)), mean of 2/2 points along geometry (range 57.9-58.2m)","real: mean absolute gradient over the DEM elevation profile (2 points, see dem_processor.py)"
seg_714406004_0,52.8,1.44,plain,"real: DEM sample (AWS Terrain Tiles (Skadi/SRTM1, ~30m, void-filled)), mean of 10/10 points along geometry (range 51.5-54.6m)","real: mean absolute gradient over the DEM elevation profile (10 points, see dem_processor.py)"
seg_714406005_0,51.2,1.11,plain,"real: DEM sample (AWS Terrain Tiles (Skadi/SRTM1, ~30m, void-filled)), mean of 14/14 points along geometry (range 49.5-52.9m)","real: mean absolute gradient over the DEM elevation profile (14 points, see dem_processor.py)"
seg_714408680_0,51.0,2.99,plain,"real: DEM sample (AWS Terrain Tiles (Skadi/SRTM1, ~30m, void-filled)), mean of 2/2 points along geometry (range 50.1-51.8m)","real: mean absolute gradient over the DEM elevation profile (2 points, see dem_processor.py)"
seg_715193914_0,61.9,0.17,plain,"real: DEM sample (AWS Terrain Tiles (Skadi/SRTM1, ~30m, void-filled)), mean of 2/2 points along geometry (range 61.9-61.9m)","real: mean absolute gradient over the DEM elevation profile (2 points, see dem_processor.py)"
seg_715363038_0,56.1,4.21,plain,"real: DEM sample (AWS Terrain Tiles (Skadi/SRTM1, ~30m, void-filled)), mean of 2/2 points along geometry (range 55.4-56.8m)","real: mean absolute gradient over the DEM elevation profile (2 points, see dem_processor.py)"
seg_724689844_0,54.7,0.82,plain,"real: DEM sample (AWS Terrain Tiles (Skadi/SRTM1, ~30m, void-filled)), mean of 4/4 points along geometry (range 53.9-55.2m)","real: mean absolute gradient over the DEM elevation profile (4 points, see dem_processor.py)"
seg_733194334_0,110.1,8.72,plain,"real: DEM sample (AWS Terrain Tiles (Skadi/SRTM1, ~30m, void-filled)), mean of 39/39 points along geometry (range 93.0-122.8m)","real: mean absolute gradient over the DEM elevation profile (39 points, see dem_processor.py)"
seg_733443659_0,74.6,5.38,plain,"real: DEM sample (AWS Terrain Tiles (Skadi/SRTM1, ~30m, void-filled)), mean of 42/42 points along geometry (range 58.0-93.1m)","real: mean absolute gradient over the DEM elevation profile (42 points, see dem_processor.py)"
seg_734350780_0,55.1,3.99,plain,"real: DEM sample (AWS Terrain Tiles (Skadi/SRTM1, ~30m, void-filled)), mean of 4/4 points along geometry (range 54.0-56.2m)","real: mean absolute gradient over the DEM elevation profile (4 points, see dem_processor.py)"
seg_734350781_0,55.8,1.34,plain,"real: DEM sample (AWS Terrain Tiles (Skadi/SRTM1, ~30m, void-filled)), mean of 4/4 points along geometry (range 55.5-56.2m)","real: mean absolute gradient over the DEM elevation profile (4 points, see dem_processor.py)"
seg_734350783_0,56.9,2.96,plain,"real: DEM sample (AWS Terrain Tiles (Skadi/SRTM1, ~30m, void-filled)), mean of 19/19 points along geometry (range 54.1-59.3m)","real: mean absolute gradient over the DEM elevation profile (19 points, see dem_processor.py)"
seg_734350784_0,55.8,4.7,plain,"real: DEM sample (AWS Terrain Tiles (Skadi/SRTM1, ~30m, void-filled)), mean of 5/5 points along geometry (range 51.5-59.4m)","real: mean absolute gradient over the DEM elevation profile (5 points, see dem_processor.py)"
seg_734350784_1,56.1,1.15,plain,"real: DEM sample (AWS Terrain Tiles (Skadi/SRTM1, ~30m, void-filled)), mean of 3/3 points along geometry (range 56.0-56.2m)","real: mean absolute gradient over the DEM elevation profile (3 points, see dem_processor.py)"
seg_734350785_0,56.1,2.01,plain,"real: DEM sample (AWS Terrain Tiles (Skadi/SRTM1, ~30m, void-filled)), mean of 7/7 points along geometry (range 53.3-58.4m)","real: mean absolute gradient over the DEM elevation profile (7 points, see dem_processor.py)"
seg_734350785_1,57.9,0.86,plain,"real: DEM sample (AWS Terrain Tiles (Skadi/SRTM1, ~30m, void-filled)), mean of 6/6 points along geometry (range 57.0-59.4m)","real: mean absolute gradient over the DEM elevation profile (6 points, see dem_processor.py)"
seg_734642748_0,53.2,0.84,plain,"real: DEM sample (AWS Terrain Tiles (Skadi/SRTM1, ~30m, void-filled)), mean of 2/2 points along geometry (range 53.1-53.3m)","real: mean absolute gradient over the DEM elevation profile (2 points, see dem_processor.py)"
seg_734642749_0,52.9,2.15,plain,"real: DEM sample (AWS Terrain Tiles (Skadi/SRTM1, ~30m, void-filled)), mean of 2/2 points along geometry (range 52.7-53.1m)","real: mean absolute gradient over the DEM elevation profile (2 points, see dem_processor.py)"
seg_734642750_0,54.3,1.66,plain,"real: DEM sample (AWS Terrain Tiles (Skadi/SRTM1, ~30m, void-filled)), mean of 9/9 points along geometry (range 50.0-59.2m)","real: mean absolute gradient over the DEM elevation profile (9 points, see dem_processor.py)"
seg_734642751_0,59.4,1.01,plain,"real: DEM sample (AWS Terrain Tiles (Skadi/SRTM1, ~30m, void-filled)), mean of 3/3 points along geometry (range 59.3-59.5m)","real: mean absolute gradient over the DEM elevation profile (3 points, see dem_processor.py)"
seg_734642751_1,58.8,3.01,plain,"real: DEM sample (AWS Terrain Tiles (Skadi/SRTM1, ~30m, void-filled)), mean of 10/10 points along geometry (range 57.7-59.5m)","real: mean absolute gradient over the DEM elevation profile (10 points, see dem_processor.py)"
seg_734642751_2,57.5,2.03,plain,"real: DEM sample (AWS Terrain Tiles (Skadi/SRTM1, ~30m, void-filled)), mean of 6/6 points along geometry (range 57.4-57.7m)","real: mean absolute gradient over the DEM elevation profile (6 points, see dem_processor.py)"
seg_734642751_3,58.6,3.05,plain,"real: DEM sample (AWS Terrain Tiles (Skadi/SRTM1, ~30m, void-filled)), mean of 9/9 points along geometry (range 57.6-59.2m)","real: mean absolute gradient over the DEM elevation profile (9 points, see dem_processor.py)"
seg_734642751_4,59.3,1.3,plain,"real: DEM sample (AWS Terrain Tiles (Skadi/SRTM1, ~30m, void-filled)), mean of 3/3 points along geometry (range 59.2-59.3m)","real: mean absolute gradient over the DEM elevation profile (3 points, see dem_processor.py)"
seg_734642752_0,53.6,1.78,plain,"real: DEM sample (AWS Terrain Tiles (Skadi/SRTM1, ~30m, void-filled)), mean of 9/9 points along geometry (range 49.2-59.0m)","real: mean absolute gradient over the DEM elevation profile (9 points, see dem_processor.py)"
seg_734738134_0,55.0,1.65,plain,"real: DEM sample (AWS Terrain Tiles (Skadi/SRTM1, ~30m, void-filled)), mean of 9/9 points along geometry (range 53.2-57.4m)","real: mean absolute gradient over the DEM elevation profile (9 points, see dem_processor.py)"
seg_735380011_0,59.2,1.43,plain,"real: DEM sample (AWS Terrain Tiles (Skadi/SRTM1, ~30m, void-filled)), mean of 6/6 points along geometry (range 58.0-60.6m)","real: mean absolute gradient over the DEM elevation profile (6 points, see dem_processor.py)"
seg_735380011_1,58.4,1.79,plain,"real: DEM sample (AWS Terrain Tiles (Skadi/SRTM1, ~30m, void-filled)), mean of 10/10 points along geometry (range 56.3-61.0m)","real: mean absolute gradient over the DEM elevation profile (10 points, see dem_processor.py)"
seg_739795308_0,58.0,1.03,plain,"real: DEM sample (AWS Terrain Tiles (Skadi/SRTM1, ~30m, void-filled)), mean of 4/4 points along geometry (range 57.5-59.0m)","real: mean absolute gradient over the DEM elevation profile (4 points, see dem_processor.py)"
seg_739795308_1,57.7,1.2,plain,"real: DEM sample (AWS Terrain Tiles (Skadi/SRTM1, ~30m, void-filled)), mean of 2/2 points along geometry (range 57.5-57.8m)","real: mean absolute gradient over the DEM elevation profile (2 points, see dem_processor.py)"
seg_739795310_0,55.6,0.43,plain,"real: DEM sample (AWS Terrain Tiles (Skadi/SRTM1, ~30m, void-filled)), mean of 2/2 points along geometry (range 55.5-55.6m)","real: mean absolute gradient over the DEM elevation profile (2 points, see dem_processor.py)"
seg_739795311_0,59.5,2.95,plain,"real: DEM sample (AWS Terrain Tiles (Skadi/SRTM1, ~30m, void-filled)), mean of 6/6 points along geometry (range 55.6-62.7m)","real: mean absolute gradient over the DEM elevation profile (6 points, see dem_processor.py)"
seg_739795312_0,54.7,0.8,plain,"real: DEM sample (AWS Terrain Tiles (Skadi/SRTM1, ~30m, void-filled)), mean of 3/3 points along geometry (range 54.1-55.5m)","real: mean absolute gradient over the DEM elevation profile (3 points, see dem_processor.py)"
seg_740044933_0,55.7,0.71,plain,"real: DEM sample (AWS Terrain Tiles (Skadi/SRTM1, ~30m, void-filled)), mean of 6/6 points along geometry (range 54.8-56.1m)","real: mean absolute gradient over the DEM elevation profile (6 points, see dem_processor.py)"
seg_740044933_1,55.9,2.77,plain,"real: DEM sample (AWS Terrain Tiles (Skadi/SRTM1, ~30m, void-filled)), mean of 3/3 points along geometry (range 55.5-56.3m)","real: mean absolute gradient over the DEM elevation profile (3 points, see dem_processor.py)"
seg_740044933_2,56.2,1.36,plain,"real: DEM sample (AWS Terrain Tiles (Skadi/SRTM1, ~30m, void-filled)), mean of 3/3 points along geometry (range 55.4-56.8m)","real: mean absolute gradient over the DEM elevation profile (3 points, see dem_processor.py)"
seg_740044933_3,55.2,1.29,plain,"real: DEM sample (AWS Terrain Tiles (Skadi/SRTM1, ~30m, void-filled)), mean of 2/2 points along geometry (range 55.0-55.4m)","real: mean absolute gradient over the DEM elevation profile (2 points, see dem_processor.py)"
seg_740044934_0,55.5,1.03,plain,"real: DEM sample (AWS Terrain Tiles (Skadi/SRTM1, ~30m, void-filled)), mean of 13/13 points along geometry (range 54.7-56.9m)","real: mean absolute gradient over the DEM elevation profile (13 points, see dem_processor.py)"
seg_740044935_0,55.8,1.12,plain,"real: DEM sample (AWS Terrain Tiles (Skadi/SRTM1, ~30m, void-filled)), mean of 6/6 points along geometry (range 55.0-57.1m)","real: mean absolute gradient over the DEM elevation profile (6 points, see dem_processor.py)"
seg_740044936_0,55.6,0.69,plain,"real: DEM sample (AWS Terrain Tiles (Skadi/SRTM1, ~30m, void-filled)), mean of 4/4 points along geometry (range 54.9-56.0m)","real: mean absolute gradient over the DEM elevation profile (4 points, see dem_processor.py)"
seg_740099635_0,60.3,2.11,plain,"real: DEM sample (AWS Terrain Tiles (Skadi/SRTM1, ~30m, void-filled)), mean of 2/2 points along geometry (range 60.2-60.4m)","real: mean absolute gradient over the DEM elevation profile (2 points, see dem_processor.py)"
seg_757109628_0,169.0,5.83,plain,"real: DEM sample (AWS Terrain Tiles (Skadi/SRTM1, ~30m, void-filled)), mean of 46/46 points along geometry (range 144.3-190.5m)","real: mean absolute gradient over the DEM elevation profile (46 points, see dem_processor.py)"
seg_760408588_0,57.9,1.89,plain,"real: DEM sample (AWS Terrain Tiles (Skadi/SRTM1, ~30m, void-filled)), mean of 18/18 points along geometry (range 52.1-68.8m)","real: mean absolute gradient over the DEM elevation profile (18 points, see dem_processor.py)"
seg_760408589_0,55.2,5.16,plain,"real: DEM sample (AWS Terrain Tiles (Skadi/SRTM1, ~30m, void-filled)), mean of 2/2 points along geometry (range 52.1-58.3m)","real: mean absolute gradient over the DEM elevation profile (2 points, see dem_processor.py)"
seg_760408590_0,65.6,2.83,plain,"real: DEM sample (AWS Terrain Tiles (Skadi/SRTM1, ~30m, void-filled)), mean of 24/24 points along geometry (range 55.6-72.1m)","real: mean absolute gradient over the DEM elevation profile (24 points, see dem_processor.py)"
seg_760743299_0,56.2,3.19,plain,"real: DEM sample (AWS Terrain Tiles (Skadi/SRTM1, ~30m, void-filled)), mean of 2/2 points along geometry (range 56.0-56.4m)","real: mean absolute gradient over the DEM elevation profile (2 points, see dem_processor.py)"
seg_760743310_0,55.0,1.16,plain,"real: DEM sample (AWS Terrain Tiles (Skadi/SRTM1, ~30m, void-filled)), mean of 21/21 points along geometry (range 52.6-57.8m)","real: mean absolute gradient over the DEM elevation profile (21 points, see dem_processor.py)"
seg_760743311_0,52.2,1.52,plain,"real: DEM sample (AWS Terrain Tiles (Skadi/SRTM1, ~30m, void-filled)), mean of 2/2 points along geometry (range 51.7-52.6m)","real: mean absolute gradient over the DEM elevation profile (2 points, see dem_processor.py)"
seg_760743312_0,54.3,0.32,plain,"real: DEM sample (AWS Terrain Tiles (Skadi/SRTM1, ~30m, void-filled)), mean of 2/2 points along geometry (range 54.3-54.3m)","real: mean absolute gradient over the DEM elevation profile (2 points, see dem_processor.py)"
seg_760743312_1,57.2,1.46,plain,"real: DEM sample (AWS Terrain Tiles (Skadi/SRTM1, ~30m, void-filled)), mean of 20/20 points along geometry (range 54.3-58.0m)","real: mean absolute gradient over the DEM elevation profile (20 points, see dem_processor.py)"
seg_760743313_0,57.4,0.8,plain,"real: DEM sample (AWS Terrain Tiles (Skadi/SRTM1, ~30m, void-filled)), mean of 7/7 points along geometry (range 56.4-59.1m)","real: mean absolute gradient over the DEM elevation profile (7 points, see dem_processor.py)"
seg_760743313_1,54.9,1.12,plain,"real: DEM sample (AWS Terrain Tiles (Skadi/SRTM1, ~30m, void-filled)), mean of 17/17 points along geometry (range 51.7-57.0m)","real: mean absolute gradient over the DEM elevation profile (17 points, see dem_processor.py)"
seg_760743314_0,57.2,1.45,plain,"real: DEM sample (AWS Terrain Tiles (Skadi/SRTM1, ~30m, void-filled)), mean of 18/18 points along geometry (range 54.0-58.0m)","real: mean absolute gradient over the DEM elevation profile (18 points, see dem_processor.py)"
seg_760743314_1,54.1,0.03,plain,"real: DEM sample (AWS Terrain Tiles (Skadi/SRTM1, ~30m, void-filled)), mean of 2/2 points along geometry (range 54.1-54.1m)","real: mean absolute gradient over the DEM elevation profile (2 points, see dem_processor.py)"
seg_761332709_0,54.7,1.12,plain,"real: DEM sample (AWS Terrain Tiles (Skadi/SRTM1, ~30m, void-filled)), mean of 4/4 points along geometry (range 54.6-54.8m)","real: mean absolute gradient over the DEM elevation profile (4 points, see dem_processor.py)"
seg_761332710_0,53.8,1.41,plain,"real: DEM sample (AWS Terrain Tiles (Skadi/SRTM1, ~30m, void-filled)), mean of 2/2 points along geometry (range 53.7-54.0m)","real: mean absolute gradient over the DEM elevation profile (2 points, see dem_processor.py)"
seg_761332711_0,54.5,0.45,plain,"real: DEM sample (AWS Terrain Tiles (Skadi/SRTM1, ~30m, void-filled)), mean of 4/4 points along geometry (range 54.4-54.6m)","real: mean absolute gradient over the DEM elevation profile (4 points, see dem_processor.py)"
seg_761332712_0,54.0,2.62,plain,"real: DEM sample (AWS Terrain Tiles (Skadi/SRTM1, ~30m, void-filled)), mean of 2/2 points along geometry (range 53.7-54.3m)","real: mean absolute gradient over the DEM elevation profile (2 points, see dem_processor.py)"
seg_761332713_0,54.1,1.75,plain,"real: DEM sample (AWS Terrain Tiles (Skadi/SRTM1, ~30m, void-filled)), mean of 4/4 points along geometry (range 54.0-54.3m)","real: mean absolute gradient over the DEM elevation profile (4 points, see dem_processor.py)"
seg_761332713_1,54.4,2.49,plain,"real: DEM sample (AWS Terrain Tiles (Skadi/SRTM1, ~30m, void-filled)), mean of 4/4 points along geometry (range 54.3-54.6m)","real: mean absolute gradient over the DEM elevation profile (4 points, see dem_processor.py)"
seg_761332713_2,54.6,1.32,plain,"real: DEM sample (AWS Terrain Tiles (Skadi/SRTM1, ~30m, void-filled)), mean of 6/6 points along geometry (range 54.4-54.7m)","real: mean absolute gradient over the DEM elevation profile (6 points, see dem_processor.py)"
seg_761332713_3,54.2,2.17,plain,"real: DEM sample (AWS Terrain Tiles (Skadi/SRTM1, ~30m, void-filled)), mean of 5/5 points along geometry (range 54.0-54.4m)","real: mean absolute gradient over the DEM elevation profile (5 points, see dem_processor.py)"
seg_761332713_4,54.0,0.17,plain,"real: DEM sample (AWS Terrain Tiles (Skadi/SRTM1, ~30m, void-filled)), mean of 2/2 points along geometry (range 54.0-54.0m)","real: mean absolute gradient over the DEM elevation profile (2 points, see dem_processor.py)"
seg_761342326_0,63.6,3.56,plain,"real: DEM sample (AWS Terrain Tiles (Skadi/SRTM1, ~30m, void-filled)), mean of 2/2 points along geometry (range 63.4-63.8m)","real: mean absolute gradient over the DEM elevation profile (2 points, see dem_processor.py)"
seg_761342338_0,59.5,1.84,plain,"real: DEM sample (AWS Terrain Tiles (Skadi/SRTM1, ~30m, void-filled)), mean of 2/2 points along geometry (range 59.4-59.6m)","real: mean absolute gradient over the DEM elevation profile (2 points, see dem_processor.py)"
seg_761342348_0,64.6,1.02,plain,"real: DEM sample (AWS Terrain Tiles (Skadi/SRTM1, ~30m, void-filled)), mean of 14/14 points along geometry (range 63.2-65.8m)","real: mean absolute gradient over the DEM elevation profile (14 points, see dem_processor.py)"
seg_761342348_1,62.1,1.46,plain,"real: DEM sample (AWS Terrain Tiles (Skadi/SRTM1, ~30m, void-filled)), mean of 31/31 points along geometry (range 59.4-66.3m)","real: mean absolute gradient over the DEM elevation profile (31 points, see dem_processor.py)"
seg_761342348_2,59.6,1.14,plain,"real: DEM sample (AWS Terrain Tiles (Skadi/SRTM1, ~30m, void-filled)), mean of 6/6 points along geometry (range 58.8-60.9m)","real: mean absolute gradient over the DEM elevation profile (6 points, see dem_processor.py)"
seg_761342348_3,59.4,1.13,plain,"real: DEM sample (AWS Terrain Tiles (Skadi/SRTM1, ~30m, void-filled)), mean of 17/17 points along geometry (range 57.0-61.2m)","real: mean absolute gradient over the DEM elevation profile (17 points, see dem_processor.py)"
seg_761342348_4,58.3,2.32,plain,"real: DEM sample (AWS Terrain Tiles (Skadi/SRTM1, ~30m, void-filled)), mean of 2/2 points along geometry (range 57.9-58.7m)","real: mean absolute gradient over the DEM elevation profile (2 points, see dem_processor.py)"
seg_761342348_5,58.9,1.47,plain,"real: DEM sample (AWS Terrain Tiles (Skadi/SRTM1, ~30m, void-filled)), mean of 20/20 points along geometry (range 55.5-61.0m)","real: mean absolute gradient over the DEM elevation profile (20 points, see dem_processor.py)"
seg_761342359_0,58.0,1.97,plain,"real: DEM sample (AWS Terrain Tiles (Skadi/SRTM1, ~30m, void-filled)), mean of 3/3 points along geometry (range 56.5-59.1m)","real: mean absolute gradient over the DEM elevation profile (3 points, see dem_processor.py)"
seg_761342360_0,58.9,0.87,plain,"real: DEM sample (AWS Terrain Tiles (Skadi/SRTM1, ~30m, void-filled)), mean of 12/12 points along geometry (range 57.5-60.0m)","real: mean absolute gradient over the DEM elevation profile (12 points, see dem_processor.py)"
seg_761342362_0,64.5,1.21,plain,"real: DEM sample (AWS Terrain Tiles (Skadi/SRTM1, ~30m, void-filled)), mean of 2/2 points along geometry (range 64.4-64.7m)","real: mean absolute gradient over the DEM elevation profile (2 points, see dem_processor.py)"
seg_761342362_1,61.1,1.24,plain,"real: DEM sample (AWS Terrain Tiles (Skadi/SRTM1, ~30m, void-filled)), mean of 27/27 points along geometry (range 58.3-65.9m)","real: mean absolute gradient over the DEM elevation profile (27 points, see dem_processor.py)"
seg_761925723_0,54.0,0.05,plain,"real: DEM sample (AWS Terrain Tiles (Skadi/SRTM1, ~30m, void-filled)), mean of 2/2 points along geometry (range 54.0-54.0m)","real: mean absolute gradient over the DEM elevation profile (2 points, see dem_processor.py)"
seg_761938604_0,56.0,0.16,plain,"real: DEM sample (AWS Terrain Tiles (Skadi/SRTM1, ~30m, void-filled)), mean of 3/3 points along geometry (range 55.9-56.0m)","real: mean absolute gradient over the DEM elevation profile (3 points, see dem_processor.py)"
seg_761945490_0,56.4,0.1,plain,"real: DEM sample (AWS Terrain Tiles (Skadi/SRTM1, ~30m, void-filled)), mean of 2/2 points along geometry (range 56.4-56.4m)","real: mean absolute gradient over the DEM elevation profile (2 points, see dem_processor.py)"
seg_761945804_0,53.3,1.5,plain,"real: DEM sample (AWS Terrain Tiles (Skadi/SRTM1, ~30m, void-filled)), mean of 2/2 points along geometry (range 53.2-53.5m)","real: mean absolute gradient over the DEM elevation profile (2 points, see dem_processor.py)"
seg_762343653_0,58.7,1.44,plain,"real: DEM sample (AWS Terrain Tiles (Skadi/SRTM1, ~30m, void-filled)), mean of 127/127 points along geometry (range 52.4-67.9m)","real: mean absolute gradient over the DEM elevation profile (127 points, see dem_processor.py)"
seg_762343653_1,56.2,0.97,plain,"real: DEM sample (AWS Terrain Tiles (Skadi/SRTM1, ~30m, void-filled)), mean of 8/8 points along geometry (range 55.3-57.5m)","real: mean absolute gradient over the DEM elevation profile (8 points, see dem_processor.py)"
seg_762343653_2,53.7,0.97,plain,"real: DEM sample (AWS Terrain Tiles (Skadi/SRTM1, ~30m, void-filled)), mean of 19/19 points along geometry (range 50.3-56.9m)","real: mean absolute gradient over the DEM elevation profile (19 points, see dem_processor.py)"
seg_762343653_3,53.3,0.78,plain,"real: DEM sample (AWS Terrain Tiles (Skadi/SRTM1, ~30m, void-filled)), mean of 26/26 points along geometry (range 50.7-55.4m)","real: mean absolute gradient over the DEM elevation profile (26 points, see dem_processor.py)"
seg_762343653_4,54.9,1.28,plain,"real: DEM sample (AWS Terrain Tiles (Skadi/SRTM1, ~30m, void-filled)), mean of 2/2 points along geometry (range 54.5-55.4m)","real: mean absolute gradient over the DEM elevation profile (2 points, see dem_processor.py)"
seg_762797353_0,3716.6,3.52,mountain,"real: DEM sample (AWS Terrain Tiles (Skadi/SRTM1, ~30m, void-filled)), mean of 48/48 points along geometry (range 3705.6-3727.1m)","real: mean absolute gradient over the DEM elevation profile (48 points, see dem_processor.py)"
seg_762797880_0,3766.5,6.28,mountain,"real: DEM sample (AWS Terrain Tiles (Skadi/SRTM1, ~30m, void-filled)), mean of 68/68 points along geometry (range 3727.1-3805.0m)","real: mean absolute gradient over the DEM elevation profile (68 points, see dem_processor.py)"
seg_762798072_0,4498.6,2.24,mountain,"real: DEM sample (AWS Terrain Tiles (Skadi/SRTM1, ~30m, void-filled)), mean of 14/14 points along geometry (range 4496.1-4501.1m)","real: mean absolute gradient over the DEM elevation profile (14 points, see dem_processor.py)"
seg_771296820_0,51.7,0.54,plain,"real: DEM sample (AWS Terrain Tiles (Skadi/SRTM1, ~30m, void-filled)), mean of 13/13 points along geometry (range 50.2-54.0m)","real: mean absolute gradient over the DEM elevation profile (13 points, see dem_processor.py)"
seg_771296820_1,52.8,1.32,plain,"real: DEM sample (AWS Terrain Tiles (Skadi/SRTM1, ~30m, void-filled)), mean of 15/15 points along geometry (range 49.4-55.5m)","real: mean absolute gradient over the DEM elevation profile (15 points, see dem_processor.py)"
seg_777399946_0,201.7,6.23,plain,"real: DEM sample (AWS Terrain Tiles (Skadi/SRTM1, ~30m, void-filled)), mean of 204/204 points along geometry (range 161.5-257.8m)","real: mean absolute gradient over the DEM elevation profile (204 points, see dem_processor.py)"
seg_777399947_0,163.0,2.57,plain,"real: DEM sample (AWS Terrain Tiles (Skadi/SRTM1, ~30m, void-filled)), mean of 3/3 points along geometry (range 161.6-165.2m)","real: mean absolute gradient over the DEM elevation profile (3 points, see dem_processor.py)"
seg_777424697_0,1360.7,28.89,hill,"real: DEM sample (AWS Terrain Tiles (Skadi/SRTM1, ~30m, void-filled)), mean of 2/2 points along geometry (range 1357.1-1364.4m)","real: mean absolute gradient over the DEM elevation profile (2 points, see dem_processor.py)"
seg_777424698_0,713.2,9.59,hill,"real: DEM sample (AWS Terrain Tiles (Skadi/SRTM1, ~30m, void-filled)), mean of 850/850 points along geometry (range 312.4-1357.1m)","real: mean absolute gradient over the DEM elevation profile (850 points, see dem_processor.py)"
seg_777424701_0,207.8,2.36,plain,"real: DEM sample (AWS Terrain Tiles (Skadi/SRTM1, ~30m, void-filled)), mean of 574/574 points along geometry (range 93.2-433.2m)","real: mean absolute gradient over the DEM elevation profile (574 points, see dem_processor.py)"
seg_777424702_0,90.7,0.87,plain,"real: DEM sample (AWS Terrain Tiles (Skadi/SRTM1, ~30m, void-filled)), mean of 28/28 points along geometry (range 88.0-94.4m)","real: mean absolute gradient over the DEM elevation profile (28 points, see dem_processor.py)"
seg_777424703_0,93.3,0.72,plain,"real: DEM sample (AWS Terrain Tiles (Skadi/SRTM1, ~30m, void-filled)), mean of 12/12 points along geometry (range 91.6-96.5m)","real: mean absolute gradient over the DEM elevation profile (12 points, see dem_processor.py)"
seg_777424704_0,93.6,1.14,plain,"real: DEM sample (AWS Terrain Tiles (Skadi/SRTM1, ~30m, void-filled)), mean of 34/34 points along geometry (range 90.3-96.5m)","real: mean absolute gradient over the DEM elevation profile (34 points, see dem_processor.py)"
seg_777424704_1,95.2,1.43,plain,"real: DEM sample (AWS Terrain Tiles (Skadi/SRTM1, ~30m, void-filled)), mean of 10/10 points along geometry (range 93.0-98.0m)","real: mean absolute gradient over the DEM elevation profile (10 points, see dem_processor.py)"
seg_777424709_0,82.5,1.12,plain,"real: DEM sample (AWS Terrain Tiles (Skadi/SRTM1, ~30m, void-filled)), mean of 21/21 points along geometry (range 79.6-86.2m)","real: mean absolute gradient over the DEM elevation profile (21 points, see dem_processor.py)"
seg_823251326_0,80.4,1.24,plain,"real: DEM sample (AWS Terrain Tiles (Skadi/SRTM1, ~30m, void-filled)), mean of 28/28 points along geometry (range 76.5-83.0m)","real: mean absolute gradient over the DEM elevation profile (28 points, see dem_processor.py)"
seg_823251385_0,79.5,1.17,plain,"real: DEM sample (AWS Terrain Tiles (Skadi/SRTM1, ~30m, void-filled)), mean of 24/24 points along geometry (range 74.7-86.0m)","real: mean absolute gradient over the DEM elevation profile (24 points, see dem_processor.py)"
seg_823939411_0,71.5,1.38,plain,"real: DEM sample (AWS Terrain Tiles (Skadi/SRTM1, ~30m, void-filled)), mean of 2/2 points along geometry (range 71.0-72.0m)","real: mean absolute gradient over the DEM elevation profile (2 points, see dem_processor.py)"
seg_823939412_0,73.3,1.12,plain,"real: DEM sample (AWS Terrain Tiles (Skadi/SRTM1, ~30m, void-filled)), mean of 58/58 points along geometry (range 69.5-77.8m)","real: mean absolute gradient over the DEM elevation profile (58 points, see dem_processor.py)"
seg_823939432_0,69.6,1.23,plain,"real: DEM sample (AWS Terrain Tiles (Skadi/SRTM1, ~30m, void-filled)), mean of 49/49 points along geometry (range 67.0-72.6m)","real: mean absolute gradient over the DEM elevation profile (49 points, see dem_processor.py)"
seg_823939433_0,72.0,1.49,plain,"real: DEM sample (AWS Terrain Tiles (Skadi/SRTM1, ~30m, void-filled)), mean of 2/2 points along geometry (range 70.9-73.1m)","real: mean absolute gradient over the DEM elevation profile (2 points, see dem_processor.py)"
seg_823939435_0,71.8,1.04,plain,"real: DEM sample (AWS Terrain Tiles (Skadi/SRTM1, ~30m, void-filled)), mean of 2/2 points along geometry (range 71.6-72.0m)","real: mean absolute gradient over the DEM elevation profile (2 points, see dem_processor.py)"
seg_823939436_0,70.1,1.41,plain,"real: DEM sample (AWS Terrain Tiles (Skadi/SRTM1, ~30m, void-filled)), mean of 61/61 points along geometry (range 64.5-74.0m)","real: mean absolute gradient over the DEM elevation profile (61 points, see dem_processor.py)"
seg_823939437_0,72.1,0.95,plain,"real: DEM sample (AWS Terrain Tiles (Skadi/SRTM1, ~30m, void-filled)), mean of 6/6 points along geometry (range 70.7-73.9m)","real: mean absolute gradient over the DEM elevation profile (6 points, see dem_processor.py)"
seg_823939455_0,74.5,0.9,plain,"real: DEM sample (AWS Terrain Tiles (Skadi/SRTM1, ~30m, void-filled)), mean of 52/52 points along geometry (range 70.3-79.0m)","real: mean absolute gradient over the DEM elevation profile (52 points, see dem_processor.py)"
seg_823939457_0,78.7,1.3,plain,"real: DEM sample (AWS Terrain Tiles (Skadi/SRTM1, ~30m, void-filled)), mean of 9/9 points along geometry (range 76.6-81.8m)","real: mean absolute gradient over the DEM elevation profile (9 points, see dem_processor.py)"
seg_823939458_0,74.6,1.66,plain,"real: DEM sample (AWS Terrain Tiles (Skadi/SRTM1, ~30m, void-filled)), mean of 27/27 points along geometry (range 69.2-81.4m)","real: mean absolute gradient over the DEM elevation profile (27 points, see dem_processor.py)"
seg_823939458_1,75.0,0.86,plain,"real: DEM sample (AWS Terrain Tiles (Skadi/SRTM1, ~30m, void-filled)), mean of 17/17 points along geometry (range 71.5-76.7m)","real: mean absolute gradient over the DEM elevation profile (17 points, see dem_processor.py)"
seg_823939459_0,70.2,1.69,plain,"real: DEM sample (AWS Terrain Tiles (Skadi/SRTM1, ~30m, void-filled)), mean of 2/2 points along geometry (range 70.0-70.5m)","real: mean absolute gradient over the DEM elevation profile (2 points, see dem_processor.py)"
seg_823939494_0,78.9,1.34,plain,"real: DEM sample (AWS Terrain Tiles (Skadi/SRTM1, ~30m, void-filled)), mean of 49/49 points along geometry (range 68.0-84.4m)","real: mean absolute gradient over the DEM elevation profile (49 points, see dem_processor.py)"
seg_823939495_0,68.1,0.9,plain,"real: DEM sample (AWS Terrain Tiles (Skadi/SRTM1, ~30m, void-filled)), mean of 2/2 points along geometry (range 68.0-68.3m)","real: mean absolute gradient over the DEM elevation profile (2 points, see dem_processor.py)"
seg_824315765_0,75.8,1.62,plain,"real: DEM sample (AWS Terrain Tiles (Skadi/SRTM1, ~30m, void-filled)), mean of 58/58 points along geometry (range 69.1-81.3m)","real: mean absolute gradient over the DEM elevation profile (58 points, see dem_processor.py)"
seg_824315766_0,73.4,0.94,plain,"real: DEM sample (AWS Terrain Tiles (Skadi/SRTM1, ~30m, void-filled)), mean of 34/34 points along geometry (range 69.2-75.8m)","real: mean absolute gradient over the DEM elevation profile (34 points, see dem_processor.py)"
seg_824315766_1,73.3,2.47,plain,"real: DEM sample (AWS Terrain Tiles (Skadi/SRTM1, ~30m, void-filled)), mean of 2/2 points along geometry (range 72.7-74.0m)","real: mean absolute gradient over the DEM elevation profile (2 points, see dem_processor.py)"
seg_824315767_0,75.8,2.18,plain,"real: DEM sample (AWS Terrain Tiles (Skadi/SRTM1, ~30m, void-filled)), mean of 4/4 points along geometry (range 72.2-77.3m)","real: mean absolute gradient over the DEM elevation profile (4 points, see dem_processor.py)"
seg_824315768_0,71.2,3.53,plain,"real: DEM sample (AWS Terrain Tiles (Skadi/SRTM1, ~30m, void-filled)), mean of 2/2 points along geometry (range 70.2-72.2m)","real: mean absolute gradient over the DEM elevation profile (2 points, see dem_processor.py)"
seg_824315769_0,72.0,1.26,plain,"real: DEM sample (AWS Terrain Tiles (Skadi/SRTM1, ~30m, void-filled)), mean of 26/26 points along geometry (range 68.3-76.8m)","real: mean absolute gradient over the DEM elevation profile (26 points, see dem_processor.py)"
seg_824705931_0,3725.1,4.23,mountain,"real: DEM sample (AWS Terrain Tiles (Skadi/SRTM1, ~30m, void-filled)), mean of 3/3 points along geometry (range 3723.6-3727.1m)","real: mean absolute gradient over the DEM elevation profile (3 points, see dem_processor.py)"
seg_824705932_0,3723.6,0.05,mountain,"real: DEM sample (AWS Terrain Tiles (Skadi/SRTM1, ~30m, void-filled)), mean of 2/2 points along geometry (range 3723.6-3723.6m)","real: mean absolute gradient over the DEM elevation profile (2 points, see dem_processor.py)"
seg_825315692_0,3680.8,14.92,mountain,"real: DEM sample (AWS Terrain Tiles (Skadi/SRTM1, ~30m, void-filled)), mean of 129/129 points along geometry (range 3617.5-3879.5m)","real: mean absolute gradient over the DEM elevation profile (129 points, see dem_processor.py)"
seg_825457790_0,73.0,4.82,plain,"real: DEM sample (AWS Terrain Tiles (Skadi/SRTM1, ~30m, void-filled)), mean of 2/2 points along geometry (range 72.4-73.5m)","real: mean absolute gradient over the DEM elevation profile (2 points, see dem_processor.py)"
seg_825457791_0,73.9,1.35,plain,"real: DEM sample (AWS Terrain Tiles (Skadi/SRTM1, ~30m, void-filled)), mean of 18/18 points along geometry (range 71.5-76.0m)","real: mean absolute gradient over the DEM elevation profile (18 points, see dem_processor.py)"
seg_825457808_0,73.7,1.71,plain,"real: DEM sample (AWS Terrain Tiles (Skadi/SRTM1, ~30m, void-filled)), mean of 13/13 points along geometry (range 69.1-79.0m)","real: mean absolute gradient over the DEM elevation profile (13 points, see dem_processor.py)"
seg_825457812_0,72.2,1.41,plain,"real: DEM sample (AWS Terrain Tiles (Skadi/SRTM1, ~30m, void-filled)), mean of 40/40 points along geometry (range 67.6-79.5m)","real: mean absolute gradient over the DEM elevation profile (40 points, see dem_processor.py)"
seg_825457813_0,69.4,2.4,plain,"real: DEM sample (AWS Terrain Tiles (Skadi/SRTM1, ~30m, void-filled)), mean of 2/2 points along geometry (range 69.0-69.7m)","real: mean absolute gradient over the DEM elevation profile (2 points, see dem_processor.py)"
seg_825457814_0,72.8,2.4,plain,"real: DEM sample (AWS Terrain Tiles (Skadi/SRTM1, ~30m, void-filled)), mean of 7/7 points along geometry (range 69.0-75.1m)","real: mean absolute gradient over the DEM elevation profile (7 points, see dem_processor.py)"
seg_826204303_0,4262.6,4.86,mountain,"real: DEM sample (AWS Terrain Tiles (Skadi/SRTM1, ~30m, void-filled)), mean of 275/275 points along geometry (range 4195.1-4321.4m)","real: mean absolute gradient over the DEM elevation profile (275 points, see dem_processor.py)"
seg_826204304_0,4321.5,1.74,mountain,"real: DEM sample (AWS Terrain Tiles (Skadi/SRTM1, ~30m, void-filled)), mean of 2/2 points along geometry (range 4321.4-4321.6m)","real: mean absolute gradient over the DEM elevation profile (2 points, see dem_processor.py)"
seg_826599920_0,74.2,1.27,plain,"real: DEM sample (AWS Terrain Tiles (Skadi/SRTM1, ~30m, void-filled)), mean of 2/2 points along geometry (range 74.0-74.4m)","real: mean absolute gradient over the DEM elevation profile (2 points, see dem_processor.py)"
seg_826599921_0,74.7,0.4,plain,"real: DEM sample (AWS Terrain Tiles (Skadi/SRTM1, ~30m, void-filled)), mean of 4/4 points along geometry (range 74.0-75.1m)","real: mean absolute gradient over the DEM elevation profile (4 points, see dem_processor.py)"
seg_826599922_0,84.4,1.33,plain,"real: DEM sample (AWS Terrain Tiles (Skadi/SRTM1, ~30m, void-filled)), mean of 53/53 points along geometry (range 80.2-89.7m)","real: mean absolute gradient over the DEM elevation profile (53 points, see dem_processor.py)"
seg_826599923_0,83.6,0.92,plain,"real: DEM sample (AWS Terrain Tiles (Skadi/SRTM1, ~30m, void-filled)), mean of 2/2 points along geometry (range 83.1-84.0m)","real: mean absolute gradient over the DEM elevation profile (2 points, see dem_processor.py)"
seg_826599928_0,79.5,1.01,plain,"real: DEM sample (AWS Terrain Tiles (Skadi/SRTM1, ~30m, void-filled)), mean of 47/47 points along geometry (range 74.4-82.6m)","real: mean absolute gradient over the DEM elevation profile (47 points, see dem_processor.py)"
seg_826599929_0,74.2,0.71,plain,"real: DEM sample (AWS Terrain Tiles (Skadi/SRTM1, ~30m, void-filled)), mean of 2/2 points along geometry (range 73.9-74.5m)","real: mean absolute gradient over the DEM elevation profile (2 points, see dem_processor.py)"
seg_826607792_0,75.5,1.09,plain,"real: DEM sample (AWS Terrain Tiles (Skadi/SRTM1, ~30m, void-filled)), mean of 66/66 points along geometry (range 71.0-79.1m)","real: mean absolute gradient over the DEM elevation profile (66 points, see dem_processor.py)"
seg_827038734_0,4338.9,4.83,mountain,"real: DEM sample (AWS Terrain Tiles (Skadi/SRTM1, ~30m, void-filled)), mean of 199/199 points along geometry (range 4178.3-4501.9m)","real: mean absolute gradient over the DEM elevation profile (199 points, see dem_processor.py)"
seg_833542452_0,67.6,1.12,plain,"real: DEM sample (AWS Terrain Tiles (Skadi/SRTM1, ~30m, void-filled)), mean of 51/51 points along geometry (range 61.8-74.9m)","real: mean absolute gradient over the DEM elevation profile (51 points, see dem_processor.py)"
seg_833542453_0,63.0,1.06,plain,"real: DEM sample (AWS Terrain Tiles (Skadi/SRTM1, ~30m, void-filled)), mean of 22/22 points along geometry (range 57.6-66.4m)","real: mean absolute gradient over the DEM elevation profile (22 points, see dem_processor.py)"
seg_833542453_1,58.9,0.94,plain,"real: DEM sample (AWS Terrain Tiles (Skadi/SRTM1, ~30m, void-filled)), mean of 4/4 points along geometry (range 58.0-60.0m)","real: mean absolute gradient over the DEM elevation profile (4 points, see dem_processor.py)"
seg_833542455_0,59.9,0.98,plain,"real: DEM sample (AWS Terrain Tiles (Skadi/SRTM1, ~30m, void-filled)), mean of 22/22 points along geometry (range 56.6-63.4m)","real: mean absolute gradient over the DEM elevation profile (22 points, see dem_processor.py)"
seg_833542464_0,61.9,1.13,plain,"real: DEM sample (AWS Terrain Tiles (Skadi/SRTM1, ~30m, void-filled)), mean of 23/23 points along geometry (range 58.9-64.0m)","real: mean absolute gradient over the DEM elevation profile (23 points, see dem_processor.py)"
seg_833542464_1,63.5,1.16,plain,"real: DEM sample (AWS Terrain Tiles (Skadi/SRTM1, ~30m, void-filled)), mean of 102/102 points along geometry (range 57.0-67.0m)","real: mean absolute gradient over the DEM elevation profile (102 points, see dem_processor.py)"
seg_833542465_0,64.4,0.87,plain,"real: DEM sample (AWS Terrain Tiles (Skadi/SRTM1, ~30m, void-filled)), mean of 2/2 points along geometry (range 63.9-65.0m)","real: mean absolute gradient over the DEM elevation profile (2 points, see dem_processor.py)"
seg_833542466_0,62.7,1.94,plain,"real: DEM sample (AWS Terrain Tiles (Skadi/SRTM1, ~30m, void-filled)), mean of 11/11 points along geometry (range 59.9-67.0m)","real: mean absolute gradient over the DEM elevation profile (11 points, see dem_processor.py)"
seg_833614160_0,70.1,1.07,plain,"real: DEM sample (AWS Terrain Tiles (Skadi/SRTM1, ~30m, void-filled)), mean of 31/31 points along geometry (range 65.5-75.3m)","real: mean absolute gradient over the DEM elevation profile (31 points, see dem_processor.py)"
seg_833614163_0,61.2,1.08,plain,"real: DEM sample (AWS Terrain Tiles (Skadi/SRTM1, ~30m, void-filled)), mean of 2/2 points along geometry (range 60.6-61.8m)","real: mean absolute gradient over the DEM elevation profile (2 points, see dem_processor.py)"
seg_833614164_0,64.2,2.51,plain,"real: DEM sample (AWS Terrain Tiles (Skadi/SRTM1, ~30m, void-filled)), mean of 4/4 points along geometry (range 61.8-66.7m)","real: mean absolute gradient over the DEM elevation profile (4 points, see dem_processor.py)"
seg_856441088_0,55.4,1.89,plain,"real: DEM sample (AWS Terrain Tiles (Skadi/SRTM1, ~30m, void-filled)), mean of 8/8 points along geometry (range 53.1-57.4m)","real: mean absolute gradient over the DEM elevation profile (8 points, see dem_processor.py)"
seg_867774688_0,58.0,2.29,plain,"real: DEM sample (AWS Terrain Tiles (Skadi/SRTM1, ~30m, void-filled)), mean of 11/11 points along geometry (range 57.2-58.9m)","real: mean absolute gradient over the DEM elevation profile (11 points, see dem_processor.py)"
seg_867774689_0,55.7,1.01,plain,"real: DEM sample (AWS Terrain Tiles (Skadi/SRTM1, ~30m, void-filled)), mean of 5/5 points along geometry (range 54.1-57.2m)","real: mean absolute gradient over the DEM elevation profile (5 points, see dem_processor.py)"
seg_867774689_1,57.4,0.37,plain,"real: DEM sample (AWS Terrain Tiles (Skadi/SRTM1, ~30m, void-filled)), mean of 3/3 points along geometry (range 57.2-57.7m)","real: mean absolute gradient over the DEM elevation profile (3 points, see dem_processor.py)"
seg_867774690_0,56.2,1.77,plain,"real: DEM sample (AWS Terrain Tiles (Skadi/SRTM1, ~30m, void-filled)), mean of 5/5 points along geometry (range 54.7-58.5m)","real: mean absolute gradient over the DEM elevation profile (5 points, see dem_processor.py)"
seg_867774690_1,58.6,0.2,plain,"real: DEM sample (AWS Terrain Tiles (Skadi/SRTM1, ~30m, void-filled)), mean of 2/2 points along geometry (range 58.5-58.6m)","real: mean absolute gradient over the DEM elevation profile (2 points, see dem_processor.py)"
seg_867774690_2,58.2,1.21,plain,"real: DEM sample (AWS Terrain Tiles (Skadi/SRTM1, ~30m, void-filled)), mean of 3/3 points along geometry (range 57.5-58.6m)","real: mean absolute gradient over the DEM elevation profile (3 points, see dem_processor.py)"
seg_867774690_3,57.5,0.41,plain,"real: DEM sample (AWS Terrain Tiles (Skadi/SRTM1, ~30m, void-filled)), mean of 3/3 points along geometry (range 57.4-57.5m)","real: mean absolute gradient over the DEM elevation profile (3 points, see dem_processor.py)"
seg_867774691_0,55.4,1.3,plain,"real: DEM sample (AWS Terrain Tiles (Skadi/SRTM1, ~30m, void-filled)), mean of 16/16 points along geometry (range 54.1-57.2m)","real: mean absolute gradient over the DEM elevation profile (16 points, see dem_processor.py)"
seg_867774693_0,58.6,0.84,plain,"real: DEM sample (AWS Terrain Tiles (Skadi/SRTM1, ~30m, void-filled)), mean of 3/3 points along geometry (range 57.9-59.3m)","real: mean absolute gradient over the DEM elevation profile (3 points, see dem_processor.py)"
seg_867774693_1,59.5,1.68,plain,"real: DEM sample (AWS Terrain Tiles (Skadi/SRTM1, ~30m, void-filled)), mean of 8/8 points along geometry (range 57.4-61.9m)","real: mean absolute gradient over the DEM elevation profile (8 points, see dem_processor.py)"
seg_867774694_0,55.1,1.37,plain,"real: DEM sample (AWS Terrain Tiles (Skadi/SRTM1, ~30m, void-filled)), mean of 13/13 points along geometry (range 54.0-57.5m)","real: mean absolute gradient over the DEM elevation profile (13 points, see dem_processor.py)"
seg_867774695_0,60.8,1.49,plain,"real: DEM sample (AWS Terrain Tiles (Skadi/SRTM1, ~30m, void-filled)), mean of 4/4 points along geometry (range 59.6-61.6m)","real: mean absolute gradient over the DEM elevation profile (4 points, see dem_processor.py)"
seg_867774700_0,54.9,0.69,plain,"real: DEM sample (AWS Terrain Tiles (Skadi/SRTM1, ~30m, void-filled)), mean of 6/6 points along geometry (range 54.1-55.8m)","real: mean absolute gradient over the DEM elevation profile (6 points, see dem_processor.py)"
seg_867774702_0,56.3,3.98,plain,"real: DEM sample (AWS Terrain Tiles (Skadi/SRTM1, ~30m, void-filled)), mean of 4/4 points along geometry (range 55.0-59.2m)","real: mean absolute gradient over the DEM elevation profile (4 points, see dem_processor.py)"
seg_867774702_1,55.5,1.16,plain,"real: DEM sample (AWS Terrain Tiles (Skadi/SRTM1, ~30m, void-filled)), mean of 3/3 points along geometry (range 55.0-56.5m)","real: mean absolute gradient over the DEM elevation profile (3 points, see dem_processor.py)"
seg_867774702_2,57.1,0.76,plain,"real: DEM sample (AWS Terrain Tiles (Skadi/SRTM1, ~30m, void-filled)), mean of 3/3 points along geometry (range 56.5-57.5m)","real: mean absolute gradient over the DEM elevation profile (3 points, see dem_processor.py)"
seg_867774702_3,58.0,1.67,plain,"real: DEM sample (AWS Terrain Tiles (Skadi/SRTM1, ~30m, void-filled)), mean of 2/2 points along geometry (range 57.5-58.5m)","real: mean absolute gradient over the DEM elevation profile (2 points, see dem_processor.py)"
seg_867776438_0,60.4,0.41,plain,"real: DEM sample (AWS Terrain Tiles (Skadi/SRTM1, ~30m, void-filled)), mean of 3/3 points along geometry (range 60.2-60.7m)","real: mean absolute gradient over the DEM elevation profile (3 points, see dem_processor.py)"
seg_868672421_0,57.4,1.42,plain,"real: DEM sample (AWS Terrain Tiles (Skadi/SRTM1, ~30m, void-filled)), mean of 5/5 points along geometry (range 55.2-59.0m)","real: mean absolute gradient over the DEM elevation profile (5 points, see dem_processor.py)"
seg_884729744_0,3933.4,7.49,mountain,"real: DEM sample (AWS Terrain Tiles (Skadi/SRTM1, ~30m, void-filled)), mean of 623/623 points along geometry (range 3578.0-4194.9m)","real: mean absolute gradient over the DEM elevation profile (623 points, see dem_processor.py)"
seg_906724381_0,57.5,0.66,plain,"real: DEM sample (AWS Terrain Tiles (Skadi/SRTM1, ~30m, void-filled)), mean of 3/3 points along geometry (range 57.3-57.6m)","real: mean absolute gradient over the DEM elevation profile (3 points, see dem_processor.py)"
seg_906724382_0,57.6,3.61,plain,"real: DEM sample (AWS Terrain Tiles (Skadi/SRTM1, ~30m, void-filled)), mean of 2/2 points along geometry (range 57.3-57.8m)","real: mean absolute gradient over the DEM elevation profile (2 points, see dem_processor.py)"
seg_906724383_0,53.1,0.74,plain,"real: DEM sample (AWS Terrain Tiles (Skadi/SRTM1, ~30m, void-filled)), mean of 16/16 points along geometry (range 48.5-57.5m)","real: mean absolute gradient over the DEM elevation profile (16 points, see dem_processor.py)"
seg_906724383_1,57.8,3.2,plain,"real: DEM sample (AWS Terrain Tiles (Skadi/SRTM1, ~30m, void-filled)), mean of 2/2 points along geometry (range 57.5-58.2m)","real: mean absolute gradient over the DEM elevation profile (2 points, see dem_processor.py)"
seg_906724388_0,58.8,1.67,plain,"real: DEM sample (AWS Terrain Tiles (Skadi/SRTM1, ~30m, void-filled)), mean of 2/2 points along geometry (range 58.5-59.1m)","real: mean absolute gradient over the DEM elevation profile (2 points, see dem_processor.py)"
seg_911817223_0,52.7,0.92,plain,"real: DEM sample (AWS Terrain Tiles (Skadi/SRTM1, ~30m, void-filled)), mean of 10/10 points along geometry (range 50.8-55.7m)","real: mean absolute gradient over the DEM elevation profile (10 points, see dem_processor.py)"
seg_911817223_1,55.4,2.21,plain,"real: DEM sample (AWS Terrain Tiles (Skadi/SRTM1, ~30m, void-filled)), mean of 8/8 points along geometry (range 53.5-56.9m)","real: mean absolute gradient over the DEM elevation profile (8 points, see dem_processor.py)"
seg_911817224_0,54.5,2.04,plain,"real: DEM sample (AWS Terrain Tiles (Skadi/SRTM1, ~30m, void-filled)), mean of 9/9 points along geometry (range 52.5-56.0m)","real: mean absolute gradient over the DEM elevation profile (9 points, see dem_processor.py)"
seg_911817224_1,52.5,1.55,plain,"real: DEM sample (AWS Terrain Tiles (Skadi/SRTM1, ~30m, void-filled)), mean of 6/6 points along geometry (range 51.0-55.3m)","real: mean absolute gradient over the DEM elevation profile (6 points, see dem_processor.py)"
seg_911817226_0,65.1,2.66,plain,"real: DEM sample (AWS Terrain Tiles (Skadi/SRTM1, ~30m, void-filled)), mean of 2/2 points along geometry (range 64.3-66.0m)","real: mean absolute gradient over the DEM elevation profile (2 points, see dem_processor.py)"
seg_911817227_0,51.6,1.23,plain,"real: DEM sample (AWS Terrain Tiles (Skadi/SRTM1, ~30m, void-filled)), mean of 15/15 points along geometry (range 49.7-54.1m)","real: mean absolute gradient over the DEM elevation profile (15 points, see dem_processor.py)"
seg_911817228_0,64.1,1.72,plain,"real: DEM sample (AWS Terrain Tiles (Skadi/SRTM1, ~30m, void-filled)), mean of 6/6 points along geometry (range 62.6-64.6m)","real: mean absolute gradient over the DEM elevation profile (6 points, see dem_processor.py)"
seg_911817230_0,60.2,3.35,plain,"real: DEM sample (AWS Terrain Tiles (Skadi/SRTM1, ~30m, void-filled)), mean of 9/9 points along geometry (range 52.3-67.9m)","real: mean absolute gradient over the DEM elevation profile (9 points, see dem_processor.py)"
seg_911817231_0,55.3,0.31,plain,"real: DEM sample (AWS Terrain Tiles (Skadi/SRTM1, ~30m, void-filled)), mean of 2/2 points along geometry (range 55.2-55.3m)","real: mean absolute gradient over the DEM elevation profile (2 points, see dem_processor.py)"
seg_911817232_0,62.2,8.73,plain,"real: DEM sample (AWS Terrain Tiles (Skadi/SRTM1, ~30m, void-filled)), mean of 4/4 points along geometry (range 57.4-66.6m)","real: mean absolute gradient over the DEM elevation profile (4 points, see dem_processor.py)"
seg_911817233_0,60.8,3.0,plain,"real: DEM sample (AWS Terrain Tiles (Skadi/SRTM1, ~30m, void-filled)), mean of 9/9 points along geometry (range 53.2-67.5m)","real: mean absolute gradient over the DEM elevation profile (9 points, see dem_processor.py)"
seg_911817234_0,53.7,2.31,plain,"real: DEM sample (AWS Terrain Tiles (Skadi/SRTM1, ~30m, void-filled)), mean of 2/2 points along geometry (range 53.2-54.3m)","real: mean absolute gradient over the DEM elevation profile (2 points, see dem_processor.py)"
seg_911820040_0,51.2,0.44,plain,"real: DEM sample (AWS Terrain Tiles (Skadi/SRTM1, ~30m, void-filled)), mean of 2/2 points along geometry (range 51.0-51.3m)","real: mean absolute gradient over the DEM elevation profile (2 points, see dem_processor.py)"
seg_911820041_0,52.3,0.03,plain,"real: DEM sample (AWS Terrain Tiles (Skadi/SRTM1, ~30m, void-filled)), mean of 2/2 points along geometry (range 52.3-52.3m)","real: mean absolute gradient over the DEM elevation profile (2 points, see dem_processor.py)"
seg_911820041_1,51.8,2.66,plain,"real: DEM sample (AWS Terrain Tiles (Skadi/SRTM1, ~30m, void-filled)), mean of 2/2 points along geometry (range 51.3-52.3m)","real: mean absolute gradient over the DEM elevation profile (2 points, see dem_processor.py)"
seg_911820041_2,51.2,0.38,plain,"real: DEM sample (AWS Terrain Tiles (Skadi/SRTM1, ~30m, void-filled)), mean of 3/3 points along geometry (range 51.1-51.3m)","real: mean absolute gradient over the DEM elevation profile (3 points, see dem_processor.py)"
seg_911820042_0,51.1,0.0,plain,"real: DEM sample (AWS Terrain Tiles (Skadi/SRTM1, ~30m, void-filled)), mean of 2/2 points along geometry (range 51.1-51.1m)","real: mean absolute gradient over the DEM elevation profile (2 points, see dem_processor.py)"
seg_911820043_0,51.9,1.35,plain,"real: DEM sample (AWS Terrain Tiles (Skadi/SRTM1, ~30m, void-filled)), mean of 5/5 points along geometry (range 51.0-52.9m)","real: mean absolute gradient over the DEM elevation profile (5 points, see dem_processor.py)"
seg_936690045_0,62.0,1.2,plain,"real: DEM sample (AWS Terrain Tiles (Skadi/SRTM1, ~30m, void-filled)), mean of 15/15 points along geometry (range 60.0-65.0m)","real: mean absolute gradient over the DEM elevation profile (15 points, see dem_processor.py)"
seg_961161665_0,3828.3,12.17,mountain,"real: DEM sample (AWS Terrain Tiles (Skadi/SRTM1, ~30m, void-filled)), mean of 52/52 points along geometry (range 3800.3-3856.2m)","real: mean absolute gradient over the DEM elevation profile (52 points, see dem_processor.py)"
seg_961161666_0,3805.2,2.04,mountain,"real: DEM sample (AWS Terrain Tiles (Skadi/SRTM1, ~30m, void-filled)), mean of 2/2 points along geometry (range 3805.0-3805.4m)","real: mean absolute gradient over the DEM elevation profile (2 points, see dem_processor.py)"
seg_965128932_0,62.9,0.88,plain,"real: DEM sample (AWS Terrain Tiles (Skadi/SRTM1, ~30m, void-filled)), mean of 17/17 points along geometry (range 59.6-66.0m)","real: mean absolute gradient over the DEM elevation profile (17 points, see dem_processor.py)"
seg_965128932_1,64.3,1.21,plain,"real: DEM sample (AWS Terrain Tiles (Skadi/SRTM1, ~30m, void-filled)), mean of 40/40 points along geometry (range 58.3-69.8m)","real: mean absolute gradient over the DEM elevation profile (40 points, see dem_processor.py)"
seg_965128963_0,67.9,1.07,plain,"real: DEM sample (AWS Terrain Tiles (Skadi/SRTM1, ~30m, void-filled)), mean of 47/47 points along geometry (range 64.5-72.0m)","real: mean absolute gradient over the DEM elevation profile (47 points, see dem_processor.py)"
seg_968152236_0,56.0,0.17,plain,"real: DEM sample (AWS Terrain Tiles (Skadi/SRTM1, ~30m, void-filled)), mean of 3/3 points along geometry (range 56.0-56.1m)","real: mean absolute gradient over the DEM elevation profile (3 points, see dem_processor.py)"
seg_968152237_0,56.0,0.0,plain,"real: DEM sample (AWS Terrain Tiles (Skadi/SRTM1, ~30m, void-filled)), mean of 2/2 points along geometry (range 56.0-56.0m)","real: mean absolute gradient over the DEM elevation profile (2 points, see dem_processor.py)"
seg_968152238_0,60.4,1.26,plain,"real: DEM sample (AWS Terrain Tiles (Skadi/SRTM1, ~30m, void-filled)), mean of 32/32 points along geometry (range 57.4-63.5m)","real: mean absolute gradient over the DEM elevation profile (32 points, see dem_processor.py)"
seg_968152239_0,58.2,0.27,plain,"real: DEM sample (AWS Terrain Tiles (Skadi/SRTM1, ~30m, void-filled)), mean of 2/2 points along geometry (range 58.0-58.3m)","real: mean absolute gradient over the DEM elevation profile (2 points, see dem_processor.py)"
seg_968351712_0,59.3,1.89,plain,"real: DEM sample (AWS Terrain Tiles (Skadi/SRTM1, ~30m, void-filled)), mean of 6/6 points along geometry (range 58.0-60.3m)","real: mean absolute gradient over the DEM elevation profile (6 points, see dem_processor.py)"
seg_968352614_0,56.0,1.53,plain,"real: DEM sample (AWS Terrain Tiles (Skadi/SRTM1, ~30m, void-filled)), mean of 3/3 points along geometry (range 55.4-56.6m)","real: mean absolute gradient over the DEM elevation profile (3 points, see dem_processor.py)"
seg_968355487_0,63.0,1.26,plain,"real: DEM sample (AWS Terrain Tiles (Skadi/SRTM1, ~30m, void-filled)), mean of 58/58 points along geometry (range 59.1-65.7m)","real: mean absolute gradient over the DEM elevation profile (58 points, see dem_processor.py)"
seg_968375750_0,61.4,0.97,plain,"real: DEM sample (AWS Terrain Tiles (Skadi/SRTM1, ~30m, void-filled)), mean of 29/29 points along geometry (range 59.0-64.2m)","real: mean absolute gradient over the DEM elevation profile (29 points, see dem_processor.py)"
seg_968375751_0,58.9,0.72,plain,"real: DEM sample (AWS Terrain Tiles (Skadi/SRTM1, ~30m, void-filled)), mean of 2/2 points along geometry (range 58.3-59.4m)","real: mean absolute gradient over the DEM elevation profile (2 points, see dem_processor.py)"
seg_968375752_0,59.3,1.21,plain,"real: DEM sample (AWS Terrain Tiles (Skadi/SRTM1, ~30m, void-filled)), mean of 3/3 points along geometry (range 58.4-60.4m)","real: mean absolute gradient over the DEM elevation profile (3 points, see dem_processor.py)"
seg_968375753_0,61.4,0.96,plain,"real: DEM sample (AWS Terrain Tiles (Skadi/SRTM1, ~30m, void-filled)), mean of 3/3 points along geometry (range 60.4-62.0m)","real: mean absolute gradient over the DEM elevation profile (3 points, see dem_processor.py)"
seg_968388477_0,58.2,1.09,plain,"real: DEM sample (AWS Terrain Tiles (Skadi/SRTM1, ~30m, void-filled)), mean of 157/157 points along geometry (range 54.2-63.6m)","real: mean absolute gradient over the DEM elevation profile (157 points, see dem_processor.py)"
seg_968413012_0,58.0,1.47,plain,"real: DEM sample (AWS Terrain Tiles (Skadi/SRTM1, ~30m, void-filled)), mean of 13/13 points along geometry (range 54.4-59.8m)","real: mean absolute gradient over the DEM elevation profile (13 points, see dem_processor.py)"
seg_968413013_0,58.6,0.43,plain,"real: DEM sample (AWS Terrain Tiles (Skadi/SRTM1, ~30m, void-filled)), mean of 2/2 points along geometry (range 58.5-58.8m)","real: mean absolute gradient over the DEM elevation profile (2 points, see dem_processor.py)"
seg_968413014_0,58.6,0.83,plain,"real: DEM sample (AWS Terrain Tiles (Skadi/SRTM1, ~30m, void-filled)), mean of 10/10 points along geometry (range 56.8-59.8m)","real: mean absolute gradient over the DEM elevation profile (10 points, see dem_processor.py)"
seg_968413015_0,55.6,1.86,plain,"real: DEM sample (AWS Terrain Tiles (Skadi/SRTM1, ~30m, void-filled)), mean of 2/2 points along geometry (range 54.4-56.8m)","real: mean absolute gradient over the DEM elevation profile (2 points, see dem_processor.py)"
seg_968418477_0,58.2,0.31,plain,"real: DEM sample (AWS Terrain Tiles (Skadi/SRTM1, ~30m, void-filled)), mean of 2/2 points along geometry (range 58.0-58.4m)","real: mean absolute gradient over the DEM elevation profile (2 points, see dem_processor.py)"
seg_968418478_0,60.7,1.48,plain,"real: DEM sample (AWS Terrain Tiles (Skadi/SRTM1, ~30m, void-filled)), mean of 44/44 points along geometry (range 57.0-65.4m)","real: mean absolute gradient over the DEM elevation profile (44 points, see dem_processor.py)"
seg_968418479_0,59.7,0.04,plain,"real: DEM sample (AWS Terrain Tiles (Skadi/SRTM1, ~30m, void-filled)), mean of 2/2 points along geometry (range 59.7-59.8m)","real: mean absolute gradient over the DEM elevation profile (2 points, see dem_processor.py)"
seg_968425402_0,56.4,0.72,plain,"real: DEM sample (AWS Terrain Tiles (Skadi/SRTM1, ~30m, void-filled)), mean of 3/3 points along geometry (range 55.4-57.0m)","real: mean absolute gradient over the DEM elevation profile (3 points, see dem_processor.py)"
seg_968425403_0,61.1,1.14,plain,"real: DEM sample (AWS Terrain Tiles (Skadi/SRTM1, ~30m, void-filled)), mean of 143/143 points along geometry (range 56.0-66.0m)","real: mean absolute gradient over the DEM elevation profile (143 points, see dem_processor.py)"
seg_968435750_0,62.8,1.06,plain,"real: DEM sample (AWS Terrain Tiles (Skadi/SRTM1, ~30m, void-filled)), mean of 86/86 points along geometry (range 59.9-66.1m)","real: mean absolute gradient over the DEM elevation profile (86 points, see dem_processor.py)"
seg_968436959_0,57.5,1.69,plain,"real: DEM sample (AWS Terrain Tiles (Skadi/SRTM1, ~30m, void-filled)), mean of 2/2 points along geometry (range 56.2-58.8m)","real: mean absolute gradient over the DEM elevation profile (2 points, see dem_processor.py)"
seg_968464637_0,61.8,1.01,plain,"real: DEM sample (AWS Terrain Tiles (Skadi/SRTM1, ~30m, void-filled)), mean of 83/83 points along geometry (range 58.4-65.7m)","real: mean absolute gradient over the DEM elevation profile (83 points, see dem_processor.py)"
seg_968464638_0,61.0,1.26,plain,"real: DEM sample (AWS Terrain Tiles (Skadi/SRTM1, ~30m, void-filled)), mean of 2/2 points along geometry (range 60.3-61.6m)","real: mean absolute gradient over the DEM elevation profile (2 points, see dem_processor.py)"
seg_968467839_0,58.8,0.97,plain,"real: DEM sample (AWS Terrain Tiles (Skadi/SRTM1, ~30m, void-filled)), mean of 92/92 points along geometry (range 54.9-63.6m)","real: mean absolute gradient over the DEM elevation profile (92 points, see dem_processor.py)"
seg_968467841_0,58.6,1.3,plain,"real: DEM sample (AWS Terrain Tiles (Skadi/SRTM1, ~30m, void-filled)), mean of 2/2 points along geometry (range 58.0-59.2m)","real: mean absolute gradient over the DEM elevation profile (2 points, see dem_processor.py)"
seg_968467842_0,59.0,1.12,plain,"real: DEM sample (AWS Terrain Tiles (Skadi/SRTM1, ~30m, void-filled)), mean of 11/11 points along geometry (range 57.4-60.8m)","real: mean absolute gradient over the DEM elevation profile (11 points, see dem_processor.py)"
seg_968467843_0,57.0,2.15,plain,"real: DEM sample (AWS Terrain Tiles (Skadi/SRTM1, ~30m, void-filled)), mean of 2/2 points along geometry (range 56.5-57.4m)","real: mean absolute gradient over the DEM elevation profile (2 points, see dem_processor.py)"
seg_968739326_0,56.9,0.76,plain,"real: DEM sample (AWS Terrain Tiles (Skadi/SRTM1, ~30m, void-filled)), mean of 8/8 points along geometry (range 56.0-58.7m)","real: mean absolute gradient over the DEM elevation profile (8 points, see dem_processor.py)"
seg_968739327_0,57.7,0.46,plain,"real: DEM sample (AWS Terrain Tiles (Skadi/SRTM1, ~30m, void-filled)), mean of 2/2 points along geometry (range 57.4-58.0m)","real: mean absolute gradient over the DEM elevation profile (2 points, see dem_processor.py)"
seg_968763634_0,62.1,1.05,plain,"real: DEM sample (AWS Terrain Tiles (Skadi/SRTM1, ~30m, void-filled)), mean of 8/8 points along geometry (range 61.0-63.7m)","real: mean absolute gradient over the DEM elevation profile (8 points, see dem_processor.py)"
seg_968763635_0,60.4,2.24,plain,"real: DEM sample (AWS Terrain Tiles (Skadi/SRTM1, ~30m, void-filled)), mean of 2/2 points along geometry (range 59.5-61.2m)","real: mean absolute gradient over the DEM elevation profile (2 points, see dem_processor.py)"
seg_968763638_0,60.6,0.79,plain,"real: DEM sample (AWS Terrain Tiles (Skadi/SRTM1, ~30m, void-filled)), mean of 9/9 points along geometry (range 59.1-62.6m)","real: mean absolute gradient over the DEM elevation profile (9 points, see dem_processor.py)"
seg_968773207_0,60.5,0.92,plain,"real: DEM sample (AWS Terrain Tiles (Skadi/SRTM1, ~30m, void-filled)), mean of 21/21 points along geometry (range 58.8-62.5m)","real: mean absolute gradient over the DEM elevation profile (21 points, see dem_processor.py)"
seg_968773208_0,59.9,0.24,plain,"real: DEM sample (AWS Terrain Tiles (Skadi/SRTM1, ~30m, void-filled)), mean of 3/3 points along geometry (range 59.7-60.0m)","real: mean absolute gradient over the DEM elevation profile (3 points, see dem_processor.py)"
seg_968956579_0,56.0,0.93,plain,"real: DEM sample (AWS Terrain Tiles (Skadi/SRTM1, ~30m, void-filled)), mean of 75/75 points along geometry (range 53.1-60.3m)","real: mean absolute gradient over the DEM elevation profile (75 points, see dem_processor.py)"
seg_968956579_1,58.3,1.26,plain,"real: DEM sample (AWS Terrain Tiles (Skadi/SRTM1, ~30m, void-filled)), mean of 149/149 points along geometry (range 53.0-64.0m)","real: mean absolute gradient over the DEM elevation profile (149 points, see dem_processor.py)"
seg_968956582_0,61.4,2.22,plain,"real: DEM sample (AWS Terrain Tiles (Skadi/SRTM1, ~30m, void-filled)), mean of 21/21 points along geometry (range 56.8-65.3m)","real: mean absolute gradient over the DEM elevation profile (21 points, see dem_processor.py)"
seg_968956583_0,56.2,0.91,plain,"real: DEM sample (AWS Terrain Tiles (Skadi/SRTM1, ~30m, void-filled)), mean of 2/2 points along geometry (range 55.6-56.8m)","real: mean absolute gradient over the DEM elevation profile (2 points, see dem_processor.py)"
seg_968959716_0,57.5,1.06,plain,"real: DEM sample (AWS Terrain Tiles (Skadi/SRTM1, ~30m, void-filled)), mean of 59/59 points along geometry (range 54.0-61.8m)","real: mean absolute gradient over the DEM elevation profile (59 points, see dem_processor.py)"
seg_968959717_0,56.0,0.91,plain,"real: DEM sample (AWS Terrain Tiles (Skadi/SRTM1, ~30m, void-filled)), mean of 18/18 points along geometry (range 54.0-58.0m)","real: mean absolute gradient over the DEM elevation profile (18 points, see dem_processor.py)"
seg_968959718_0,54.9,0.96,plain,"real: DEM sample (AWS Terrain Tiles (Skadi/SRTM1, ~30m, void-filled)), mean of 3/3 points along geometry (range 54.1-55.9m)","real: mean absolute gradient over the DEM elevation profile (3 points, see dem_processor.py)"
seg_968959719_0,56.3,0.89,plain,"real: DEM sample (AWS Terrain Tiles (Skadi/SRTM1, ~30m, void-filled)), mean of 20/20 points along geometry (range 52.5-58.4m)","real: mean absolute gradient over the DEM elevation profile (20 points, see dem_processor.py)"
seg_968959721_0,55.7,1.72,plain,"real: DEM sample (AWS Terrain Tiles (Skadi/SRTM1, ~30m, void-filled)), mean of 3/3 points along geometry (range 55.2-56.0m)","real: mean absolute gradient over the DEM elevation profile (3 points, see dem_processor.py)"
seg_968963303_0,62.6,1.15,plain,"real: DEM sample (AWS Terrain Tiles (Skadi/SRTM1, ~30m, void-filled)), mean of 64/64 points along geometry (range 59.2-66.0m)","real: mean absolute gradient over the DEM elevation profile (64 points, see dem_processor.py)"
seg_968963303_1,64.5,1.29,plain,"real: DEM sample (AWS Terrain Tiles (Skadi/SRTM1, ~30m, void-filled)), mean of 33/33 points along geometry (range 59.8-68.0m)","real: mean absolute gradient over the DEM elevation profile (33 points, see dem_processor.py)"
seg_968963320_0,57.0,1.24,plain,"real: DEM sample (AWS Terrain Tiles (Skadi/SRTM1, ~30m, void-filled)), mean of 16/16 points along geometry (range 56.0-58.8m)","real: mean absolute gradient over the DEM elevation profile (16 points, see dem_processor.py)"
seg_968963644_0,53.6,1.05,plain,"real: DEM sample (AWS Terrain Tiles (Skadi/SRTM1, ~30m, void-filled)), mean of 9/9 points along geometry (range 52.0-54.7m)","real: mean absolute gradient over the DEM elevation profile (9 points, see dem_processor.py)"
seg_968963645_0,53.7,2.13,plain,"real: DEM sample (AWS Terrain Tiles (Skadi/SRTM1, ~30m, void-filled)), mean of 2/2 points along geometry (range 53.2-54.2m)","real: mean absolute gradient over the DEM elevation profile (2 points, see dem_processor.py)"
seg_968963759_0,61.8,0.97,plain,"real: DEM sample (AWS Terrain Tiles (Skadi/SRTM1, ~30m, void-filled)), mean of 11/11 points along geometry (range 60.1-63.2m)","real: mean absolute gradient over the DEM elevation profile (11 points, see dem_processor.py)"
seg_969132122_0,59.8,0.99,plain,"real: DEM sample (AWS Terrain Tiles (Skadi/SRTM1, ~30m, void-filled)), mean of 7/7 points along geometry (range 58.8-60.6m)","real: mean absolute gradient over the DEM elevation profile (7 points, see dem_processor.py)"
seg_969494427_0,62.7,1.08,plain,"real: DEM sample (AWS Terrain Tiles (Skadi/SRTM1, ~30m, void-filled)), mean of 28/28 points along geometry (range 57.6-66.2m)","real: mean absolute gradient over the DEM elevation profile (28 points, see dem_processor.py)"
seg_969494428_0,58.4,1.34,plain,"real: DEM sample (AWS Terrain Tiles (Skadi/SRTM1, ~30m, void-filled)), mean of 3/3 points along geometry (range 57.6-60.0m)","real: mean absolute gradient over the DEM elevation profile (3 points, see dem_processor.py)"
seg_969538368_0,57.6,1.35,plain,"real: DEM sample (AWS Terrain Tiles (Skadi/SRTM1, ~30m, void-filled)), mean of 36/36 points along geometry (range 53.0-63.0m)","real: mean absolute gradient over the DEM elevation profile (36 points, see dem_processor.py)"
seg_969538369_0,54.9,0.03,plain,"real: DEM sample (AWS Terrain Tiles (Skadi/SRTM1, ~30m, void-filled)), mean of 2/2 points along geometry (range 54.9-54.9m)","real: mean absolute gradient over the DEM elevation profile (2 points, see dem_processor.py)"
seg_969540128_0,57.8,0.88,plain,"real: DEM sample (AWS Terrain Tiles (Skadi/SRTM1, ~30m, void-filled)), mean of 17/17 points along geometry (range 56.1-60.1m)","real: mean absolute gradient over the DEM elevation profile (17 points, see dem_processor.py)"
seg_969540128_1,56.9,1.16,plain,"real: DEM sample (AWS Terrain Tiles (Skadi/SRTM1, ~30m, void-filled)), mean of 32/32 points along geometry (range 53.2-59.8m)","real: mean absolute gradient over the DEM elevation profile (32 points, see dem_processor.py)"
seg_969545869_0,67.3,1.18,plain,"real: DEM sample (AWS Terrain Tiles (Skadi/SRTM1, ~30m, void-filled)), mean of 35/35 points along geometry (range 65.1-70.2m)","real: mean absolute gradient over the DEM elevation profile (35 points, see dem_processor.py)"
seg_969545870_0,64.3,2.72,plain,"real: DEM sample (AWS Terrain Tiles (Skadi/SRTM1, ~30m, void-filled)), mean of 2/2 points along geometry (range 63.3-65.2m)","real: mean absolute gradient over the DEM elevation profile (2 points, see dem_processor.py)"
seg_969679117_0,56.4,0.61,plain,"real: DEM sample (AWS Terrain Tiles (Skadi/SRTM1, ~30m, void-filled)), mean of 2/2 points along geometry (range 56.0-56.9m)","real: mean absolute gradient over the DEM elevation profile (2 points, see dem_processor.py)"
seg_969679118_0,60.7,1.01,plain,"real: DEM sample (AWS Terrain Tiles (Skadi/SRTM1, ~30m, void-filled)), mean of 88/88 points along geometry (range 57.0-65.7m)","real: mean absolute gradient over the DEM elevation profile (88 points, see dem_processor.py)"
seg_969680905_0,59.7,1.51,plain,"real: DEM sample (AWS Terrain Tiles (Skadi/SRTM1, ~30m, void-filled)), mean of 13/13 points along geometry (range 57.7-62.9m)","real: mean absolute gradient over the DEM elevation profile (13 points, see dem_processor.py)"
seg_969680906_0,57.4,0.63,plain,"real: DEM sample (AWS Terrain Tiles (Skadi/SRTM1, ~30m, void-filled)), mean of 2/2 points along geometry (range 57.0-57.7m)","real: mean absolute gradient over the DEM elevation profile (2 points, see dem_processor.py)"
seg_970251952_0,57.8,1.4,plain,"real: DEM sample (AWS Terrain Tiles (Skadi/SRTM1, ~30m, void-filled)), mean of 50/50 points along geometry (range 54.6-64.5m)","real: mean absolute gradient over the DEM elevation profile (50 points, see dem_processor.py)"
seg_970251956_0,62.5,1.1,plain,"real: DEM sample (AWS Terrain Tiles (Skadi/SRTM1, ~30m, void-filled)), mean of 35/35 points along geometry (range 59.4-66.4m)","real: mean absolute gradient over the DEM elevation profile (35 points, see dem_processor.py)"
seg_970251958_0,54.6,0.87,plain,"real: DEM sample (AWS Terrain Tiles (Skadi/SRTM1, ~30m, void-filled)), mean of 30/30 points along geometry (range 51.8-56.3m)","real: mean absolute gradient over the DEM elevation profile (30 points, see dem_processor.py)"
seg_970251959_0,56.7,1.42,plain,"real: DEM sample (AWS Terrain Tiles (Skadi/SRTM1, ~30m, void-filled)), mean of 31/31 points along geometry (range 48.9-60.9m)","real: mean absolute gradient over the DEM elevation profile (31 points, see dem_processor.py)"
seg_970251960_0,50.4,2.27,plain,"real: DEM sample (AWS Terrain Tiles (Skadi/SRTM1, ~30m, void-filled)), mean of 2/2 points along geometry (range 48.9-51.8m)","real: mean absolute gradient over the DEM elevation profile (2 points, see dem_processor.py)"
seg_972662954_0,2492.5,2.47,mountain,"real: DEM sample (AWS Terrain Tiles (Skadi/SRTM1, ~30m, void-filled)), mean of 2/2 points along geometry (range 2491.6-2493.3m)","real: mean absolute gradient over the DEM elevation profile (2 points, see dem_processor.py)"
seg_972662955_0,2510.8,5.58,mountain,"real: DEM sample (AWS Terrain Tiles (Skadi/SRTM1, ~30m, void-filled)), mean of 56/56 points along geometry (range 2483.1-2536.2m)","real: mean absolute gradient over the DEM elevation profile (56 points, see dem_processor.py)"
seg_972662956_0,2635.6,16.91,mountain,"real: DEM sample (AWS Terrain Tiles (Skadi/SRTM1, ~30m, void-filled)), mean of 2/2 points along geometry (range 2633.9-2637.2m)","real: mean absolute gradient over the DEM elevation profile (2 points, see dem_processor.py)"
seg_972662957_0,2651.1,4.58,mountain,"real: DEM sample (AWS Terrain Tiles (Skadi/SRTM1, ~30m, void-filled)), mean of 69/69 points along geometry (range 2630.9-2684.7m)","real: mean absolute gradient over the DEM elevation profile (69 points, see dem_processor.py)"
seg_972662958_0,2684.4,2.97,mountain,"real: DEM sample (AWS Terrain Tiles (Skadi/SRTM1, ~30m, void-filled)), mean of 2/2 points along geometry (range 2684.1-2684.7m)","real: mean absolute gradient over the DEM elevation profile (2 points, see dem_processor.py)"
seg_972662959_0,2585.4,6.25,mountain,"real: DEM sample (AWS Terrain Tiles (Skadi/SRTM1, ~30m, void-filled)), mean of 137/137 points along geometry (range 2534.4-2639.5m)","real: mean absolute gradient over the DEM elevation profile (137 points, see dem_processor.py)"
seg_972662964_0,2999.0,0.42,mountain,"real: DEM sample (AWS Terrain Tiles (Skadi/SRTM1, ~30m, void-filled)), mean of 2/2 points along geometry (range 2999.0-2999.1m)","real: mean absolute gradient over the DEM elevation profile (2 points, see dem_processor.py)"
seg_972662965_0,2982.1,4.8,mountain,"real: DEM sample (AWS Terrain Tiles (Skadi/SRTM1, ~30m, void-filled)), mean of 65/65 points along geometry (range 2957.2-2999.0m)","real: mean absolute gradient over the DEM elevation profile (65 points, see dem_processor.py)"
seg_972662999_0,2330.0,16.84,mountain,"real: DEM sample (AWS Terrain Tiles (Skadi/SRTM1, ~30m, void-filled)), mean of 2/2 points along geometry (range 2325.7-2334.3m)","real: mean absolute gradient over the DEM elevation profile (2 points, see dem_processor.py)"
seg_972663000_0,2372.9,5.95,mountain,"real: DEM sample (AWS Terrain Tiles (Skadi/SRTM1, ~30m, void-filled)), mean of 182/182 points along geometry (range 2314.2-2423.6m)","real: mean absolute gradient over the DEM elevation profile (182 points, see dem_processor.py)"
seg_972663010_0,2991.9,5.3,mountain,"real: DEM sample (AWS Terrain Tiles (Skadi/SRTM1, ~30m, void-filled)), mean of 5/5 points along geometry (range 2991.3-2992.8m)","real: mean absolute gradient over the DEM elevation profile (5 points, see dem_processor.py)"
seg_972663011_0,2993.5,3.69,mountain,"real: DEM sample (AWS Terrain Tiles (Skadi/SRTM1, ~30m, void-filled)), mean of 6/6 points along geometry (range 2991.4-2995.9m)","real: mean absolute gradient over the DEM elevation profile (6 points, see dem_processor.py)"
seg_972663012_0,2993.4,6.6,mountain,"real: DEM sample (AWS Terrain Tiles (Skadi/SRTM1, ~30m, void-filled)), mean of 3/3 points along geometry (range 2992.7-2994.0m)","real: mean absolute gradient over the DEM elevation profile (3 points, see dem_processor.py)"
seg_972663012_1,2992.3,6.88,mountain,"real: DEM sample (AWS Terrain Tiles (Skadi/SRTM1, ~30m, void-filled)), mean of 2/2 points along geometry (range 2991.9-2992.7m)","real: mean absolute gradient over the DEM elevation profile (2 points, see dem_processor.py)"
seg_972663013_0,2993.5,3.86,mountain,"real: DEM sample (AWS Terrain Tiles (Skadi/SRTM1, ~30m, void-filled)), mean of 5/5 points along geometry (range 2992.8-2994.0m)","real: mean absolute gradient over the DEM elevation profile (5 points, see dem_processor.py)"
seg_975597842_0,61.3,0.86,plain,"real: DEM sample (AWS Terrain Tiles (Skadi/SRTM1, ~30m, void-filled)), mean of 15/15 points along geometry (range 59.2-64.0m)","real: mean absolute gradient over the DEM elevation profile (15 points, see dem_processor.py)"
seg_975709679_0,1410.3,14.78,hill,"real: DEM sample (AWS Terrain Tiles (Skadi/SRTM1, ~30m, void-filled)), mean of 156/156 points along geometry (range 1343.4-1501.6m)","real: mean absolute gradient over the DEM elevation profile (156 points, see dem_processor.py)"
seg_977963761_0,120.7,4.9,plain,"real: DEM sample (AWS Terrain Tiles (Skadi/SRTM1, ~30m, void-filled)), mean of 71/71 points along geometry (range 106.6-134.6m)","real: mean absolute gradient over the DEM elevation profile (71 points, see dem_processor.py)"
seg_977963762_0,83.1,3.15,plain,"real: DEM sample (AWS Terrain Tiles (Skadi/SRTM1, ~30m, void-filled)), mean of 33/33 points along geometry (range 65.2-106.6m)","real: mean absolute gradient over the DEM elevation profile (33 points, see dem_processor.py)"
seg_977963763_0,65.4,3.39,plain,"real: DEM sample (AWS Terrain Tiles (Skadi/SRTM1, ~30m, void-filled)), mean of 3/3 points along geometry (range 62.1-67.2m)","real: mean absolute gradient over the DEM elevation profile (3 points, see dem_processor.py)"
seg_977963764_0,114.0,4.79,plain,"real: DEM sample (AWS Terrain Tiles (Skadi/SRTM1, ~30m, void-filled)), mean of 94/94 points along geometry (range 67.0-138.9m)","real: mean absolute gradient over the DEM elevation profile (94 points, see dem_processor.py)"
seg_986827273_0,56.8,1.15,plain,"real: DEM sample (AWS Terrain Tiles (Skadi/SRTM1, ~30m, void-filled)), mean of 4/4 points along geometry (range 56.3-57.0m)","real: mean absolute gradient over the DEM elevation profile (4 points, see dem_processor.py)"
seg_987470054_0,62.6,1.49,plain,"real: DEM sample (AWS Terrain Tiles (Skadi/SRTM1, ~30m, void-filled)), mean of 39/39 points along geometry (range 58.4-65.2m)","real: mean absolute gradient over the DEM elevation profile (39 points, see dem_processor.py)"
seg_987512978_0,70.9,1.1,plain,"real: DEM sample (AWS Terrain Tiles (Skadi/SRTM1, ~30m, void-filled)), mean of 31/31 points along geometry (range 66.7-74.3m)","real: mean absolute gradient over the DEM elevation profile (31 points, see dem_processor.py)"
seg_991928708_0,52.1,1.98,plain,"real: DEM sample (AWS Terrain Tiles (Skadi/SRTM1, ~30m, void-filled)), mean of 8/8 points along geometry (range 51.0-53.9m)","real: mean absolute gradient over the DEM elevation profile (8 points, see dem_processor.py)"
seg_997400499_0,76.5,0.79,plain,"real: DEM sample (AWS Terrain Tiles (Skadi/SRTM1, ~30m, void-filled)), mean of 4/4 points along geometry (range 76.2-76.7m)","real: mean absolute gradient over the DEM elevation profile (4 points, see dem_processor.py)"
seg_1000095930_0,60.2,2.06,plain,"real: DEM sample (AWS Terrain Tiles (Skadi/SRTM1, ~30m, void-filled)), mean of 2/2 points along geometry (range 59.7-60.7m)","real: mean absolute gradient over the DEM elevation profile (2 points, see dem_processor.py)"
seg_1000095930_1,59.4,2.14,plain,"real: DEM sample (AWS Terrain Tiles (Skadi/SRTM1, ~30m, void-filled)), mean of 2/2 points along geometry (range 59.2-59.7m)","real: mean absolute gradient over the DEM elevation profile (2 points, see dem_processor.py)"
seg_1000095932_0,56.7,1.2,plain,"real: DEM sample (AWS Terrain Tiles (Skadi/SRTM1, ~30m, void-filled)), mean of 2/2 points along geometry (range 56.5-56.8m)","real: mean absolute gradient over the DEM elevation profile (2 points, see dem_processor.py)"
seg_1000095932_1,55.6,1.38,plain,"real: DEM sample (AWS Terrain Tiles (Skadi/SRTM1, ~30m, void-filled)), mean of 3/3 points along geometry (range 55.0-56.8m)","real: mean absolute gradient over the DEM elevation profile (3 points, see dem_processor.py)"
seg_1000095932_2,55.1,1.09,plain,"real: DEM sample (AWS Terrain Tiles (Skadi/SRTM1, ~30m, void-filled)), mean of 2/2 points along geometry (range 55.0-55.3m)","real: mean absolute gradient over the DEM elevation profile (2 points, see dem_processor.py)"
seg_1000095933_0,57.0,0.92,plain,"real: DEM sample (AWS Terrain Tiles (Skadi/SRTM1, ~30m, void-filled)), mean of 3/3 points along geometry (range 56.2-58.3m)","real: mean absolute gradient over the DEM elevation profile (3 points, see dem_processor.py)"
seg_1000095935_0,58.3,1.91,plain,"real: DEM sample (AWS Terrain Tiles (Skadi/SRTM1, ~30m, void-filled)), mean of 8/8 points along geometry (range 55.3-62.4m)","real: mean absolute gradient over the DEM elevation profile (8 points, see dem_processor.py)"
seg_1000095937_0,58.7,0.88,plain,"real: DEM sample (AWS Terrain Tiles (Skadi/SRTM1, ~30m, void-filled)), mean of 5/5 points along geometry (range 57.5-59.7m)","real: mean absolute gradient over the DEM elevation profile (5 points, see dem_processor.py)"
seg_1000095938_0,57.2,1.3,plain,"real: DEM sample (AWS Terrain Tiles (Skadi/SRTM1, ~30m, void-filled)), mean of 2/2 points along geometry (range 57.0-57.5m)","real: mean absolute gradient over the DEM elevation profile (2 points, see dem_processor.py)"
seg_1013969997_0,55.6,0.61,plain,"real: DEM sample (AWS Terrain Tiles (Skadi/SRTM1, ~30m, void-filled)), mean of 3/3 points along geometry (range 55.4-55.7m)","real: mean absolute gradient over the DEM elevation profile (3 points, see dem_processor.py)"
seg_1013969997_1,54.7,0.92,plain,"real: DEM sample (AWS Terrain Tiles (Skadi/SRTM1, ~30m, void-filled)), mean of 7/7 points along geometry (range 54.0-55.8m)","real: mean absolute gradient over the DEM elevation profile (7 points, see dem_processor.py)"
seg_1013969998_0,55.0,0.73,plain,"real: DEM sample (AWS Terrain Tiles (Skadi/SRTM1, ~30m, void-filled)), mean of 5/5 points along geometry (range 54.1-55.8m)","real: mean absolute gradient over the DEM elevation profile (5 points, see dem_processor.py)"
seg_1013969998_1,55.1,0.75,plain,"real: DEM sample (AWS Terrain Tiles (Skadi/SRTM1, ~30m, void-filled)), mean of 3/3 points along geometry (range 55.0-55.4m)","real: mean absolute gradient over the DEM elevation profile (3 points, see dem_processor.py)"
seg_1013969998_2,55.5,1.93,plain,"real: DEM sample (AWS Terrain Tiles (Skadi/SRTM1, ~30m, void-filled)), mean of 2/2 points along geometry (range 55.4-55.7m)","real: mean absolute gradient over the DEM elevation profile (2 points, see dem_processor.py)"
seg_1014551111_0,57.9,1.49,plain,"real: DEM sample (AWS Terrain Tiles (Skadi/SRTM1, ~30m, void-filled)), mean of 4/4 points along geometry (range 57.2-59.6m)","real: mean absolute gradient over the DEM elevation profile (4 points, see dem_processor.py)"
seg_1260641179_0,4099.6,3.53,mountain,"real: DEM sample (AWS Terrain Tiles (Skadi/SRTM1, ~30m, void-filled)), mean of 70/70 points along geometry (range 4024.7-4149.1m)","real: mean absolute gradient over the DEM elevation profile (70 points, see dem_processor.py)"
seg_1024517887_0,53.3,3.71,plain,"real: DEM sample (AWS Terrain Tiles (Skadi/SRTM1, ~30m, void-filled)), mean of 2/2 points along geometry (range 52.3-54.2m)","real: mean absolute gradient over the DEM elevation profile (2 points, see dem_processor.py)"
seg_1035972998_0,57.7,1.39,plain,"real: DEM sample (AWS Terrain Tiles (Skadi/SRTM1, ~30m, void-filled)), mean of 5/5 points along geometry (range 56.3-59.9m)","real: mean absolute gradient over the DEM elevation profile (5 points, see dem_processor.py)"
seg_1038595629_0,55.5,0.57,plain,"real: DEM sample (AWS Terrain Tiles (Skadi/SRTM1, ~30m, void-filled)), mean of 2/2 points along geometry (range 55.5-55.6m)","real: mean absolute gradient over the DEM elevation profile (2 points, see dem_processor.py)"
seg_1038928900_0,63.0,0.72,plain,"real: DEM sample (AWS Terrain Tiles (Skadi/SRTM1, ~30m, void-filled)), mean of 20/20 points along geometry (range 60.2-65.0m)","real: mean absolute gradient over the DEM elevation profile (20 points, see dem_processor.py)"
seg_1038928901_0,59.1,3.41,plain,"real: DEM sample (AWS Terrain Tiles (Skadi/SRTM1, ~30m, void-filled)), mean of 2/2 points along geometry (range 58.1-60.1m)","real: mean absolute gradient over the DEM elevation profile (2 points, see dem_processor.py)"
seg_1039076875_0,53.7,2.72,plain,"real: DEM sample (AWS Terrain Tiles (Skadi/SRTM1, ~30m, void-filled)), mean of 2/2 points along geometry (range 53.5-53.8m)","real: mean absolute gradient over the DEM elevation profile (2 points, see dem_processor.py)"
seg_1041338049_0,55.4,1.66,plain,"real: DEM sample (AWS Terrain Tiles (Skadi/SRTM1, ~30m, void-filled)), mean of 17/17 points along geometry (range 53.0-58.4m)","real: mean absolute gradient over the DEM elevation profile (17 points, see dem_processor.py)"
seg_1041338049_1,53.5,1.32,plain,"real: DEM sample (AWS Terrain Tiles (Skadi/SRTM1, ~30m, void-filled)), mean of 4/4 points along geometry (range 52.9-53.8m)","real: mean absolute gradient over the DEM elevation profile (4 points, see dem_processor.py)"
seg_1041439024_0,65.9,1.96,plain,"real: DEM sample (AWS Terrain Tiles (Skadi/SRTM1, ~30m, void-filled)), mean of 150/150 points along geometry (range 60.1-71.9m)","real: mean absolute gradient over the DEM elevation profile (150 points, see dem_processor.py)"
seg_1043701537_0,62.0,1.02,plain,"real: DEM sample (AWS Terrain Tiles (Skadi/SRTM1, ~30m, void-filled)), mean of 76/76 points along geometry (range 59.0-67.9m)","real: mean absolute gradient over the DEM elevation profile (76 points, see dem_processor.py)"
seg_1054721874_0,60.1,2.93,plain,"real: DEM sample (AWS Terrain Tiles (Skadi/SRTM1, ~30m, void-filled)), mean of 5/5 points along geometry (range 56.4-64.1m)","real: mean absolute gradient over the DEM elevation profile (5 points, see dem_processor.py)"
seg_1054721875_0,61.7,2.21,plain,"real: DEM sample (AWS Terrain Tiles (Skadi/SRTM1, ~30m, void-filled)), mean of 3/3 points along geometry (range 61.1-62.2m)","real: mean absolute gradient over the DEM elevation profile (3 points, see dem_processor.py)"
seg_1054721875_1,62.4,2.78,plain,"real: DEM sample (AWS Terrain Tiles (Skadi/SRTM1, ~30m, void-filled)), mean of 3/3 points along geometry (range 60.4-64.5m)","real: mean absolute gradient over the DEM elevation profile (3 points, see dem_processor.py)"
seg_1054721875_2,60.0,2.05,plain,"real: DEM sample (AWS Terrain Tiles (Skadi/SRTM1, ~30m, void-filled)), mean of 3/3 points along geometry (range 59.7-60.4m)","real: mean absolute gradient over the DEM elevation profile (3 points, see dem_processor.py)"
seg_1056464218_0,67.7,0.76,plain,"real: DEM sample (AWS Terrain Tiles (Skadi/SRTM1, ~30m, void-filled)), mean of 12/12 points along geometry (range 66.0-68.7m)","real: mean absolute gradient over the DEM elevation profile (12 points, see dem_processor.py)"
seg_1070137324_0,182.0,4.91,plain,"real: DEM sample (AWS Terrain Tiles (Skadi/SRTM1, ~30m, void-filled)), mean of 708/708 points along geometry (range 67.3-250.1m)","real: mean absolute gradient over the DEM elevation profile (708 points, see dem_processor.py)"
seg_1081980923_0,75.7,1.08,plain,"real: DEM sample (AWS Terrain Tiles (Skadi/SRTM1, ~30m, void-filled)), mean of 5/5 points along geometry (range 75.0-76.7m)","real: mean absolute gradient over the DEM elevation profile (5 points, see dem_processor.py)"
seg_1081980924_0,75.9,1.07,plain,"real: DEM sample (AWS Terrain Tiles (Skadi/SRTM1, ~30m, void-filled)), mean of 4/4 points along geometry (range 75.0-76.7m)","real: mean absolute gradient over the DEM elevation profile (4 points, see dem_processor.py)"
seg_1084979031_0,78.8,1.4,plain,"real: DEM sample (AWS Terrain Tiles (Skadi/SRTM1, ~30m, void-filled)), mean of 194/194 points along geometry (range 72.9-83.6m)","real: mean absolute gradient over the DEM elevation profile (194 points, see dem_processor.py)"
seg_1084980317_0,76.4,0.58,plain,"real: DEM sample (AWS Terrain Tiles (Skadi/SRTM1, ~30m, void-filled)), mean of 9/9 points along geometry (range 75.0-77.6m)","real: mean absolute gradient over the DEM elevation profile (9 points, see dem_processor.py)"
seg_1084980318_0,77.0,0.2,plain,"real: DEM sample (AWS Terrain Tiles (Skadi/SRTM1, ~30m, void-filled)), mean of 2/2 points along geometry (range 77.0-77.0m)","real: mean absolute gradient over the DEM elevation profile (2 points, see dem_processor.py)"
seg_1084999676_0,81.7,1.65,plain,"real: DEM sample (AWS Terrain Tiles (Skadi/SRTM1, ~30m, void-filled)), mean of 34/34 points along geometry (range 77.3-87.4m)","real: mean absolute gradient over the DEM elevation profile (34 points, see dem_processor.py)"
seg_1084999677_0,81.9,1.21,plain,"real: DEM sample (AWS Terrain Tiles (Skadi/SRTM1, ~30m, void-filled)), mean of 3/3 points along geometry (range 81.2-82.2m)","real: mean absolute gradient over the DEM elevation profile (3 points, see dem_processor.py)"
seg_1085000825_0,78.5,1.26,plain,"real: DEM sample (AWS Terrain Tiles (Skadi/SRTM1, ~30m, void-filled)), mean of 47/47 points along geometry (range 74.0-81.7m)","real: mean absolute gradient over the DEM elevation profile (47 points, see dem_processor.py)"
seg_1085000826_0,74.0,0.0,plain,"real: DEM sample (AWS Terrain Tiles (Skadi/SRTM1, ~30m, void-filled)), mean of 2/2 points along geometry (range 74.0-74.0m)","real: mean absolute gradient over the DEM elevation profile (2 points, see dem_processor.py)"
seg_1088731462_0,53.3,1.51,plain,"real: DEM sample (AWS Terrain Tiles (Skadi/SRTM1, ~30m, void-filled)), mean of 3/3 points along geometry (range 53.0-53.7m)","real: mean absolute gradient over the DEM elevation profile (3 points, see dem_processor.py)"
seg_1089360981_0,4250.1,29.87,mountain,"real: DEM sample (AWS Terrain Tiles (Skadi/SRTM1, ~30m, void-filled)), mean of 19/19 points along geometry (range 3993.5-4442.5m)","real: mean absolute gradient over the DEM elevation profile (19 points, see dem_processor.py)"
seg_1101700465_0,58.7,1.42,plain,"real: DEM sample (AWS Terrain Tiles (Skadi/SRTM1, ~30m, void-filled)), mean of 4/4 points along geometry (range 57.8-60.5m)","real: mean absolute gradient over the DEM elevation profile (4 points, see dem_processor.py)"
seg_1105224532_0,56.5,3.67,plain,"real: DEM sample (AWS Terrain Tiles (Skadi/SRTM1, ~30m, void-filled)), mean of 4/4 points along geometry (range 55.3-59.0m)","real: mean absolute gradient over the DEM elevation profile (4 points, see dem_processor.py)"
seg_1105224532_1,59.3,2.1,plain,"real: DEM sample (AWS Terrain Tiles (Skadi/SRTM1, ~30m, void-filled)), mean of 7/7 points along geometry (range 56.1-62.8m)","real: mean absolute gradient over the DEM elevation profile (7 points, see dem_processor.py)"
seg_1111679623_0,54.3,0.64,plain,"real: DEM sample (AWS Terrain Tiles (Skadi/SRTM1, ~30m, void-filled)), mean of 4/4 points along geometry (range 53.9-54.5m)","real: mean absolute gradient over the DEM elevation profile (4 points, see dem_processor.py)"
seg_1111679624_0,55.8,0.82,plain,"real: DEM sample (AWS Terrain Tiles (Skadi/SRTM1, ~30m, void-filled)), mean of 8/8 points along geometry (range 55.4-56.0m)","real: mean absolute gradient over the DEM elevation profile (8 points, see dem_processor.py)"
seg_1112682378_0,2770.5,5.71,mountain,"real: DEM sample (AWS Terrain Tiles (Skadi/SRTM1, ~30m, void-filled)), mean of 111/111 points along geometry (range 2734.5-2822.4m)","real: mean absolute gradient over the DEM elevation profile (111 points, see dem_processor.py)"
seg_1112682380_0,2811.6,9.48,mountain,"real: DEM sample (AWS Terrain Tiles (Skadi/SRTM1, ~30m, void-filled)), mean of 5/5 points along geometry (range 2810.3-2812.7m)","real: mean absolute gradient over the DEM elevation profile (5 points, see dem_processor.py)"
seg_1113108547_0,2861.6,7.26,mountain,"real: DEM sample (AWS Terrain Tiles (Skadi/SRTM1, ~30m, void-filled)), mean of 95/95 points along geometry (range 2812.4-2890.5m)","real: mean absolute gradient over the DEM elevation profile (95 points, see dem_processor.py)"
seg_1117743812_0,55.0,0.0,plain,"real: DEM sample (AWS Terrain Tiles (Skadi/SRTM1, ~30m, void-filled)), mean of 2/2 points along geometry (range 55.0-55.0m)","real: mean absolute gradient over the DEM elevation profile (2 points, see dem_processor.py)"
seg_1118012912_0,58.6,1.87,plain,"real: DEM sample (AWS Terrain Tiles (Skadi/SRTM1, ~30m, void-filled)), mean of 2/2 points along geometry (range 58.2-59.0m)","real: mean absolute gradient over the DEM elevation profile (2 points, see dem_processor.py)"
seg_1118012912_1,52.0,1.3,plain,"real: DEM sample (AWS Terrain Tiles (Skadi/SRTM1, ~30m, void-filled)), mean of 29/29 points along geometry (range 48.5-58.2m)","real: mean absolute gradient over the DEM elevation profile (29 points, see dem_processor.py)"
seg_1118012912_2,50.5,0.56,plain,"real: DEM sample (AWS Terrain Tiles (Skadi/SRTM1, ~30m, void-filled)), mean of 10/10 points along geometry (range 49.9-51.8m)","real: mean absolute gradient over the DEM elevation profile (10 points, see dem_processor.py)"
seg_1118012913_0,50.8,0.46,plain,"real: DEM sample (AWS Terrain Tiles (Skadi/SRTM1, ~30m, void-filled)), mean of 3/3 points along geometry (range 50.8-50.9m)","real: mean absolute gradient over the DEM elevation profile (3 points, see dem_processor.py)"
seg_1119956246_0,3130.8,5.41,mountain,"real: DEM sample (AWS Terrain Tiles (Skadi/SRTM1, ~30m, void-filled)), mean of 235/235 points along geometry (range 2992.3-3252.7m)","real: mean absolute gradient over the DEM elevation profile (235 points, see dem_processor.py)"
seg_1119962580_0,4364.5,1.14,mountain,"real: DEM sample (AWS Terrain Tiles (Skadi/SRTM1, ~30m, void-filled)), mean of 2/2 points along geometry (range 4364.3-4364.7m)","real: mean absolute gradient over the DEM elevation profile (2 points, see dem_processor.py)"
seg_1119962581_0,4364.2,1.79,mountain,"real: DEM sample (AWS Terrain Tiles (Skadi/SRTM1, ~30m, void-filled)), mean of 2/2 points along geometry (range 4364.1-4364.3m)","real: mean absolute gradient over the DEM elevation profile (2 points, see dem_processor.py)"
seg_1119962583_0,4340.3,4.71,mountain,"real: DEM sample (AWS Terrain Tiles (Skadi/SRTM1, ~30m, void-filled)), mean of 82/82 points along geometry (range 4318.2-4364.1m)","real: mean absolute gradient over the DEM elevation profile (82 points, see dem_processor.py)"
seg_1119962584_0,4422.9,3.75,mountain,"real: DEM sample (AWS Terrain Tiles (Skadi/SRTM1, ~30m, void-filled)), mean of 146/146 points along geometry (range 4364.7-4498.4m)","real: mean absolute gradient over the DEM elevation profile (146 points, see dem_processor.py)"
seg_1124976974_0,57.7,0.99,plain,"real: DEM sample (AWS Terrain Tiles (Skadi/SRTM1, ~30m, void-filled)), mean of 5/5 points along geometry (range 57.6-58.0m)","real: mean absolute gradient over the DEM elevation profile (5 points, see dem_processor.py)"
seg_1124976974_1,58.7,1.36,plain,"real: DEM sample (AWS Terrain Tiles (Skadi/SRTM1, ~30m, void-filled)), mean of 38/38 points along geometry (range 55.1-60.2m)","real: mean absolute gradient over the DEM elevation profile (38 points, see dem_processor.py)"
seg_1125145370_0,62.9,1.38,plain,"real: DEM sample (AWS Terrain Tiles (Skadi/SRTM1, ~30m, void-filled)), mean of 4/4 points along geometry (range 61.9-65.6m)","real: mean absolute gradient over the DEM elevation profile (4 points, see dem_processor.py)"
seg_1125145372_0,63.7,0.65,plain,"real: DEM sample (AWS Terrain Tiles (Skadi/SRTM1, ~30m, void-filled)), mean of 3/3 points along geometry (range 63.0-64.3m)","real: mean absolute gradient over the DEM elevation profile (3 points, see dem_processor.py)"
seg_1133073673_0,54.3,0.91,plain,"real: DEM sample (AWS Terrain Tiles (Skadi/SRTM1, ~30m, void-filled)), mean of 2/2 points along geometry (range 54.0-54.7m)","real: mean absolute gradient over the DEM elevation profile (2 points, see dem_processor.py)"
seg_1133073674_0,54.2,0.81,plain,"real: DEM sample (AWS Terrain Tiles (Skadi/SRTM1, ~30m, void-filled)), mean of 31/31 points along geometry (range 50.2-57.3m)","real: mean absolute gradient over the DEM elevation profile (31 points, see dem_processor.py)"
seg_1133073675_0,55.4,1.3,plain,"real: DEM sample (AWS Terrain Tiles (Skadi/SRTM1, ~30m, void-filled)), mean of 2/2 points along geometry (range 55.2-55.6m)","real: mean absolute gradient over the DEM elevation profile (2 points, see dem_processor.py)"
seg_1133073676_0,59.5,1.42,plain,"real: DEM sample (AWS Terrain Tiles (Skadi/SRTM1, ~30m, void-filled)), mean of 16/16 points along geometry (range 54.8-64.4m)","real: mean absolute gradient over the DEM elevation profile (16 points, see dem_processor.py)"
seg_1133094844_0,58.8,2.66,plain,"real: DEM sample (AWS Terrain Tiles (Skadi/SRTM1, ~30m, void-filled)), mean of 78/78 points along geometry (range 53.6-67.0m)","real: mean absolute gradient over the DEM elevation profile (78 points, see dem_processor.py)"
seg_1133094845_0,53.6,0.17,plain,"real: DEM sample (AWS Terrain Tiles (Skadi/SRTM1, ~30m, void-filled)), mean of 2/2 points along geometry (range 53.6-53.6m)","real: mean absolute gradient over the DEM elevation profile (2 points, see dem_processor.py)"
seg_1133094846_0,54.2,1.24,plain,"real: DEM sample (AWS Terrain Tiles (Skadi/SRTM1, ~30m, void-filled)), mean of 2/2 points along geometry (range 54.1-54.3m)","real: mean absolute gradient over the DEM elevation profile (2 points, see dem_processor.py)"
seg_1133623075_0,57.7,1.44,plain,"real: DEM sample (AWS Terrain Tiles (Skadi/SRTM1, ~30m, void-filled)), mean of 24/24 points along geometry (range 53.4-61.6m)","real: mean absolute gradient over the DEM elevation profile (24 points, see dem_processor.py)"
seg_1133623076_0,54.1,0.09,plain,"real: DEM sample (AWS Terrain Tiles (Skadi/SRTM1, ~30m, void-filled)), mean of 2/2 points along geometry (range 54.0-54.1m)","real: mean absolute gradient over the DEM elevation profile (2 points, see dem_processor.py)"
seg_1133623077_0,55.8,1.84,plain,"real: DEM sample (AWS Terrain Tiles (Skadi/SRTM1, ~30m, void-filled)), mean of 2/2 points along geometry (range 54.9-56.7m)","real: mean absolute gradient over the DEM elevation profile (2 points, see dem_processor.py)"
seg_1133623078_0,58.6,0.93,plain,"real: DEM sample (AWS Terrain Tiles (Skadi/SRTM1, ~30m, void-filled)), mean of 86/86 points along geometry (range 53.7-62.3m)","real: mean absolute gradient over the DEM elevation profile (86 points, see dem_processor.py)"
seg_1133623079_0,62.2,3.62,plain,"real: DEM sample (AWS Terrain Tiles (Skadi/SRTM1, ~30m, void-filled)), mean of 20/20 points along geometry (range 53.4-67.7m)","real: mean absolute gradient over the DEM elevation profile (20 points, see dem_processor.py)"
seg_1133623080_0,54.0,2.4,plain,"real: DEM sample (AWS Terrain Tiles (Skadi/SRTM1, ~30m, void-filled)), mean of 2/2 points along geometry (range 53.4-54.5m)","real: mean absolute gradient over the DEM elevation profile (2 points, see dem_processor.py)"
seg_1133623081_0,63.7,3.36,plain,"real: DEM sample (AWS Terrain Tiles (Skadi/SRTM1, ~30m, void-filled)), mean of 24/24 points along geometry (range 54.6-74.8m)","real: mean absolute gradient over the DEM elevation profile (24 points, see dem_processor.py)"
seg_1133623082_0,55.8,0.64,plain,"real: DEM sample (AWS Terrain Tiles (Skadi/SRTM1, ~30m, void-filled)), mean of 2/2 points along geometry (range 55.7-56.0m)","real: mean absolute gradient over the DEM elevation profile (2 points, see dem_processor.py)"
seg_1133773953_0,52.0,1.05,plain,"real: DEM sample (AWS Terrain Tiles (Skadi/SRTM1, ~30m, void-filled)), mean of 152/152 points along geometry (range 46.5-56.5m)","real: mean absolute gradient over the DEM elevation profile (152 points, see dem_processor.py)"
seg_1134103725_0,51.5,1.94,plain,"real: DEM sample (AWS Terrain Tiles (Skadi/SRTM1, ~30m, void-filled)), mean of 6/6 points along geometry (range 50.9-52.2m)","real: mean absolute gradient over the DEM elevation profile (6 points, see dem_processor.py)"
seg_1134103726_0,52.0,1.65,plain,"real: DEM sample (AWS Terrain Tiles (Skadi/SRTM1, ~30m, void-filled)), mean of 6/6 points along geometry (range 51.3-52.6m)","real: mean absolute gradient over the DEM elevation profile (6 points, see dem_processor.py)"
seg_1134103726_1,51.5,1.38,plain,"real: DEM sample (AWS Terrain Tiles (Skadi/SRTM1, ~30m, void-filled)), mean of 31/31 points along geometry (range 49.0-55.6m)","real: mean absolute gradient over the DEM elevation profile (31 points, see dem_processor.py)"
seg_1134103726_2,52.4,5.07,plain,"real: DEM sample (AWS Terrain Tiles (Skadi/SRTM1, ~30m, void-filled)), mean of 4/4 points along geometry (range 50.5-54.5m)","real: mean absolute gradient over the DEM elevation profile (4 points, see dem_processor.py)"
seg_1134103726_3,50.5,0.82,plain,"real: DEM sample (AWS Terrain Tiles (Skadi/SRTM1, ~30m, void-filled)), mean of 2/2 points along geometry (range 50.5-50.6m)","real: mean absolute gradient over the DEM elevation profile (2 points, see dem_processor.py)"
seg_1134409399_0,57.2,2.15,plain,"real: DEM sample (AWS Terrain Tiles (Skadi/SRTM1, ~30m, void-filled)), mean of 4/4 points along geometry (range 56.5-58.1m)","real: mean absolute gradient over the DEM elevation profile (4 points, see dem_processor.py)"
seg_1134471679_0,55.1,1.06,plain,"real: DEM sample (AWS Terrain Tiles (Skadi/SRTM1, ~30m, void-filled)), mean of 16/16 points along geometry (range 53.3-56.9m)","real: mean absolute gradient over the DEM elevation profile (16 points, see dem_processor.py)"
seg_1134471679_1,55.8,1.46,plain,"real: DEM sample (AWS Terrain Tiles (Skadi/SRTM1, ~30m, void-filled)), mean of 61/61 points along geometry (range 53.0-60.4m)","real: mean absolute gradient over the DEM elevation profile (61 points, see dem_processor.py)"
seg_1134475405_0,53.3,0.16,plain,"real: DEM sample (AWS Terrain Tiles (Skadi/SRTM1, ~30m, void-filled)), mean of 2/2 points along geometry (range 53.3-53.3m)","real: mean absolute gradient over the DEM elevation profile (2 points, see dem_processor.py)"
seg_1134475406_0,56.0,1.38,plain,"real: DEM sample (AWS Terrain Tiles (Skadi/SRTM1, ~30m, void-filled)), mean of 49/49 points along geometry (range 51.8-61.4m)","real: mean absolute gradient over the DEM elevation profile (49 points, see dem_processor.py)"
seg_1134479121_0,55.2,1.43,plain,"real: DEM sample (AWS Terrain Tiles (Skadi/SRTM1, ~30m, void-filled)), mean of 61/61 points along geometry (range 51.8-62.5m)","real: mean absolute gradient over the DEM elevation profile (61 points, see dem_processor.py)"
seg_1134479122_0,54.4,3.44,plain,"real: DEM sample (AWS Terrain Tiles (Skadi/SRTM1, ~30m, void-filled)), mean of 2/2 points along geometry (range 52.3-56.5m)","real: mean absolute gradient over the DEM elevation profile (2 points, see dem_processor.py)"
seg_1134479123_0,54.9,0.85,plain,"real: DEM sample (AWS Terrain Tiles (Skadi/SRTM1, ~30m, void-filled)), mean of 2/2 points along geometry (range 54.7-55.1m)","real: mean absolute gradient over the DEM elevation profile (2 points, see dem_processor.py)"
seg_1134479124_0,57.0,1.61,plain,"real: DEM sample (AWS Terrain Tiles (Skadi/SRTM1, ~30m, void-filled)), mean of 44/44 points along geometry (range 54.2-61.1m)","real: mean absolute gradient over the DEM elevation profile (44 points, see dem_processor.py)"
seg_1134479125_0,56.6,1.88,plain,"real: DEM sample (AWS Terrain Tiles (Skadi/SRTM1, ~30m, void-filled)), mean of 2/2 points along geometry (range 56.2-56.9m)","real: mean absolute gradient over the DEM elevation profile (2 points, see dem_processor.py)"
seg_1134479126_0,56.0,1.3,plain,"real: DEM sample (AWS Terrain Tiles (Skadi/SRTM1, ~30m, void-filled)), mean of 36/36 points along geometry (range 54.2-58.7m)","real: mean absolute gradient over the DEM elevation profile (36 points, see dem_processor.py)"
seg_1134488242_0,56.4,1.74,plain,"real: DEM sample (AWS Terrain Tiles (Skadi/SRTM1, ~30m, void-filled)), mean of 20/20 points along geometry (range 53.8-58.2m)","real: mean absolute gradient over the DEM elevation profile (20 points, see dem_processor.py)"
seg_1134488242_1,55.5,1.4,plain,"real: DEM sample (AWS Terrain Tiles (Skadi/SRTM1, ~30m, void-filled)), mean of 21/21 points along geometry (range 52.7-58.8m)","real: mean absolute gradient over the DEM elevation profile (21 points, see dem_processor.py)"
seg_1134488243_0,59.1,1.53,plain,"real: DEM sample (AWS Terrain Tiles (Skadi/SRTM1, ~30m, void-filled)), mean of 76/76 points along geometry (range 55.2-63.7m)","real: mean absolute gradient over the DEM elevation profile (76 points, see dem_processor.py)"
seg_1134488244_0,58.2,1.08,plain,"real: DEM sample (AWS Terrain Tiles (Skadi/SRTM1, ~30m, void-filled)), mean of 43/43 points along geometry (range 56.3-60.9m)","real: mean absolute gradient over the DEM elevation profile (43 points, see dem_processor.py)"
seg_1134488245_0,53.9,1.77,plain,"real: DEM sample (AWS Terrain Tiles (Skadi/SRTM1, ~30m, void-filled)), mean of 2/2 points along geometry (range 53.5-54.2m)","real: mean absolute gradient over the DEM elevation profile (2 points, see dem_processor.py)"
seg_1134488247_0,56.4,1.5,plain,"real: DEM sample (AWS Terrain Tiles (Skadi/SRTM1, ~30m, void-filled)), mean of 2/2 points along geometry (range 56.1-56.7m)","real: mean absolute gradient over the DEM elevation profile (2 points, see dem_processor.py)"
seg_1134488248_0,57.6,1.18,plain,"real: DEM sample (AWS Terrain Tiles (Skadi/SRTM1, ~30m, void-filled)), mean of 61/61 points along geometry (range 51.6-60.7m)","real: mean absolute gradient over the DEM elevation profile (61 points, see dem_processor.py)"
seg_1134488688_0,58.1,1.04,plain,"real: DEM sample (AWS Terrain Tiles (Skadi/SRTM1, ~30m, void-filled)), mean of 13/13 points along geometry (range 56.0-59.5m)","real: mean absolute gradient over the DEM elevation profile (13 points, see dem_processor.py)"
seg_1134488688_1,60.5,0.8,plain,"real: DEM sample (AWS Terrain Tiles (Skadi/SRTM1, ~30m, void-filled)), mean of 8/8 points along geometry (range 59.0-62.0m)","real: mean absolute gradient over the DEM elevation profile (8 points, see dem_processor.py)"
seg_1134488689_0,56.7,1.82,plain,"real: DEM sample (AWS Terrain Tiles (Skadi/SRTM1, ~30m, void-filled)), mean of 2/2 points along geometry (range 56.5-56.8m)","real: mean absolute gradient over the DEM elevation profile (2 points, see dem_processor.py)"
seg_1134493928_0,61.7,0.62,plain,"real: DEM sample (AWS Terrain Tiles (Skadi/SRTM1, ~30m, void-filled)), mean of 10/10 points along geometry (range 60.9-62.8m)","real: mean absolute gradient over the DEM elevation profile (10 points, see dem_processor.py)"
seg_1134493928_1,62.6,0.57,plain,"real: DEM sample (AWS Terrain Tiles (Skadi/SRTM1, ~30m, void-filled)), mean of 6/6 points along geometry (range 61.7-62.9m)","real: mean absolute gradient over the DEM elevation profile (6 points, see dem_processor.py)"
seg_1134493928_2,61.6,2.14,plain,"real: DEM sample (AWS Terrain Tiles (Skadi/SRTM1, ~30m, void-filled)), mean of 11/11 points along geometry (range 59.1-65.2m)","real: mean absolute gradient over the DEM elevation profile (11 points, see dem_processor.py)"
seg_1134493929_0,60.4,1.44,plain,"real: DEM sample (AWS Terrain Tiles (Skadi/SRTM1, ~30m, void-filled)), mean of 2/2 points along geometry (range 60.0-60.9m)","real: mean absolute gradient over the DEM elevation profile (2 points, see dem_processor.py)"
seg_1134493930_0,58.2,1.38,plain,"real: DEM sample (AWS Terrain Tiles (Skadi/SRTM1, ~30m, void-filled)), mean of 2/2 points along geometry (range 57.7-58.6m)","real: mean absolute gradient over the DEM elevation profile (2 points, see dem_processor.py)"
seg_1134493931_0,58.6,1.25,plain,"real: DEM sample (AWS Terrain Tiles (Skadi/SRTM1, ~30m, void-filled)), mean of 50/50 points along geometry (range 55.2-60.9m)","real: mean absolute gradient over the DEM elevation profile (50 points, see dem_processor.py)"
seg_1134493932_0,57.2,0.48,plain,"real: DEM sample (AWS Terrain Tiles (Skadi/SRTM1, ~30m, void-filled)), mean of 2/2 points along geometry (range 57.1-57.3m)","real: mean absolute gradient over the DEM elevation profile (2 points, see dem_processor.py)"
seg_1134493933_0,56.8,1.18,plain,"real: DEM sample (AWS Terrain Tiles (Skadi/SRTM1, ~30m, void-filled)), mean of 40/40 points along geometry (range 55.0-59.7m)","real: mean absolute gradient over the DEM elevation profile (40 points, see dem_processor.py)"
seg_1134557175_0,59.6,2.58,plain,"real: DEM sample (AWS Terrain Tiles (Skadi/SRTM1, ~30m, void-filled)), mean of 2/2 points along geometry (range 59.3-59.9m)","real: mean absolute gradient over the DEM elevation profile (2 points, see dem_processor.py)"
seg_1134557176_0,62.7,0.66,plain,"real: DEM sample (AWS Terrain Tiles (Skadi/SRTM1, ~30m, void-filled)), mean of 6/6 points along geometry (range 62.0-63.9m)","real: mean absolute gradient over the DEM elevation profile (6 points, see dem_processor.py)"
seg_1134557176_1,61.3,1.99,plain,"real: DEM sample (AWS Terrain Tiles (Skadi/SRTM1, ~30m, void-filled)), mean of 39/39 points along geometry (range 56.1-64.2m)","real: mean absolute gradient over the DEM elevation profile (39 points, see dem_processor.py)"
seg_1134698727_0,96.5,9.92,plain,"real: DEM sample (AWS Terrain Tiles (Skadi/SRTM1, ~30m, void-filled)), mean of 2/2 points along geometry (range 95.6-97.4m)","real: mean absolute gradient over the DEM elevation profile (2 points, see dem_processor.py)"
seg_1134700732_0,126.9,1.45,plain,"real: DEM sample (AWS Terrain Tiles (Skadi/SRTM1, ~30m, void-filled)), mean of 2/2 points along geometry (range 126.8-127.0m)","real: mean absolute gradient over the DEM elevation profile (2 points, see dem_processor.py)"
seg_1134702964_0,133.6,4.17,plain,"real: DEM sample (AWS Terrain Tiles (Skadi/SRTM1, ~30m, void-filled)), mean of 6/6 points along geometry (range 132.4-136.6m)","real: mean absolute gradient over the DEM elevation profile (6 points, see dem_processor.py)"
seg_1134702965_0,132.1,1.24,plain,"real: DEM sample (AWS Terrain Tiles (Skadi/SRTM1, ~30m, void-filled)), mean of 2/2 points along geometry (range 131.8-132.4m)","real: mean absolute gradient over the DEM elevation profile (2 points, see dem_processor.py)"
seg_1134702966_0,132.5,3.99,plain,"real: DEM sample (AWS Terrain Tiles (Skadi/SRTM1, ~30m, void-filled)), mean of 14/14 points along geometry (range 130.4-137.1m)","real: mean absolute gradient over the DEM elevation profile (14 points, see dem_processor.py)"
seg_1134706100_0,130.9,0.43,plain,"real: DEM sample (AWS Terrain Tiles (Skadi/SRTM1, ~30m, void-filled)), mean of 2/2 points along geometry (range 130.9-131.0m)","real: mean absolute gradient over the DEM elevation profile (2 points, see dem_processor.py)"
seg_1134706101_0,130.1,2.92,plain,"real: DEM sample (AWS Terrain Tiles (Skadi/SRTM1, ~30m, void-filled)), mean of 12/12 points along geometry (range 129.1-132.2m)","real: mean absolute gradient over the DEM elevation profile (12 points, see dem_processor.py)"
seg_1134706102_0,132.9,3.02,plain,"real: DEM sample (AWS Terrain Tiles (Skadi/SRTM1, ~30m, void-filled)), mean of 16/16 points along geometry (range 131.0-135.1m)","real: mean absolute gradient over the DEM elevation profile (16 points, see dem_processor.py)"
seg_1134753279_0,51.5,0.88,plain,"real: DEM sample (AWS Terrain Tiles (Skadi/SRTM1, ~30m, void-filled)), mean of 2/2 points along geometry (range 51.3-51.7m)","real: mean absolute gradient over the DEM elevation profile (2 points, see dem_processor.py)"
seg_1134753280_0,55.5,1.15,plain,"real: DEM sample (AWS Terrain Tiles (Skadi/SRTM1, ~30m, void-filled)), mean of 41/41 points along geometry (range 51.7-58.5m)","real: mean absolute gradient over the DEM elevation profile (41 points, see dem_processor.py)"
seg_1134753281_0,55.0,1.38,plain,"real: DEM sample (AWS Terrain Tiles (Skadi/SRTM1, ~30m, void-filled)), mean of 20/20 points along geometry (range 51.3-57.5m)","real: mean absolute gradient over the DEM elevation profile (20 points, see dem_processor.py)"
seg_1134753281_1,55.7,1.17,plain,"real: DEM sample (AWS Terrain Tiles (Skadi/SRTM1, ~30m, void-filled)), mean of 24/24 points along geometry (range 52.6-57.8m)","real: mean absolute gradient over the DEM elevation profile (24 points, see dem_processor.py)"
seg_1134753282_0,50.9,1.23,plain,"real: DEM sample (AWS Terrain Tiles (Skadi/SRTM1, ~30m, void-filled)), mean of 2/2 points along geometry (range 50.6-51.3m)","real: mean absolute gradient over the DEM elevation profile (2 points, see dem_processor.py)"
seg_1134753283_0,55.9,3.51,plain,"real: DEM sample (AWS Terrain Tiles (Skadi/SRTM1, ~30m, void-filled)), mean of 2/2 points along geometry (range 55.5-56.2m)","real: mean absolute gradient over the DEM elevation profile (2 points, see dem_processor.py)"
seg_1134753285_0,50.5,2.82,plain,"real: DEM sample (AWS Terrain Tiles (Skadi/SRTM1, ~30m, void-filled)), mean of 2/2 points along geometry (range 50.2-50.7m)","real: mean absolute gradient over the DEM elevation profile (2 points, see dem_processor.py)"
seg_1134775131_0,62.6,0.45,plain,"real: DEM sample (AWS Terrain Tiles (Skadi/SRTM1, ~30m, void-filled)), mean of 2/2 points along geometry (range 62.3-62.8m)","real: mean absolute gradient over the DEM elevation profile (2 points, see dem_processor.py)"
seg_1134883576_0,54.0,0.85,plain,"real: DEM sample (AWS Terrain Tiles (Skadi/SRTM1, ~30m, void-filled)), mean of 2/2 points along geometry (range 53.9-54.1m)","real: mean absolute gradient over the DEM elevation profile (2 points, see dem_processor.py)"
seg_1134883576_1,54.4,1.85,plain,"real: DEM sample (AWS Terrain Tiles (Skadi/SRTM1, ~30m, void-filled)), mean of 2/2 points along geometry (range 54.1-54.6m)","real: mean absolute gradient over the DEM elevation profile (2 points, see dem_processor.py)"
seg_1134917085_0,54.4,2.13,plain,"real: DEM sample (AWS Terrain Tiles (Skadi/SRTM1, ~30m, void-filled)), mean of 2/2 points along geometry (range 54.2-54.6m)","real: mean absolute gradient over the DEM elevation profile (2 points, see dem_processor.py)"
seg_1134920397_0,54.0,1.33,plain,"real: DEM sample (AWS Terrain Tiles (Skadi/SRTM1, ~30m, void-filled)), mean of 22/22 points along geometry (range 50.0-56.0m)","real: mean absolute gradient over the DEM elevation profile (22 points, see dem_processor.py)"
seg_1134920398_0,52.9,2.06,plain,"real: DEM sample (AWS Terrain Tiles (Skadi/SRTM1, ~30m, void-filled)), mean of 2/2 points along geometry (range 52.1-53.8m)","real: mean absolute gradient over the DEM elevation profile (2 points, see dem_processor.py)"
seg_1134920399_0,54.0,0.94,plain,"real: DEM sample (AWS Terrain Tiles (Skadi/SRTM1, ~30m, void-filled)), mean of 4/4 points along geometry (range 53.5-54.8m)","real: mean absolute gradient over the DEM elevation profile (4 points, see dem_processor.py)"
seg_1134920399_1,53.1,1.49,plain,"real: DEM sample (AWS Terrain Tiles (Skadi/SRTM1, ~30m, void-filled)), mean of 9/9 points along geometry (range 49.1-54.8m)","real: mean absolute gradient over the DEM elevation profile (9 points, see dem_processor.py)"
seg_1134920400_0,52.9,2.06,plain,"real: DEM sample (AWS Terrain Tiles (Skadi/SRTM1, ~30m, void-filled)), mean of 2/2 points along geometry (range 51.8-54.0m)","real: mean absolute gradient over the DEM elevation profile (2 points, see dem_processor.py)"
seg_1134920401_0,51.6,1.15,plain,"real: DEM sample (AWS Terrain Tiles (Skadi/SRTM1, ~30m, void-filled)), mean of 16/16 points along geometry (range 49.0-54.5m)","real: mean absolute gradient over the DEM elevation profile (16 points, see dem_processor.py)"
seg_1134920401_1,53.6,1.04,plain,"real: DEM sample (AWS Terrain Tiles (Skadi/SRTM1, ~30m, void-filled)), mean of 6/6 points along geometry (range 53.0-54.5m)","real: mean absolute gradient over the DEM elevation profile (6 points, see dem_processor.py)"
seg_1134920402_0,50.9,0.32,plain,"real: DEM sample (AWS Terrain Tiles (Skadi/SRTM1, ~30m, void-filled)), mean of 2/2 points along geometry (range 50.7-51.0m)","real: mean absolute gradient over the DEM elevation profile (2 points, see dem_processor.py)"
seg_1134920403_0,51.1,0.27,plain,"real: DEM sample (AWS Terrain Tiles (Skadi/SRTM1, ~30m, void-filled)), mean of 2/2 points along geometry (range 51.0-51.2m)","real: mean absolute gradient over the DEM elevation profile (2 points, see dem_processor.py)"
seg_1134920404_0,49.8,0.84,plain,"real: DEM sample (AWS Terrain Tiles (Skadi/SRTM1, ~30m, void-filled)), mean of 8/8 points along geometry (range 48.9-51.2m)","real: mean absolute gradient over the DEM elevation profile (8 points, see dem_processor.py)"
seg_1135116793_0,91.7,4.69,plain,"real: DEM sample (AWS Terrain Tiles (Skadi/SRTM1, ~30m, void-filled)), mean of 9/9 points along geometry (range 89.1-95.7m)","real: mean absolute gradient over the DEM elevation profile (9 points, see dem_processor.py)"
seg_1135116794_0,63.9,0.17,plain,"real: DEM sample (AWS Terrain Tiles (Skadi/SRTM1, ~30m, void-filled)), mean of 2/2 points along geometry (range 63.8-64.0m)","real: mean absolute gradient over the DEM elevation profile (2 points, see dem_processor.py)"
seg_1135116794_1,66.6,1.08,plain,"real: DEM sample (AWS Terrain Tiles (Skadi/SRTM1, ~30m, void-filled)), mean of 21/21 points along geometry (range 63.0-69.9m)","real: mean absolute gradient over the DEM elevation profile (21 points, see dem_processor.py)"
seg_1135116794_2,67.4,0.8,plain,"real: DEM sample (AWS Terrain Tiles (Skadi/SRTM1, ~30m, void-filled)), mean of 20/20 points along geometry (range 64.7-71.9m)","real: mean absolute gradient over the DEM elevation profile (20 points, see dem_processor.py)"
seg_1135116794_3,68.5,1.15,plain,"real: DEM sample (AWS Terrain Tiles (Skadi/SRTM1, ~30m, void-filled)), mean of 4/4 points along geometry (range 67.2-69.9m)","real: mean absolute gradient over the DEM elevation profile (4 points, see dem_processor.py)"
seg_1135116794_5,106.8,3.04,plain,"real: DEM sample (AWS Terrain Tiles (Skadi/SRTM1, ~30m, void-filled)), mean of 121/121 points along geometry (range 70.0-154.2m)","real: mean absolute gradient over the DEM elevation profile (121 points, see dem_processor.py)"
seg_1135116794_6,140.2,5.86,plain,"real: DEM sample (AWS Terrain Tiles (Skadi/SRTM1, ~30m, void-filled)), mean of 155/155 points along geometry (range 103.6-174.2m)","real: mean absolute gradient over the DEM elevation profile (155 points, see dem_processor.py)"
seg_1135116794_7,91.4,7.25,plain,"real: DEM sample (AWS Terrain Tiles (Skadi/SRTM1, ~30m, void-filled)), mean of 24/24 points along geometry (range 86.1-103.6m)","real: mean absolute gradient over the DEM elevation profile (24 points, see dem_processor.py)"
seg_1135126725_0,104.0,5.33,plain,"real: DEM sample (AWS Terrain Tiles (Skadi/SRTM1, ~30m, void-filled)), mean of 2/2 points along geometry (range 103.6-104.5m)","real: mean absolute gradient over the DEM elevation profile (2 points, see dem_processor.py)"
seg_1135130867_0,73.6,11.64,plain,"real: DEM sample (AWS Terrain Tiles (Skadi/SRTM1, ~30m, void-filled)), mean of 2/2 points along geometry (range 72.3-74.9m)","real: mean absolute gradient over the DEM elevation profile (2 points, see dem_processor.py)"
seg_1135130868_0,63.0,0.0,plain,"real: DEM sample (AWS Terrain Tiles (Skadi/SRTM1, ~30m, void-filled)), mean of 2/2 points along geometry (range 63.0-63.0m)","real: mean absolute gradient over the DEM elevation profile (2 points, see dem_processor.py)"
seg_1135130869_0,68.6,3.64,plain,"real: DEM sample (AWS Terrain Tiles (Skadi/SRTM1, ~30m, void-filled)), mean of 2/2 points along geometry (range 68.2-69.0m)","real: mean absolute gradient over the DEM elevation profile (2 points, see dem_processor.py)"
seg_1135130870_0,147.6,13.87,plain,"real: DEM sample (AWS Terrain Tiles (Skadi/SRTM1, ~30m, void-filled)), mean of 2/2 points along geometry (range 146.3-148.9m)","real: mean absolute gradient over the DEM elevation profile (2 points, see dem_processor.py)"
seg_1135139808_0,62.7,0.9,plain,"real: DEM sample (AWS Terrain Tiles (Skadi/SRTM1, ~30m, void-filled)), mean of 2/2 points along geometry (range 62.6-62.8m)","real: mean absolute gradient over the DEM elevation profile (2 points, see dem_processor.py)"
seg_1135139809_0,56.3,1.68,plain,"real: DEM sample (AWS Terrain Tiles (Skadi/SRTM1, ~30m, void-filled)), mean of 2/2 points along geometry (range 56.1-56.5m)","real: mean absolute gradient over the DEM elevation profile (2 points, see dem_processor.py)"
seg_1135140245_0,58.7,0.81,plain,"real: DEM sample (AWS Terrain Tiles (Skadi/SRTM1, ~30m, void-filled)), mean of 2/2 points along geometry (range 58.6-58.9m)","real: mean absolute gradient over the DEM elevation profile (2 points, see dem_processor.py)"
seg_1135140246_0,58.0,1.25,plain,"real: DEM sample (AWS Terrain Tiles (Skadi/SRTM1, ~30m, void-filled)), mean of 2/2 points along geometry (range 57.8-58.1m)","real: mean absolute gradient over the DEM elevation profile (2 points, see dem_processor.py)"
seg_1135140246_1,58.2,1.12,plain,"real: DEM sample (AWS Terrain Tiles (Skadi/SRTM1, ~30m, void-filled)), mean of 2/2 points along geometry (range 58.1-58.3m)","real: mean absolute gradient over the DEM elevation profile (2 points, see dem_processor.py)"
seg_1135140246_2,58.5,1.08,plain,"real: DEM sample (AWS Terrain Tiles (Skadi/SRTM1, ~30m, void-filled)), mean of 2/2 points along geometry (range 58.3-58.6m)","real: mean absolute gradient over the DEM elevation profile (2 points, see dem_processor.py)"
seg_1135608706_0,51.0,3.24,plain,"real: DEM sample (AWS Terrain Tiles (Skadi/SRTM1, ~30m, void-filled)), mean of 4/4 points along geometry (range 46.2-60.2m)","real: mean absolute gradient over the DEM elevation profile (4 points, see dem_processor.py)"
seg_1135608706_1,48.0,0.81,plain,"real: DEM sample (AWS Terrain Tiles (Skadi/SRTM1, ~30m, void-filled)), mean of 13/13 points along geometry (range 46.0-48.9m)","real: mean absolute gradient over the DEM elevation profile (13 points, see dem_processor.py)"
seg_1135608706_2,48.4,0.94,plain,"real: DEM sample (AWS Terrain Tiles (Skadi/SRTM1, ~30m, void-filled)), mean of 2/2 points along geometry (range 48.0-48.7m)","real: mean absolute gradient over the DEM elevation profile (2 points, see dem_processor.py)"
seg_1135615390_0,60.6,0.58,plain,"real: DEM sample (AWS Terrain Tiles (Skadi/SRTM1, ~30m, void-filled)), mean of 2/2 points along geometry (range 60.5-60.7m)","real: mean absolute gradient over the DEM elevation profile (2 points, see dem_processor.py)"
seg_1135617344_0,54.7,1.1,plain,"real: DEM sample (AWS Terrain Tiles (Skadi/SRTM1, ~30m, void-filled)), mean of 21/21 points along geometry (range 53.0-56.5m)","real: mean absolute gradient over the DEM elevation profile (21 points, see dem_processor.py)"
seg_1135617345_0,55.3,1.23,plain,"real: DEM sample (AWS Terrain Tiles (Skadi/SRTM1, ~30m, void-filled)), mean of 18/18 points along geometry (range 53.0-60.7m)","real: mean absolute gradient over the DEM elevation profile (18 points, see dem_processor.py)"
seg_1135624341_0,54.1,0.27,plain,"real: DEM sample (AWS Terrain Tiles (Skadi/SRTM1, ~30m, void-filled)), mean of 2/2 points along geometry (range 54.0-54.1m)","real: mean absolute gradient over the DEM elevation profile (2 points, see dem_processor.py)"
seg_1135624342_0,56.6,1.7,plain,"real: DEM sample (AWS Terrain Tiles (Skadi/SRTM1, ~30m, void-filled)), mean of 6/6 points along geometry (range 54.7-58.0m)","real: mean absolute gradient over the DEM elevation profile (6 points, see dem_processor.py)"
seg_1135627820_0,56.6,0.93,plain,"real: DEM sample (AWS Terrain Tiles (Skadi/SRTM1, ~30m, void-filled)), mean of 16/16 points along geometry (range 55.1-59.0m)","real: mean absolute gradient over the DEM elevation profile (16 points, see dem_processor.py)"
seg_1135627820_1,70.3,2.14,plain,"real: DEM sample (AWS Terrain Tiles (Skadi/SRTM1, ~30m, void-filled)), mean of 60/60 points along geometry (range 57.8-92.2m)","real: mean absolute gradient over the DEM elevation profile (60 points, see dem_processor.py)"
seg_1135638795_0,54.3,1.54,plain,"real: DEM sample (AWS Terrain Tiles (Skadi/SRTM1, ~30m, void-filled)), mean of 3/3 points along geometry (range 53.0-55.3m)","real: mean absolute gradient over the DEM elevation profile (3 points, see dem_processor.py)"
seg_1135638795_1,54.8,3.88,plain,"real: DEM sample (AWS Terrain Tiles (Skadi/SRTM1, ~30m, void-filled)), mean of 2/2 points along geometry (range 54.5-55.2m)","real: mean absolute gradient over the DEM elevation profile (2 points, see dem_processor.py)"
seg_1135638796_0,55.5,0.65,plain,"real: DEM sample (AWS Terrain Tiles (Skadi/SRTM1, ~30m, void-filled)), mean of 2/2 points along geometry (range 55.3-55.7m)","real: mean absolute gradient over the DEM elevation profile (2 points, see dem_processor.py)"
seg_1135643962_0,56.9,0.48,plain,"real: DEM sample (AWS Terrain Tiles (Skadi/SRTM1, ~30m, void-filled)), mean of 9/9 points along geometry (range 55.7-57.5m)","real: mean absolute gradient over the DEM elevation profile (9 points, see dem_processor.py)"
seg_1135663704_0,52.4,0.66,plain,"real: DEM sample (AWS Terrain Tiles (Skadi/SRTM1, ~30m, void-filled)), mean of 3/3 points along geometry (range 52.3-52.5m)","real: mean absolute gradient over the DEM elevation profile (3 points, see dem_processor.py)"
seg_1135663704_1,53.2,2.3,plain,"real: DEM sample (AWS Terrain Tiles (Skadi/SRTM1, ~30m, void-filled)), mean of 3/3 points along geometry (range 52.5-54.3m)","real: mean absolute gradient over the DEM elevation profile (3 points, see dem_processor.py)"
seg_1135670522_0,53.1,0.62,plain,"real: DEM sample (AWS Terrain Tiles (Skadi/SRTM1, ~30m, void-filled)), mean of 2/2 points along geometry (range 53.1-53.2m)","real: mean absolute gradient over the DEM elevation profile (2 points, see dem_processor.py)"
seg_1135670523_0,55.7,0.21,plain,"real: DEM sample (AWS Terrain Tiles (Skadi/SRTM1, ~30m, void-filled)), mean of 2/2 points along geometry (range 55.7-55.7m)","real: mean absolute gradient over the DEM elevation profile (2 points, see dem_processor.py)"
seg_1135672923_0,55.8,1.74,plain,"real: DEM sample (AWS Terrain Tiles (Skadi/SRTM1, ~30m, void-filled)), mean of 2/2 points along geometry (range 55.8-55.9m)","real: mean absolute gradient over the DEM elevation profile (2 points, see dem_processor.py)"
seg_1135672924_0,54.8,4.53,plain,"real: DEM sample (AWS Terrain Tiles (Skadi/SRTM1, ~30m, void-filled)), mean of 2/2 points along geometry (range 53.9-55.8m)","real: mean absolute gradient over the DEM elevation profile (2 points, see dem_processor.py)"
seg_1135672925_0,54.9,3.98,plain,"real: DEM sample (AWS Terrain Tiles (Skadi/SRTM1, ~30m, void-filled)), mean of 2/2 points along geometry (range 54.1-55.8m)","real: mean absolute gradient over the DEM elevation profile (2 points, see dem_processor.py)"
seg_1135684882_0,64.5,0.68,plain,"real: DEM sample (AWS Terrain Tiles (Skadi/SRTM1, ~30m, void-filled)), mean of 7/7 points along geometry (range 64.0-66.2m)","real: mean absolute gradient over the DEM elevation profile (7 points, see dem_processor.py)"
seg_1135684882_1,63.2,2.99,plain,"real: DEM sample (AWS Terrain Tiles (Skadi/SRTM1, ~30m, void-filled)), mean of 4/4 points along geometry (range 62.0-66.2m)","real: mean absolute gradient over the DEM elevation profile (4 points, see dem_processor.py)"
seg_1135684883_0,64.6,2.91,plain,"real: DEM sample (AWS Terrain Tiles (Skadi/SRTM1, ~30m, void-filled)), mean of 3/3 points along geometry (range 62.1-66.2m)","real: mean absolute gradient over the DEM elevation profile (3 points, see dem_processor.py)"
seg_1135684883_1,64.7,0.69,plain,"real: DEM sample (AWS Terrain Tiles (Skadi/SRTM1, ~30m, void-filled)), mean of 5/5 points along geometry (range 64.0-66.2m)","real: mean absolute gradient over the DEM elevation profile (5 points, see dem_processor.py)"
seg_1135684884_0,62.7,0.74,plain,"real: DEM sample (AWS Terrain Tiles (Skadi/SRTM1, ~30m, void-filled)), mean of 7/7 points along geometry (range 61.6-64.0m)","real: mean absolute gradient over the DEM elevation profile (7 points, see dem_processor.py)"
seg_1135684884_1,63.5,0.67,plain,"real: DEM sample (AWS Terrain Tiles (Skadi/SRTM1, ~30m, void-filled)), mean of 3/3 points along geometry (range 62.8-64.0m)","real: mean absolute gradient over the DEM elevation profile (3 points, see dem_processor.py)"
seg_1135704871_0,63.9,3.6,plain,"real: DEM sample (AWS Terrain Tiles (Skadi/SRTM1, ~30m, void-filled)), mean of 2/2 points along geometry (range 62.6-65.3m)","real: mean absolute gradient over the DEM elevation profile (2 points, see dem_processor.py)"
seg_1135704871_1,59.7,2.23,plain,"real: DEM sample (AWS Terrain Tiles (Skadi/SRTM1, ~30m, void-filled)), mean of 11/11 points along geometry (range 53.5-63.5m)","real: mean absolute gradient over the DEM elevation profile (11 points, see dem_processor.py)"
seg_1135704871_2,53.6,0.51,plain,"real: DEM sample (AWS Terrain Tiles (Skadi/SRTM1, ~30m, void-filled)), mean of 2/2 points along geometry (range 53.5-53.8m)","real: mean absolute gradient over the DEM elevation profile (2 points, see dem_processor.py)"
seg_1135704872_0,52.9,1.53,plain,"real: DEM sample (AWS Terrain Tiles (Skadi/SRTM1, ~30m, void-filled)), mean of 5/5 points along geometry (range 51.4-54.6m)","real: mean absolute gradient over the DEM elevation profile (5 points, see dem_processor.py)"
seg_1135713424_0,74.2,1.54,plain,"real: DEM sample (AWS Terrain Tiles (Skadi/SRTM1, ~30m, void-filled)), mean of 12/12 points along geometry (range 71.7-76.2m)","real: mean absolute gradient over the DEM elevation profile (12 points, see dem_processor.py)"
seg_1135713424_1,76.8,2.31,plain,"real: DEM sample (AWS Terrain Tiles (Skadi/SRTM1, ~30m, void-filled)), mean of 3/3 points along geometry (range 76.2-77.8m)","real: mean absolute gradient over the DEM elevation profile (3 points, see dem_processor.py)"
seg_1135713424_2,76.9,1.88,plain,"real: DEM sample (AWS Terrain Tiles (Skadi/SRTM1, ~30m, void-filled)), mean of 4/4 points along geometry (range 75.5-77.9m)","real: mean absolute gradient over the DEM elevation profile (4 points, see dem_processor.py)"
seg_1135713425_0,76.3,2.79,plain,"real: DEM sample (AWS Terrain Tiles (Skadi/SRTM1, ~30m, void-filled)), mean of 2/2 points along geometry (range 76.2-76.5m)","real: mean absolute gradient over the DEM elevation profile (2 points, see dem_processor.py)"
seg_1135713426_0,85.9,5.66,plain,"real: DEM sample (AWS Terrain Tiles (Skadi/SRTM1, ~30m, void-filled)), mean of 18/18 points along geometry (range 75.3-102.0m)","real: mean absolute gradient over the DEM elevation profile (18 points, see dem_processor.py)"
seg_1135713427_0,77.2,1.84,plain,"real: DEM sample (AWS Terrain Tiles (Skadi/SRTM1, ~30m, void-filled)), mean of 5/5 points along geometry (range 76.1-78.2m)","real: mean absolute gradient over the DEM elevation profile (5 points, see dem_processor.py)"
seg_1135713427_1,74.4,1.67,plain,"real: DEM sample (AWS Terrain Tiles (Skadi/SRTM1, ~30m, void-filled)), mean of 13/13 points along geometry (range 71.8-76.5m)","real: mean absolute gradient over the DEM elevation profile (13 points, see dem_processor.py)"
seg_1135727015_0,49.7,0.71,plain,"real: DEM sample (AWS Terrain Tiles (Skadi/SRTM1, ~30m, void-filled)), mean of 9/9 points along geometry (range 48.0-50.7m)","real: mean absolute gradient over the DEM elevation profile (9 points, see dem_processor.py)"
seg_1135727016_0,49.0,0.15,plain,"real: DEM sample (AWS Terrain Tiles (Skadi/SRTM1, ~30m, void-filled)), mean of 2/2 points along geometry (range 49.0-49.1m)","real: mean absolute gradient over the DEM elevation profile (2 points, see dem_processor.py)"
seg_1135727016_1,49.4,0.77,plain,"real: DEM sample (AWS Terrain Tiles (Skadi/SRTM1, ~30m, void-filled)), mean of 2/2 points along geometry (range 49.1-49.8m)","real: mean absolute gradient over the DEM elevation profile (2 points, see dem_processor.py)"
seg_1135727017_0,49.6,1.2,plain,"real: DEM sample (AWS Terrain Tiles (Skadi/SRTM1, ~30m, void-filled)), mean of 2/2 points along geometry (range 49.4-49.8m)","real: mean absolute gradient over the DEM elevation profile (2 points, see dem_processor.py)"
seg_1136626332_0,66.8,0.93,plain,"real: DEM sample (AWS Terrain Tiles (Skadi/SRTM1, ~30m, void-filled)), mean of 28/28 points along geometry (range 64.4-68.8m)","real: mean absolute gradient over the DEM elevation profile (28 points, see dem_processor.py)"
seg_1136626333_0,66.1,0.77,plain,"real: DEM sample (AWS Terrain Tiles (Skadi/SRTM1, ~30m, void-filled)), mean of 7/7 points along geometry (range 65.4-66.6m)","real: mean absolute gradient over the DEM elevation profile (7 points, see dem_processor.py)"
seg_1136626334_0,66.5,0.03,plain,"real: DEM sample (AWS Terrain Tiles (Skadi/SRTM1, ~30m, void-filled)), mean of 3/3 points along geometry (range 66.5-66.6m)","real: mean absolute gradient over the DEM elevation profile (3 points, see dem_processor.py)"
seg_1136626335_0,67.1,1.35,plain,"real: DEM sample (AWS Terrain Tiles (Skadi/SRTM1, ~30m, void-filled)), mean of 5/5 points along geometry (range 66.8-67.5m)","real: mean absolute gradient over the DEM elevation profile (5 points, see dem_processor.py)"
seg_1136650412_0,73.3,1.1,plain,"real: DEM sample (AWS Terrain Tiles (Skadi/SRTM1, ~30m, void-filled)), mean of 49/49 points along geometry (range 70.2-77.9m)","real: mean absolute gradient over the DEM elevation profile (49 points, see dem_processor.py)"
seg_1136650413_0,70.9,0.29,plain,"real: DEM sample (AWS Terrain Tiles (Skadi/SRTM1, ~30m, void-filled)), mean of 2/2 points along geometry (range 70.7-71.0m)","real: mean absolute gradient over the DEM elevation profile (2 points, see dem_processor.py)"
seg_1136650414_0,77.5,1.39,plain,"real: DEM sample (AWS Terrain Tiles (Skadi/SRTM1, ~30m, void-filled)), mean of 40/40 points along geometry (range 72.3-81.1m)","real: mean absolute gradient over the DEM elevation profile (40 points, see dem_processor.py)"
seg_1136650415_0,74.8,2.06,plain,"real: DEM sample (AWS Terrain Tiles (Skadi/SRTM1, ~30m, void-filled)), mean of 2/2 points along geometry (range 74.0-75.7m)","real: mean absolute gradient over the DEM elevation profile (2 points, see dem_processor.py)"
seg_1136650416_0,78.3,1.51,plain,"real: DEM sample (AWS Terrain Tiles (Skadi/SRTM1, ~30m, void-filled)), mean of 20/20 points along geometry (range 73.6-81.9m)","real: mean absolute gradient over the DEM elevation profile (20 points, see dem_processor.py)"
seg_1136650417_0,74.4,2.38,plain,"real: DEM sample (AWS Terrain Tiles (Skadi/SRTM1, ~30m, void-filled)), mean of 2/2 points along geometry (range 73.6-75.2m)","real: mean absolute gradient over the DEM elevation profile (2 points, see dem_processor.py)"
seg_1136652288_0,71.6,0.99,plain,"real: DEM sample (AWS Terrain Tiles (Skadi/SRTM1, ~30m, void-filled)), mean of 19/19 points along geometry (range 69.2-73.7m)","real: mean absolute gradient over the DEM elevation profile (19 points, see dem_processor.py)"
seg_1136652289_0,72.3,0.29,plain,"real: DEM sample (AWS Terrain Tiles (Skadi/SRTM1, ~30m, void-filled)), mean of 2/2 points along geometry (range 72.2-72.3m)","real: mean absolute gradient over the DEM elevation profile (2 points, see dem_processor.py)"
seg_1136652290_0,69.6,1.95,plain,"real: DEM sample (AWS Terrain Tiles (Skadi/SRTM1, ~30m, void-filled)), mean of 11/11 points along geometry (range 65.9-73.7m)","real: mean absolute gradient over the DEM elevation profile (11 points, see dem_processor.py)"
seg_1136652291_0,68.1,8.22,plain,"real: DEM sample (AWS Terrain Tiles (Skadi/SRTM1, ~30m, void-filled)), mean of 2/2 points along geometry (range 67.1-69.2m)","real: mean absolute gradient over the DEM elevation profile (2 points, see dem_processor.py)"
seg_1136652292_0,67.9,1.13,plain,"real: DEM sample (AWS Terrain Tiles (Skadi/SRTM1, ~30m, void-filled)), mean of 11/11 points along geometry (range 66.5-69.6m)","real: mean absolute gradient over the DEM elevation profile (11 points, see dem_processor.py)"
seg_1136652293_0,66.6,0.35,plain,"real: DEM sample (AWS Terrain Tiles (Skadi/SRTM1, ~30m, void-filled)), mean of 2/2 points along geometry (range 66.5-66.6m)","real: mean absolute gradient over the DEM elevation profile (2 points, see dem_processor.py)"
seg_1136652294_0,69.7,1.95,plain,"real: DEM sample (AWS Terrain Tiles (Skadi/SRTM1, ~30m, void-filled)), mean of 2/2 points along geometry (range 69.3-70.2m)","real: mean absolute gradient over the DEM elevation profile (2 points, see dem_processor.py)"
seg_1136652295_0,71.4,1.33,plain,"real: DEM sample (AWS Terrain Tiles (Skadi/SRTM1, ~30m, void-filled)), mean of 18/18 points along geometry (range 69.5-74.6m)","real: mean absolute gradient over the DEM elevation profile (18 points, see dem_processor.py)"
seg_1136652295_1,70.4,0.89,plain,"real: DEM sample (AWS Terrain Tiles (Skadi/SRTM1, ~30m, void-filled)), mean of 4/4 points along geometry (range 70.0-70.8m)","real: mean absolute gradient over the DEM elevation profile (4 points, see dem_processor.py)"
seg_1136652295_2,69.1,1.31,plain,"real: DEM sample (AWS Terrain Tiles (Skadi/SRTM1, ~30m, void-filled)), mean of 35/35 points along geometry (range 65.8-72.3m)","real: mean absolute gradient over the DEM elevation profile (35 points, see dem_processor.py)"
seg_1136662124_0,78.0,1.84,plain,"real: DEM sample (AWS Terrain Tiles (Skadi/SRTM1, ~30m, void-filled)), mean of 4/4 points along geometry (range 76.0-80.1m)","real: mean absolute gradient over the DEM elevation profile (4 points, see dem_processor.py)"
seg_1136662125_0,78.4,1.97,plain,"real: DEM sample (AWS Terrain Tiles (Skadi/SRTM1, ~30m, void-filled)), mean of 4/4 points along geometry (range 76.1-80.4m)","real: mean absolute gradient over the DEM elevation profile (4 points, see dem_processor.py)"
seg_1136662126_0,78.8,2.2,plain,"real: DEM sample (AWS Terrain Tiles (Skadi/SRTM1, ~30m, void-filled)), mean of 8/8 points along geometry (range 76.2-82.5m)","real: mean absolute gradient over the DEM elevation profile (8 points, see dem_processor.py)"
seg_1136662127_0,79.5,2.25,plain,"real: DEM sample (AWS Terrain Tiles (Skadi/SRTM1, ~30m, void-filled)), mean of 5/5 points along geometry (range 76.2-82.5m)","real: mean absolute gradient over the DEM elevation profile (5 points, see dem_processor.py)"
seg_1136662128_0,76.0,0.29,plain,"real: DEM sample (AWS Terrain Tiles (Skadi/SRTM1, ~30m, void-filled)), mean of 3/3 points along geometry (range 76.0-76.0m)","real: mean absolute gradient over the DEM elevation profile (3 points, see dem_processor.py)"
seg_1136662128_1,76.0,0.0,plain,"real: DEM sample (AWS Terrain Tiles (Skadi/SRTM1, ~30m, void-filled)), mean of 2/2 points along geometry (range 76.0-76.0m)","real: mean absolute gradient over the DEM elevation profile (2 points, see dem_processor.py)"
seg_1136662128_2,76.0,0.0,plain,"real: DEM sample (AWS Terrain Tiles (Skadi/SRTM1, ~30m, void-filled)), mean of 3/3 points along geometry (range 76.0-76.0m)","real: mean absolute gradient over the DEM elevation profile (3 points, see dem_processor.py)"
seg_1136662128_3,76.0,0.16,plain,"real: DEM sample (AWS Terrain Tiles (Skadi/SRTM1, ~30m, void-filled)), mean of 4/4 points along geometry (range 76.0-76.0m)","real: mean absolute gradient over the DEM elevation profile (4 points, see dem_processor.py)"
seg_1136662128_4,76.0,0.99,plain,"real: DEM sample (AWS Terrain Tiles (Skadi/SRTM1, ~30m, void-filled)), mean of 4/4 points along geometry (range 76.0-76.1m)","real: mean absolute gradient over the DEM elevation profile (4 points, see dem_processor.py)"
seg_1136662128_5,76.2,1.35,plain,"real: DEM sample (AWS Terrain Tiles (Skadi/SRTM1, ~30m, void-filled)), mean of 2/2 points along geometry (range 76.1-76.2m)","real: mean absolute gradient over the DEM elevation profile (2 points, see dem_processor.py)"
seg_1136662128_6,76.2,1.03,plain,"real: DEM sample (AWS Terrain Tiles (Skadi/SRTM1, ~30m, void-filled)), mean of 5/5 points along geometry (range 76.2-76.3m)","real: mean absolute gradient over the DEM elevation profile (5 points, see dem_processor.py)"
seg_1136662128_7,76.1,1.34,plain,"real: DEM sample (AWS Terrain Tiles (Skadi/SRTM1, ~30m, void-filled)), mean of 3/3 points along geometry (range 76.0-76.2m)","real: mean absolute gradient over the DEM elevation profile (3 points, see dem_processor.py)"
seg_1136662129_0,75.5,0.4,plain,"real: DEM sample (AWS Terrain Tiles (Skadi/SRTM1, ~30m, void-filled)), mean of 7/7 points along geometry (range 75.0-76.0m)","real: mean absolute gradient over the DEM elevation profile (7 points, see dem_processor.py)"
seg_1136662130_0,75.5,0.44,plain,"real: DEM sample (AWS Terrain Tiles (Skadi/SRTM1, ~30m, void-filled)), mean of 5/5 points along geometry (range 75.0-76.0m)","real: mean absolute gradient over the DEM elevation profile (5 points, see dem_processor.py)"
seg_1136662131_0,68.8,1.64,plain,"real: DEM sample (AWS Terrain Tiles (Skadi/SRTM1, ~30m, void-filled)), mean of 2/2 points along geometry (range 68.1-69.5m)","real: mean absolute gradient over the DEM elevation profile (2 points, see dem_processor.py)"
seg_1136662132_0,69.0,0.7,plain,"real: DEM sample (AWS Terrain Tiles (Skadi/SRTM1, ~30m, void-filled)), mean of 11/11 points along geometry (range 68.1-70.0m)","real: mean absolute gradient over the DEM elevation profile (11 points, see dem_processor.py)"
seg_1136662133_0,70.7,0.32,plain,"real: DEM sample (AWS Terrain Tiles (Skadi/SRTM1, ~30m, void-filled)), mean of 2/2 points along geometry (range 70.6-70.8m)","real: mean absolute gradient over the DEM elevation profile (2 points, see dem_processor.py)"
seg_1136666266_0,78.9,0.44,plain,"real: DEM sample (AWS Terrain Tiles (Skadi/SRTM1, ~30m, void-filled)), mean of 2/2 points along geometry (range 78.8-79.0m)","real: mean absolute gradient over the DEM elevation profile (2 points, see dem_processor.py)"
seg_1136677556_0,75.5,1.68,plain,"real: DEM sample (AWS Terrain Tiles (Skadi/SRTM1, ~30m, void-filled)), mean of 4/4 points along geometry (range 75.1-76.0m)","real: mean absolute gradient over the DEM elevation profile (4 points, see dem_processor.py)"
seg_1136677557_0,71.8,3.97,plain,"real: DEM sample (AWS Terrain Tiles (Skadi/SRTM1, ~30m, void-filled)), mean of 2/2 points along geometry (range 69.9-73.7m)","real: mean absolute gradient over the DEM elevation profile (2 points, see dem_processor.py)"
seg_1136677558_0,74.3,2.49,plain,"real: DEM sample (AWS Terrain Tiles (Skadi/SRTM1, ~30m, void-filled)), mean of 3/3 points along geometry (range 73.7-74.8m)","real: mean absolute gradient over the DEM elevation profile (3 points, see dem_processor.py)"
seg_1136677559_0,75.0,0.31,plain,"real: DEM sample (AWS Terrain Tiles (Skadi/SRTM1, ~30m, void-filled)), mean of 3/3 points along geometry (range 74.9-75.1m)","real: mean absolute gradient over the DEM elevation profile (3 points, see dem_processor.py)"
seg_1136677560_0,74.9,0.22,plain,"real: DEM sample (AWS Terrain Tiles (Skadi/SRTM1, ~30m, void-filled)), mean of 3/3 points along geometry (range 74.8-74.9m)","real: mean absolute gradient over the DEM elevation profile (3 points, see dem_processor.py)"
seg_1136677561_0,75.0,0.47,plain,"real: DEM sample (AWS Terrain Tiles (Skadi/SRTM1, ~30m, void-filled)), mean of 3/3 points along geometry (range 74.9-75.0m)","real: mean absolute gradient over the DEM elevation profile (3 points, see dem_processor.py)"
seg_1136677562_0,74.9,0.53,plain,"real: DEM sample (AWS Terrain Tiles (Skadi/SRTM1, ~30m, void-filled)), mean of 3/3 points along geometry (range 74.8-74.9m)","real: mean absolute gradient over the DEM elevation profile (3 points, see dem_processor.py)"
seg_1136677563_0,75.5,1.68,plain,"real: DEM sample (AWS Terrain Tiles (Skadi/SRTM1, ~30m, void-filled)), mean of 4/4 points along geometry (range 75.1-76.0m)","real: mean absolute gradient over the DEM elevation profile (4 points, see dem_processor.py)"
seg_1136677564_0,75.1,1.13,plain,"real: DEM sample (AWS Terrain Tiles (Skadi/SRTM1, ~30m, void-filled)), mean of 3/3 points along geometry (range 75.1-75.1m)","real: mean absolute gradient over the DEM elevation profile (3 points, see dem_processor.py)"
seg_1136677564_1,75.1,1.8,plain,"real: DEM sample (AWS Terrain Tiles (Skadi/SRTM1, ~30m, void-filled)), mean of 2/2 points along geometry (range 75.0-75.1m)","real: mean absolute gradient over the DEM elevation profile (2 points, see dem_processor.py)"
seg_1136677564_2,75.0,2.17,plain,"real: DEM sample (AWS Terrain Tiles (Skadi/SRTM1, ~30m, void-filled)), mean of 4/4 points along geometry (range 74.9-75.0m)","real: mean absolute gradient over the DEM elevation profile (4 points, see dem_processor.py)"
seg_1136677564_3,74.8,1.69,plain,"real: DEM sample (AWS Terrain Tiles (Skadi/SRTM1, ~30m, void-filled)), mean of 2/2 points along geometry (range 74.8-74.9m)","real: mean absolute gradient over the DEM elevation profile (2 points, see dem_processor.py)"
seg_1136677564_4,74.8,0.6,plain,"real: DEM sample (AWS Terrain Tiles (Skadi/SRTM1, ~30m, void-filled)), mean of 5/5 points along geometry (range 74.8-74.8m)","real: mean absolute gradient over the DEM elevation profile (5 points, see dem_processor.py)"
seg_1136677564_5,74.8,1.33,plain,"real: DEM sample (AWS Terrain Tiles (Skadi/SRTM1, ~30m, void-filled)), mean of 2/2 points along geometry (range 74.8-74.8m)","real: mean absolute gradient over the DEM elevation profile (2 points, see dem_processor.py)"
seg_1136677564_6,75.0,1.79,plain,"real: DEM sample (AWS Terrain Tiles (Skadi/SRTM1, ~30m, void-filled)), mean of 5/5 points along geometry (range 74.8-75.1m)","real: mean absolute gradient over the DEM elevation profile (5 points, see dem_processor.py)"
seg_1136677564_7,75.1,1.32,plain,"real: DEM sample (AWS Terrain Tiles (Skadi/SRTM1, ~30m, void-filled)), mean of 2/2 points along geometry (range 75.1-75.1m)","real: mean absolute gradient over the DEM elevation profile (2 points, see dem_processor.py)"
seg_1136677564_8,75.1,0.56,plain,"real: DEM sample (AWS Terrain Tiles (Skadi/SRTM1, ~30m, void-filled)), mean of 3/3 points along geometry (range 75.1-75.1m)","real: mean absolute gradient over the DEM elevation profile (3 points, see dem_processor.py)"
seg_1136680756_0,70.9,1.3,plain,"real: DEM sample (AWS Terrain Tiles (Skadi/SRTM1, ~30m, void-filled)), mean of 5/5 points along geometry (range 67.7-72.0m)","real: mean absolute gradient over the DEM elevation profile (5 points, see dem_processor.py)"
seg_1136680756_1,71.5,1.41,plain,"real: DEM sample (AWS Terrain Tiles (Skadi/SRTM1, ~30m, void-filled)), mean of 11/11 points along geometry (range 69.0-73.6m)","real: mean absolute gradient over the DEM elevation profile (11 points, see dem_processor.py)"
seg_1136680757_0,67.9,0.32,plain,"real: DEM sample (AWS Terrain Tiles (Skadi/SRTM1, ~30m, void-filled)), mean of 2/2 points along geometry (range 67.7-68.0m)","real: mean absolute gradient over the DEM elevation profile (2 points, see dem_processor.py)"
seg_1136680758_0,69.1,1.0,plain,"real: DEM sample (AWS Terrain Tiles (Skadi/SRTM1, ~30m, void-filled)), mean of 16/16 points along geometry (range 66.9-71.2m)","real: mean absolute gradient over the DEM elevation profile (16 points, see dem_processor.py)"
seg_1136680759_0,68.5,1.27,plain,"real: DEM sample (AWS Terrain Tiles (Skadi/SRTM1, ~30m, void-filled)), mean of 2/2 points along geometry (range 68.0-69.0m)","real: mean absolute gradient over the DEM elevation profile (2 points, see dem_processor.py)"
seg_1136680760_0,68.4,1.48,plain,"real: DEM sample (AWS Terrain Tiles (Skadi/SRTM1, ~30m, void-filled)), mean of 2/2 points along geometry (range 67.8-69.0m)","real: mean absolute gradient over the DEM elevation profile (2 points, see dem_processor.py)"
seg_1136680761_0,69.0,1.1,plain,"real: DEM sample (AWS Terrain Tiles (Skadi/SRTM1, ~30m, void-filled)), mean of 17/17 points along geometry (range 66.8-71.0m)","real: mean absolute gradient over the DEM elevation profile (17 points, see dem_processor.py)"
seg_1136680762_0,66.9,0.28,plain,"real: DEM sample (AWS Terrain Tiles (Skadi/SRTM1, ~30m, void-filled)), mean of 2/2 points along geometry (range 66.8-67.0m)","real: mean absolute gradient over the DEM elevation profile (2 points, see dem_processor.py)"
seg_1136680763_0,64.3,1.44,plain,"real: DEM sample (AWS Terrain Tiles (Skadi/SRTM1, ~30m, void-filled)), mean of 36/36 points along geometry (range 58.0-83.2m)","real: mean absolute gradient over the DEM elevation profile (36 points, see dem_processor.py)"
seg_1136680764_0,76.8,2.0,plain,"real: DEM sample (AWS Terrain Tiles (Skadi/SRTM1, ~30m, void-filled)), mean of 32/32 points along geometry (range 67.0-94.1m)","real: mean absolute gradient over the DEM elevation profile (32 points, see dem_processor.py)"
seg_1136680765_0,67.0,0.0,plain,"real: DEM sample (AWS Terrain Tiles (Skadi/SRTM1, ~30m, void-filled)), mean of 2/2 points along geometry (range 67.0-67.0m)","real: mean absolute gradient over the DEM elevation profile (2 points, see dem_processor.py)"
seg_1136680767_0,70.9,0.93,plain,"real: DEM sample (AWS Terrain Tiles (Skadi/SRTM1, ~30m, void-filled)), mean of 10/10 points along geometry (range 69.6-72.2m)","real: mean absolute gradient over the DEM elevation profile (10 points, see dem_processor.py)"
seg_1136680767_1,70.6,1.39,plain,"real: DEM sample (AWS Terrain Tiles (Skadi/SRTM1, ~30m, void-filled)), mean of 4/4 points along geometry (range 67.6-72.0m)","real: mean absolute gradient over the DEM elevation profile (4 points, see dem_processor.py)"
seg_1136680768_0,70.8,1.83,plain,"real: DEM sample (AWS Terrain Tiles (Skadi/SRTM1, ~30m, void-filled)), mean of 36/36 points along geometry (range 66.5-74.4m)","real: mean absolute gradient over the DEM elevation profile (36 points, see dem_processor.py)"
seg_1136955005_0,53.1,0.03,plain,"real: DEM sample (AWS Terrain Tiles (Skadi/SRTM1, ~30m, void-filled)), mean of 2/2 points along geometry (range 53.1-53.1m)","real: mean absolute gradient over the DEM elevation profile (2 points, see dem_processor.py)"
seg_1137195252_0,56.2,1.12,plain,"real: DEM sample (AWS Terrain Tiles (Skadi/SRTM1, ~30m, void-filled)), mean of 119/119 points along geometry (range 52.0-61.0m)","real: mean absolute gradient over the DEM elevation profile (119 points, see dem_processor.py)"
seg_1137195252_1,53.8,1.42,plain,"real: DEM sample (AWS Terrain Tiles (Skadi/SRTM1, ~30m, void-filled)), mean of 15/15 points along geometry (range 52.0-55.6m)","real: mean absolute gradient over the DEM elevation profile (15 points, see dem_processor.py)"
seg_1137195252_2,52.3,1.03,plain,"real: DEM sample (AWS Terrain Tiles (Skadi/SRTM1, ~30m, void-filled)), mean of 18/18 points along geometry (range 50.1-55.9m)","real: mean absolute gradient over the DEM elevation profile (18 points, see dem_processor.py)"
seg_1137195253_0,57.4,8.51,plain,"real: DEM sample (AWS Terrain Tiles (Skadi/SRTM1, ~30m, void-filled)), mean of 2/2 points along geometry (range 56.5-58.3m)","real: mean absolute gradient over the DEM elevation profile (2 points, see dem_processor.py)"
seg_1137195254_0,56.5,1.88,plain,"real: DEM sample (AWS Terrain Tiles (Skadi/SRTM1, ~30m, void-filled)), mean of 14/14 points along geometry (range 54.1-58.0m)","real: mean absolute gradient over the DEM elevation profile (14 points, see dem_processor.py)"
seg_1137195255_0,53.1,5.98,plain,"real: DEM sample (AWS Terrain Tiles (Skadi/SRTM1, ~30m, void-filled)), mean of 2/2 points along geometry (range 50.1-56.1m)","real: mean absolute gradient over the DEM elevation profile (2 points, see dem_processor.py)"
seg_1137198728_0,54.7,1.54,plain,"real: DEM sample (AWS Terrain Tiles (Skadi/SRTM1, ~30m, void-filled)), mean of 117/117 points along geometry (range 49.7-66.1m)","real: mean absolute gradient over the DEM elevation profile (117 points, see dem_processor.py)"
seg_1137198728_1,53.8,0.19,plain,"real: DEM sample (AWS Terrain Tiles (Skadi/SRTM1, ~30m, void-filled)), mean of 3/3 points along geometry (range 53.7-53.9m)","real: mean absolute gradient over the DEM elevation profile (3 points, see dem_processor.py)"
seg_1137198729_0,54.2,0.91,plain,"real: DEM sample (AWS Terrain Tiles (Skadi/SRTM1, ~30m, void-filled)), mean of 2/2 points along geometry (range 53.7-54.7m)","real: mean absolute gradient over the DEM elevation profile (2 points, see dem_processor.py)"
seg_1137198730_0,54.8,0.93,plain,"real: DEM sample (AWS Terrain Tiles (Skadi/SRTM1, ~30m, void-filled)), mean of 30/30 points along geometry (range 53.5-56.4m)","real: mean absolute gradient over the DEM elevation profile (30 points, see dem_processor.py)"
seg_1137198731_0,55.1,1.44,plain,"real: DEM sample (AWS Terrain Tiles (Skadi/SRTM1, ~30m, void-filled)), mean of 2/2 points along geometry (range 54.7-55.5m)","real: mean absolute gradient over the DEM elevation profile (2 points, see dem_processor.py)"
seg_1137202314_0,53.3,1.2,plain,"real: DEM sample (AWS Terrain Tiles (Skadi/SRTM1, ~30m, void-filled)), mean of 222/222 points along geometry (range 48.9-59.5m)","real: mean absolute gradient over the DEM elevation profile (222 points, see dem_processor.py)"
seg_1137494329_0,52.9,1.17,plain,"real: DEM sample (AWS Terrain Tiles (Skadi/SRTM1, ~30m, void-filled)), mean of 57/57 points along geometry (range 48.5-56.7m)","real: mean absolute gradient over the DEM elevation profile (57 points, see dem_processor.py)"
seg_1137494330_0,53.8,1.55,plain,"real: DEM sample (AWS Terrain Tiles (Skadi/SRTM1, ~30m, void-filled)), mean of 19/19 points along geometry (range 52.1-56.4m)","real: mean absolute gradient over the DEM elevation profile (19 points, see dem_processor.py)"
seg_1137494331_0,56.3,1.06,plain,"real: DEM sample (AWS Terrain Tiles (Skadi/SRTM1, ~30m, void-filled)), mean of 2/2 points along geometry (range 56.0-56.6m)","real: mean absolute gradient over the DEM elevation profile (2 points, see dem_processor.py)"
seg_1137497049_0,56.9,1.5,plain,"real: DEM sample (AWS Terrain Tiles (Skadi/SRTM1, ~30m, void-filled)), mean of 34/34 points along geometry (range 53.7-63.7m)","real: mean absolute gradient over the DEM elevation profile (34 points, see dem_processor.py)"
seg_1137497050_0,53.8,0.83,plain,"real: DEM sample (AWS Terrain Tiles (Skadi/SRTM1, ~30m, void-filled)), mean of 2/2 points along geometry (range 53.5-54.2m)","real: mean absolute gradient over the DEM elevation profile (2 points, see dem_processor.py)"
seg_1137543887_0,62.0,1.96,plain,"real: DEM sample (AWS Terrain Tiles (Skadi/SRTM1, ~30m, void-filled)), mean of 4/4 points along geometry (range 60.6-63.4m)","real: mean absolute gradient over the DEM elevation profile (4 points, see dem_processor.py)"
seg_1137543888_0,60.4,2.13,plain,"real: DEM sample (AWS Terrain Tiles (Skadi/SRTM1, ~30m, void-filled)), mean of 2/2 points along geometry (range 60.2-60.6m)","real: mean absolute gradient over the DEM elevation profile (2 points, see dem_processor.py)"
seg_1137545037_0,54.4,1.21,plain,"real: DEM sample (AWS Terrain Tiles (Skadi/SRTM1, ~30m, void-filled)), mean of 100/100 points along geometry (range 51.0-58.2m)","real: mean absolute gradient over the DEM elevation profile (100 points, see dem_processor.py)"
seg_1137545042_0,56.1,2.23,plain,"real: DEM sample (AWS Terrain Tiles (Skadi/SRTM1, ~30m, void-filled)), mean of 19/19 points along geometry (range 52.5-59.2m)","real: mean absolute gradient over the DEM elevation profile (19 points, see dem_processor.py)"
seg_1137545043_0,51.7,2.48,plain,"real: DEM sample (AWS Terrain Tiles (Skadi/SRTM1, ~30m, void-filled)), mean of 2/2 points along geometry (range 51.0-52.5m)","real: mean absolute gradient over the DEM elevation profile (2 points, see dem_processor.py)"
seg_1137545044_0,53.7,7.96,plain,"real: DEM sample (AWS Terrain Tiles (Skadi/SRTM1, ~30m, void-filled)), mean of 2/2 points along geometry (range 51.3-56.0m)","real: mean absolute gradient over the DEM elevation profile (2 points, see dem_processor.py)"
seg_1137545045_0,51.3,0.03,plain,"real: DEM sample (AWS Terrain Tiles (Skadi/SRTM1, ~30m, void-filled)), mean of 2/2 points along geometry (range 51.3-51.3m)","real: mean absolute gradient over the DEM elevation profile (2 points, see dem_processor.py)"
seg_1137545567_0,54.0,0.12,plain,"real: DEM sample (AWS Terrain Tiles (Skadi/SRTM1, ~30m, void-filled)), mean of 2/2 points along geometry (range 54.0-54.0m)","real: mean absolute gradient over the DEM elevation profile (2 points, see dem_processor.py)"
seg_1138267124_0,56.2,1.24,plain,"real: DEM sample (AWS Terrain Tiles (Skadi/SRTM1, ~30m, void-filled)), mean of 32/32 points along geometry (range 54.1-59.1m)","real: mean absolute gradient over the DEM elevation profile (32 points, see dem_processor.py)"
seg_1138267125_0,54.4,1.73,plain,"real: DEM sample (AWS Terrain Tiles (Skadi/SRTM1, ~30m, void-filled)), mean of 2/2 points along geometry (range 54.1-54.8m)","real: mean absolute gradient over the DEM elevation profile (2 points, see dem_processor.py)"
seg_1138566511_0,56.2,1.14,plain,"real: DEM sample (AWS Terrain Tiles (Skadi/SRTM1, ~30m, void-filled)), mean of 67/67 points along geometry (range 53.0-60.7m)","real: mean absolute gradient over the DEM elevation profile (67 points, see dem_processor.py)"
seg_1138566511_1,53.9,1.02,plain,"real: DEM sample (AWS Terrain Tiles (Skadi/SRTM1, ~30m, void-filled)), mean of 51/51 points along geometry (range 51.0-58.0m)","real: mean absolute gradient over the DEM elevation profile (51 points, see dem_processor.py)"
seg_1138566512_0,52.9,1.18,plain,"real: DEM sample (AWS Terrain Tiles (Skadi/SRTM1, ~30m, void-filled)), mean of 2/2 points along geometry (range 52.8-53.0m)","real: mean absolute gradient over the DEM elevation profile (2 points, see dem_processor.py)"
seg_1138571542_0,55.4,1.51,plain,"real: DEM sample (AWS Terrain Tiles (Skadi/SRTM1, ~30m, void-filled)), mean of 117/117 points along geometry (range 51.3-60.5m)","real: mean absolute gradient over the DEM elevation profile (117 points, see dem_processor.py)"
seg_1138571543_0,55.8,1.68,plain,"real: DEM sample (AWS Terrain Tiles (Skadi/SRTM1, ~30m, void-filled)), mean of 2/2 points along geometry (range 55.6-55.9m)","real: mean absolute gradient over the DEM elevation profile (2 points, see dem_processor.py)"
seg_1138618569_0,69.1,1.23,plain,"real: DEM sample (AWS Terrain Tiles (Skadi/SRTM1, ~30m, void-filled)), mean of 2/2 points along geometry (range 68.7-69.4m)","real: mean absolute gradient over the DEM elevation profile (2 points, see dem_processor.py)"
seg_1138618570_0,72.4,1.32,plain,"real: DEM sample (AWS Terrain Tiles (Skadi/SRTM1, ~30m, void-filled)), mean of 68/68 points along geometry (range 68.7-78.4m)","real: mean absolute gradient over the DEM elevation profile (68 points, see dem_processor.py)"
seg_1138625341_0,74.5,1.52,plain,"real: DEM sample (AWS Terrain Tiles (Skadi/SRTM1, ~30m, void-filled)), mean of 26/26 points along geometry (range 69.6-77.8m)","real: mean absolute gradient over the DEM elevation profile (26 points, see dem_processor.py)"
seg_1138625342_0,70.9,0.26,plain,"real: DEM sample (AWS Terrain Tiles (Skadi/SRTM1, ~30m, void-filled)), mean of 2/2 points along geometry (range 70.9-71.0m)","real: mean absolute gradient over the DEM elevation profile (2 points, see dem_processor.py)"
seg_1138625343_0,69.7,2.07,plain,"real: DEM sample (AWS Terrain Tiles (Skadi/SRTM1, ~30m, void-filled)), mean of 2/2 points along geometry (range 69.0-70.3m)","real: mean absolute gradient over the DEM elevation profile (2 points, see dem_processor.py)"
seg_1138625344_0,72.1,1.61,plain,"real: DEM sample (AWS Terrain Tiles (Skadi/SRTM1, ~30m, void-filled)), mean of 95/95 points along geometry (range 65.8-78.4m)","real: mean absolute gradient over the DEM elevation profile (95 points, see dem_processor.py)"
seg_1138626660_0,59.5,1.94,plain,"real: DEM sample (AWS Terrain Tiles (Skadi/SRTM1, ~30m, void-filled)), mean of 29/29 points along geometry (range 52.6-62.5m)","real: mean absolute gradient over the DEM elevation profile (29 points, see dem_processor.py)"
seg_1138626661_0,55.8,1.47,plain,"real: DEM sample (AWS Terrain Tiles (Skadi/SRTM1, ~30m, void-filled)), mean of 2/2 points along geometry (range 55.7-55.9m)","real: mean absolute gradient over the DEM elevation profile (2 points, see dem_processor.py)"
seg_1138647251_0,57.5,2.58,plain,"real: DEM sample (AWS Terrain Tiles (Skadi/SRTM1, ~30m, void-filled)), mean of 60/60 points along geometry (range 51.7-65.6m)","real: mean absolute gradient over the DEM elevation profile (60 points, see dem_processor.py)"
seg_1138647252_0,53.8,1.45,plain,"real: DEM sample (AWS Terrain Tiles (Skadi/SRTM1, ~30m, void-filled)), mean of 2/2 points along geometry (range 53.3-54.3m)","real: mean absolute gradient over the DEM elevation profile (2 points, see dem_processor.py)"
seg_1138655104_0,60.8,1.31,plain,"real: DEM sample (AWS Terrain Tiles (Skadi/SRTM1, ~30m, void-filled)), mean of 33/33 points along geometry (range 55.6-66.9m)","real: mean absolute gradient over the DEM elevation profile (33 points, see dem_processor.py)"
seg_1138655104_1,91.9,2.74,plain,"real: DEM sample (AWS Terrain Tiles (Skadi/SRTM1, ~30m, void-filled)), mean of 98/98 points along geometry (range 65.2-128.7m)","real: mean absolute gradient over the DEM elevation profile (98 points, see dem_processor.py)"
seg_1138655105_0,120.0,5.49,plain,"real: DEM sample (AWS Terrain Tiles (Skadi/SRTM1, ~30m, void-filled)), mean of 2/2 points along geometry (range 119.4-120.7m)","real: mean absolute gradient over the DEM elevation profile (2 points, see dem_processor.py)"
seg_1138670173_0,56.2,1.25,plain,"real: DEM sample (AWS Terrain Tiles (Skadi/SRTM1, ~30m, void-filled)), mean of 81/81 points along geometry (range 52.8-59.6m)","real: mean absolute gradient over the DEM elevation profile (81 points, see dem_processor.py)"
seg_1138670173_1,56.6,0.93,plain,"real: DEM sample (AWS Terrain Tiles (Skadi/SRTM1, ~30m, void-filled)), mean of 97/97 points along geometry (range 52.4-60.6m)","real: mean absolute gradient over the DEM elevation profile (97 points, see dem_processor.py)"
seg_1138670174_0,54.6,0.11,plain,"real: DEM sample (AWS Terrain Tiles (Skadi/SRTM1, ~30m, void-filled)), mean of 2/2 points along geometry (range 54.6-54.7m)","real: mean absolute gradient over the DEM elevation profile (2 points, see dem_processor.py)"
seg_1138687245_0,54.5,1.15,plain,"real: DEM sample (AWS Terrain Tiles (Skadi/SRTM1, ~30m, void-filled)), mean of 169/169 points along geometry (range 50.3-58.7m)","real: mean absolute gradient over the DEM elevation profile (169 points, see dem_processor.py)"
seg_1138688164_0,65.4,1.71,plain,"real: DEM sample (AWS Terrain Tiles (Skadi/SRTM1, ~30m, void-filled)), mean of 9/9 points along geometry (range 63.0-66.6m)","real: mean absolute gradient over the DEM elevation profile (9 points, see dem_processor.py)"
seg_1138688165_0,65.6,4.22,plain,"real: DEM sample (AWS Terrain Tiles (Skadi/SRTM1, ~30m, void-filled)), mean of 2/2 points along geometry (range 65.2-66.0m)","real: mean absolute gradient over the DEM elevation profile (2 points, see dem_processor.py)"
seg_1138688166_0,67.5,1.88,plain,"real: DEM sample (AWS Terrain Tiles (Skadi/SRTM1, ~30m, void-filled)), mean of 31/31 points along geometry (range 62.1-73.6m)","real: mean absolute gradient over the DEM elevation profile (31 points, see dem_processor.py)"
seg_1138688167_0,62.3,0.8,plain,"real: DEM sample (AWS Terrain Tiles (Skadi/SRTM1, ~30m, void-filled)), mean of 2/2 points along geometry (range 62.2-62.3m)","real: mean absolute gradient over the DEM elevation profile (2 points, see dem_processor.py)"
seg_1138688168_0,63.0,1.45,plain,"real: DEM sample (AWS Terrain Tiles (Skadi/SRTM1, ~30m, void-filled)), mean of 8/8 points along geometry (range 62.1-64.2m)","real: mean absolute gradient over the DEM elevation profile (8 points, see dem_processor.py)"
seg_1138688169_0,64.5,3.1,plain,"real: DEM sample (AWS Terrain Tiles (Skadi/SRTM1, ~30m, void-filled)), mean of 2/2 points along geometry (range 64.1-64.9m)","real: mean absolute gradient over the DEM elevation profile (2 points, see dem_processor.py)"
seg_1139096380_0,58.0,1.12,plain,"real: DEM sample (AWS Terrain Tiles (Skadi/SRTM1, ~30m, void-filled)), mean of 80/80 points along geometry (range 54.6-61.6m)","real: mean absolute gradient over the DEM elevation profile (80 points, see dem_processor.py)"
seg_1139101251_0,55.0,1.09,plain,"real: DEM sample (AWS Terrain Tiles (Skadi/SRTM1, ~30m, void-filled)), mean of 133/133 points along geometry (range 51.8-59.0m)","real: mean absolute gradient over the DEM elevation profile (133 points, see dem_processor.py)"
seg_1139101252_0,54.0,0.45,plain,"real: DEM sample (AWS Terrain Tiles (Skadi/SRTM1, ~30m, void-filled)), mean of 2/2 points along geometry (range 53.8-54.1m)","real: mean absolute gradient over the DEM elevation profile (2 points, see dem_processor.py)"
seg_1139102828_0,58.0,1.37,plain,"real: DEM sample (AWS Terrain Tiles (Skadi/SRTM1, ~30m, void-filled)), mean of 14/14 points along geometry (range 54.3-61.3m)","real: mean absolute gradient over the DEM elevation profile (14 points, see dem_processor.py)"
seg_1139102829_0,58.3,2.3,plain,"real: DEM sample (AWS Terrain Tiles (Skadi/SRTM1, ~30m, void-filled)), mean of 2/2 points along geometry (range 58.1-58.5m)","real: mean absolute gradient over the DEM elevation profile (2 points, see dem_processor.py)"
seg_1139104363_0,57.1,1.69,plain,"real: DEM sample (AWS Terrain Tiles (Skadi/SRTM1, ~30m, void-filled)), mean of 206/206 points along geometry (range 52.7-62.5m)","real: mean absolute gradient over the DEM elevation profile (206 points, see dem_processor.py)"
seg_1139110691_0,56.1,3.33,plain,"real: DEM sample (AWS Terrain Tiles (Skadi/SRTM1, ~30m, void-filled)), mean of 12/12 points along geometry (range 54.0-60.0m)","real: mean absolute gradient over the DEM elevation profile (12 points, see dem_processor.py)"
seg_1139110692_0,54.2,0.6,plain,"real: DEM sample (AWS Terrain Tiles (Skadi/SRTM1, ~30m, void-filled)), mean of 2/2 points along geometry (range 54.0-54.3m)","real: mean absolute gradient over the DEM elevation profile (2 points, see dem_processor.py)"
seg_1139110693_0,55.1,1.65,plain,"real: DEM sample (AWS Terrain Tiles (Skadi/SRTM1, ~30m, void-filled)), mean of 11/11 points along geometry (range 54.3-55.9m)","real: mean absolute gradient over the DEM elevation profile (11 points, see dem_processor.py)"
seg_1139110694_0,55.6,1.5,plain,"real: DEM sample (AWS Terrain Tiles (Skadi/SRTM1, ~30m, void-filled)), mean of 2/2 points along geometry (range 55.0-56.1m)","real: mean absolute gradient over the DEM elevation profile (2 points, see dem_processor.py)"
seg_1139111648_0,55.5,1.64,plain,"real: DEM sample (AWS Terrain Tiles (Skadi/SRTM1, ~30m, void-filled)), mean of 8/8 points along geometry (range 54.3-56.2m)","real: mean absolute gradient over the DEM elevation profile (8 points, see dem_processor.py)"
seg_1139111649_0,54.2,2.08,plain,"real: DEM sample (AWS Terrain Tiles (Skadi/SRTM1, ~30m, void-filled)), mean of 2/2 points along geometry (range 54.0-54.3m)","real: mean absolute gradient over the DEM elevation profile (2 points, see dem_processor.py)"
seg_1139112798_0,56.5,1.17,plain,"real: DEM sample (AWS Terrain Tiles (Skadi/SRTM1, ~30m, void-filled)), mean of 21/21 points along geometry (range 50.9-64.1m)","real: mean absolute gradient over the DEM elevation profile (21 points, see dem_processor.py)"
seg_1139112799_0,52.7,1.11,plain,"real: DEM sample (AWS Terrain Tiles (Skadi/SRTM1, ~30m, void-filled)), mean of 2/2 points along geometry (range 52.6-52.9m)","real: mean absolute gradient over the DEM elevation profile (2 points, see dem_processor.py)"
seg_1139112800_0,52.6,0.71,plain,"real: DEM sample (AWS Terrain Tiles (Skadi/SRTM1, ~30m, void-filled)), mean of 15/15 points along geometry (range 52.0-53.2m)","real: mean absolute gradient over the DEM elevation profile (15 points, see dem_processor.py)"
seg_1139112801_0,52.6,0.92,plain,"real: DEM sample (AWS Terrain Tiles (Skadi/SRTM1, ~30m, void-filled)), mean of 2/2 points along geometry (range 52.1-53.2m)","real: mean absolute gradient over the DEM elevation profile (2 points, see dem_processor.py)"
seg_1139115768_0,54.0,1.04,plain,"real: DEM sample (AWS Terrain Tiles (Skadi/SRTM1, ~30m, void-filled)), mean of 16/16 points along geometry (range 52.2-56.0m)","real: mean absolute gradient over the DEM elevation profile (16 points, see dem_processor.py)"
seg_1139115769_0,52.1,0.91,plain,"real: DEM sample (AWS Terrain Tiles (Skadi/SRTM1, ~30m, void-filled)), mean of 2/2 points along geometry (range 52.0-52.2m)","real: mean absolute gradient over the DEM elevation profile (2 points, see dem_processor.py)"
seg_1139115770_0,53.2,0.78,plain,"real: DEM sample (AWS Terrain Tiles (Skadi/SRTM1, ~30m, void-filled)), mean of 8/8 points along geometry (range 52.2-54.2m)","real: mean absolute gradient over the DEM elevation profile (8 points, see dem_processor.py)"
seg_1139115771_0,54.2,0.91,plain,"real: DEM sample (AWS Terrain Tiles (Skadi/SRTM1, ~30m, void-filled)), mean of 2/2 points along geometry (range 54.1-54.3m)","real: mean absolute gradient over the DEM elevation profile (2 points, see dem_processor.py)"
seg_1139117559_0,55.8,1.62,plain,"real: DEM sample (AWS Terrain Tiles (Skadi/SRTM1, ~30m, void-filled)), mean of 2/2 points along geometry (range 55.3-56.3m)","real: mean absolute gradient over the DEM elevation profile (2 points, see dem_processor.py)"
seg_1139117560_0,59.5,2.56,plain,"real: DEM sample (AWS Terrain Tiles (Skadi/SRTM1, ~30m, void-filled)), mean of 9/9 points along geometry (range 57.1-63.0m)","real: mean absolute gradient over the DEM elevation profile (9 points, see dem_processor.py)"
seg_1139120410_0,57.4,1.25,plain,"real: DEM sample (AWS Terrain Tiles (Skadi/SRTM1, ~30m, void-filled)), mean of 127/127 points along geometry (range 51.7-65.1m)","real: mean absolute gradient over the DEM elevation profile (127 points, see dem_processor.py)"
seg_1139129310_0,70.5,4.35,plain,"real: DEM sample (AWS Terrain Tiles (Skadi/SRTM1, ~30m, void-filled)), mean of 187/187 points along geometry (range 54.9-92.4m)","real: mean absolute gradient over the DEM elevation profile (187 points, see dem_processor.py)"
seg_1139129311_0,56.2,6.25,plain,"real: DEM sample (AWS Terrain Tiles (Skadi/SRTM1, ~30m, void-filled)), mean of 2/2 points along geometry (range 55.3-57.1m)","real: mean absolute gradient over the DEM elevation profile (2 points, see dem_processor.py)"
seg_1139143846_0,60.0,1.59,plain,"real: DEM sample (AWS Terrain Tiles (Skadi/SRTM1, ~30m, void-filled)), mean of 185/185 points along geometry (range 54.4-68.8m)","real: mean absolute gradient over the DEM elevation profile (185 points, see dem_processor.py)"
seg_1139151483_0,57.0,0.02,plain,"real: DEM sample (AWS Terrain Tiles (Skadi/SRTM1, ~30m, void-filled)), mean of 2/2 points along geometry (range 57.0-57.0m)","real: mean absolute gradient over the DEM elevation profile (2 points, see dem_processor.py)"
seg_1139151484_0,57.6,1.29,plain,"real: DEM sample (AWS Terrain Tiles (Skadi/SRTM1, ~30m, void-filled)), mean of 107/107 points along geometry (range 54.0-61.0m)","real: mean absolute gradient over the DEM elevation profile (107 points, see dem_processor.py)"
seg_1139151485_0,56.3,0.58,plain,"real: DEM sample (AWS Terrain Tiles (Skadi/SRTM1, ~30m, void-filled)), mean of 2/2 points along geometry (range 56.2-56.3m)","real: mean absolute gradient over the DEM elevation profile (2 points, see dem_processor.py)"
seg_1139151486_0,57.0,0.97,plain,"real: DEM sample (AWS Terrain Tiles (Skadi/SRTM1, ~30m, void-filled)), mean of 22/22 points along geometry (range 56.0-59.3m)","real: mean absolute gradient over the DEM elevation profile (22 points, see dem_processor.py)"
seg_1139153087_0,55.4,1.69,plain,"real: DEM sample (AWS Terrain Tiles (Skadi/SRTM1, ~30m, void-filled)), mean of 2/2 points along geometry (range 54.5-56.4m)","real: mean absolute gradient over the DEM elevation profile (2 points, see dem_processor.py)"
seg_1139153088_0,57.4,1.4,plain,"real: DEM sample (AWS Terrain Tiles (Skadi/SRTM1, ~30m, void-filled)), mean of 228/228 points along geometry (range 50.8-61.6m)","real: mean absolute gradient over the DEM elevation profile (228 points, see dem_processor.py)"
seg_1139166515_0,58.5,2.17,plain,"real: DEM sample (AWS Terrain Tiles (Skadi/SRTM1, ~30m, void-filled)), mean of 4/4 points along geometry (range 57.7-59.4m)","real: mean absolute gradient over the DEM elevation profile (4 points, see dem_processor.py)"
seg_1139166516_0,60.0,1.51,plain,"real: DEM sample (AWS Terrain Tiles (Skadi/SRTM1, ~30m, void-filled)), mean of 111/111 points along geometry (range 54.0-64.1m)","real: mean absolute gradient over the DEM elevation profile (111 points, see dem_processor.py)"
seg_1139169700_0,56.9,1.32,plain,"real: DEM sample (AWS Terrain Tiles (Skadi/SRTM1, ~30m, void-filled)), mean of 2/2 points along geometry (range 56.4-57.5m)","real: mean absolute gradient over the DEM elevation profile (2 points, see dem_processor.py)"
seg_1139169701_0,57.4,1.05,plain,"real: DEM sample (AWS Terrain Tiles (Skadi/SRTM1, ~30m, void-filled)), mean of 221/221 points along geometry (range 54.5-62.5m)","real: mean absolute gradient over the DEM elevation profile (221 points, see dem_processor.py)"
seg_1140684457_0,55.2,1.36,plain,"real: DEM sample (AWS Terrain Tiles (Skadi/SRTM1, ~30m, void-filled)), mean of 22/22 points along geometry (range 53.4-56.7m)","real: mean absolute gradient over the DEM elevation profile (22 points, see dem_processor.py)"
seg_1140684458_0,55.6,2.77,plain,"real: DEM sample (AWS Terrain Tiles (Skadi/SRTM1, ~30m, void-filled)), mean of 3/3 points along geometry (range 54.8-56.3m)","real: mean absolute gradient over the DEM elevation profile (3 points, see dem_processor.py)"
seg_1140684459_0,54.1,2.15,plain,"real: DEM sample (AWS Terrain Tiles (Skadi/SRTM1, ~30m, void-filled)), mean of 2/2 points along geometry (range 53.4-54.8m)","real: mean absolute gradient over the DEM elevation profile (2 points, see dem_processor.py)"
seg_1140709809_0,57.2,1.13,plain,"real: DEM sample (AWS Terrain Tiles (Skadi/SRTM1, ~30m, void-filled)), mean of 55/55 points along geometry (range 52.1-60.4m)","real: mean absolute gradient over the DEM elevation profile (55 points, see dem_processor.py)"
seg_1140709810_0,56.2,1.33,plain,"real: DEM sample (AWS Terrain Tiles (Skadi/SRTM1, ~30m, void-filled)), mean of 2/2 points along geometry (range 56.1-56.3m)","real: mean absolute gradient over the DEM elevation profile (2 points, see dem_processor.py)"
seg_1140709811_0,57.5,1.25,plain,"real: DEM sample (AWS Terrain Tiles (Skadi/SRTM1, ~30m, void-filled)), mean of 49/49 points along geometry (range 54.6-60.7m)","real: mean absolute gradient over the DEM elevation profile (49 points, see dem_processor.py)"
seg_1140714886_0,63.3,1.69,plain,"real: DEM sample (AWS Terrain Tiles (Skadi/SRTM1, ~30m, void-filled)), mean of 2/2 points along geometry (range 63.1-63.5m)","real: mean absolute gradient over the DEM elevation profile (2 points, see dem_processor.py)"
seg_1140714887_0,68.5,1.15,plain,"real: DEM sample (AWS Terrain Tiles (Skadi/SRTM1, ~30m, void-filled)), mean of 2/2 points along geometry (range 68.3-68.6m)","real: mean absolute gradient over the DEM elevation profile (2 points, see dem_processor.py)"
seg_1140719185_0,52.5,1.18,plain,"real: DEM sample (AWS Terrain Tiles (Skadi/SRTM1, ~30m, void-filled)), mean of 15/15 points along geometry (range 50.0-55.0m)","real: mean absolute gradient over the DEM elevation profile (15 points, see dem_processor.py)"
seg_1140719186_0,55.2,4.2,plain,"real: DEM sample (AWS Terrain Tiles (Skadi/SRTM1, ~30m, void-filled)), mean of 2/2 points along geometry (range 55.0-55.4m)","real: mean absolute gradient over the DEM elevation profile (2 points, see dem_processor.py)"
seg_1140719455_0,64.1,0.38,plain,"real: DEM sample (AWS Terrain Tiles (Skadi/SRTM1, ~30m, void-filled)), mean of 6/6 points along geometry (range 64.0-64.4m)","real: mean absolute gradient over the DEM elevation profile (6 points, see dem_processor.py)"
seg_1140719456_0,64.2,1.66,plain,"real: DEM sample (AWS Terrain Tiles (Skadi/SRTM1, ~30m, void-filled)), mean of 6/6 points along geometry (range 63.2-64.8m)","real: mean absolute gradient over the DEM elevation profile (6 points, see dem_processor.py)"
seg_1140719457_0,64.5,1.48,plain,"real: DEM sample (AWS Terrain Tiles (Skadi/SRTM1, ~30m, void-filled)), mean of 5/5 points along geometry (range 64.2-64.8m)","real: mean absolute gradient over the DEM elevation profile (5 points, see dem_processor.py)"
seg_1140719458_0,64.2,1.28,plain,"real: DEM sample (AWS Terrain Tiles (Skadi/SRTM1, ~30m, void-filled)), mean of 2/2 points along geometry (range 64.0-64.3m)","real: mean absolute gradient over the DEM elevation profile (2 points, see dem_processor.py)"
seg_1140719459_0,63.7,0.82,plain,"real: DEM sample (AWS Terrain Tiles (Skadi/SRTM1, ~30m, void-filled)), mean of 4/4 points along geometry (range 63.5-63.9m)","real: mean absolute gradient over the DEM elevation profile (4 points, see dem_processor.py)"
seg_1140719460_0,60.8,1.64,plain,"real: DEM sample (AWS Terrain Tiles (Skadi/SRTM1, ~30m, void-filled)), mean of 21/21 points along geometry (range 57.8-63.3m)","real: mean absolute gradient over the DEM elevation profile (21 points, see dem_processor.py)"
seg_1140719460_1,60.9,0.85,plain,"real: DEM sample (AWS Terrain Tiles (Skadi/SRTM1, ~30m, void-filled)), mean of 34/34 points along geometry (range 57.8-63.6m)","real: mean absolute gradient over the DEM elevation profile (34 points, see dem_processor.py)"
seg_1140719460_2,61.4,1.34,plain,"real: DEM sample (AWS Terrain Tiles (Skadi/SRTM1, ~30m, void-filled)), mean of 7/7 points along geometry (range 59.0-63.6m)","real: mean absolute gradient over the DEM elevation profile (7 points, see dem_processor.py)"
seg_1140719460_3,59.4,0.85,plain,"real: DEM sample (AWS Terrain Tiles (Skadi/SRTM1, ~30m, void-filled)), mean of 6/6 points along geometry (range 57.1-61.8m)","real: mean absolute gradient over the DEM elevation profile (6 points, see dem_processor.py)"
seg_1140719460_4,62.5,0.94,plain,"real: DEM sample (AWS Terrain Tiles (Skadi/SRTM1, ~30m, void-filled)), mean of 26/26 points along geometry (range 57.6-64.7m)","real: mean absolute gradient over the DEM elevation profile (26 points, see dem_processor.py)"
seg_1140719460_5,63.3,0.19,plain,"real: DEM sample (AWS Terrain Tiles (Skadi/SRTM1, ~30m, void-filled)), mean of 4/4 points along geometry (range 63.2-63.5m)","real: mean absolute gradient over the DEM elevation profile (4 points, see dem_processor.py)"
seg_1140719460_6,64.0,1.27,plain,"real: DEM sample (AWS Terrain Tiles (Skadi/SRTM1, ~30m, void-filled)), mean of 3/3 points along geometry (range 63.2-64.5m)","real: mean absolute gradient over the DEM elevation profile (3 points, see dem_processor.py)"
seg_1140719461_0,64.2,1.83,plain,"real: DEM sample (AWS Terrain Tiles (Skadi/SRTM1, ~30m, void-filled)), mean of 2/2 points along geometry (range 64.0-64.4m)","real: mean absolute gradient over the DEM elevation profile (2 points, see dem_processor.py)"
seg_1140719462_0,64.4,0.65,plain,"real: DEM sample (AWS Terrain Tiles (Skadi/SRTM1, ~30m, void-filled)), mean of 3/3 points along geometry (range 64.2-64.5m)","real: mean absolute gradient over the DEM elevation profile (3 points, see dem_processor.py)"
seg_1140719462_1,63.3,0.88,plain,"real: DEM sample (AWS Terrain Tiles (Skadi/SRTM1, ~30m, void-filled)), mean of 5/5 points along geometry (range 62.8-64.2m)","real: mean absolute gradient over the DEM elevation profile (5 points, see dem_processor.py)"
seg_1140719462_2,62.8,1.14,plain,"real: DEM sample (AWS Terrain Tiles (Skadi/SRTM1, ~30m, void-filled)), mean of 28/28 points along geometry (range 57.5-65.6m)","real: mean absolute gradient over the DEM elevation profile (28 points, see dem_processor.py)"
seg_1140719462_3,60.3,1.07,plain,"real: DEM sample (AWS Terrain Tiles (Skadi/SRTM1, ~30m, void-filled)), mean of 11/11 points along geometry (range 56.9-64.4m)","real: mean absolute gradient over the DEM elevation profile (11 points, see dem_processor.py)"
seg_1140719462_4,60.9,0.89,plain,"real: DEM sample (AWS Terrain Tiles (Skadi/SRTM1, ~30m, void-filled)), mean of 34/34 points along geometry (range 58.0-64.4m)","real: mean absolute gradient over the DEM elevation profile (34 points, see dem_processor.py)"
seg_1140719462_5,60.6,1.67,plain,"real: DEM sample (AWS Terrain Tiles (Skadi/SRTM1, ~30m, void-filled)), mean of 19/19 points along geometry (range 58.1-62.4m)","real: mean absolute gradient over the DEM elevation profile (19 points, see dem_processor.py)"
seg_1140719463_0,64.2,1.87,plain,"real: DEM sample (AWS Terrain Tiles (Skadi/SRTM1, ~30m, void-filled)), mean of 2/2 points along geometry (range 64.0-64.4m)","real: mean absolute gradient over the DEM elevation profile (2 points, see dem_processor.py)"
seg_1140719945_0,64.1,1.9,plain,"real: DEM sample (AWS Terrain Tiles (Skadi/SRTM1, ~30m, void-filled)), mean of 2/2 points along geometry (range 63.9-64.3m)","real: mean absolute gradient over the DEM elevation profile (2 points, see dem_processor.py)"
seg_1140764373_0,51.0,0.35,plain,"real: DEM sample (AWS Terrain Tiles (Skadi/SRTM1, ~30m, void-filled)), mean of 2/2 points along geometry (range 51.0-51.1m)","real: mean absolute gradient over the DEM elevation profile (2 points, see dem_processor.py)"
seg_1140764374_0,52.0,0.83,plain,"real: DEM sample (AWS Terrain Tiles (Skadi/SRTM1, ~30m, void-filled)), mean of 7/7 points along geometry (range 51.1-53.0m)","real: mean absolute gradient over the DEM elevation profile (7 points, see dem_processor.py)"
seg_1140764375_0,53.6,2.31,plain,"real: DEM sample (AWS Terrain Tiles (Skadi/SRTM1, ~30m, void-filled)), mean of 2/2 points along geometry (range 53.0-54.1m)","real: mean absolute gradient over the DEM elevation profile (2 points, see dem_processor.py)"
seg_1140764376_0,53.6,0.66,plain,"real: DEM sample (AWS Terrain Tiles (Skadi/SRTM1, ~30m, void-filled)), mean of 14/14 points along geometry (range 53.1-54.1m)","real: mean absolute gradient over the DEM elevation profile (14 points, see dem_processor.py)"
seg_1140794599_0,59.2,1.4,plain,"real: DEM sample (AWS Terrain Tiles (Skadi/SRTM1, ~30m, void-filled)), mean of 61/61 points along geometry (range 54.8-62.3m)","real: mean absolute gradient over the DEM elevation profile (61 points, see dem_processor.py)"
seg_1140794600_0,54.7,2.84,plain,"real: DEM sample (AWS Terrain Tiles (Skadi/SRTM1, ~30m, void-filled)), mean of 2/2 points along geometry (range 54.1-55.3m)","real: mean absolute gradient over the DEM elevation profile (2 points, see dem_processor.py)"
seg_1140796754_0,71.0,1.29,plain,"real: DEM sample (AWS Terrain Tiles (Skadi/SRTM1, ~30m, void-filled)), mean of 25/25 points along geometry (range 68.4-75.1m)","real: mean absolute gradient over the DEM elevation profile (25 points, see dem_processor.py)"
seg_1140796754_1,70.4,2.86,plain,"real: DEM sample (AWS Terrain Tiles (Skadi/SRTM1, ~30m, void-filled)), mean of 2/2 points along geometry (range 70.1-70.8m)","real: mean absolute gradient over the DEM elevation profile (2 points, see dem_processor.py)"
seg_1140796754_2,71.4,4.09,plain,"real: DEM sample (AWS Terrain Tiles (Skadi/SRTM1, ~30m, void-filled)), mean of 2/2 points along geometry (range 70.8-72.0m)","real: mean absolute gradient over the DEM elevation profile (2 points, see dem_processor.py)"
seg_1140796754_3,72.2,1.61,plain,"real: DEM sample (AWS Terrain Tiles (Skadi/SRTM1, ~30m, void-filled)), mean of 2/2 points along geometry (range 72.0-72.4m)","real: mean absolute gradient over the DEM elevation profile (2 points, see dem_processor.py)"
seg_1140796754_4,72.7,1.43,plain,"real: DEM sample (AWS Terrain Tiles (Skadi/SRTM1, ~30m, void-filled)), mean of 79/79 points along geometry (range 67.7-77.0m)","real: mean absolute gradient over the DEM elevation profile (79 points, see dem_processor.py)"
seg_1140822812_0,71.2,6.02,plain,"real: DEM sample (AWS Terrain Tiles (Skadi/SRTM1, ~30m, void-filled)), mean of 2/2 points along geometry (range 70.0-72.3m)","real: mean absolute gradient over the DEM elevation profile (2 points, see dem_processor.py)"
seg_1140822813_0,71.1,5.44,plain,"real: DEM sample (AWS Terrain Tiles (Skadi/SRTM1, ~30m, void-filled)), mean of 2/2 points along geometry (range 69.9-72.3m)","real: mean absolute gradient over the DEM elevation profile (2 points, see dem_processor.py)"
seg_1140822814_0,70.2,1.14,plain,"real: DEM sample (AWS Terrain Tiles (Skadi/SRTM1, ~30m, void-filled)), mean of 2/2 points along geometry (range 70.0-70.3m)","real: mean absolute gradient over the DEM elevation profile (2 points, see dem_processor.py)"
seg_1140822815_0,70.1,1.4,plain,"real: DEM sample (AWS Terrain Tiles (Skadi/SRTM1, ~30m, void-filled)), mean of 2/2 points along geometry (range 69.9-70.3m)","real: mean absolute gradient over the DEM elevation profile (2 points, see dem_processor.py)"
seg_1140822816_0,70.0,0.08,plain,"real: DEM sample (AWS Terrain Tiles (Skadi/SRTM1, ~30m, void-filled)), mean of 4/4 points along geometry (range 70.0-70.0m)","real: mean absolute gradient over the DEM elevation profile (4 points, see dem_processor.py)"
seg_1140822816_1,69.9,0.59,plain,"real: DEM sample (AWS Terrain Tiles (Skadi/SRTM1, ~30m, void-filled)), mean of 6/6 points along geometry (range 69.9-70.0m)","real: mean absolute gradient over the DEM elevation profile (6 points, see dem_processor.py)"
seg_1140822816_2,69.9,0.47,plain,"real: DEM sample (AWS Terrain Tiles (Skadi/SRTM1, ~30m, void-filled)), mean of 5/5 points along geometry (range 69.9-69.9m)","real: mean absolute gradient over the DEM elevation profile (5 points, see dem_processor.py)"
seg_1140822816_3,70.0,0.76,plain,"real: DEM sample (AWS Terrain Tiles (Skadi/SRTM1, ~30m, void-filled)), mean of 6/6 points along geometry (range 69.9-70.0m)","real: mean absolute gradient over the DEM elevation profile (6 points, see dem_processor.py)"
seg_1140822816_4,70.0,0.13,plain,"real: DEM sample (AWS Terrain Tiles (Skadi/SRTM1, ~30m, void-filled)), mean of 2/2 points along geometry (range 70.0-70.0m)","real: mean absolute gradient over the DEM elevation profile (2 points, see dem_processor.py)"
seg_1140845373_0,53.9,1.72,plain,"real: DEM sample (AWS Terrain Tiles (Skadi/SRTM1, ~30m, void-filled)), mean of 2/2 points along geometry (range 52.9-54.9m)","real: mean absolute gradient over the DEM elevation profile (2 points, see dem_processor.py)"
seg_1140845374_0,53.9,4.03,plain,"real: DEM sample (AWS Terrain Tiles (Skadi/SRTM1, ~30m, void-filled)), mean of 2/2 points along geometry (range 52.9-54.8m)","real: mean absolute gradient over the DEM elevation profile (2 points, see dem_processor.py)"
seg_1140845375_0,55.9,1.38,plain,"real: DEM sample (AWS Terrain Tiles (Skadi/SRTM1, ~30m, void-filled)), mean of 8/8 points along geometry (range 54.9-56.3m)","real: mean absolute gradient over the DEM elevation profile (8 points, see dem_processor.py)"
seg_1140852975_0,83.1,2.91,plain,"real: DEM sample (AWS Terrain Tiles (Skadi/SRTM1, ~30m, void-filled)), mean of 3/3 points along geometry (range 82.6-83.9m)","real: mean absolute gradient over the DEM elevation profile (3 points, see dem_processor.py)"
seg_1140852976_0,83.3,3.55,plain,"real: DEM sample (AWS Terrain Tiles (Skadi/SRTM1, ~30m, void-filled)), mean of 2/2 points along geometry (range 82.6-84.1m)","real: mean absolute gradient over the DEM elevation profile (2 points, see dem_processor.py)"
seg_1140852978_0,84.0,0.57,plain,"real: DEM sample (AWS Terrain Tiles (Skadi/SRTM1, ~30m, void-filled)), mean of 2/2 points along geometry (range 83.9-84.1m)","real: mean absolute gradient over the DEM elevation profile (2 points, see dem_processor.py)"
seg_1140852978_1,84.6,0.92,plain,"real: DEM sample (AWS Terrain Tiles (Skadi/SRTM1, ~30m, void-filled)), mean of 4/4 points along geometry (range 83.9-85.9m)","real: mean absolute gradient over the DEM elevation profile (4 points, see dem_processor.py)"
seg_1140859821_0,72.1,1.21,plain,"real: DEM sample (AWS Terrain Tiles (Skadi/SRTM1, ~30m, void-filled)), mean of 2/2 points along geometry (range 72.0-72.3m)","real: mean absolute gradient over the DEM elevation profile (2 points, see dem_processor.py)"
seg_1140859822_0,71.9,1.9,plain,"real: DEM sample (AWS Terrain Tiles (Skadi/SRTM1, ~30m, void-filled)), mean of 2/2 points along geometry (range 71.7-72.2m)","real: mean absolute gradient over the DEM elevation profile (2 points, see dem_processor.py)"
seg_1140859822_1,71.8,0.67,plain,"real: DEM sample (AWS Terrain Tiles (Skadi/SRTM1, ~30m, void-filled)), mean of 2/2 points along geometry (range 71.7-72.0m)","real: mean absolute gradient over the DEM elevation profile (2 points, see dem_processor.py)"
seg_1141040196_0,72.2,0.57,plain,"real: DEM sample (AWS Terrain Tiles (Skadi/SRTM1, ~30m, void-filled)), mean of 2/2 points along geometry (range 72.0-72.4m)","real: mean absolute gradient over the DEM elevation profile (2 points, see dem_processor.py)"
seg_1141040197_0,73.4,1.08,plain,"real: DEM sample (AWS Terrain Tiles (Skadi/SRTM1, ~30m, void-filled)), mean of 11/11 points along geometry (range 69.5-77.4m)","real: mean absolute gradient over the DEM elevation profile (11 points, see dem_processor.py)"
seg_1141042992_0,55.3,4.29,plain,"real: DEM sample (AWS Terrain Tiles (Skadi/SRTM1, ~30m, void-filled)), mean of 2/2 points along geometry (range 54.6-55.9m)","real: mean absolute gradient over the DEM elevation profile (2 points, see dem_processor.py)"
seg_1141042993_0,53.8,2.17,plain,"real: DEM sample (AWS Terrain Tiles (Skadi/SRTM1, ~30m, void-filled)), mean of 2/2 points along geometry (range 53.0-54.6m)","real: mean absolute gradient over the DEM elevation profile (2 points, see dem_processor.py)"
seg_1141065212_0,53.4,1.31,plain,"real: DEM sample (AWS Terrain Tiles (Skadi/SRTM1, ~30m, void-filled)), mean of 14/14 points along geometry (range 49.8-56.2m)","real: mean absolute gradient over the DEM elevation profile (14 points, see dem_processor.py)"
seg_1141065213_0,54.6,4.58,plain,"real: DEM sample (AWS Terrain Tiles (Skadi/SRTM1, ~30m, void-filled)), mean of 2/2 points along geometry (range 53.1-56.1m)","real: mean absolute gradient over the DEM elevation profile (2 points, see dem_processor.py)"
seg_1141068041_0,62.7,1.34,plain,"real: DEM sample (AWS Terrain Tiles (Skadi/SRTM1, ~30m, void-filled)), mean of 22/22 points along geometry (range 60.2-65.9m)","real: mean absolute gradient over the DEM elevation profile (22 points, see dem_processor.py)"
seg_1141068515_0,63.5,0.19,plain,"real: DEM sample (AWS Terrain Tiles (Skadi/SRTM1, ~30m, void-filled)), mean of 2/2 points along geometry (range 63.5-63.6m)","real: mean absolute gradient over the DEM elevation profile (2 points, see dem_processor.py)"
seg_1141336142_0,67.6,1.73,plain,"real: DEM sample (AWS Terrain Tiles (Skadi/SRTM1, ~30m, void-filled)), mean of 54/54 points along geometry (range 63.0-71.6m)","real: mean absolute gradient over the DEM elevation profile (54 points, see dem_processor.py)"
seg_1141341333_0,74.2,1.73,plain,"real: DEM sample (AWS Terrain Tiles (Skadi/SRTM1, ~30m, void-filled)), mean of 47/47 points along geometry (range 71.1-77.6m)","real: mean absolute gradient over the DEM elevation profile (47 points, see dem_processor.py)"
seg_1141341334_0,73.0,0.33,plain,"real: DEM sample (AWS Terrain Tiles (Skadi/SRTM1, ~30m, void-filled)), mean of 2/2 points along geometry (range 73.0-73.1m)","real: mean absolute gradient over the DEM elevation profile (2 points, see dem_processor.py)"
seg_1141341335_0,73.4,1.64,plain,"real: DEM sample (AWS Terrain Tiles (Skadi/SRTM1, ~30m, void-filled)), mean of 88/88 points along geometry (range 66.1-78.0m)","real: mean absolute gradient over the DEM elevation profile (88 points, see dem_processor.py)"
seg_1141442739_0,69.4,1.43,plain,"real: DEM sample (AWS Terrain Tiles (Skadi/SRTM1, ~30m, void-filled)), mean of 156/156 points along geometry (range 64.1-74.5m)","real: mean absolute gradient over the DEM elevation profile (156 points, see dem_processor.py)"
seg_1141459279_0,67.9,2.37,plain,"real: DEM sample (AWS Terrain Tiles (Skadi/SRTM1, ~30m, void-filled)), mean of 4/4 points along geometry (range 66.1-70.6m)","real: mean absolute gradient over the DEM elevation profile (4 points, see dem_processor.py)"
seg_1141459280_0,66.0,0.76,plain,"real: DEM sample (AWS Terrain Tiles (Skadi/SRTM1, ~30m, void-filled)), mean of 39/39 points along geometry (range 62.7-68.8m)","real: mean absolute gradient over the DEM elevation profile (39 points, see dem_processor.py)"
seg_1141459281_0,68.7,1.63,plain,"real: DEM sample (AWS Terrain Tiles (Skadi/SRTM1, ~30m, void-filled)), mean of 13/13 points along geometry (range 63.9-72.0m)","real: mean absolute gradient over the DEM elevation profile (13 points, see dem_processor.py)"
seg_1141459281_1,69.0,1.04,plain,"real: DEM sample (AWS Terrain Tiles (Skadi/SRTM1, ~30m, void-filled)), mean of 17/17 points along geometry (range 67.2-71.8m)","real: mean absolute gradient over the DEM elevation profile (17 points, see dem_processor.py)"
seg_1141459281_2,68.7,1.23,plain,"real: DEM sample (AWS Terrain Tiles (Skadi/SRTM1, ~30m, void-filled)), mean of 64/64 points along geometry (range 65.4-72.6m)","real: mean absolute gradient over the DEM elevation profile (64 points, see dem_processor.py)"
seg_1141459281_3,67.4,1.17,plain,"real: DEM sample (AWS Terrain Tiles (Skadi/SRTM1, ~30m, void-filled)), mean of 69/69 points along geometry (range 62.3-71.6m)","real: mean absolute gradient over the DEM elevation profile (69 points, see dem_processor.py)"
seg_1141508944_0,69.4,1.3,plain,"real: DEM sample (AWS Terrain Tiles (Skadi/SRTM1, ~30m, void-filled)), mean of 174/174 points along geometry (range 63.7-73.8m)","real: mean absolute gradient over the DEM elevation profile (174 points, see dem_processor.py)"
seg_1141508945_0,63.1,1.28,plain,"real: DEM sample (AWS Terrain Tiles (Skadi/SRTM1, ~30m, void-filled)), mean of 2/2 points along geometry (range 62.5-63.7m)","real: mean absolute gradient over the DEM elevation profile (2 points, see dem_processor.py)"
seg_1141508946_0,66.5,1.53,plain,"real: DEM sample (AWS Terrain Tiles (Skadi/SRTM1, ~30m, void-filled)), mean of 39/39 points along geometry (range 62.0-70.7m)","real: mean absolute gradient over the DEM elevation profile (39 points, see dem_processor.py)"
seg_1141885755_0,60.2,1.25,plain,"real: DEM sample (AWS Terrain Tiles (Skadi/SRTM1, ~30m, void-filled)), mean of 20/20 points along geometry (range 56.0-64.0m)","real: mean absolute gradient over the DEM elevation profile (20 points, see dem_processor.py)"
seg_1141885755_1,62.7,3.04,plain,"real: DEM sample (AWS Terrain Tiles (Skadi/SRTM1, ~30m, void-filled)), mean of 17/17 points along geometry (range 57.4-68.6m)","real: mean absolute gradient over the DEM elevation profile (17 points, see dem_processor.py)"
seg_1141885755_2,62.9,1.44,plain,"real: DEM sample (AWS Terrain Tiles (Skadi/SRTM1, ~30m, void-filled)), mean of 8/8 points along geometry (range 60.6-64.4m)","real: mean absolute gradient over the DEM elevation profile (8 points, see dem_processor.py)"
seg_1141885756_0,60.4,1.33,plain,"real: DEM sample (AWS Terrain Tiles (Skadi/SRTM1, ~30m, void-filled)), mean of 2/2 points along geometry (range 60.2-60.6m)","real: mean absolute gradient over the DEM elevation profile (2 points, see dem_processor.py)"
seg_1141885757_0,65.1,2.59,plain,"real: DEM sample (AWS Terrain Tiles (Skadi/SRTM1, ~30m, void-filled)), mean of 26/26 points along geometry (range 60.2-72.6m)","real: mean absolute gradient over the DEM elevation profile (26 points, see dem_processor.py)"
seg_1141885757_1,60.2,1.39,plain,"real: DEM sample (AWS Terrain Tiles (Skadi/SRTM1, ~30m, void-filled)), mean of 19/19 points along geometry (range 56.0-64.3m)","real: mean absolute gradient over the DEM elevation profile (19 points, see dem_processor.py)"
seg_1141885758_0,66.3,1.02,plain,"real: DEM sample (AWS Terrain Tiles (Skadi/SRTM1, ~30m, void-filled)), mean of 2/2 points along geometry (range 66.1-66.4m)","real: mean absolute gradient over the DEM elevation profile (2 points, see dem_processor.py)"
seg_1142036316_0,56.4,4.31,plain,"real: DEM sample (AWS Terrain Tiles (Skadi/SRTM1, ~30m, void-filled)), mean of 5/5 points along geometry (range 54.7-61.2m)","real: mean absolute gradient over the DEM elevation profile (5 points, see dem_processor.py)"
seg_1142036317_0,54.6,1.38,plain,"real: DEM sample (AWS Terrain Tiles (Skadi/SRTM1, ~30m, void-filled)), mean of 2/2 points along geometry (range 54.5-54.7m)","real: mean absolute gradient over the DEM elevation profile (2 points, see dem_processor.py)"
seg_1142105328_0,65.5,1.21,plain,"real: DEM sample (AWS Terrain Tiles (Skadi/SRTM1, ~30m, void-filled)), mean of 9/9 points along geometry (range 63.0-67.0m)","real: mean absolute gradient over the DEM elevation profile (9 points, see dem_processor.py)"
seg_1142105330_0,62.0,1.01,plain,"real: DEM sample (AWS Terrain Tiles (Skadi/SRTM1, ~30m, void-filled)), mean of 43/43 points along geometry (range 58.5-66.6m)","real: mean absolute gradient over the DEM elevation profile (43 points, see dem_processor.py)"
seg_1142111860_0,71.4,1.08,plain,"real: DEM sample (AWS Terrain Tiles (Skadi/SRTM1, ~30m, void-filled)), mean of 19/19 points along geometry (range 69.7-74.4m)","real: mean absolute gradient over the DEM elevation profile (19 points, see dem_processor.py)"
seg_1142424180_0,55.1,0.86,plain,"real: DEM sample (AWS Terrain Tiles (Skadi/SRTM1, ~30m, void-filled)), mean of 18/18 points along geometry (range 51.8-57.5m)","real: mean absolute gradient over the DEM elevation profile (18 points, see dem_processor.py)"
seg_1142424181_0,52.0,0.68,plain,"real: DEM sample (AWS Terrain Tiles (Skadi/SRTM1, ~30m, void-filled)), mean of 2/2 points along geometry (range 51.8-52.1m)","real: mean absolute gradient over the DEM elevation profile (2 points, see dem_processor.py)"
seg_1142984023_0,68.7,1.1,plain,"real: DEM sample (AWS Terrain Tiles (Skadi/SRTM1, ~30m, void-filled)), mean of 191/191 points along geometry (range 62.4-73.5m)","real: mean absolute gradient over the DEM elevation profile (191 points, see dem_processor.py)"
seg_1142993600_0,64.7,1.14,plain,"real: DEM sample (AWS Terrain Tiles (Skadi/SRTM1, ~30m, void-filled)), mean of 37/37 points along geometry (range 62.1-68.0m)","real: mean absolute gradient over the DEM elevation profile (37 points, see dem_processor.py)"
seg_1142993601_0,63.5,3.45,plain,"real: DEM sample (AWS Terrain Tiles (Skadi/SRTM1, ~30m, void-filled)), mean of 2/2 points along geometry (range 62.1-64.9m)","real: mean absolute gradient over the DEM elevation profile (2 points, see dem_processor.py)"
seg_1142993602_0,70.5,1.13,plain,"real: DEM sample (AWS Terrain Tiles (Skadi/SRTM1, ~30m, void-filled)), mean of 36/36 points along geometry (range 64.9-75.9m)","real: mean absolute gradient over the DEM elevation profile (36 points, see dem_processor.py)"
seg_1142993603_0,65.5,0.19,plain,"real: DEM sample (AWS Terrain Tiles (Skadi/SRTM1, ~30m, void-filled)), mean of 2/2 points along geometry (range 65.5-65.6m)","real: mean absolute gradient over the DEM elevation profile (2 points, see dem_processor.py)"
seg_1142993604_0,68.8,3.11,plain,"real: DEM sample (AWS Terrain Tiles (Skadi/SRTM1, ~30m, void-filled)), mean of 5/5 points along geometry (range 65.6-70.6m)","real: mean absolute gradient over the DEM elevation profile (5 points, see dem_processor.py)"
seg_1144626146_0,55.2,1.23,plain,"real: DEM sample (AWS Terrain Tiles (Skadi/SRTM1, ~30m, void-filled)), mean of 3/3 points along geometry (range 53.1-56.6m)","real: mean absolute gradient over the DEM elevation profile (3 points, see dem_processor.py)"
seg_1144626147_0,57.1,1.75,plain,"real: DEM sample (AWS Terrain Tiles (Skadi/SRTM1, ~30m, void-filled)), mean of 5/5 points along geometry (range 56.6-57.5m)","real: mean absolute gradient over the DEM elevation profile (5 points, see dem_processor.py)"
seg_1144660988_0,56.4,2.79,plain,"real: DEM sample (AWS Terrain Tiles (Skadi/SRTM1, ~30m, void-filled)), mean of 5/5 points along geometry (range 55.3-57.4m)","real: mean absolute gradient over the DEM elevation profile (5 points, see dem_processor.py)"
seg_1144660989_0,57.7,1.77,plain,"real: DEM sample (AWS Terrain Tiles (Skadi/SRTM1, ~30m, void-filled)), mean of 2/2 points along geometry (range 57.4-57.9m)","real: mean absolute gradient over the DEM elevation profile (2 points, see dem_processor.py)"
seg_1144942346_0,56.8,1.36,plain,"real: DEM sample (AWS Terrain Tiles (Skadi/SRTM1, ~30m, void-filled)), mean of 7/7 points along geometry (range 54.1-58.5m)","real: mean absolute gradient over the DEM elevation profile (7 points, see dem_processor.py)"
seg_1144942347_0,57.4,3.63,plain,"real: DEM sample (AWS Terrain Tiles (Skadi/SRTM1, ~30m, void-filled)), mean of 2/2 points along geometry (range 57.1-57.6m)","real: mean absolute gradient over the DEM elevation profile (2 points, see dem_processor.py)"
seg_1144942348_0,56.7,1.35,plain,"real: DEM sample (AWS Terrain Tiles (Skadi/SRTM1, ~30m, void-filled)), mean of 8/8 points along geometry (range 54.2-58.3m)","real: mean absolute gradient over the DEM elevation profile (8 points, see dem_processor.py)"
seg_1154031784_0,57.2,0.65,plain,"real: DEM sample (AWS Terrain Tiles (Skadi/SRTM1, ~30m, void-filled)), mean of 14/14 points along geometry (range 55.9-59.2m)","real: mean absolute gradient over the DEM elevation profile (14 points, see dem_processor.py)"
seg_1156261167_0,53.0,1.05,plain,"real: DEM sample (AWS Terrain Tiles (Skadi/SRTM1, ~30m, void-filled)), mean of 20/20 points along geometry (range 50.4-54.8m)","real: mean absolute gradient over the DEM elevation profile (20 points, see dem_processor.py)"
seg_1159219312_0,2450.7,4.27,mountain,"real: DEM sample (AWS Terrain Tiles (Skadi/SRTM1, ~30m, void-filled)), mean of 53/53 points along geometry (range 2443.6-2457.8m)","real: mean absolute gradient over the DEM elevation profile (53 points, see dem_processor.py)"
seg_1159219313_0,2430.9,4.8,mountain,"real: DEM sample (AWS Terrain Tiles (Skadi/SRTM1, ~30m, void-filled)), mean of 40/40 points along geometry (range 2419.2-2443.6m)","real: mean absolute gradient over the DEM elevation profile (40 points, see dem_processor.py)"
seg_1159219313_1,2428.3,5.36,mountain,"real: DEM sample (AWS Terrain Tiles (Skadi/SRTM1, ~30m, void-filled)), mean of 30/30 points along geometry (range 2421.2-2433.1m)","real: mean absolute gradient over the DEM elevation profile (30 points, see dem_processor.py)"
seg_1159219314_0,2417.1,7.26,mountain,"real: DEM sample (AWS Terrain Tiles (Skadi/SRTM1, ~30m, void-filled)), mean of 20/20 points along geometry (range 2404.4-2431.2m)","real: mean absolute gradient over the DEM elevation profile (20 points, see dem_processor.py)"
seg_1159219314_1,2376.9,6.67,mountain,"real: DEM sample (AWS Terrain Tiles (Skadi/SRTM1, ~30m, void-filled)), mean of 36/36 points along geometry (range 2348.3-2408.5m)","real: mean absolute gradient over the DEM elevation profile (36 points, see dem_processor.py)"
seg_1159219315_0,2432.0,5.01,mountain,"real: DEM sample (AWS Terrain Tiles (Skadi/SRTM1, ~30m, void-filled)), mean of 19/19 points along geometry (range 2415.4-2444.5m)","real: mean absolute gradient over the DEM elevation profile (19 points, see dem_processor.py)"
seg_1166068331_0,913.0,12.29,hill,"real: DEM sample (AWS Terrain Tiles (Skadi/SRTM1, ~30m, void-filled)), mean of 540/540 points along geometry (range 602.5-1215.1m)","real: mean absolute gradient over the DEM elevation profile (540 points, see dem_processor.py)"
seg_1166099591_0,1033.2,6.43,hill,"real: DEM sample (AWS Terrain Tiles (Skadi/SRTM1, ~30m, void-filled)), mean of 44/44 points along geometry (range 995.7-1074.6m)","real: mean absolute gradient over the DEM elevation profile (44 points, see dem_processor.py)"
seg_1166099591_1,1066.5,12.04,hill,"real: DEM sample (AWS Terrain Tiles (Skadi/SRTM1, ~30m, void-filled)), mean of 13/13 points along geometry (range 1038.2-1081.6m)","real: mean absolute gradient over the DEM elevation profile (13 points, see dem_processor.py)"
seg_1166099592_0,1198.8,8.38,hill,"real: DEM sample (AWS Terrain Tiles (Skadi/SRTM1, ~30m, void-filled)), mean of 128/128 points along geometry (range 1074.6-1332.6m)","real: mean absolute gradient over the DEM elevation profile (128 points, see dem_processor.py)"
seg_1166104392_0,1013.6,6.34,hill,"real: DEM sample (AWS Terrain Tiles (Skadi/SRTM1, ~30m, void-filled)), mean of 32/32 points along geometry (range 1002.4-1027.4m)","real: mean absolute gradient over the DEM elevation profile (32 points, see dem_processor.py)"
seg_1166115383_0,1196.1,9.43,hill,"real: DEM sample (AWS Terrain Tiles (Skadi/SRTM1, ~30m, void-filled)), mean of 260/260 points along geometry (range 987.1-1336.2m)","real: mean absolute gradient over the DEM elevation profile (260 points, see dem_processor.py)"
seg_1167913722_0,1465.6,8.76,hill,"real: DEM sample (AWS Terrain Tiles (Skadi/SRTM1, ~30m, void-filled)), mean of 237/237 points along geometry (range 1275.3-1676.7m)","real: mean absolute gradient over the DEM elevation profile (237 points, see dem_processor.py)"
seg_1168198453_0,1417.6,8.45,hill,"real: DEM sample (AWS Terrain Tiles (Skadi/SRTM1, ~30m, void-filled)), mean of 145/145 points along geometry (range 1219.0-1617.6m)","real: mean absolute gradient over the DEM elevation profile (145 points, see dem_processor.py)"
seg_1168198453_1,1584.6,9.18,mountain,"real: DEM sample (AWS Terrain Tiles (Skadi/SRTM1, ~30m, void-filled)), mean of 10/10 points along geometry (range 1550.2-1601.7m)","real: mean absolute gradient over the DEM elevation profile (10 points, see dem_processor.py)"
seg_1168198453_2,1614.2,14.45,mountain,"real: DEM sample (AWS Terrain Tiles (Skadi/SRTM1, ~30m, void-filled)), mean of 12/12 points along geometry (range 1594.5-1632.3m)","real: mean absolute gradient over the DEM elevation profile (12 points, see dem_processor.py)"
seg_1168198454_0,1548.2,10.24,mountain,"real: DEM sample (AWS Terrain Tiles (Skadi/SRTM1, ~30m, void-filled)), mean of 23/23 points along geometry (range 1517.2-1582.3m)","real: mean absolute gradient over the DEM elevation profile (23 points, see dem_processor.py)"
seg_1168212175_0,1652.5,7.94,mountain,"real: DEM sample (AWS Terrain Tiles (Skadi/SRTM1, ~30m, void-filled)), mean of 54/54 points along geometry (range 1597.0-1680.5m)","real: mean absolute gradient over the DEM elevation profile (54 points, see dem_processor.py)"
seg_1168212181_0,2528.7,10.26,mountain,"real: DEM sample (AWS Terrain Tiles (Skadi/SRTM1, ~30m, void-filled)), mean of 109/109 points along geometry (range 2416.1-2618.5m)","real: mean absolute gradient over the DEM elevation profile (109 points, see dem_processor.py)"
seg_1168212181_1,2637.9,8.91,mountain,"real: DEM sample (AWS Terrain Tiles (Skadi/SRTM1, ~30m, void-filled)), mean of 39/39 points along geometry (range 2609.3-2660.7m)","real: mean absolute gradient over the DEM elevation profile (39 points, see dem_processor.py)"
seg_1168212182_0,2617.6,5.02,mountain,"real: DEM sample (AWS Terrain Tiles (Skadi/SRTM1, ~30m, void-filled)), mean of 3/3 points along geometry (range 2616.3-2619.8m)","real: mean absolute gradient over the DEM elevation profile (3 points, see dem_processor.py)"
seg_1168231665_0,1619.3,4.31,mountain,"real: DEM sample (AWS Terrain Tiles (Skadi/SRTM1, ~30m, void-filled)), mean of 44/44 points along geometry (range 1593.7-1643.5m)","real: mean absolute gradient over the DEM elevation profile (44 points, see dem_processor.py)"
seg_1168231666_0,1653.1,6.23,mountain,"real: DEM sample (AWS Terrain Tiles (Skadi/SRTM1, ~30m, void-filled)), mean of 17/17 points along geometry (range 1631.3-1674.7m)","real: mean absolute gradient over the DEM elevation profile (17 points, see dem_processor.py)"
seg_1168231667_0,1631.0,0.54,mountain,"real: DEM sample (AWS Terrain Tiles (Skadi/SRTM1, ~30m, void-filled)), mean of 2/2 points along geometry (range 1630.8-1631.3m)","real: mean absolute gradient over the DEM elevation profile (2 points, see dem_processor.py)"
seg_1168231683_0,1640.8,8.13,mountain,"real: DEM sample (AWS Terrain Tiles (Skadi/SRTM1, ~30m, void-filled)), mean of 8/8 points along geometry (range 1630.8-1647.3m)","real: mean absolute gradient over the DEM elevation profile (8 points, see dem_processor.py)"
seg_1168231685_0,1681.5,3.99,mountain,"real: DEM sample (AWS Terrain Tiles (Skadi/SRTM1, ~30m, void-filled)), mean of 85/85 points along geometry (range 1642.2-1716.1m)","real: mean absolute gradient over the DEM elevation profile (85 points, see dem_processor.py)"
seg_1168231686_0,1763.1,4.94,mountain,"real: DEM sample (AWS Terrain Tiles (Skadi/SRTM1, ~30m, void-filled)), mean of 56/56 points along geometry (range 1699.6-1831.4m)","real: mean absolute gradient over the DEM elevation profile (56 points, see dem_processor.py)"
seg_1168231687_0,1695.4,11.32,mountain,"real: DEM sample (AWS Terrain Tiles (Skadi/SRTM1, ~30m, void-filled)), mean of 2/2 points along geometry (range 1690.6-1700.2m)","real: mean absolute gradient over the DEM elevation profile (2 points, see dem_processor.py)"
seg_1168490072_0,1407.5,6.18,hill,"real: DEM sample (AWS Terrain Tiles (Skadi/SRTM1, ~30m, void-filled)), mean of 27/27 points along geometry (range 1388.1-1431.7m)","real: mean absolute gradient over the DEM elevation profile (27 points, see dem_processor.py)"
seg_1168490074_0,1459.5,12.06,hill,"real: DEM sample (AWS Terrain Tiles (Skadi/SRTM1, ~30m, void-filled)), mean of 19/19 points along geometry (range 1440.6-1479.8m)","real: mean absolute gradient over the DEM elevation profile (19 points, see dem_processor.py)"
seg_1168490074_1,1471.7,8.88,hill,"real: DEM sample (AWS Terrain Tiles (Skadi/SRTM1, ~30m, void-filled)), mean of 2/2 points along geometry (range 1469.4-1473.9m)","real: mean absolute gradient over the DEM elevation profile (2 points, see dem_processor.py)"
seg_1168490076_0,1504.1,8.92,mountain,"real: DEM sample (AWS Terrain Tiles (Skadi/SRTM1, ~30m, void-filled)), mean of 52/52 points along geometry (range 1469.4-1544.5m)","real: mean absolute gradient over the DEM elevation profile (52 points, see dem_processor.py)"
seg_1168494029_0,1488.3,8.36,hill,"real: DEM sample (AWS Terrain Tiles (Skadi/SRTM1, ~30m, void-filled)), mean of 79/79 points along geometry (range 1388.4-1594.6m)","real: mean absolute gradient over the DEM elevation profile (79 points, see dem_processor.py)"
seg_1168494043_0,2037.1,14.06,mountain,"real: DEM sample (AWS Terrain Tiles (Skadi/SRTM1, ~30m, void-filled)), mean of 47/47 points along geometry (range 1944.8-2116.9m)","real: mean absolute gradient over the DEM elevation profile (47 points, see dem_processor.py)"
seg_1168494044_0,2157.7,5.7,mountain,"real: DEM sample (AWS Terrain Tiles (Skadi/SRTM1, ~30m, void-filled)), mean of 9/9 points along geometry (range 2155.7-2160.6m)","real: mean absolute gradient over the DEM elevation profile (9 points, see dem_processor.py)"
seg_1168494045_0,2208.4,7.73,mountain,"real: DEM sample (AWS Terrain Tiles (Skadi/SRTM1, ~30m, void-filled)), mean of 63/63 points along geometry (range 2156.5-2259.7m)","real: mean absolute gradient over the DEM elevation profile (63 points, see dem_processor.py)"
seg_1168494045_1,2268.1,7.78,mountain,"real: DEM sample (AWS Terrain Tiles (Skadi/SRTM1, ~30m, void-filled)), mean of 59/59 points along geometry (range 2231.2-2290.7m)","real: mean absolute gradient over the DEM elevation profile (59 points, see dem_processor.py)"
seg_1168494046_0,2269.5,14.27,mountain,"real: DEM sample (AWS Terrain Tiles (Skadi/SRTM1, ~30m, void-filled)), mean of 15/15 points along geometry (range 2252.4-2286.4m)","real: mean absolute gradient over the DEM elevation profile (15 points, see dem_processor.py)"
seg_1168516993_0,2418.0,8.7,mountain,"real: DEM sample (AWS Terrain Tiles (Skadi/SRTM1, ~30m, void-filled)), mean of 135/135 points along geometry (range 2351.3-2523.7m)","real: mean absolute gradient over the DEM elevation profile (135 points, see dem_processor.py)"
seg_1168518207_0,1793.9,10.8,mountain,"real: DEM sample (AWS Terrain Tiles (Skadi/SRTM1, ~30m, void-filled)), mean of 60/60 points along geometry (range 1738.1-1831.1m)","real: mean absolute gradient over the DEM elevation profile (60 points, see dem_processor.py)"
seg_1168518207_1,1736.7,2.09,mountain,"real: DEM sample (AWS Terrain Tiles (Skadi/SRTM1, ~30m, void-filled)), mean of 9/9 points along geometry (range 1731.3-1738.9m)","real: mean absolute gradient over the DEM elevation profile (9 points, see dem_processor.py)"
seg_1168518208_0,1745.3,9.07,mountain,"real: DEM sample (AWS Terrain Tiles (Skadi/SRTM1, ~30m, void-filled)), mean of 3/3 points along geometry (range 1738.1-1749.3m)","real: mean absolute gradient over the DEM elevation profile (3 points, see dem_processor.py)"
seg_1168518208_1,1542.6,9.51,mountain,"real: DEM sample (AWS Terrain Tiles (Skadi/SRTM1, ~30m, void-filled)), mean of 181/181 points along geometry (range 1331.2-1748.6m)","real: mean absolute gradient over the DEM elevation profile (181 points, see dem_processor.py)"
seg_1168912554_0,1587.6,8.61,mountain,"real: DEM sample (AWS Terrain Tiles (Skadi/SRTM1, ~30m, void-filled)), mean of 263/263 points along geometry (range 1424.7-1744.2m)","real: mean absolute gradient over the DEM elevation profile (263 points, see dem_processor.py)"
seg_1168938741_0,1729.3,8.45,mountain,"real: DEM sample (AWS Terrain Tiles (Skadi/SRTM1, ~30m, void-filled)), mean of 158/158 points along geometry (range 1638.1-1782.8m)","real: mean absolute gradient over the DEM elevation profile (158 points, see dem_processor.py)"
seg_1169005476_0,1624.1,7.58,mountain,"real: DEM sample (AWS Terrain Tiles (Skadi/SRTM1, ~30m, void-filled)), mean of 14/14 points along geometry (range 1603.2-1651.3m)","real: mean absolute gradient over the DEM elevation profile (14 points, see dem_processor.py)"
seg_1169005477_0,1701.4,8.9,mountain,"real: DEM sample (AWS Terrain Tiles (Skadi/SRTM1, ~30m, void-filled)), mean of 49/49 points along geometry (range 1651.3-1745.0m)","real: mean absolute gradient over the DEM elevation profile (49 points, see dem_processor.py)"
seg_1169005477_1,1758.5,7.65,mountain,"real: DEM sample (AWS Terrain Tiles (Skadi/SRTM1, ~30m, void-filled)), mean of 16/16 points along geometry (range 1745.0-1769.2m)","real: mean absolute gradient over the DEM elevation profile (16 points, see dem_processor.py)"
seg_1169005478_0,1768.1,6.3,mountain,"real: DEM sample (AWS Terrain Tiles (Skadi/SRTM1, ~30m, void-filled)), mean of 32/32 points along geometry (range 1743.8-1793.3m)","real: mean absolute gradient over the DEM elevation profile (32 points, see dem_processor.py)"
seg_1169005479_0,1964.8,8.41,mountain,"real: DEM sample (AWS Terrain Tiles (Skadi/SRTM1, ~30m, void-filled)), mean of 360/360 points along geometry (range 1787.6-2144.1m)","real: mean absolute gradient over the DEM elevation profile (360 points, see dem_processor.py)"
seg_1169005479_2,2157.7,5.85,mountain,"real: DEM sample (AWS Terrain Tiles (Skadi/SRTM1, ~30m, void-filled)), mean of 22/22 points along geometry (range 2144.0-2173.2m)","real: mean absolute gradient over the DEM elevation profile (22 points, see dem_processor.py)"
seg_1169005481_0,2369.3,8.4,mountain,"real: DEM sample (AWS Terrain Tiles (Skadi/SRTM1, ~30m, void-filled)), mean of 259/259 points along geometry (range 2173.2-2502.7m)","real: mean absolute gradient over the DEM elevation profile (259 points, see dem_processor.py)"
seg_1169009763_0,2258.9,8.27,mountain,"real: DEM sample (AWS Terrain Tiles (Skadi/SRTM1, ~30m, void-filled)), mean of 219/219 points along geometry (range 2098.4-2481.6m)","real: mean absolute gradient over the DEM elevation profile (219 points, see dem_processor.py)"
seg_1169009768_0,2003.3,7.43,mountain,"real: DEM sample (AWS Terrain Tiles (Skadi/SRTM1, ~30m, void-filled)), mean of 164/164 points along geometry (range 1834.1-2137.8m)","real: mean absolute gradient over the DEM elevation profile (164 points, see dem_processor.py)"
seg_1169009770_0,1722.6,8.16,mountain,"real: DEM sample (AWS Terrain Tiles (Skadi/SRTM1, ~30m, void-filled)), mean of 132/132 points along geometry (range 1594.5-1845.2m)","real: mean absolute gradient over the DEM elevation profile (132 points, see dem_processor.py)"
seg_1169009770_1,1617.8,11.5,mountain,"real: DEM sample (AWS Terrain Tiles (Skadi/SRTM1, ~30m, void-filled)), mean of 6/6 points along geometry (range 1599.4-1634.2m)","real: mean absolute gradient over the DEM elevation profile (6 points, see dem_processor.py)"
seg_1169009771_0,1511.5,8.4,mountain,"real: DEM sample (AWS Terrain Tiles (Skadi/SRTM1, ~30m, void-filled)), mean of 97/97 points along geometry (range 1413.5-1611.7m)","real: mean absolute gradient over the DEM elevation profile (97 points, see dem_processor.py)"
seg_1169009772_0,1422.7,6.69,hill,"real: DEM sample (AWS Terrain Tiles (Skadi/SRTM1, ~30m, void-filled)), mean of 3/3 points along geometry (range 1418.8-1426.0m)","real: mean absolute gradient over the DEM elevation profile (3 points, see dem_processor.py)"
seg_1169009773_0,1416.9,5.4,hill,"real: DEM sample (AWS Terrain Tiles (Skadi/SRTM1, ~30m, void-filled)), mean of 2/2 points along geometry (range 1415.1-1418.8m)","real: mean absolute gradient over the DEM elevation profile (2 points, see dem_processor.py)"
seg_1169009775_0,1753.0,11.81,mountain,"real: DEM sample (AWS Terrain Tiles (Skadi/SRTM1, ~30m, void-filled)), mean of 119/119 points along geometry (range 1634.2-1882.0m)","real: mean absolute gradient over the DEM elevation profile (119 points, see dem_processor.py)"
seg_1169009775_1,1989.0,7.87,mountain,"real: DEM sample (AWS Terrain Tiles (Skadi/SRTM1, ~30m, void-filled)), mean of 275/275 points along geometry (range 1831.6-2163.9m)","real: mean absolute gradient over the DEM elevation profile (275 points, see dem_processor.py)"
seg_1169009776_0,1902.4,12.44,mountain,"real: DEM sample (AWS Terrain Tiles (Skadi/SRTM1, ~30m, void-filled)), mean of 33/33 points along geometry (range 1857.7-1953.5m)","real: mean absolute gradient over the DEM elevation profile (33 points, see dem_processor.py)"
seg_1169796063_0,1313.1,7.91,hill,"real: DEM sample (AWS Terrain Tiles (Skadi/SRTM1, ~30m, void-filled)), mean of 50/50 points along geometry (range 1251.3-1380.1m)","real: mean absolute gradient over the DEM elevation profile (50 points, see dem_processor.py)"
seg_1169796063_1,1362.6,10.09,hill,"real: DEM sample (AWS Terrain Tiles (Skadi/SRTM1, ~30m, void-filled)), mean of 44/44 points along geometry (range 1345.7-1381.8m)","real: mean absolute gradient over the DEM elevation profile (44 points, see dem_processor.py)"
seg_1169796065_0,1403.5,7.63,hill,"real: DEM sample (AWS Terrain Tiles (Skadi/SRTM1, ~30m, void-filled)), mean of 25/25 points along geometry (range 1380.1-1428.2m)","real: mean absolute gradient over the DEM elevation profile (25 points, see dem_processor.py)"
seg_1169796067_0,1785.5,12.73,mountain,"real: DEM sample (AWS Terrain Tiles (Skadi/SRTM1, ~30m, void-filled)), mean of 525/525 points along geometry (range 1381.8-2177.2m)","real: mean absolute gradient over the DEM elevation profile (525 points, see dem_processor.py)"
seg_1169798406_0,2228.0,8.95,mountain,"real: DEM sample (AWS Terrain Tiles (Skadi/SRTM1, ~30m, void-filled)), mean of 133/133 points along geometry (range 2170.4-2280.4m)","real: mean absolute gradient over the DEM elevation profile (133 points, see dem_processor.py)"
seg_1169798406_1,2200.3,4.88,mountain,"real: DEM sample (AWS Terrain Tiles (Skadi/SRTM1, ~30m, void-filled)), mean of 9/9 points along geometry (range 2196.7-2203.3m)","real: mean absolute gradient over the DEM elevation profile (9 points, see dem_processor.py)"
seg_1169798407_0,2215.2,7.19,mountain,"real: DEM sample (AWS Terrain Tiles (Skadi/SRTM1, ~30m, void-filled)), mean of 15/15 points along geometry (range 2203.3-2229.9m)","real: mean absolute gradient over the DEM elevation profile (15 points, see dem_processor.py)"
seg_1169798408_0,2089.4,7.91,mountain,"real: DEM sample (AWS Terrain Tiles (Skadi/SRTM1, ~30m, void-filled)), mean of 83/83 points along geometry (range 1989.5-2198.6m)","real: mean absolute gradient over the DEM elevation profile (83 points, see dem_processor.py)"
seg_1170044273_0,2257.1,9.88,mountain,"real: DEM sample (AWS Terrain Tiles (Skadi/SRTM1, ~30m, void-filled)), mean of 255/255 points along geometry (range 2055.8-2383.9m)","real: mean absolute gradient over the DEM elevation profile (255 points, see dem_processor.py)"
seg_1170044275_0,1629.5,9.18,mountain,"real: DEM sample (AWS Terrain Tiles (Skadi/SRTM1, ~30m, void-filled)), mean of 84/84 points along geometry (range 1521.3-1759.8m)","real: mean absolute gradient over the DEM elevation profile (84 points, see dem_processor.py)"
seg_1170473364_0,1376.8,10.73,hill,"real: DEM sample (AWS Terrain Tiles (Skadi/SRTM1, ~30m, void-filled)), mean of 85/85 points along geometry (range 1273.8-1529.5m)","real: mean absolute gradient over the DEM elevation profile (85 points, see dem_processor.py)"
seg_1170473364_1,1113.6,7.68,hill,"real: DEM sample (AWS Terrain Tiles (Skadi/SRTM1, ~30m, void-filled)), mean of 87/87 points along geometry (range 972.4-1277.8m)","real: mean absolute gradient over the DEM elevation profile (87 points, see dem_processor.py)"
seg_1170473365_0,1845.4,23.37,mountain,"real: DEM sample (AWS Terrain Tiles (Skadi/SRTM1, ~30m, void-filled)), mean of 17/17 points along geometry (range 1745.8-2056.1m)","real: mean absolute gradient over the DEM elevation profile (17 points, see dem_processor.py)"
seg_1170473366_0,1237.0,9.86,hill,"real: DEM sample (AWS Terrain Tiles (Skadi/SRTM1, ~30m, void-filled)), mean of 29/29 points along geometry (range 1199.8-1277.8m)","real: mean absolute gradient over the DEM elevation profile (29 points, see dem_processor.py)"
seg_1170528260_0,1290.4,5.25,hill,"real: DEM sample (AWS Terrain Tiles (Skadi/SRTM1, ~30m, void-filled)), mean of 6/6 points along geometry (range 1287.2-1293.6m)","real: mean absolute gradient over the DEM elevation profile (6 points, see dem_processor.py)"
seg_1170528260_1,1365.0,7.71,hill,"real: DEM sample (AWS Terrain Tiles (Skadi/SRTM1, ~30m, void-filled)), mean of 88/88 points along geometry (range 1290.9-1430.0m)","real: mean absolute gradient over the DEM elevation profile (88 points, see dem_processor.py)"
seg_1170528262_0,1284.9,8.62,hill,"real: DEM sample (AWS Terrain Tiles (Skadi/SRTM1, ~30m, void-filled)), mean of 5/5 points along geometry (range 1279.5-1292.5m)","real: mean absolute gradient over the DEM elevation profile (5 points, see dem_processor.py)"
seg_1171063880_0,1517.3,7.26,mountain,"real: DEM sample (AWS Terrain Tiles (Skadi/SRTM1, ~30m, void-filled)), mean of 76/76 points along geometry (range 1439.3-1615.6m)","real: mean absolute gradient over the DEM elevation profile (76 points, see dem_processor.py)"
seg_1171063880_1,1440.7,3.23,hill,"real: DEM sample (AWS Terrain Tiles (Skadi/SRTM1, ~30m, void-filled)), mean of 2/2 points along geometry (range 1439.8-1441.6m)","real: mean absolute gradient over the DEM elevation profile (2 points, see dem_processor.py)"
seg_1171063882_0,1504.3,6.95,mountain,"real: DEM sample (AWS Terrain Tiles (Skadi/SRTM1, ~30m, void-filled)), mean of 136/136 points along geometry (range 1412.0-1632.6m)","real: mean absolute gradient over the DEM elevation profile (136 points, see dem_processor.py)"
seg_1171063883_0,1686.9,16.06,mountain,"real: DEM sample (AWS Terrain Tiles (Skadi/SRTM1, ~30m, void-filled)), mean of 33/33 points along geometry (range 1639.0-1713.4m)","real: mean absolute gradient over the DEM elevation profile (33 points, see dem_processor.py)"
seg_1172016260_0,2226.0,6.88,mountain,"real: DEM sample (AWS Terrain Tiles (Skadi/SRTM1, ~30m, void-filled)), mean of 523/523 points along geometry (range 2002.3-2538.1m)","real: mean absolute gradient over the DEM elevation profile (523 points, see dem_processor.py)"
seg_1172016260_1,2598.4,6.25,mountain,"real: DEM sample (AWS Terrain Tiles (Skadi/SRTM1, ~30m, void-filled)), mean of 99/99 points along geometry (range 2533.9-2662.2m)","real: mean absolute gradient over the DEM elevation profile (99 points, see dem_processor.py)"
seg_1172016261_0,2005.0,5.59,mountain,"real: DEM sample (AWS Terrain Tiles (Skadi/SRTM1, ~30m, void-filled)), mean of 2/2 points along geometry (range 2002.3-2007.7m)","real: mean absolute gradient over the DEM elevation profile (2 points, see dem_processor.py)"
seg_1172385628_0,76.2,1.83,plain,"real: DEM sample (AWS Terrain Tiles (Skadi/SRTM1, ~30m, void-filled)), mean of 26/26 points along geometry (range 69.2-90.0m)","real: mean absolute gradient over the DEM elevation profile (26 points, see dem_processor.py)"
seg_1172385628_1,74.4,1.15,plain,"real: DEM sample (AWS Terrain Tiles (Skadi/SRTM1, ~30m, void-filled)), mean of 5/5 points along geometry (range 71.9-75.9m)","real: mean absolute gradient over the DEM elevation profile (5 points, see dem_processor.py)"
seg_1172385628_2,73.2,4.22,plain,"real: DEM sample (AWS Terrain Tiles (Skadi/SRTM1, ~30m, void-filled)), mean of 2/2 points along geometry (range 71.3-75.0m)","real: mean absolute gradient over the DEM elevation profile (2 points, see dem_processor.py)"
seg_1172386104_0,72.3,4.31,plain,"real: DEM sample (AWS Terrain Tiles (Skadi/SRTM1, ~30m, void-filled)), mean of 2/2 points along geometry (range 70.4-74.3m)","real: mean absolute gradient over the DEM elevation profile (2 points, see dem_processor.py)"
seg_1172386104_1,73.5,0.67,plain,"real: DEM sample (AWS Terrain Tiles (Skadi/SRTM1, ~30m, void-filled)), mean of 4/4 points along geometry (range 71.7-74.4m)","real: mean absolute gradient over the DEM elevation profile (4 points, see dem_processor.py)"
seg_1172386104_2,75.1,1.77,plain,"real: DEM sample (AWS Terrain Tiles (Skadi/SRTM1, ~30m, void-filled)), mean of 29/29 points along geometry (range 70.0-83.8m)","real: mean absolute gradient over the DEM elevation profile (29 points, see dem_processor.py)"
seg_1172386105_0,78.0,2.84,plain,"real: DEM sample (AWS Terrain Tiles (Skadi/SRTM1, ~30m, void-filled)), mean of 35/35 points along geometry (range 67.0-100.1m)","real: mean absolute gradient over the DEM elevation profile (35 points, see dem_processor.py)"
seg_1172642707_0,71.9,1.52,plain,"real: DEM sample (AWS Terrain Tiles (Skadi/SRTM1, ~30m, void-filled)), mean of 57/57 points along geometry (range 63.9-78.4m)","real: mean absolute gradient over the DEM elevation profile (57 points, see dem_processor.py)"
seg_1172642707_1,72.3,1.05,plain,"real: DEM sample (AWS Terrain Tiles (Skadi/SRTM1, ~30m, void-filled)), mean of 50/50 points along geometry (range 69.7-79.4m)","real: mean absolute gradient over the DEM elevation profile (50 points, see dem_processor.py)"
seg_1172642708_0,71.3,0.65,plain,"real: DEM sample (AWS Terrain Tiles (Skadi/SRTM1, ~30m, void-filled)), mean of 3/3 points along geometry (range 70.8-71.8m)","real: mean absolute gradient over the DEM elevation profile (3 points, see dem_processor.py)"
seg_1172642708_1,71.7,1.37,plain,"real: DEM sample (AWS Terrain Tiles (Skadi/SRTM1, ~30m, void-filled)), mean of 12/12 points along geometry (range 68.9-75.5m)","real: mean absolute gradient over the DEM elevation profile (12 points, see dem_processor.py)"
seg_1172642709_0,70.0,1.39,plain,"real: DEM sample (AWS Terrain Tiles (Skadi/SRTM1, ~30m, void-filled)), mean of 6/6 points along geometry (range 68.0-71.5m)","real: mean absolute gradient over the DEM elevation profile (6 points, see dem_processor.py)"
seg_1172642755_0,72.1,1.38,plain,"real: DEM sample (AWS Terrain Tiles (Skadi/SRTM1, ~30m, void-filled)), mean of 22/22 points along geometry (range 69.0-78.1m)","real: mean absolute gradient over the DEM elevation profile (22 points, see dem_processor.py)"
seg_1172642756_0,72.4,0.8,plain,"real: DEM sample (AWS Terrain Tiles (Skadi/SRTM1, ~30m, void-filled)), mean of 18/18 points along geometry (range 68.6-76.2m)","real: mean absolute gradient over the DEM elevation profile (18 points, see dem_processor.py)"
seg_1180151100_0,54.0,0.11,plain,"real: DEM sample (AWS Terrain Tiles (Skadi/SRTM1, ~30m, void-filled)), mean of 4/4 points along geometry (range 53.9-54.0m)","real: mean absolute gradient over the DEM elevation profile (4 points, see dem_processor.py)"
seg_1180151100_1,52.9,1.97,plain,"real: DEM sample (AWS Terrain Tiles (Skadi/SRTM1, ~30m, void-filled)), mean of 6/6 points along geometry (range 50.7-55.0m)","real: mean absolute gradient over the DEM elevation profile (6 points, see dem_processor.py)"
seg_1180151217_0,49.7,2.85,plain,"real: DEM sample (AWS Terrain Tiles (Skadi/SRTM1, ~30m, void-filled)), mean of 3/3 points along geometry (range 49.3-50.5m)","real: mean absolute gradient over the DEM elevation profile (3 points, see dem_processor.py)"
seg_1180151218_0,53.0,0.0,plain,"real: DEM sample (AWS Terrain Tiles (Skadi/SRTM1, ~30m, void-filled)), mean of 2/2 points along geometry (range 53.0-53.0m)","real: mean absolute gradient over the DEM elevation profile (2 points, see dem_processor.py)"
seg_1180151218_1,52.0,0.91,plain,"real: DEM sample (AWS Terrain Tiles (Skadi/SRTM1, ~30m, void-filled)), mean of 6/6 points along geometry (range 51.2-53.0m)","real: mean absolute gradient over the DEM elevation profile (6 points, see dem_processor.py)"
seg_1180151506_0,55.4,1.02,plain,"real: DEM sample (AWS Terrain Tiles (Skadi/SRTM1, ~30m, void-filled)), mean of 11/11 points along geometry (range 53.8-57.3m)","real: mean absolute gradient over the DEM elevation profile (11 points, see dem_processor.py)"
seg_1180151507_0,53.3,0.72,plain,"real: DEM sample (AWS Terrain Tiles (Skadi/SRTM1, ~30m, void-filled)), mean of 17/17 points along geometry (range 50.9-54.5m)","real: mean absolute gradient over the DEM elevation profile (17 points, see dem_processor.py)"
seg_1190512285_0,56.0,1.69,plain,"real: DEM sample (AWS Terrain Tiles (Skadi/SRTM1, ~30m, void-filled)), mean of 122/122 points along geometry (range 51.0-63.7m)","real: mean absolute gradient over the DEM elevation profile (122 points, see dem_processor.py)"
seg_1190512285_1,59.1,0.16,plain,"real: DEM sample (AWS Terrain Tiles (Skadi/SRTM1, ~30m, void-filled)), mean of 2/2 points along geometry (range 59.1-59.1m)","real: mean absolute gradient over the DEM elevation profile (2 points, see dem_processor.py)"
seg_1190512286_0,51.1,1.05,plain,"real: DEM sample (AWS Terrain Tiles (Skadi/SRTM1, ~30m, void-filled)), mean of 2/2 points along geometry (range 51.0-51.2m)","real: mean absolute gradient over the DEM elevation profile (2 points, see dem_processor.py)"
seg_1190808120_0,51.1,0.97,plain,"real: DEM sample (AWS Terrain Tiles (Skadi/SRTM1, ~30m, void-filled)), mean of 3/3 points along geometry (range 51.0-51.2m)","real: mean absolute gradient over the DEM elevation profile (3 points, see dem_processor.py)"
seg_1193729434_0,54.7,1.68,plain,"real: DEM sample (AWS Terrain Tiles (Skadi/SRTM1, ~30m, void-filled)), mean of 4/4 points along geometry (range 52.4-56.1m)","real: mean absolute gradient over the DEM elevation profile (4 points, see dem_processor.py)"
seg_1199467421_0,58.8,1.13,plain,"real: DEM sample (AWS Terrain Tiles (Skadi/SRTM1, ~30m, void-filled)), mean of 6/6 points along geometry (range 58.1-59.1m)","real: mean absolute gradient over the DEM elevation profile (6 points, see dem_processor.py)"
seg_1200772287_0,64.3,2.29,plain,"real: DEM sample (AWS Terrain Tiles (Skadi/SRTM1, ~30m, void-filled)), mean of 8/8 points along geometry (range 61.8-67.8m)","real: mean absolute gradient over the DEM elevation profile (8 points, see dem_processor.py)"
seg_1203521285_0,84.1,2.32,plain,"real: DEM sample (AWS Terrain Tiles (Skadi/SRTM1, ~30m, void-filled)), mean of 20/20 points along geometry (range 77.0-89.8m)","real: mean absolute gradient over the DEM elevation profile (20 points, see dem_processor.py)"
seg_1204084579_0,54.0,1.4,plain,"real: DEM sample (AWS Terrain Tiles (Skadi/SRTM1, ~30m, void-filled)), mean of 7/7 points along geometry (range 52.1-56.2m)","real: mean absolute gradient over the DEM elevation profile (7 points, see dem_processor.py)"
seg_1204084580_0,57.6,1.45,plain,"real: DEM sample (AWS Terrain Tiles (Skadi/SRTM1, ~30m, void-filled)), mean of 4/4 points along geometry (range 56.5-59.9m)","real: mean absolute gradient over the DEM elevation profile (4 points, see dem_processor.py)"
seg_1204084580_1,56.4,1.34,plain,"real: DEM sample (AWS Terrain Tiles (Skadi/SRTM1, ~30m, void-filled)), mean of 10/10 points along geometry (range 53.9-59.8m)","real: mean absolute gradient over the DEM elevation profile (10 points, see dem_processor.py)"
seg_1204084580_2,55.3,3.42,plain,"real: DEM sample (AWS Terrain Tiles (Skadi/SRTM1, ~30m, void-filled)), mean of 3/3 points along geometry (range 54.5-56.6m)","real: mean absolute gradient over the DEM elevation profile (3 points, see dem_processor.py)"
seg_1204084581_0,56.9,0.63,plain,"real: DEM sample (AWS Terrain Tiles (Skadi/SRTM1, ~30m, void-filled)), mean of 8/8 points along geometry (range 56.0-58.7m)","real: mean absolute gradient over the DEM elevation profile (8 points, see dem_processor.py)"
seg_1204084582_0,56.9,0.69,plain,"real: DEM sample (AWS Terrain Tiles (Skadi/SRTM1, ~30m, void-filled)), mean of 15/15 points along geometry (range 56.0-59.1m)","real: mean absolute gradient over the DEM elevation profile (15 points, see dem_processor.py)"
seg_1205055571_0,72.3,1.77,plain,"real: DEM sample (AWS Terrain Tiles (Skadi/SRTM1, ~30m, void-filled)), mean of 65/65 points along geometry (range 66.1-81.2m)","real: mean absolute gradient over the DEM elevation profile (65 points, see dem_processor.py)"
seg_1205415060_0,71.6,1.41,plain,"real: DEM sample (AWS Terrain Tiles (Skadi/SRTM1, ~30m, void-filled)), mean of 71/71 points along geometry (range 67.1-76.8m)","real: mean absolute gradient over the DEM elevation profile (71 points, see dem_processor.py)"
seg_1205415060_1,71.8,1.51,plain,"real: DEM sample (AWS Terrain Tiles (Skadi/SRTM1, ~30m, void-filled)), mean of 2/2 points along geometry (range 71.7-71.9m)","real: mean absolute gradient over the DEM elevation profile (2 points, see dem_processor.py)"
seg_1205415060_2,73.9,1.3,plain,"real: DEM sample (AWS Terrain Tiles (Skadi/SRTM1, ~30m, void-filled)), mean of 46/46 points along geometry (range 69.9-78.3m)","real: mean absolute gradient over the DEM elevation profile (46 points, see dem_processor.py)"
seg_1205415060_3,72.6,1.31,plain,"real: DEM sample (AWS Terrain Tiles (Skadi/SRTM1, ~30m, void-filled)), mean of 35/35 points along geometry (range 67.9-77.0m)","real: mean absolute gradient over the DEM elevation profile (35 points, see dem_processor.py)"
seg_1205415060_4,72.8,1.16,plain,"real: DEM sample (AWS Terrain Tiles (Skadi/SRTM1, ~30m, void-filled)), mean of 15/15 points along geometry (range 68.2-75.7m)","real: mean absolute gradient over the DEM elevation profile (15 points, see dem_processor.py)"
seg_1205415060_5,76.5,1.24,plain,"real: DEM sample (AWS Terrain Tiles (Skadi/SRTM1, ~30m, void-filled)), mean of 4/4 points along geometry (range 74.1-78.5m)","real: mean absolute gradient over the DEM elevation profile (4 points, see dem_processor.py)"
seg_1205415061_0,74.0,0.79,plain,"real: DEM sample (AWS Terrain Tiles (Skadi/SRTM1, ~30m, void-filled)), mean of 3/3 points along geometry (range 73.4-74.6m)","real: mean absolute gradient over the DEM elevation profile (3 points, see dem_processor.py)"
seg_1209648724_0,58.4,0.98,plain,"real: DEM sample (AWS Terrain Tiles (Skadi/SRTM1, ~30m, void-filled)), mean of 12/12 points along geometry (range 56.3-60.6m)","real: mean absolute gradient over the DEM elevation profile (12 points, see dem_processor.py)"
seg_1210473142_0,56.3,1.26,plain,"real: DEM sample (AWS Terrain Tiles (Skadi/SRTM1, ~30m, void-filled)), mean of 2/2 points along geometry (range 56.2-56.4m)","real: mean absolute gradient over the DEM elevation profile (2 points, see dem_processor.py)"
seg_1210473143_0,56.2,3.24,plain,"real: DEM sample (AWS Terrain Tiles (Skadi/SRTM1, ~30m, void-filled)), mean of 2/2 points along geometry (range 56.0-56.4m)","real: mean absolute gradient over the DEM elevation profile (2 points, see dem_processor.py)"
seg_1211521032_0,56.7,1.55,plain,"real: DEM sample (AWS Terrain Tiles (Skadi/SRTM1, ~30m, void-filled)), mean of 4/4 points along geometry (range 55.1-58.6m)","real: mean absolute gradient over the DEM elevation profile (4 points, see dem_processor.py)"
seg_1211537585_0,60.5,0.89,plain,"real: DEM sample (AWS Terrain Tiles (Skadi/SRTM1, ~30m, void-filled)), mean of 2/2 points along geometry (range 60.3-60.6m)","real: mean absolute gradient over the DEM elevation profile (2 points, see dem_processor.py)"
seg_1211537586_0,59.3,4.24,plain,"real: DEM sample (AWS Terrain Tiles (Skadi/SRTM1, ~30m, void-filled)), mean of 2/2 points along geometry (range 58.8-59.7m)","real: mean absolute gradient over the DEM elevation profile (2 points, see dem_processor.py)"
seg_1214448839_0,49.1,0.11,plain,"real: DEM sample (AWS Terrain Tiles (Skadi/SRTM1, ~30m, void-filled)), mean of 2/2 points along geometry (range 49.1-49.1m)","real: mean absolute gradient over the DEM elevation profile (2 points, see dem_processor.py)"
seg_1215962194_0,227.6,9.07,plain,"real: DEM sample (AWS Terrain Tiles (Skadi/SRTM1, ~30m, void-filled)), mean of 139/139 points along geometry (range 197.0-254.6m)","real: mean absolute gradient over the DEM elevation profile (139 points, see dem_processor.py)"
seg_1215962197_0,1471.6,14.83,hill,"real: DEM sample (AWS Terrain Tiles (Skadi/SRTM1, ~30m, void-filled)), mean of 39/39 points along geometry (range 1422.7-1520.5m)","real: mean absolute gradient over the DEM elevation profile (39 points, see dem_processor.py)"
seg_1215962198_0,1502.2,11.99,mountain,"real: DEM sample (AWS Terrain Tiles (Skadi/SRTM1, ~30m, void-filled)), mean of 2/2 points along geometry (range 1501.6-1502.9m)","real: mean absolute gradient over the DEM elevation profile (2 points, see dem_processor.py)"
seg_1216161241_0,61.5,0.51,plain,"real: DEM sample (AWS Terrain Tiles (Skadi/SRTM1, ~30m, void-filled)), mean of 4/4 points along geometry (range 61.1-62.0m)","real: mean absolute gradient over the DEM elevation profile (4 points, see dem_processor.py)"
seg_1217478195_0,176.0,4.59,plain,"real: DEM sample (AWS Terrain Tiles (Skadi/SRTM1, ~30m, void-filled)), mean of 404/404 points along geometry (range 157.9-200.7m)","real: mean absolute gradient over the DEM elevation profile (404 points, see dem_processor.py)"
seg_1217671033_0,199.4,3.01,plain,"real: DEM sample (AWS Terrain Tiles (Skadi/SRTM1, ~30m, void-filled)), mean of 3/3 points along geometry (range 199.1-199.9m)","real: mean absolute gradient over the DEM elevation profile (3 points, see dem_processor.py)"
seg_1217671034_0,197.3,2.91,plain,"real: DEM sample (AWS Terrain Tiles (Skadi/SRTM1, ~30m, void-filled)), mean of 3/3 points along geometry (range 195.6-199.1m)","real: mean absolute gradient over the DEM elevation profile (3 points, see dem_processor.py)"
seg_1218448726_0,51.0,3.45,plain,"real: DEM sample (AWS Terrain Tiles (Skadi/SRTM1, ~30m, void-filled)), mean of 2/2 points along geometry (range 50.1-51.9m)","real: mean absolute gradient over the DEM elevation profile (2 points, see dem_processor.py)"
seg_1220428919_0,75.0,0.0,plain,"real: DEM sample (AWS Terrain Tiles (Skadi/SRTM1, ~30m, void-filled)), mean of 2/2 points along geometry (range 75.0-75.0m)","real: mean absolute gradient over the DEM elevation profile (2 points, see dem_processor.py)"
seg_1223110857_0,77.0,0.72,plain,"real: DEM sample (AWS Terrain Tiles (Skadi/SRTM1, ~30m, void-filled)), mean of 4/4 points along geometry (range 76.6-77.9m)","real: mean absolute gradient over the DEM elevation profile (4 points, see dem_processor.py)"
seg_1224696303_0,53.7,1.94,plain,"real: DEM sample (AWS Terrain Tiles (Skadi/SRTM1, ~30m, void-filled)), mean of 3/3 points along geometry (range 52.6-54.4m)","real: mean absolute gradient over the DEM elevation profile (3 points, see dem_processor.py)"
seg_1225015801_0,60.3,0.58,plain,"real: DEM sample (AWS Terrain Tiles (Skadi/SRTM1, ~30m, void-filled)), mean of 2/2 points along geometry (range 60.1-60.5m)","real: mean absolute gradient over the DEM elevation profile (2 points, see dem_processor.py)"
seg_1225015801_1,60.7,1.3,plain,"real: DEM sample (AWS Terrain Tiles (Skadi/SRTM1, ~30m, void-filled)), mean of 3/3 points along geometry (range 60.1-61.6m)","real: mean absolute gradient over the DEM elevation profile (3 points, see dem_processor.py)"
seg_1234807535_0,60.3,1.89,plain,"real: DEM sample (AWS Terrain Tiles (Skadi/SRTM1, ~30m, void-filled)), mean of 3/3 points along geometry (range 58.1-62.4m)","real: mean absolute gradient over the DEM elevation profile (3 points, see dem_processor.py)"
seg_1238593177_0,65.7,1.81,plain,"real: DEM sample (AWS Terrain Tiles (Skadi/SRTM1, ~30m, void-filled)), mean of 5/5 points along geometry (range 63.3-67.3m)","real: mean absolute gradient over the DEM elevation profile (5 points, see dem_processor.py)"
seg_1238593177_1,64.6,0.89,plain,"real: DEM sample (AWS Terrain Tiles (Skadi/SRTM1, ~30m, void-filled)), mean of 6/6 points along geometry (range 62.5-66.3m)","real: mean absolute gradient over the DEM elevation profile (6 points, see dem_processor.py)"
seg_1238593177_2,63.3,2.18,plain,"real: DEM sample (AWS Terrain Tiles (Skadi/SRTM1, ~30m, void-filled)), mean of 10/10 points along geometry (range 61.0-66.7m)","real: mean absolute gradient over the DEM elevation profile (10 points, see dem_processor.py)"
seg_1238593177_3,63.8,2.05,plain,"real: DEM sample (AWS Terrain Tiles (Skadi/SRTM1, ~30m, void-filled)), mean of 3/3 points along geometry (range 63.3-64.0m)","real: mean absolute gradient over the DEM elevation profile (3 points, see dem_processor.py)"
seg_1244284016_0,60.3,0.82,plain,"real: DEM sample (AWS Terrain Tiles (Skadi/SRTM1, ~30m, void-filled)), mean of 4/4 points along geometry (range 59.7-61.2m)","real: mean absolute gradient over the DEM elevation profile (4 points, see dem_processor.py)"
seg_1246237801_0,51.1,1.17,plain,"real: DEM sample (AWS Terrain Tiles (Skadi/SRTM1, ~30m, void-filled)), mean of 8/8 points along geometry (range 49.8-53.1m)","real: mean absolute gradient over the DEM elevation profile (8 points, see dem_processor.py)"
seg_1254970067_0,54.3,0.82,plain,"real: DEM sample (AWS Terrain Tiles (Skadi/SRTM1, ~30m, void-filled)), mean of 35/35 points along geometry (range 53.0-56.2m)","real: mean absolute gradient over the DEM elevation profile (35 points, see dem_processor.py)"
seg_1254970076_0,57.5,1.77,plain,"real: DEM sample (AWS Terrain Tiles (Skadi/SRTM1, ~30m, void-filled)), mean of 23/23 points along geometry (range 55.0-60.6m)","real: mean absolute gradient over the DEM elevation profile (23 points, see dem_processor.py)"
seg_1254970077_0,54.8,1.19,plain,"real: DEM sample (AWS Terrain Tiles (Skadi/SRTM1, ~30m, void-filled)), mean of 111/111 points along geometry (range 48.4-60.3m)","real: mean absolute gradient over the DEM elevation profile (111 points, see dem_processor.py)"
seg_1254970083_0,54.1,2.66,plain,"real: DEM sample (AWS Terrain Tiles (Skadi/SRTM1, ~30m, void-filled)), mean of 2/2 points along geometry (range 52.7-55.5m)","real: mean absolute gradient over the DEM elevation profile (2 points, see dem_processor.py)"
seg_1254970084_0,54.2,1.85,plain,"real: DEM sample (AWS Terrain Tiles (Skadi/SRTM1, ~30m, void-filled)), mean of 18/18 points along geometry (range 50.3-56.1m)","real: mean absolute gradient over the DEM elevation profile (18 points, see dem_processor.py)"
seg_1255370583_0,55.2,1.96,plain,"real: DEM sample (AWS Terrain Tiles (Skadi/SRTM1, ~30m, void-filled)), mean of 91/91 points along geometry (range 49.9-60.9m)","real: mean absolute gradient over the DEM elevation profile (91 points, see dem_processor.py)"
seg_1255710649_0,59.1,1.02,plain,"real: DEM sample (AWS Terrain Tiles (Skadi/SRTM1, ~30m, void-filled)), mean of 43/43 points along geometry (range 56.0-62.6m)","real: mean absolute gradient over the DEM elevation profile (43 points, see dem_processor.py)"
seg_1255710651_0,57.5,3.25,plain,"real: DEM sample (AWS Terrain Tiles (Skadi/SRTM1, ~30m, void-filled)), mean of 3/3 points along geometry (range 56.6-58.3m)","real: mean absolute gradient over the DEM elevation profile (3 points, see dem_processor.py)"
seg_1255710653_0,56.0,1.37,plain,"real: DEM sample (AWS Terrain Tiles (Skadi/SRTM1, ~30m, void-filled)), mean of 8/8 points along geometry (range 54.4-57.3m)","real: mean absolute gradient over the DEM elevation profile (8 points, see dem_processor.py)"
seg_1255710655_0,55.8,0.61,plain,"real: DEM sample (AWS Terrain Tiles (Skadi/SRTM1, ~30m, void-filled)), mean of 23/23 points along geometry (range 54.8-57.5m)","real: mean absolute gradient over the DEM elevation profile (23 points, see dem_processor.py)"
seg_1255710656_0,55.2,1.13,plain,"real: DEM sample (AWS Terrain Tiles (Skadi/SRTM1, ~30m, void-filled)), mean of 28/28 points along geometry (range 53.1-58.8m)","real: mean absolute gradient over the DEM elevation profile (28 points, see dem_processor.py)"
seg_1255710659_0,57.4,0.94,plain,"real: DEM sample (AWS Terrain Tiles (Skadi/SRTM1, ~30m, void-filled)), mean of 58/58 points along geometry (range 54.0-60.0m)","real: mean absolute gradient over the DEM elevation profile (58 points, see dem_processor.py)"
seg_1255710660_0,57.7,1.17,plain,"real: DEM sample (AWS Terrain Tiles (Skadi/SRTM1, ~30m, void-filled)), mean of 23/23 points along geometry (range 56.3-59.8m)","real: mean absolute gradient over the DEM elevation profile (23 points, see dem_processor.py)"
seg_1255710662_0,59.6,0.99,plain,"real: DEM sample (AWS Terrain Tiles (Skadi/SRTM1, ~30m, void-filled)), mean of 45/45 points along geometry (range 56.1-62.6m)","real: mean absolute gradient over the DEM elevation profile (45 points, see dem_processor.py)"
seg_1255710663_0,58.8,1.99,plain,"real: DEM sample (AWS Terrain Tiles (Skadi/SRTM1, ~30m, void-filled)), mean of 3/3 points along geometry (range 57.5-60.9m)","real: mean absolute gradient over the DEM elevation profile (3 points, see dem_processor.py)"
seg_1257321454_0,60.3,1.28,plain,"real: DEM sample (AWS Terrain Tiles (Skadi/SRTM1, ~30m, void-filled)), mean of 10/10 points along geometry (range 58.0-64.2m)","real: mean absolute gradient over the DEM elevation profile (10 points, see dem_processor.py)"
seg_1257321454_1,64.6,3.67,plain,"real: DEM sample (AWS Terrain Tiles (Skadi/SRTM1, ~30m, void-filled)), mean of 3/3 points along geometry (range 64.2-65.2m)","real: mean absolute gradient over the DEM elevation profile (3 points, see dem_processor.py)"
seg_1258150362_0,57.1,0.84,plain,"real: DEM sample (AWS Terrain Tiles (Skadi/SRTM1, ~30m, void-filled)), mean of 7/7 points along geometry (range 55.6-58.8m)","real: mean absolute gradient over the DEM elevation profile (7 points, see dem_processor.py)"
seg_1258475234_0,65.2,5.51,plain,"real: DEM sample (AWS Terrain Tiles (Skadi/SRTM1, ~30m, void-filled)), mean of 2/2 points along geometry (range 64.6-65.9m)","real: mean absolute gradient over the DEM elevation profile (2 points, see dem_processor.py)"
seg_1260641175_0,3732.8,7.81,mountain,"real: DEM sample (AWS Terrain Tiles (Skadi/SRTM1, ~30m, void-filled)), mean of 270/270 points along geometry (range 3575.9-3933.2m)","real: mean absolute gradient over the DEM elevation profile (270 points, see dem_processor.py)"
seg_1260641176_0,3969.9,14.91,mountain,"real: DEM sample (AWS Terrain Tiles (Skadi/SRTM1, ~30m, void-filled)), mean of 44/44 points along geometry (range 3942.6-4012.0m)","real: mean absolute gradient over the DEM elevation profile (44 points, see dem_processor.py)"
seg_1260641177_0,4038.3,26.14,mountain,"real: DEM sample (AWS Terrain Tiles (Skadi/SRTM1, ~30m, void-filled)), mean of 14/14 points along geometry (range 3933.2-4152.0m)","real: mean absolute gradient over the DEM elevation profile (14 points, see dem_processor.py)"
seg_1260641178_0,3951.2,7.36,mountain,"real: DEM sample (AWS Terrain Tiles (Skadi/SRTM1, ~30m, void-filled)), mean of 29/29 points along geometry (range 3934.7-3993.5m)","real: mean absolute gradient over the DEM elevation profile (29 points, see dem_processor.py)"
seg_1260641180_0,3979.1,4.23,mountain,"real: DEM sample (AWS Terrain Tiles (Skadi/SRTM1, ~30m, void-filled)), mean of 100/100 points along geometry (range 3938.8-4024.7m)","real: mean absolute gradient over the DEM elevation profile (100 points, see dem_processor.py)"
seg_1260641184_0,3935.8,5.09,mountain,"real: DEM sample (AWS Terrain Tiles (Skadi/SRTM1, ~30m, void-filled)), mean of 3/3 points along geometry (range 3934.3-3938.8m)","real: mean absolute gradient over the DEM elevation profile (3 points, see dem_processor.py)"
seg_1260641185_0,3934.6,1.58,mountain,"real: DEM sample (AWS Terrain Tiles (Skadi/SRTM1, ~30m, void-filled)), mean of 2/2 points along geometry (range 3934.4-3934.7m)","real: mean absolute gradient over the DEM elevation profile (2 points, see dem_processor.py)"
seg_1263150909_0,61.1,1.21,plain,"real: DEM sample (AWS Terrain Tiles (Skadi/SRTM1, ~30m, void-filled)), mean of 35/35 points along geometry (range 55.7-65.3m)","real: mean absolute gradient over the DEM elevation profile (35 points, see dem_processor.py)"
seg_1263150910_0,57.5,2.22,plain,"real: DEM sample (AWS Terrain Tiles (Skadi/SRTM1, ~30m, void-filled)), mean of 3/3 points along geometry (range 55.5-59.9m)","real: mean absolute gradient over the DEM elevation profile (3 points, see dem_processor.py)"
seg_1263291412_0,60.7,1.1,plain,"real: DEM sample (AWS Terrain Tiles (Skadi/SRTM1, ~30m, void-filled)), mean of 85/85 points along geometry (range 57.0-66.0m)","real: mean absolute gradient over the DEM elevation profile (85 points, see dem_processor.py)"
seg_1263300333_0,60.5,1.1,plain,"real: DEM sample (AWS Terrain Tiles (Skadi/SRTM1, ~30m, void-filled)), mean of 37/37 points along geometry (range 56.1-65.7m)","real: mean absolute gradient over the DEM elevation profile (37 points, see dem_processor.py)"
seg_1266648458_0,57.0,0.95,plain,"real: DEM sample (AWS Terrain Tiles (Skadi/SRTM1, ~30m, void-filled)), mean of 7/7 points along geometry (range 55.9-58.0m)","real: mean absolute gradient over the DEM elevation profile (7 points, see dem_processor.py)"
seg_1266648458_1,59.0,3.07,plain,"real: DEM sample (AWS Terrain Tiles (Skadi/SRTM1, ~30m, void-filled)), mean of 3/3 points along geometry (range 58.0-59.9m)","real: mean absolute gradient over the DEM elevation profile (3 points, see dem_processor.py)"
seg_1266648458_2,61.4,2.1,plain,"real: DEM sample (AWS Terrain Tiles (Skadi/SRTM1, ~30m, void-filled)), mean of 9/9 points along geometry (range 58.3-65.9m)","real: mean absolute gradient over the DEM elevation profile (9 points, see dem_processor.py)"
seg_1266648458_3,65.4,1.14,plain,"real: DEM sample (AWS Terrain Tiles (Skadi/SRTM1, ~30m, void-filled)), mean of 8/8 points along geometry (range 64.1-67.2m)","real: mean absolute gradient over the DEM elevation profile (8 points, see dem_processor.py)"
seg_1266648458_4,69.9,1.49,plain,"real: DEM sample (AWS Terrain Tiles (Skadi/SRTM1, ~30m, void-filled)), mean of 19/19 points along geometry (range 65.2-79.8m)","real: mean absolute gradient over the DEM elevation profile (19 points, see dem_processor.py)"
seg_1266648458_5,65.7,2.45,plain,"real: DEM sample (AWS Terrain Tiles (Skadi/SRTM1, ~30m, void-filled)), mean of 11/11 points along geometry (range 60.8-77.3m)","real: mean absolute gradient over the DEM elevation profile (11 points, see dem_processor.py)"
seg_1266648607_0,66.9,2.81,plain,"real: DEM sample (AWS Terrain Tiles (Skadi/SRTM1, ~30m, void-filled)), mean of 10/10 points along geometry (range 60.9-75.5m)","real: mean absolute gradient over the DEM elevation profile (10 points, see dem_processor.py)"
seg_1266648607_1,68.9,1.33,plain,"real: DEM sample (AWS Terrain Tiles (Skadi/SRTM1, ~30m, void-filled)), mean of 16/16 points along geometry (range 63.7-76.7m)","real: mean absolute gradient over the DEM elevation profile (16 points, see dem_processor.py)"
seg_1266648607_2,64.7,0.44,plain,"real: DEM sample (AWS Terrain Tiles (Skadi/SRTM1, ~30m, void-filled)), mean of 7/7 points along geometry (range 64.2-65.7m)","real: mean absolute gradient over the DEM elevation profile (7 points, see dem_processor.py)"
seg_1266648607_3,60.1,2.37,plain,"real: DEM sample (AWS Terrain Tiles (Skadi/SRTM1, ~30m, void-filled)), mean of 7/7 points along geometry (range 57.0-64.3m)","real: mean absolute gradient over the DEM elevation profile (7 points, see dem_processor.py)"
seg_1266648607_4,56.7,1.26,plain,"real: DEM sample (AWS Terrain Tiles (Skadi/SRTM1, ~30m, void-filled)), mean of 7/7 points along geometry (range 55.6-58.8m)","real: mean absolute gradient over the DEM elevation profile (7 points, see dem_processor.py)"
seg_1266764608_0,54.1,0.19,plain,"real: DEM sample (AWS Terrain Tiles (Skadi/SRTM1, ~30m, void-filled)), mean of 4/4 points along geometry (range 53.8-54.3m)","real: mean absolute gradient over the DEM elevation profile (4 points, see dem_processor.py)"
seg_1266764609_0,53.8,0.13,plain,"real: DEM sample (AWS Terrain Tiles (Skadi/SRTM1, ~30m, void-filled)), mean of 2/2 points along geometry (range 53.8-53.8m)","real: mean absolute gradient over the DEM elevation profile (2 points, see dem_processor.py)"
seg_1266775599_0,60.7,0.91,plain,"real: DEM sample (AWS Terrain Tiles (Skadi/SRTM1, ~30m, void-filled)), mean of 7/7 points along geometry (range 59.5-62.1m)","real: mean absolute gradient over the DEM elevation profile (7 points, see dem_processor.py)"
seg_1266775600_0,61.0,0.0,plain,"real: DEM sample (AWS Terrain Tiles (Skadi/SRTM1, ~30m, void-filled)), mean of 2/2 points along geometry (range 61.0-61.0m)","real: mean absolute gradient over the DEM elevation profile (2 points, see dem_processor.py)"
seg_1266775601_0,60.2,1.4,plain,"real: DEM sample (AWS Terrain Tiles (Skadi/SRTM1, ~30m, void-filled)), mean of 2/2 points along geometry (range 60.0-60.4m)","real: mean absolute gradient over the DEM elevation profile (2 points, see dem_processor.py)"
seg_1266775602_0,60.7,1.39,plain,"real: DEM sample (AWS Terrain Tiles (Skadi/SRTM1, ~30m, void-filled)), mean of 4/4 points along geometry (range 60.4-61.0m)","real: mean absolute gradient over the DEM elevation profile (4 points, see dem_processor.py)"
seg_1266997776_0,56.1,1.4,plain,"real: DEM sample (AWS Terrain Tiles (Skadi/SRTM1, ~30m, void-filled)), mean of 16/16 points along geometry (range 53.7-58.8m)","real: mean absolute gradient over the DEM elevation profile (16 points, see dem_processor.py)"
seg_1266997777_0,55.1,1.01,plain,"real: DEM sample (AWS Terrain Tiles (Skadi/SRTM1, ~30m, void-filled)), mean of 12/12 points along geometry (range 53.2-56.8m)","real: mean absolute gradient over the DEM elevation profile (12 points, see dem_processor.py)"
seg_1266997778_0,51.0,1.11,plain,"real: DEM sample (AWS Terrain Tiles (Skadi/SRTM1, ~30m, void-filled)), mean of 6/6 points along geometry (range 50.1-52.0m)","real: mean absolute gradient over the DEM elevation profile (6 points, see dem_processor.py)"
seg_1266997779_0,51.8,2.61,plain,"real: DEM sample (AWS Terrain Tiles (Skadi/SRTM1, ~30m, void-filled)), mean of 2/2 points along geometry (range 51.5-52.0m)","real: mean absolute gradient over the DEM elevation profile (2 points, see dem_processor.py)"
seg_1266997780_0,56.7,1.22,plain,"real: DEM sample (AWS Terrain Tiles (Skadi/SRTM1, ~30m, void-filled)), mean of 2/2 points along geometry (range 56.6-56.8m)","real: mean absolute gradient over the DEM elevation profile (2 points, see dem_processor.py)"
seg_1266997782_0,59.2,1.0,plain,"real: DEM sample (AWS Terrain Tiles (Skadi/SRTM1, ~30m, void-filled)), mean of 2/2 points along geometry (range 59.1-59.4m)","real: mean absolute gradient over the DEM elevation profile (2 points, see dem_processor.py)"
seg_1266997783_0,56.0,0.02,plain,"real: DEM sample (AWS Terrain Tiles (Skadi/SRTM1, ~30m, void-filled)), mean of 2/2 points along geometry (range 56.0-56.0m)","real: mean absolute gradient over the DEM elevation profile (2 points, see dem_processor.py)"
seg_1266997784_0,56.0,0.0,plain,"real: DEM sample (AWS Terrain Tiles (Skadi/SRTM1, ~30m, void-filled)), mean of 2/2 points along geometry (range 56.0-56.0m)","real: mean absolute gradient over the DEM elevation profile (2 points, see dem_processor.py)"
seg_1267001373_0,59.7,1.67,plain,"real: DEM sample (AWS Terrain Tiles (Skadi/SRTM1, ~30m, void-filled)), mean of 2/2 points along geometry (range 59.5-60.0m)","real: mean absolute gradient over the DEM elevation profile (2 points, see dem_processor.py)"
seg_1267009904_0,56.3,0.08,plain,"real: DEM sample (AWS Terrain Tiles (Skadi/SRTM1, ~30m, void-filled)), mean of 2/2 points along geometry (range 56.3-56.3m)","real: mean absolute gradient over the DEM elevation profile (2 points, see dem_processor.py)"
seg_1267009905_0,55.7,1.15,plain,"real: DEM sample (AWS Terrain Tiles (Skadi/SRTM1, ~30m, void-filled)), mean of 2/2 points along geometry (range 55.5-55.9m)","real: mean absolute gradient over the DEM elevation profile (2 points, see dem_processor.py)"
seg_1267016276_0,59.4,1.47,plain,"real: DEM sample (AWS Terrain Tiles (Skadi/SRTM1, ~30m, void-filled)), mean of 2/2 points along geometry (range 59.2-59.7m)","real: mean absolute gradient over the DEM elevation profile (2 points, see dem_processor.py)"
seg_1267016276_1,56.1,1.03,plain,"real: DEM sample (AWS Terrain Tiles (Skadi/SRTM1, ~30m, void-filled)), mean of 31/31 points along geometry (range 52.4-59.2m)","real: mean absolute gradient over the DEM elevation profile (31 points, see dem_processor.py)"
seg_1267016629_0,54.5,1.06,plain,"real: DEM sample (AWS Terrain Tiles (Skadi/SRTM1, ~30m, void-filled)), mean of 4/4 points along geometry (range 54.1-55.0m)","real: mean absolute gradient over the DEM elevation profile (4 points, see dem_processor.py)"
seg_1267016630_0,54.1,1.05,plain,"real: DEM sample (AWS Terrain Tiles (Skadi/SRTM1, ~30m, void-filled)), mean of 4/4 points along geometry (range 54.0-54.1m)","real: mean absolute gradient over the DEM elevation profile (4 points, see dem_processor.py)"
seg_1267016630_1,54.1,0.98,plain,"real: DEM sample (AWS Terrain Tiles (Skadi/SRTM1, ~30m, void-filled)), mean of 3/3 points along geometry (range 54.1-54.2m)","real: mean absolute gradient over the DEM elevation profile (3 points, see dem_processor.py)"
seg_1267016630_2,54.2,0.34,plain,"real: DEM sample (AWS Terrain Tiles (Skadi/SRTM1, ~30m, void-filled)), mean of 4/4 points along geometry (range 54.2-54.2m)","real: mean absolute gradient over the DEM elevation profile (4 points, see dem_processor.py)"
seg_1267016630_3,54.1,0.98,plain,"real: DEM sample (AWS Terrain Tiles (Skadi/SRTM1, ~30m, void-filled)), mean of 4/4 points along geometry (range 54.0-54.2m)","real: mean absolute gradient over the DEM elevation profile (4 points, see dem_processor.py)"
seg_1267016630_4,54.0,0.49,plain,"real: DEM sample (AWS Terrain Tiles (Skadi/SRTM1, ~30m, void-filled)), mean of 5/5 points along geometry (range 54.0-54.1m)","real: mean absolute gradient over the DEM elevation profile (5 points, see dem_processor.py)"
seg_1267016630_5,54.1,0.98,plain,"real: DEM sample (AWS Terrain Tiles (Skadi/SRTM1, ~30m, void-filled)), mean of 2/2 points along geometry (range 54.1-54.1m)","real: mean absolute gradient over the DEM elevation profile (2 points, see dem_processor.py)"
seg_1267016630_6,54.2,0.91,plain,"real: DEM sample (AWS Terrain Tiles (Skadi/SRTM1, ~30m, void-filled)), mean of 3/3 points along geometry (range 54.1-54.2m)","real: mean absolute gradient over the DEM elevation profile (3 points, see dem_processor.py)"
seg_1267016630_7,54.2,0.41,plain,"real: DEM sample (AWS Terrain Tiles (Skadi/SRTM1, ~30m, void-filled)), mean of 4/4 points along geometry (range 54.2-54.2m)","real: mean absolute gradient over the DEM elevation profile (4 points, see dem_processor.py)"
seg_1267016630_8,54.2,1.19,plain,"real: DEM sample (AWS Terrain Tiles (Skadi/SRTM1, ~30m, void-filled)), mean of 3/3 points along geometry (range 54.1-54.2m)","real: mean absolute gradient over the DEM elevation profile (3 points, see dem_processor.py)"
seg_1267016631_0,54.7,1.32,plain,"real: DEM sample (AWS Terrain Tiles (Skadi/SRTM1, ~30m, void-filled)), mean of 4/4 points along geometry (range 54.2-55.1m)","real: mean absolute gradient over the DEM elevation profile (4 points, see dem_processor.py)"
seg_1267016632_0,54.7,1.14,plain,"real: DEM sample (AWS Terrain Tiles (Skadi/SRTM1, ~30m, void-filled)), mean of 3/3 points along geometry (range 54.2-55.0m)","real: mean absolute gradient over the DEM elevation profile (3 points, see dem_processor.py)"
seg_1267016633_0,54.8,1.37,plain,"real: DEM sample (AWS Terrain Tiles (Skadi/SRTM1, ~30m, void-filled)), mean of 4/4 points along geometry (range 54.2-55.2m)","real: mean absolute gradient over the DEM elevation profile (4 points, see dem_processor.py)"
seg_1267017648_0,53.3,1.8,plain,"real: DEM sample (AWS Terrain Tiles (Skadi/SRTM1, ~30m, void-filled)), mean of 2/2 points along geometry (range 53.0-53.6m)","real: mean absolute gradient over the DEM elevation profile (2 points, see dem_processor.py)"
seg_1267017649_0,53.8,1.76,plain,"real: DEM sample (AWS Terrain Tiles (Skadi/SRTM1, ~30m, void-filled)), mean of 10/10 points along geometry (range 51.4-55.7m)","real: mean absolute gradient over the DEM elevation profile (10 points, see dem_processor.py)"
seg_1267017649_1,54.6,1.73,plain,"real: DEM sample (AWS Terrain Tiles (Skadi/SRTM1, ~30m, void-filled)), mean of 7/7 points along geometry (range 53.3-55.9m)","real: mean absolute gradient over the DEM elevation profile (7 points, see dem_processor.py)"
seg_1267017650_0,53.8,1.43,plain,"real: DEM sample (AWS Terrain Tiles (Skadi/SRTM1, ~30m, void-filled)), mean of 2/2 points along geometry (range 53.7-54.0m)","real: mean absolute gradient over the DEM elevation profile (2 points, see dem_processor.py)"
seg_1267017651_0,53.4,1.0,plain,"real: DEM sample (AWS Terrain Tiles (Skadi/SRTM1, ~30m, void-filled)), mean of 2/2 points along geometry (range 53.2-53.7m)","real: mean absolute gradient over the DEM elevation profile (2 points, see dem_processor.py)"
seg_1267017652_0,54.5,1.32,plain,"real: DEM sample (AWS Terrain Tiles (Skadi/SRTM1, ~30m, void-filled)), mean of 6/6 points along geometry (range 53.4-55.3m)","real: mean absolute gradient over the DEM elevation profile (6 points, see dem_processor.py)"
seg_1267017652_1,54.1,1.5,plain,"real: DEM sample (AWS Terrain Tiles (Skadi/SRTM1, ~30m, void-filled)), mean of 9/9 points along geometry (range 52.7-55.9m)","real: mean absolute gradient over the DEM elevation profile (9 points, see dem_processor.py)"
seg_1267017653_0,53.3,1.65,plain,"real: DEM sample (AWS Terrain Tiles (Skadi/SRTM1, ~30m, void-filled)), mean of 2/2 points along geometry (range 53.3-53.3m)","real: mean absolute gradient over the DEM elevation profile (2 points, see dem_processor.py)"
seg_1267017653_1,53.2,1.73,plain,"real: DEM sample (AWS Terrain Tiles (Skadi/SRTM1, ~30m, void-filled)), mean of 5/5 points along geometry (range 53.1-53.3m)","real: mean absolute gradient over the DEM elevation profile (5 points, see dem_processor.py)"
seg_1267017653_2,53.0,0.62,plain,"real: DEM sample (AWS Terrain Tiles (Skadi/SRTM1, ~30m, void-filled)), mean of 4/4 points along geometry (range 53.0-53.1m)","real: mean absolute gradient over the DEM elevation profile (4 points, see dem_processor.py)"
seg_1267017653_3,53.1,1.31,plain,"real: DEM sample (AWS Terrain Tiles (Skadi/SRTM1, ~30m, void-filled)), mean of 6/6 points along geometry (range 53.0-53.2m)","real: mean absolute gradient over the DEM elevation profile (6 points, see dem_processor.py)"
seg_1267017653_4,53.3,1.24,plain,"real: DEM sample (AWS Terrain Tiles (Skadi/SRTM1, ~30m, void-filled)), mean of 6/6 points along geometry (range 53.2-53.4m)","real: mean absolute gradient over the DEM elevation profile (6 points, see dem_processor.py)"
seg_1267017653_5,53.4,0.73,plain,"real: DEM sample (AWS Terrain Tiles (Skadi/SRTM1, ~30m, void-filled)), mean of 4/4 points along geometry (range 53.3-53.4m)","real: mean absolute gradient over the DEM elevation profile (4 points, see dem_processor.py)"
seg_1267017654_0,53.9,2.06,plain,"real: DEM sample (AWS Terrain Tiles (Skadi/SRTM1, ~30m, void-filled)), mean of 4/4 points along geometry (range 53.0-54.8m)","real: mean absolute gradient over the DEM elevation profile (4 points, see dem_processor.py)"
seg_1267017655_0,54.0,1.89,plain,"real: DEM sample (AWS Terrain Tiles (Skadi/SRTM1, ~30m, void-filled)), mean of 4/4 points along geometry (range 53.2-54.8m)","real: mean absolute gradient over the DEM elevation profile (4 points, see dem_processor.py)"
seg_1267018328_0,55.2,1.42,plain,"real: DEM sample (AWS Terrain Tiles (Skadi/SRTM1, ~30m, void-filled)), mean of 17/17 points along geometry (range 52.1-58.4m)","real: mean absolute gradient over the DEM elevation profile (17 points, see dem_processor.py)"
seg_1267018329_0,55.3,0.53,plain,"real: DEM sample (AWS Terrain Tiles (Skadi/SRTM1, ~30m, void-filled)), mean of 2/2 points along geometry (range 55.2-55.3m)","real: mean absolute gradient over the DEM elevation profile (2 points, see dem_processor.py)"
seg_1267018330_0,57.6,2.59,plain,"real: DEM sample (AWS Terrain Tiles (Skadi/SRTM1, ~30m, void-filled)), mean of 2/2 points along geometry (range 57.1-58.0m)","real: mean absolute gradient over the DEM elevation profile (2 points, see dem_processor.py)"
seg_1267019486_0,58.1,2.54,plain,"real: DEM sample (AWS Terrain Tiles (Skadi/SRTM1, ~30m, void-filled)), mean of 5/5 points along geometry (range 57.6-58.6m)","real: mean absolute gradient over the DEM elevation profile (5 points, see dem_processor.py)"
seg_1267019487_0,58.0,0.0,plain,"real: DEM sample (AWS Terrain Tiles (Skadi/SRTM1, ~30m, void-filled)), mean of 2/2 points along geometry (range 58.0-58.0m)","real: mean absolute gradient over the DEM elevation profile (2 points, see dem_processor.py)"
seg_1267019487_1,59.0,0.7,plain,"real: DEM sample (AWS Terrain Tiles (Skadi/SRTM1, ~30m, void-filled)), mean of 12/12 points along geometry (range 58.0-60.0m)","real: mean absolute gradient over the DEM elevation profile (12 points, see dem_processor.py)"
seg_1267019488_0,59.4,0.59,plain,"real: DEM sample (AWS Terrain Tiles (Skadi/SRTM1, ~30m, void-filled)), mean of 8/8 points along geometry (range 58.7-60.1m)","real: mean absolute gradient over the DEM elevation profile (8 points, see dem_processor.py)"
seg_1267019488_1,58.2,0.23,plain,"real: DEM sample (AWS Terrain Tiles (Skadi/SRTM1, ~30m, void-filled)), mean of 3/3 points along geometry (range 58.0-58.7m)","real: mean absolute gradient over the DEM elevation profile (3 points, see dem_processor.py)"
seg_1267019489_0,58.0,0.96,plain,"real: DEM sample (AWS Terrain Tiles (Skadi/SRTM1, ~30m, void-filled)), mean of 8/8 points along geometry (range 57.0-59.6m)","real: mean absolute gradient over the DEM elevation profile (8 points, see dem_processor.py)"
seg_1267019489_1,58.0,0.0,plain,"real: DEM sample (AWS Terrain Tiles (Skadi/SRTM1, ~30m, void-filled)), mean of 2/2 points along geometry (range 58.0-58.0m)","real: mean absolute gradient over the DEM elevation profile (2 points, see dem_processor.py)"
seg_1267019490_0,58.0,0.0,plain,"real: DEM sample (AWS Terrain Tiles (Skadi/SRTM1, ~30m, void-filled)), mean of 4/4 points along geometry (range 58.0-58.0m)","real: mean absolute gradient over the DEM elevation profile (4 points, see dem_processor.py)"
seg_1267019491_0,58.0,0.0,plain,"real: DEM sample (AWS Terrain Tiles (Skadi/SRTM1, ~30m, void-filled)), mean of 2/2 points along geometry (range 58.0-58.0m)","real: mean absolute gradient over the DEM elevation profile (2 points, see dem_processor.py)"
seg_1267019492_0,57.9,0.83,plain,"real: DEM sample (AWS Terrain Tiles (Skadi/SRTM1, ~30m, void-filled)), mean of 2/2 points along geometry (range 57.7-58.0m)","real: mean absolute gradient over the DEM elevation profile (2 points, see dem_processor.py)"
seg_1267019493_0,58.0,0.0,plain,"real: DEM sample (AWS Terrain Tiles (Skadi/SRTM1, ~30m, void-filled)), mean of 2/2 points along geometry (range 58.0-58.0m)","real: mean absolute gradient over the DEM elevation profile (2 points, see dem_processor.py)"
seg_1267021992_0,52.5,0.83,plain,"real: DEM sample (AWS Terrain Tiles (Skadi/SRTM1, ~30m, void-filled)), mean of 17/17 points along geometry (range 50.4-55.0m)","real: mean absolute gradient over the DEM elevation profile (17 points, see dem_processor.py)"
seg_1267021994_0,50.9,0.94,plain,"real: DEM sample (AWS Terrain Tiles (Skadi/SRTM1, ~30m, void-filled)), mean of 8/8 points along geometry (range 49.4-52.6m)","real: mean absolute gradient over the DEM elevation profile (8 points, see dem_processor.py)"
seg_1267021995_0,51.5,1.13,plain,"real: DEM sample (AWS Terrain Tiles (Skadi/SRTM1, ~30m, void-filled)), mean of 5/5 points along geometry (range 49.8-53.0m)","real: mean absolute gradient over the DEM elevation profile (5 points, see dem_processor.py)"
seg_1267021995_1,51.7,0.82,plain,"real: DEM sample (AWS Terrain Tiles (Skadi/SRTM1, ~30m, void-filled)), mean of 5/5 points along geometry (range 50.3-53.0m)","real: mean absolute gradient over the DEM elevation profile (5 points, see dem_processor.py)"
seg_1267021996_0,50.9,0.49,plain,"real: DEM sample (AWS Terrain Tiles (Skadi/SRTM1, ~30m, void-filled)), mean of 2/2 points along geometry (range 50.9-51.0m)","real: mean absolute gradient over the DEM elevation profile (2 points, see dem_processor.py)"
seg_1267021997_0,51.5,1.28,plain,"real: DEM sample (AWS Terrain Tiles (Skadi/SRTM1, ~30m, void-filled)), mean of 2/2 points along geometry (range 51.3-51.7m)","real: mean absolute gradient over the DEM elevation profile (2 points, see dem_processor.py)"
seg_1267021998_0,51.7,2.65,plain,"real: DEM sample (AWS Terrain Tiles (Skadi/SRTM1, ~30m, void-filled)), mean of 2/2 points along geometry (range 51.2-52.3m)","real: mean absolute gradient over the DEM elevation profile (2 points, see dem_processor.py)"
seg_1267026379_0,57.9,1.16,plain,"real: DEM sample (AWS Terrain Tiles (Skadi/SRTM1, ~30m, void-filled)), mean of 2/2 points along geometry (range 57.8-58.1m)","real: mean absolute gradient over the DEM elevation profile (2 points, see dem_processor.py)"
seg_1267051365_0,56.5,2.73,plain,"real: DEM sample (AWS Terrain Tiles (Skadi/SRTM1, ~30m, void-filled)), mean of 2/2 points along geometry (range 55.1-57.8m)","real: mean absolute gradient over the DEM elevation profile (2 points, see dem_processor.py)"
seg_1267059101_0,50.9,1.11,plain,"real: DEM sample (AWS Terrain Tiles (Skadi/SRTM1, ~30m, void-filled)), mean of 9/9 points along geometry (range 49.8-52.7m)","real: mean absolute gradient over the DEM elevation profile (9 points, see dem_processor.py)"
seg_1267059101_1,50.8,2.38,plain,"real: DEM sample (AWS Terrain Tiles (Skadi/SRTM1, ~30m, void-filled)), mean of 2/2 points along geometry (range 50.5-51.0m)","real: mean absolute gradient over the DEM elevation profile (2 points, see dem_processor.py)"
seg_1267059102_0,51.7,0.6,plain,"real: DEM sample (AWS Terrain Tiles (Skadi/SRTM1, ~30m, void-filled)), mean of 5/5 points along geometry (range 50.9-53.0m)","real: mean absolute gradient over the DEM elevation profile (5 points, see dem_processor.py)"
seg_1267059103_0,57.0,1.29,plain,"real: DEM sample (AWS Terrain Tiles (Skadi/SRTM1, ~30m, void-filled)), mean of 14/14 points along geometry (range 52.3-60.3m)","real: mean absolute gradient over the DEM elevation profile (14 points, see dem_processor.py)"
seg_1267059104_0,51.7,1.31,plain,"real: DEM sample (AWS Terrain Tiles (Skadi/SRTM1, ~30m, void-filled)), mean of 10/10 points along geometry (range 48.5-54.9m)","real: mean absolute gradient over the DEM elevation profile (10 points, see dem_processor.py)"
seg_1267059105_0,51.1,3.73,plain,"real: DEM sample (AWS Terrain Tiles (Skadi/SRTM1, ~30m, void-filled)), mean of 2/2 points along geometry (range 50.1-52.2m)","real: mean absolute gradient over the DEM elevation profile (2 points, see dem_processor.py)"
seg_1267059106_0,52.6,1.89,plain,"real: DEM sample (AWS Terrain Tiles (Skadi/SRTM1, ~30m, void-filled)), mean of 2/2 points along geometry (range 52.2-53.1m)","real: mean absolute gradient over the DEM elevation profile (2 points, see dem_processor.py)"
seg_1267060647_0,54.3,1.86,plain,"real: DEM sample (AWS Terrain Tiles (Skadi/SRTM1, ~30m, void-filled)), mean of 2/2 points along geometry (range 54.1-54.5m)","real: mean absolute gradient over the DEM elevation profile (2 points, see dem_processor.py)"
seg_1267084994_0,58.9,1.24,plain,"real: DEM sample (AWS Terrain Tiles (Skadi/SRTM1, ~30m, void-filled)), mean of 8/8 points along geometry (range 57.1-60.9m)","real: mean absolute gradient over the DEM elevation profile (8 points, see dem_processor.py)"
seg_1267087865_0,54.3,0.69,plain,"real: DEM sample (AWS Terrain Tiles (Skadi/SRTM1, ~30m, void-filled)), mean of 6/6 points along geometry (range 53.2-55.6m)","real: mean absolute gradient over the DEM elevation profile (6 points, see dem_processor.py)"
seg_1267087865_1,53.1,1.35,plain,"real: DEM sample (AWS Terrain Tiles (Skadi/SRTM1, ~30m, void-filled)), mean of 2/2 points along geometry (range 53.0-53.2m)","real: mean absolute gradient over the DEM elevation profile (2 points, see dem_processor.py)"
seg_1267087865_2,53.0,0.2,plain,"real: DEM sample (AWS Terrain Tiles (Skadi/SRTM1, ~30m, void-filled)), mean of 2/2 points along geometry (range 53.0-53.0m)","real: mean absolute gradient over the DEM elevation profile (2 points, see dem_processor.py)"
seg_1267087865_3,53.0,0.21,plain,"real: DEM sample (AWS Terrain Tiles (Skadi/SRTM1, ~30m, void-filled)), mean of 2/2 points along geometry (range 53.0-53.0m)","real: mean absolute gradient over the DEM elevation profile (2 points, see dem_processor.py)"
seg_1267087866_0,53.5,1.4,plain,"real: DEM sample (AWS Terrain Tiles (Skadi/SRTM1, ~30m, void-filled)), mean of 2/2 points along geometry (range 53.2-53.7m)","real: mean absolute gradient over the DEM elevation profile (2 points, see dem_processor.py)"
seg_1267089651_0,49.3,0.86,plain,"real: DEM sample (AWS Terrain Tiles (Skadi/SRTM1, ~30m, void-filled)), mean of 11/11 points along geometry (range 48.0-50.6m)","real: mean absolute gradient over the DEM elevation profile (11 points, see dem_processor.py)"
seg_1268305483_0,57.5,0.03,plain,"real: DEM sample (AWS Terrain Tiles (Skadi/SRTM1, ~30m, void-filled)), mean of 2/2 points along geometry (range 57.5-57.5m)","real: mean absolute gradient over the DEM elevation profile (2 points, see dem_processor.py)"
seg_1268305484_0,57.1,3.05,plain,"real: DEM sample (AWS Terrain Tiles (Skadi/SRTM1, ~30m, void-filled)), mean of 9/9 points along geometry (range 55.2-59.2m)","real: mean absolute gradient over the DEM elevation profile (9 points, see dem_processor.py)"
seg_1268305485_0,55.6,0.66,plain,"real: DEM sample (AWS Terrain Tiles (Skadi/SRTM1, ~30m, void-filled)), mean of 3/3 points along geometry (range 54.8-56.0m)","real: mean absolute gradient over the DEM elevation profile (3 points, see dem_processor.py)"
seg_1268305486_0,54.9,0.5,plain,"real: DEM sample (AWS Terrain Tiles (Skadi/SRTM1, ~30m, void-filled)), mean of 2/2 points along geometry (range 54.8-55.0m)","real: mean absolute gradient over the DEM elevation profile (2 points, see dem_processor.py)"
seg_1268305487_0,56.7,1.66,plain,"real: DEM sample (AWS Terrain Tiles (Skadi/SRTM1, ~30m, void-filled)), mean of 6/6 points along geometry (range 56.5-57.0m)","real: mean absolute gradient over the DEM elevation profile (6 points, see dem_processor.py)"
seg_1268305488_0,58.0,0.39,plain,"real: DEM sample (AWS Terrain Tiles (Skadi/SRTM1, ~30m, void-filled)), mean of 4/4 points along geometry (range 57.6-58.3m)","real: mean absolute gradient over the DEM elevation profile (4 points, see dem_processor.py)"
seg_1268305489_0,59.3,2.09,plain,"real: DEM sample (AWS Terrain Tiles (Skadi/SRTM1, ~30m, void-filled)), mean of 5/5 points along geometry (range 59.0-59.7m)","real: mean absolute gradient over the DEM elevation profile (5 points, see dem_processor.py)"
seg_1268305490_0,61.6,2.95,plain,"real: DEM sample (AWS Terrain Tiles (Skadi/SRTM1, ~30m, void-filled)), mean of 2/2 points along geometry (range 60.7-62.5m)","real: mean absolute gradient over the DEM elevation profile (2 points, see dem_processor.py)"
seg_1289573613_0,62.1,0.01,plain,"real: DEM sample (AWS Terrain Tiles (Skadi/SRTM1, ~30m, void-filled)), mean of 2/2 points along geometry (range 62.1-62.1m)","real: mean absolute gradient over the DEM elevation profile (2 points, see dem_processor.py)"
seg_1292544953_0,60.1,0.36,plain,"real: DEM sample (AWS Terrain Tiles (Skadi/SRTM1, ~30m, void-filled)), mean of 2/2 points along geometry (range 60.0-60.2m)","real: mean absolute gradient over the DEM elevation profile (2 points, see dem_processor.py)"
seg_1292544954_0,60.1,0.35,plain,"real: DEM sample (AWS Terrain Tiles (Skadi/SRTM1, ~30m, void-filled)), mean of 2/2 points along geometry (range 60.0-60.2m)","real: mean absolute gradient over the DEM elevation profile (2 points, see dem_processor.py)"
seg_1292598208_0,93.4,4.11,plain,"real: DEM sample (AWS Terrain Tiles (Skadi/SRTM1, ~30m, void-filled)), mean of 109/109 points along geometry (range 70.2-132.5m)","real: mean absolute gradient over the DEM elevation profile (109 points, see dem_processor.py)"
seg_1292598208_1,130.9,1.51,plain,"real: DEM sample (AWS Terrain Tiles (Skadi/SRTM1, ~30m, void-filled)), mean of 16/16 points along geometry (range 129.8-132.2m)","real: mean absolute gradient over the DEM elevation profile (16 points, see dem_processor.py)"
seg_1292598209_0,131.6,1.01,plain,"real: DEM sample (AWS Terrain Tiles (Skadi/SRTM1, ~30m, void-filled)), mean of 2/2 points along geometry (range 131.6-131.7m)","real: mean absolute gradient over the DEM elevation profile (2 points, see dem_processor.py)"
seg_1292598210_0,131.8,2.67,plain,"real: DEM sample (AWS Terrain Tiles (Skadi/SRTM1, ~30m, void-filled)), mean of 15/15 points along geometry (range 130.5-136.6m)","real: mean absolute gradient over the DEM elevation profile (15 points, see dem_processor.py)"
seg_1292598210_1,93.7,4.16,plain,"real: DEM sample (AWS Terrain Tiles (Skadi/SRTM1, ~30m, void-filled)), mean of 116/116 points along geometry (range 70.2-137.4m)","real: mean absolute gradient over the DEM elevation profile (116 points, see dem_processor.py)"
seg_1292598211_0,131.0,0.79,plain,"real: DEM sample (AWS Terrain Tiles (Skadi/SRTM1, ~30m, void-filled)), mean of 2/2 points along geometry (range 130.9-131.0m)","real: mean absolute gradient over the DEM elevation profile (2 points, see dem_processor.py)"
seg_1292598916_0,50.2,0.78,plain,"real: DEM sample (AWS Terrain Tiles (Skadi/SRTM1, ~30m, void-filled)), mean of 2/2 points along geometry (range 50.0-50.3m)","real: mean absolute gradient over the DEM elevation profile (2 points, see dem_processor.py)"
seg_1292985004_0,57.6,0.28,plain,"real: DEM sample (AWS Terrain Tiles (Skadi/SRTM1, ~30m, void-filled)), mean of 2/2 points along geometry (range 57.5-57.6m)","real: mean absolute gradient over the DEM elevation profile (2 points, see dem_processor.py)"
seg_1292992763_0,76.5,5.41,plain,"real: DEM sample (AWS Terrain Tiles (Skadi/SRTM1, ~30m, void-filled)), mean of 2/2 points along geometry (range 76.0-76.9m)","real: mean absolute gradient over the DEM elevation profile (2 points, see dem_processor.py)"
seg_1292993315_0,79.3,3.38,plain,"real: DEM sample (AWS Terrain Tiles (Skadi/SRTM1, ~30m, void-filled)), mean of 2/2 points along geometry (range 79.0-79.6m)","real: mean absolute gradient over the DEM elevation profile (2 points, see dem_processor.py)"
seg_1292993723_0,54.1,2.18,plain,"real: DEM sample (AWS Terrain Tiles (Skadi/SRTM1, ~30m, void-filled)), mean of 2/2 points along geometry (range 53.9-54.3m)","real: mean absolute gradient over the DEM elevation profile (2 points, see dem_processor.py)"
seg_1292994711_0,50.8,3.47,plain,"real: DEM sample (AWS Terrain Tiles (Skadi/SRTM1, ~30m, void-filled)), mean of 2/2 points along geometry (range 50.4-51.2m)","real: mean absolute gradient over the DEM elevation profile (2 points, see dem_processor.py)"
seg_1292998861_0,69.3,2.03,plain,"real: DEM sample (AWS Terrain Tiles (Skadi/SRTM1, ~30m, void-filled)), mean of 2/2 points along geometry (range 69.2-69.5m)","real: mean absolute gradient over the DEM elevation profile (2 points, see dem_processor.py)"
seg_1293034683_0,53.4,6.24,plain,"real: DEM sample (AWS Terrain Tiles (Skadi/SRTM1, ~30m, void-filled)), mean of 2/2 points along geometry (range 52.7-54.1m)","real: mean absolute gradient over the DEM elevation profile (2 points, see dem_processor.py)"
seg_1295700053_0,56.7,1.02,plain,"real: DEM sample (AWS Terrain Tiles (Skadi/SRTM1, ~30m, void-filled)), mean of 2/2 points along geometry (range 56.0-57.5m)","real: mean absolute gradient over the DEM elevation profile (2 points, see dem_processor.py)"
seg_1298049683_0,63.0,1.03,plain,"real: DEM sample (AWS Terrain Tiles (Skadi/SRTM1, ~30m, void-filled)), mean of 2/2 points along geometry (range 62.7-63.3m)","real: mean absolute gradient over the DEM elevation profile (2 points, see dem_processor.py)"
seg_1298049684_0,63.8,0.78,plain,"real: DEM sample (AWS Terrain Tiles (Skadi/SRTM1, ~30m, void-filled)), mean of 2/2 points along geometry (range 63.6-64.0m)","real: mean absolute gradient over the DEM elevation profile (2 points, see dem_processor.py)"
seg_1298049685_0,62.6,1.18,plain,"real: DEM sample (AWS Terrain Tiles (Skadi/SRTM1, ~30m, void-filled)), mean of 2/2 points along geometry (range 61.9-63.3m)","real: mean absolute gradient over the DEM elevation profile (2 points, see dem_processor.py)"
seg_1298049686_0,63.1,0.86,plain,"real: DEM sample (AWS Terrain Tiles (Skadi/SRTM1, ~30m, void-filled)), mean of 2/2 points along geometry (range 62.7-63.6m)","real: mean absolute gradient over the DEM elevation profile (2 points, see dem_processor.py)"
seg_1298049687_0,62.0,0.55,plain,"real: DEM sample (AWS Terrain Tiles (Skadi/SRTM1, ~30m, void-filled)), mean of 2/2 points along geometry (range 62.0-62.1m)","real: mean absolute gradient over the DEM elevation profile (2 points, see dem_processor.py)"
seg_1298049688_0,61.6,0.77,plain,"real: DEM sample (AWS Terrain Tiles (Skadi/SRTM1, ~30m, void-filled)), mean of 2/2 points along geometry (range 61.2-62.0m)","real: mean absolute gradient over the DEM elevation profile (2 points, see dem_processor.py)"
seg_1298049689_0,62.4,1.4,plain,"real: DEM sample (AWS Terrain Tiles (Skadi/SRTM1, ~30m, void-filled)), mean of 2/2 points along geometry (range 62.0-62.8m)","real: mean absolute gradient over the DEM elevation profile (2 points, see dem_processor.py)"
seg_1299717863_0,63.8,1.19,plain,"real: DEM sample (AWS Terrain Tiles (Skadi/SRTM1, ~30m, void-filled)), mean of 13/13 points along geometry (range 62.0-66.9m)","real: mean absolute gradient over the DEM elevation profile (13 points, see dem_processor.py)"
seg_1300169029_0,56.1,1.42,plain,"real: DEM sample (AWS Terrain Tiles (Skadi/SRTM1, ~30m, void-filled)), mean of 2/2 points along geometry (range 55.9-56.3m)","real: mean absolute gradient over the DEM elevation profile (2 points, see dem_processor.py)"
seg_1300169030_0,55.8,0.93,plain,"real: DEM sample (AWS Terrain Tiles (Skadi/SRTM1, ~30m, void-filled)), mean of 2/2 points along geometry (range 55.7-55.9m)","real: mean absolute gradient over the DEM elevation profile (2 points, see dem_processor.py)"
seg_1300169031_0,57.5,1.09,plain,"real: DEM sample (AWS Terrain Tiles (Skadi/SRTM1, ~30m, void-filled)), mean of 5/5 points along geometry (range 56.3-58.7m)","real: mean absolute gradient over the DEM elevation profile (5 points, see dem_processor.py)"
seg_1300169031_1,66.6,1.88,plain,"real: DEM sample (AWS Terrain Tiles (Skadi/SRTM1, ~30m, void-filled)), mean of 49/49 points along geometry (range 58.1-79.4m)","real: mean absolute gradient over the DEM elevation profile (49 points, see dem_processor.py)"
seg_1300169034_0,58.4,2.38,plain,"real: DEM sample (AWS Terrain Tiles (Skadi/SRTM1, ~30m, void-filled)), mean of 2/2 points along geometry (range 58.2-58.6m)","real: mean absolute gradient over the DEM elevation profile (2 points, see dem_processor.py)"
seg_1300169035_0,58.7,2.51,plain,"real: DEM sample (AWS Terrain Tiles (Skadi/SRTM1, ~30m, void-filled)), mean of 2/2 points along geometry (range 58.6-58.7m)","real: mean absolute gradient over the DEM elevation profile (2 points, see dem_processor.py)"
seg_1300194652_0,60.0,1.02,plain,"real: DEM sample (AWS Terrain Tiles (Skadi/SRTM1, ~30m, void-filled)), mean of 11/11 points along geometry (range 58.2-63.0m)","real: mean absolute gradient over the DEM elevation profile (11 points, see dem_processor.py)"
seg_1300194653_0,60.9,1.02,plain,"real: DEM sample (AWS Terrain Tiles (Skadi/SRTM1, ~30m, void-filled)), mean of 9/9 points along geometry (range 58.8-63.3m)","real: mean absolute gradient over the DEM elevation profile (9 points, see dem_processor.py)"
seg_1300194989_0,59.9,1.05,plain,"real: DEM sample (AWS Terrain Tiles (Skadi/SRTM1, ~30m, void-filled)), mean of 11/11 points along geometry (range 58.0-63.2m)","real: mean absolute gradient over the DEM elevation profile (11 points, see dem_processor.py)"
seg_1300313524_0,57.3,0.81,plain,"real: DEM sample (AWS Terrain Tiles (Skadi/SRTM1, ~30m, void-filled)), mean of 25/25 points along geometry (range 55.1-59.6m)","real: mean absolute gradient over the DEM elevation profile (25 points, see dem_processor.py)"
seg_1300313539_0,57.7,0.68,plain,"real: DEM sample (AWS Terrain Tiles (Skadi/SRTM1, ~30m, void-filled)), mean of 15/15 points along geometry (range 56.1-59.0m)","real: mean absolute gradient over the DEM elevation profile (15 points, see dem_processor.py)"
seg_1300459142_0,62.9,1.15,plain,"real: DEM sample (AWS Terrain Tiles (Skadi/SRTM1, ~30m, void-filled)), mean of 21/21 points along geometry (range 57.4-65.0m)","real: mean absolute gradient over the DEM elevation profile (21 points, see dem_processor.py)"
seg_1300467690_0,58.1,1.32,plain,"real: DEM sample (AWS Terrain Tiles (Skadi/SRTM1, ~30m, void-filled)), mean of 6/6 points along geometry (range 56.0-60.7m)","real: mean absolute gradient over the DEM elevation profile (6 points, see dem_processor.py)"
seg_1300467692_0,62.1,0.98,plain,"real: DEM sample (AWS Terrain Tiles (Skadi/SRTM1, ~30m, void-filled)), mean of 4/4 points along geometry (range 60.7-62.8m)","real: mean absolute gradient over the DEM elevation profile (4 points, see dem_processor.py)"
seg_1300967520_0,56.7,0.71,plain,"real: DEM sample (AWS Terrain Tiles (Skadi/SRTM1, ~30m, void-filled)), mean of 35/35 points along geometry (range 54.4-60.8m)","real: mean absolute gradient over the DEM elevation profile (35 points, see dem_processor.py)"
seg_1301081252_0,65.4,1.02,plain,"real: DEM sample (AWS Terrain Tiles (Skadi/SRTM1, ~30m, void-filled)), mean of 24/24 points along geometry (range 60.2-68.6m)","real: mean absolute gradient over the DEM elevation profile (24 points, see dem_processor.py)"
seg_1301686493_0,58.9,1.5,plain,"real: DEM sample (AWS Terrain Tiles (Skadi/SRTM1, ~30m, void-filled)), mean of 5/5 points along geometry (range 58.0-59.6m)","real: mean absolute gradient over the DEM elevation profile (5 points, see dem_processor.py)"
seg_1301686494_0,58.0,0.02,plain,"real: DEM sample (AWS Terrain Tiles (Skadi/SRTM1, ~30m, void-filled)), mean of 2/2 points along geometry (range 58.0-58.0m)","real: mean absolute gradient over the DEM elevation profile (2 points, see dem_processor.py)"
seg_1302829764_0,59.3,0.45,plain,"real: DEM sample (AWS Terrain Tiles (Skadi/SRTM1, ~30m, void-filled)), mean of 24/24 points along geometry (range 58.2-61.2m)","real: mean absolute gradient over the DEM elevation profile (24 points, see dem_processor.py)"
seg_1303282109_0,59.6,1.35,plain,"real: DEM sample (AWS Terrain Tiles (Skadi/SRTM1, ~30m, void-filled)), mean of 21/21 points along geometry (range 58.2-61.0m)","real: mean absolute gradient over the DEM elevation profile (21 points, see dem_processor.py)"
seg_1303506603_0,56.4,0.65,plain,"real: DEM sample (AWS Terrain Tiles (Skadi/SRTM1, ~30m, void-filled)), mean of 20/20 points along geometry (range 55.0-58.7m)","real: mean absolute gradient over the DEM elevation profile (20 points, see dem_processor.py)"
seg_1303528063_0,59.0,0.98,plain,"real: DEM sample (AWS Terrain Tiles (Skadi/SRTM1, ~30m, void-filled)), mean of 47/47 points along geometry (range 55.2-63.9m)","real: mean absolute gradient over the DEM elevation profile (47 points, see dem_processor.py)"
seg_1303528068_0,59.9,1.12,plain,"real: DEM sample (AWS Terrain Tiles (Skadi/SRTM1, ~30m, void-filled)), mean of 25/25 points along geometry (range 55.6-64.0m)","real: mean absolute gradient over the DEM elevation profile (25 points, see dem_processor.py)"
seg_1303528068_1,62.7,0.99,plain,"real: DEM sample (AWS Terrain Tiles (Skadi/SRTM1, ~30m, void-filled)), mean of 9/9 points along geometry (range 60.3-64.7m)","real: mean absolute gradient over the DEM elevation profile (9 points, see dem_processor.py)"
seg_1303528069_0,60.5,0.5,plain,"real: DEM sample (AWS Terrain Tiles (Skadi/SRTM1, ~30m, void-filled)), mean of 2/2 points along geometry (range 60.3-60.7m)","real: mean absolute gradient over the DEM elevation profile (2 points, see dem_processor.py)"
seg_1303628858_0,63.3,1.3,plain,"real: DEM sample (AWS Terrain Tiles (Skadi/SRTM1, ~30m, void-filled)), mean of 2/2 points along geometry (range 62.4-64.3m)","real: mean absolute gradient over the DEM elevation profile (2 points, see dem_processor.py)"
seg_1303628859_0,63.5,1.28,plain,"real: DEM sample (AWS Terrain Tiles (Skadi/SRTM1, ~30m, void-filled)), mean of 3/3 points along geometry (range 62.5-64.6m)","real: mean absolute gradient over the DEM elevation profile (3 points, see dem_processor.py)"
seg_1303629604_0,57.1,0.7,plain,"real: DEM sample (AWS Terrain Tiles (Skadi/SRTM1, ~30m, void-filled)), mean of 7/7 points along geometry (range 55.9-57.9m)","real: mean absolute gradient over the DEM elevation profile (7 points, see dem_processor.py)"
seg_1303630934_0,59.7,0.83,plain,"real: DEM sample (AWS Terrain Tiles (Skadi/SRTM1, ~30m, void-filled)), mean of 19/19 points along geometry (range 56.8-62.1m)","real: mean absolute gradient over the DEM elevation profile (19 points, see dem_processor.py)"
seg_1303630934_1,58.3,2.05,plain,"real: DEM sample (AWS Terrain Tiles (Skadi/SRTM1, ~30m, void-filled)), mean of 2/2 points along geometry (range 58.1-58.5m)","real: mean absolute gradient over the DEM elevation profile (2 points, see dem_processor.py)"
seg_1303630935_0,60.4,1.69,plain,"real: DEM sample (AWS Terrain Tiles (Skadi/SRTM1, ~30m, void-filled)), mean of 2/2 points along geometry (range 60.1-60.7m)","real: mean absolute gradient over the DEM elevation profile (2 points, see dem_processor.py)"
seg_1303630936_0,55.6,1.14,plain,"real: DEM sample (AWS Terrain Tiles (Skadi/SRTM1, ~30m, void-filled)), mean of 15/15 points along geometry (range 53.5-58.0m)","real: mean absolute gradient over the DEM elevation profile (15 points, see dem_processor.py)"
seg_1303630936_1,58.6,0.9,plain,"real: DEM sample (AWS Terrain Tiles (Skadi/SRTM1, ~30m, void-filled)), mean of 12/12 points along geometry (range 56.0-60.1m)","real: mean absolute gradient over the DEM elevation profile (12 points, see dem_processor.py)"
seg_1303630938_0,57.3,1.45,plain,"real: DEM sample (AWS Terrain Tiles (Skadi/SRTM1, ~30m, void-filled)), mean of 11/11 points along geometry (range 54.2-62.5m)","real: mean absolute gradient over the DEM elevation profile (11 points, see dem_processor.py)"
seg_1303630940_0,61.0,0.13,plain,"real: DEM sample (AWS Terrain Tiles (Skadi/SRTM1, ~30m, void-filled)), mean of 2/2 points along geometry (range 61.0-61.1m)","real: mean absolute gradient over the DEM elevation profile (2 points, see dem_processor.py)"
seg_1303630941_0,61.1,1.16,plain,"real: DEM sample (AWS Terrain Tiles (Skadi/SRTM1, ~30m, void-filled)), mean of 23/23 points along geometry (range 57.3-66.4m)","real: mean absolute gradient over the DEM elevation profile (23 points, see dem_processor.py)"
seg_1303632308_0,57.1,0.87,plain,"real: DEM sample (AWS Terrain Tiles (Skadi/SRTM1, ~30m, void-filled)), mean of 12/12 points along geometry (range 54.1-59.8m)","real: mean absolute gradient over the DEM elevation profile (12 points, see dem_processor.py)"
seg_1303632309_0,60.5,0.94,plain,"real: DEM sample (AWS Terrain Tiles (Skadi/SRTM1, ~30m, void-filled)), mean of 23/23 points along geometry (range 57.2-64.6m)","real: mean absolute gradient over the DEM elevation profile (23 points, see dem_processor.py)"
seg_1303632311_0,57.1,0.65,plain,"real: DEM sample (AWS Terrain Tiles (Skadi/SRTM1, ~30m, void-filled)), mean of 11/11 points along geometry (range 54.6-60.4m)","real: mean absolute gradient over the DEM elevation profile (11 points, see dem_processor.py)"
seg_1303633144_0,59.4,1.61,plain,"real: DEM sample (AWS Terrain Tiles (Skadi/SRTM1, ~30m, void-filled)), mean of 4/4 points along geometry (range 58.5-60.7m)","real: mean absolute gradient over the DEM elevation profile (4 points, see dem_processor.py)"
seg_1303634357_0,64.0,0.78,plain,"real: DEM sample (AWS Terrain Tiles (Skadi/SRTM1, ~30m, void-filled)), mean of 3/3 points along geometry (range 63.6-64.5m)","real: mean absolute gradient over the DEM elevation profile (3 points, see dem_processor.py)"
seg_1303636913_0,57.4,1.2,plain,"real: DEM sample (AWS Terrain Tiles (Skadi/SRTM1, ~30m, void-filled)), mean of 3/3 points along geometry (range 56.0-58.5m)","real: mean absolute gradient over the DEM elevation profile (3 points, see dem_processor.py)"
seg_1303638102_0,59.0,0.02,plain,"real: DEM sample (AWS Terrain Tiles (Skadi/SRTM1, ~30m, void-filled)), mean of 2/2 points along geometry (range 59.0-59.0m)","real: mean absolute gradient over the DEM elevation profile (2 points, see dem_processor.py)"
seg_1303638102_1,58.9,0.28,plain,"real: DEM sample (AWS Terrain Tiles (Skadi/SRTM1, ~30m, void-filled)), mean of 2/2 points along geometry (range 58.9-59.0m)","real: mean absolute gradient over the DEM elevation profile (2 points, see dem_processor.py)"
seg_1303639550_0,51.3,1.09,plain,"real: DEM sample (AWS Terrain Tiles (Skadi/SRTM1, ~30m, void-filled)), mean of 107/107 points along geometry (range 44.0-62.2m)","real: mean absolute gradient over the DEM elevation profile (107 points, see dem_processor.py)"
seg_1303639551_0,47.2,5.62,plain,"real: DEM sample (AWS Terrain Tiles (Skadi/SRTM1, ~30m, void-filled)), mean of 3/3 points along geometry (range 45.3-48.7m)","real: mean absolute gradient over the DEM elevation profile (3 points, see dem_processor.py)"
seg_1303639552_0,53.4,1.19,plain,"real: DEM sample (AWS Terrain Tiles (Skadi/SRTM1, ~30m, void-filled)), mean of 2/2 points along geometry (range 52.8-54.1m)","real: mean absolute gradient over the DEM elevation profile (2 points, see dem_processor.py)"
seg_1303639553_0,54.9,11.92,plain,"real: DEM sample (AWS Terrain Tiles (Skadi/SRTM1, ~30m, void-filled)), mean of 2/2 points along geometry (range 54.1-55.8m)","real: mean absolute gradient over the DEM elevation profile (2 points, see dem_processor.py)"
seg_1303639554_0,48.9,3.61,plain,"real: DEM sample (AWS Terrain Tiles (Skadi/SRTM1, ~30m, void-filled)), mean of 15/15 points along geometry (range 44.4-55.1m)","real: mean absolute gradient over the DEM elevation profile (15 points, see dem_processor.py)"
seg_1303639554_1,58.4,2.84,plain,"real: DEM sample (AWS Terrain Tiles (Skadi/SRTM1, ~30m, void-filled)), mean of 3/3 points along geometry (range 54.2-60.7m)","real: mean absolute gradient over the DEM elevation profile (3 points, see dem_processor.py)"
seg_1303639555_0,50.4,5.89,plain,"real: DEM sample (AWS Terrain Tiles (Skadi/SRTM1, ~30m, void-filled)), mean of 2/2 points along geometry (range 48.0-52.8m)","real: mean absolute gradient over the DEM elevation profile (2 points, see dem_processor.py)"
seg_1303639555_1,52.6,0.5,plain,"real: DEM sample (AWS Terrain Tiles (Skadi/SRTM1, ~30m, void-filled)), mean of 2/2 points along geometry (range 52.4-52.8m)","real: mean absolute gradient over the DEM elevation profile (2 points, see dem_processor.py)"
seg_1303639556_0,49.1,15.05,plain,"real: DEM sample (AWS Terrain Tiles (Skadi/SRTM1, ~30m, void-filled)), mean of 4/4 points along geometry (range 45.3-54.1m)","real: mean absolute gradient over the DEM elevation profile (4 points, see dem_processor.py)"
seg_1303639558_0,55.5,1.85,plain,"real: DEM sample (AWS Terrain Tiles (Skadi/SRTM1, ~30m, void-filled)), mean of 3/3 points along geometry (range 55.1-55.9m)","real: mean absolute gradient over the DEM elevation profile (3 points, see dem_processor.py)"
seg_1303639559_0,53.7,2.41,plain,"real: DEM sample (AWS Terrain Tiles (Skadi/SRTM1, ~30m, void-filled)), mean of 18/18 points along geometry (range 48.1-57.3m)","real: mean absolute gradient over the DEM elevation profile (18 points, see dem_processor.py)"
seg_1303639560_0,56.4,0.75,plain,"real: DEM sample (AWS Terrain Tiles (Skadi/SRTM1, ~30m, void-filled)), mean of 15/15 points along geometry (range 55.0-57.8m)","real: mean absolute gradient over the DEM elevation profile (15 points, see dem_processor.py)"
seg_1303639561_0,55.5,1.74,plain,"real: DEM sample (AWS Terrain Tiles (Skadi/SRTM1, ~30m, void-filled)), mean of 2/2 points along geometry (range 55.0-56.0m)","real: mean absolute gradient over the DEM elevation profile (2 points, see dem_processor.py)"
seg_1303652893_0,54.7,1.63,plain,"real: DEM sample (AWS Terrain Tiles (Skadi/SRTM1, ~30m, void-filled)), mean of 29/29 points along geometry (range 52.0-58.1m)","real: mean absolute gradient over the DEM elevation profile (29 points, see dem_processor.py)"
seg_1303652893_1,55.1,0.33,plain,"real: DEM sample (AWS Terrain Tiles (Skadi/SRTM1, ~30m, void-filled)), mean of 3/3 points along geometry (range 55.0-55.2m)","real: mean absolute gradient over the DEM elevation profile (3 points, see dem_processor.py)"
seg_1303652893_2,55.1,1.24,plain,"real: DEM sample (AWS Terrain Tiles (Skadi/SRTM1, ~30m, void-filled)), mean of 10/10 points along geometry (range 53.6-56.8m)","real: mean absolute gradient over the DEM elevation profile (10 points, see dem_processor.py)"
seg_1303652894_0,54.9,1.15,plain,"real: DEM sample (AWS Terrain Tiles (Skadi/SRTM1, ~30m, void-filled)), mean of 11/11 points along geometry (range 53.2-56.6m)","real: mean absolute gradient over the DEM elevation profile (11 points, see dem_processor.py)"
seg_1303652894_1,55.4,0.43,plain,"real: DEM sample (AWS Terrain Tiles (Skadi/SRTM1, ~30m, void-filled)), mean of 2/2 points along geometry (range 55.3-55.5m)","real: mean absolute gradient over the DEM elevation profile (2 points, see dem_processor.py)"
seg_1303652894_2,54.3,1.57,plain,"real: DEM sample (AWS Terrain Tiles (Skadi/SRTM1, ~30m, void-filled)), mean of 26/26 points along geometry (range 52.2-58.4m)","real: mean absolute gradient over the DEM elevation profile (26 points, see dem_processor.py)"
seg_1303652894_3,54.8,2.33,plain,"real: DEM sample (AWS Terrain Tiles (Skadi/SRTM1, ~30m, void-filled)), mean of 5/5 points along geometry (range 53.3-56.2m)","real: mean absolute gradient over the DEM elevation profile (5 points, see dem_processor.py)"
seg_1303652896_0,56.6,0.44,plain,"real: DEM sample (AWS Terrain Tiles (Skadi/SRTM1, ~30m, void-filled)), mean of 3/3 points along geometry (range 56.4-56.7m)","real: mean absolute gradient over the DEM elevation profile (3 points, see dem_processor.py)"
seg_1303653241_0,61.6,2.15,plain,"real: DEM sample (AWS Terrain Tiles (Skadi/SRTM1, ~30m, void-filled)), mean of 2/2 points along geometry (range 61.5-61.7m)","real: mean absolute gradient over the DEM elevation profile (2 points, see dem_processor.py)"
seg_1303657443_0,55.7,2.35,plain,"real: DEM sample (AWS Terrain Tiles (Skadi/SRTM1, ~30m, void-filled)), mean of 18/18 points along geometry (range 54.3-58.0m)","real: mean absolute gradient over the DEM elevation profile (18 points, see dem_processor.py)"
seg_1303657444_0,55.6,2.36,plain,"real: DEM sample (AWS Terrain Tiles (Skadi/SRTM1, ~30m, void-filled)), mean of 19/19 points along geometry (range 54.0-57.8m)","real: mean absolute gradient over the DEM elevation profile (19 points, see dem_processor.py)"
seg_1303658393_0,55.4,1.56,plain,"real: DEM sample (AWS Terrain Tiles (Skadi/SRTM1, ~30m, void-filled)), mean of 10/10 points along geometry (range 53.9-57.7m)","real: mean absolute gradient over the DEM elevation profile (10 points, see dem_processor.py)"
seg_1303658393_1,54.3,0.97,plain,"real: DEM sample (AWS Terrain Tiles (Skadi/SRTM1, ~30m, void-filled)), mean of 12/12 points along geometry (range 52.4-55.7m)","real: mean absolute gradient over the DEM elevation profile (12 points, see dem_processor.py)"
seg_1303658395_0,53.6,1.59,plain,"real: DEM sample (AWS Terrain Tiles (Skadi/SRTM1, ~30m, void-filled)), mean of 2/2 points along geometry (range 53.3-53.9m)","real: mean absolute gradient over the DEM elevation profile (2 points, see dem_processor.py)"
seg_1303658397_0,54.5,1.2,plain,"real: DEM sample (AWS Terrain Tiles (Skadi/SRTM1, ~30m, void-filled)), mean of 13/13 points along geometry (range 51.7-55.9m)","real: mean absolute gradient over the DEM elevation profile (13 points, see dem_processor.py)"
seg_1303658397_1,54.6,1.59,plain,"real: DEM sample (AWS Terrain Tiles (Skadi/SRTM1, ~30m, void-filled)), mean of 8/8 points along geometry (range 53.4-57.3m)","real: mean absolute gradient over the DEM elevation profile (8 points, see dem_processor.py)"
seg_1303658398_0,54.0,0.43,plain,"real: DEM sample (AWS Terrain Tiles (Skadi/SRTM1, ~30m, void-filled)), mean of 2/2 points along geometry (range 54.0-54.1m)","real: mean absolute gradient over the DEM elevation profile (2 points, see dem_processor.py)"
seg_1303658428_0,103.9,3.57,plain,"real: DEM sample (AWS Terrain Tiles (Skadi/SRTM1, ~30m, void-filled)), mean of 3/3 points along geometry (range 101.7-105.8m)","real: mean absolute gradient over the DEM elevation profile (3 points, see dem_processor.py)"
seg_1303661728_0,62.1,1.89,plain,"real: DEM sample (AWS Terrain Tiles (Skadi/SRTM1, ~30m, void-filled)), mean of 4/4 points along geometry (range 61.1-63.3m)","real: mean absolute gradient over the DEM elevation profile (4 points, see dem_processor.py)"
seg_1303662057_0,53.1,0.38,plain,"real: DEM sample (AWS Terrain Tiles (Skadi/SRTM1, ~30m, void-filled)), mean of 4/4 points along geometry (range 53.0-53.1m)","real: mean absolute gradient over the DEM elevation profile (4 points, see dem_processor.py)"
seg_1303662058_0,53.2,2.4,plain,"real: DEM sample (AWS Terrain Tiles (Skadi/SRTM1, ~30m, void-filled)), mean of 2/2 points along geometry (range 53.0-53.3m)","real: mean absolute gradient over the DEM elevation profile (2 points, see dem_processor.py)"
seg_1303670337_0,61.1,3.97,plain,"real: DEM sample (AWS Terrain Tiles (Skadi/SRTM1, ~30m, void-filled)), mean of 2/2 points along geometry (range 60.7-61.4m)","real: mean absolute gradient over the DEM elevation profile (2 points, see dem_processor.py)"
seg_1303671848_0,55.4,1.35,plain,"real: DEM sample (AWS Terrain Tiles (Skadi/SRTM1, ~30m, void-filled)), mean of 2/2 points along geometry (range 55.2-55.5m)","real: mean absolute gradient over the DEM elevation profile (2 points, see dem_processor.py)"
seg_1303671848_1,56.0,2.5,plain,"real: DEM sample (AWS Terrain Tiles (Skadi/SRTM1, ~30m, void-filled)), mean of 16/16 points along geometry (range 54.0-57.9m)","real: mean absolute gradient over the DEM elevation profile (16 points, see dem_processor.py)"
seg_1303671849_0,55.6,2.46,plain,"real: DEM sample (AWS Terrain Tiles (Skadi/SRTM1, ~30m, void-filled)), mean of 16/16 points along geometry (range 53.8-57.8m)","real: mean absolute gradient over the DEM elevation profile (16 points, see dem_processor.py)"
seg_1303671849_1,55.2,1.22,plain,"real: DEM sample (AWS Terrain Tiles (Skadi/SRTM1, ~30m, void-filled)), mean of 2/2 points along geometry (range 55.0-55.3m)","real: mean absolute gradient over the DEM elevation profile (2 points, see dem_processor.py)"
seg_1303675854_0,65.1,1.24,plain,"real: DEM sample (AWS Terrain Tiles (Skadi/SRTM1, ~30m, void-filled)), mean of 15/15 points along geometry (range 60.0-72.8m)","real: mean absolute gradient over the DEM elevation profile (15 points, see dem_processor.py)"
seg_1303678276_0,63.8,1.64,plain,"real: DEM sample (AWS Terrain Tiles (Skadi/SRTM1, ~30m, void-filled)), mean of 2/2 points along geometry (range 63.6-64.0m)","real: mean absolute gradient over the DEM elevation profile (2 points, see dem_processor.py)"
seg_1303679232_0,65.9,2.35,plain,"real: DEM sample (AWS Terrain Tiles (Skadi/SRTM1, ~30m, void-filled)), mean of 3/3 points along geometry (range 64.6-67.4m)","real: mean absolute gradient over the DEM elevation profile (3 points, see dem_processor.py)"
seg_1303679233_0,65.9,3.71,plain,"real: DEM sample (AWS Terrain Tiles (Skadi/SRTM1, ~30m, void-filled)), mean of 2/2 points along geometry (range 65.6-66.2m)","real: mean absolute gradient over the DEM elevation profile (2 points, see dem_processor.py)"
seg_1303693394_0,57.8,0.92,plain,"real: DEM sample (AWS Terrain Tiles (Skadi/SRTM1, ~30m, void-filled)), mean of 9/9 points along geometry (range 56.3-58.6m)","real: mean absolute gradient over the DEM elevation profile (9 points, see dem_processor.py)"
seg_1303821774_0,58.8,1.21,plain,"real: DEM sample (AWS Terrain Tiles (Skadi/SRTM1, ~30m, void-filled)), mean of 7/7 points along geometry (range 58.5-59.0m)","real: mean absolute gradient over the DEM elevation profile (7 points, see dem_processor.py)"
seg_1303854971_0,54.3,1.45,plain,"real: DEM sample (AWS Terrain Tiles (Skadi/SRTM1, ~30m, void-filled)), mean of 16/16 points along geometry (range 51.8-57.3m)","real: mean absolute gradient over the DEM elevation profile (16 points, see dem_processor.py)"
seg_1304569810_0,106.6,3.21,plain,"real: DEM sample (AWS Terrain Tiles (Skadi/SRTM1, ~30m, void-filled)), mean of 5/5 points along geometry (range 104.1-109.0m)","real: mean absolute gradient over the DEM elevation profile (5 points, see dem_processor.py)"
seg_1304575598_0,60.0,0.08,plain,"real: DEM sample (AWS Terrain Tiles (Skadi/SRTM1, ~30m, void-filled)), mean of 2/2 points along geometry (range 60.0-60.0m)","real: mean absolute gradient over the DEM elevation profile (2 points, see dem_processor.py)"
seg_1304578587_0,55.7,1.17,plain,"real: DEM sample (AWS Terrain Tiles (Skadi/SRTM1, ~30m, void-filled)), mean of 16/16 points along geometry (range 53.0-57.9m)","real: mean absolute gradient over the DEM elevation profile (16 points, see dem_processor.py)"
seg_1304578588_0,55.9,1.56,plain,"real: DEM sample (AWS Terrain Tiles (Skadi/SRTM1, ~30m, void-filled)), mean of 11/11 points along geometry (range 54.1-58.5m)","real: mean absolute gradient over the DEM elevation profile (11 points, see dem_processor.py)"
seg_1304592228_0,64.0,1.54,plain,"real: DEM sample (AWS Terrain Tiles (Skadi/SRTM1, ~30m, void-filled)), mean of 7/7 points along geometry (range 61.4-67.1m)","real: mean absolute gradient over the DEM elevation profile (7 points, see dem_processor.py)"
seg_1304620657_0,57.8,1.53,plain,"real: DEM sample (AWS Terrain Tiles (Skadi/SRTM1, ~30m, void-filled)), mean of 17/17 points along geometry (range 53.9-62.6m)","real: mean absolute gradient over the DEM elevation profile (17 points, see dem_processor.py)"
seg_1304620662_0,61.3,0.49,plain,"real: DEM sample (AWS Terrain Tiles (Skadi/SRTM1, ~30m, void-filled)), mean of 4/4 points along geometry (range 60.5-61.9m)","real: mean absolute gradient over the DEM elevation profile (4 points, see dem_processor.py)"
seg_1304833640_0,57.7,1.0,plain,"real: DEM sample (AWS Terrain Tiles (Skadi/SRTM1, ~30m, void-filled)), mean of 46/46 points along geometry (range 54.7-63.0m)","real: mean absolute gradient over the DEM elevation profile (46 points, see dem_processor.py)"
seg_1304833641_0,57.0,0.24,plain,"real: DEM sample (AWS Terrain Tiles (Skadi/SRTM1, ~30m, void-filled)), mean of 2/2 points along geometry (range 57.0-57.1m)","real: mean absolute gradient over the DEM elevation profile (2 points, see dem_processor.py)"
seg_1305429462_0,80.1,0.81,plain,"real: DEM sample (AWS Terrain Tiles (Skadi/SRTM1, ~30m, void-filled)), mean of 2/2 points along geometry (range 79.9-80.3m)","real: mean absolute gradient over the DEM elevation profile (2 points, see dem_processor.py)"
seg_1305429463_0,80.2,1.46,plain,"real: DEM sample (AWS Terrain Tiles (Skadi/SRTM1, ~30m, void-filled)), mean of 23/23 points along geometry (range 77.0-85.0m)","real: mean absolute gradient over the DEM elevation profile (23 points, see dem_processor.py)"
seg_1305429463_1,81.9,1.49,plain,"real: DEM sample (AWS Terrain Tiles (Skadi/SRTM1, ~30m, void-filled)), mean of 9/9 points along geometry (range 79.9-84.4m)","real: mean absolute gradient over the DEM elevation profile (9 points, see dem_processor.py)"
seg_1305429477_0,72.3,1.1,plain,"real: DEM sample (AWS Terrain Tiles (Skadi/SRTM1, ~30m, void-filled)), mean of 50/50 points along geometry (range 69.1-80.0m)","real: mean absolute gradient over the DEM elevation profile (50 points, see dem_processor.py)"
seg_1305429477_1,71.9,1.65,plain,"real: DEM sample (AWS Terrain Tiles (Skadi/SRTM1, ~30m, void-filled)), mean of 61/61 points along geometry (range 63.9-77.8m)","real: mean absolute gradient over the DEM elevation profile (61 points, see dem_processor.py)"
seg_1305429479_0,71.0,0.59,plain,"real: DEM sample (AWS Terrain Tiles (Skadi/SRTM1, ~30m, void-filled)), mean of 2/2 points along geometry (range 70.9-71.2m)","real: mean absolute gradient over the DEM elevation profile (2 points, see dem_processor.py)"
seg_1305429480_0,71.8,1.73,plain,"real: DEM sample (AWS Terrain Tiles (Skadi/SRTM1, ~30m, void-filled)), mean of 23/23 points along geometry (range 68.8-77.8m)","real: mean absolute gradient over the DEM elevation profile (23 points, see dem_processor.py)"
seg_1305429480_1,74.6,1.45,plain,"real: DEM sample (AWS Terrain Tiles (Skadi/SRTM1, ~30m, void-filled)), mean of 10/10 points along geometry (range 70.9-77.0m)","real: mean absolute gradient over the DEM elevation profile (10 points, see dem_processor.py)"
seg_1305429480_2,72.3,0.52,plain,"real: DEM sample (AWS Terrain Tiles (Skadi/SRTM1, ~30m, void-filled)), mean of 2/2 points along geometry (range 72.2-72.3m)","real: mean absolute gradient over the DEM elevation profile (2 points, see dem_processor.py)"
seg_1305429480_3,72.3,0.5,plain,"real: DEM sample (AWS Terrain Tiles (Skadi/SRTM1, ~30m, void-filled)), mean of 2/2 points along geometry (range 72.2-72.4m)","real: mean absolute gradient over the DEM elevation profile (2 points, see dem_processor.py)"
seg_1305429480_4,73.8,1.32,plain,"real: DEM sample (AWS Terrain Tiles (Skadi/SRTM1, ~30m, void-filled)), mean of 15/15 points along geometry (range 70.8-76.0m)","real: mean absolute gradient over the DEM elevation profile (15 points, see dem_processor.py)"
seg_1305429481_0,73.4,2.02,plain,"real: DEM sample (AWS Terrain Tiles (Skadi/SRTM1, ~30m, void-filled)), mean of 2/2 points along geometry (range 72.0-74.9m)","real: mean absolute gradient over the DEM elevation profile (2 points, see dem_processor.py)"
seg_1305429481_1,74.9,1.87,plain,"real: DEM sample (AWS Terrain Tiles (Skadi/SRTM1, ~30m, void-filled)), mean of 11/11 points along geometry (range 71.2-77.5m)","real: mean absolute gradient over the DEM elevation profile (11 points, see dem_processor.py)"
seg_1305429482_0,69.5,1.0,plain,"real: DEM sample (AWS Terrain Tiles (Skadi/SRTM1, ~30m, void-filled)), mean of 4/4 points along geometry (range 68.0-71.0m)","real: mean absolute gradient over the DEM elevation profile (4 points, see dem_processor.py)"
seg_1305429483_0,71.8,1.22,plain,"real: DEM sample (AWS Terrain Tiles (Skadi/SRTM1, ~30m, void-filled)), mean of 28/28 points along geometry (range 69.0-75.2m)","real: mean absolute gradient over the DEM elevation profile (28 points, see dem_processor.py)"
seg_1305429483_1,70.8,1.18,plain,"real: DEM sample (AWS Terrain Tiles (Skadi/SRTM1, ~30m, void-filled)), mean of 2/2 points along geometry (range 70.7-70.9m)","real: mean absolute gradient over the DEM elevation profile (2 points, see dem_processor.py)"
seg_1305429484_0,73.4,1.29,plain,"real: DEM sample (AWS Terrain Tiles (Skadi/SRTM1, ~30m, void-filled)), mean of 41/41 points along geometry (range 68.7-78.4m)","real: mean absolute gradient over the DEM elevation profile (41 points, see dem_processor.py)"
seg_1305429485_0,72.9,1.21,plain,"real: DEM sample (AWS Terrain Tiles (Skadi/SRTM1, ~30m, void-filled)), mean of 41/41 points along geometry (range 68.0-77.1m)","real: mean absolute gradient over the DEM elevation profile (41 points, see dem_processor.py)"
seg_1305429486_0,68.8,0.03,plain,"real: DEM sample (AWS Terrain Tiles (Skadi/SRTM1, ~30m, void-filled)), mean of 2/2 points along geometry (range 68.8-68.8m)","real: mean absolute gradient over the DEM elevation profile (2 points, see dem_processor.py)"
seg_1305429487_0,71.7,0.79,plain,"real: DEM sample (AWS Terrain Tiles (Skadi/SRTM1, ~30m, void-filled)), mean of 8/8 points along geometry (range 68.8-74.0m)","real: mean absolute gradient over the DEM elevation profile (8 points, see dem_processor.py)"
seg_1305429488_0,70.8,0.73,plain,"real: DEM sample (AWS Terrain Tiles (Skadi/SRTM1, ~30m, void-filled)), mean of 2/2 points along geometry (range 70.7-71.0m)","real: mean absolute gradient over the DEM elevation profile (2 points, see dem_processor.py)"
seg_1305429489_0,70.9,0.64,plain,"real: DEM sample (AWS Terrain Tiles (Skadi/SRTM1, ~30m, void-filled)), mean of 2/2 points along geometry (range 70.8-71.0m)","real: mean absolute gradient over the DEM elevation profile (2 points, see dem_processor.py)"
seg_1305429490_0,71.0,0.58,plain,"real: DEM sample (AWS Terrain Tiles (Skadi/SRTM1, ~30m, void-filled)), mean of 3/3 points along geometry (range 70.6-71.6m)","real: mean absolute gradient over the DEM elevation profile (3 points, see dem_processor.py)"
seg_1305429491_0,70.9,0.7,plain,"real: DEM sample (AWS Terrain Tiles (Skadi/SRTM1, ~30m, void-filled)), mean of 4/4 points along geometry (range 70.2-71.6m)","real: mean absolute gradient over the DEM elevation profile (4 points, see dem_processor.py)"
seg_1305429492_0,70.2,2.5,plain,"real: DEM sample (AWS Terrain Tiles (Skadi/SRTM1, ~30m, void-filled)), mean of 3/3 points along geometry (range 68.3-72.4m)","real: mean absolute gradient over the DEM elevation profile (3 points, see dem_processor.py)"
seg_1305429492_1,71.8,2.18,plain,"real: DEM sample (AWS Terrain Tiles (Skadi/SRTM1, ~30m, void-filled)), mean of 11/11 points along geometry (range 68.3-76.1m)","real: mean absolute gradient over the DEM elevation profile (11 points, see dem_processor.py)"
seg_1305429492_2,72.0,0.15,plain,"real: DEM sample (AWS Terrain Tiles (Skadi/SRTM1, ~30m, void-filled)), mean of 3/3 points along geometry (range 72.0-72.1m)","real: mean absolute gradient over the DEM elevation profile (3 points, see dem_processor.py)"
seg_1305429493_0,71.7,3.33,plain,"real: DEM sample (AWS Terrain Tiles (Skadi/SRTM1, ~30m, void-filled)), mean of 2/2 points along geometry (range 71.0-72.4m)","real: mean absolute gradient over the DEM elevation profile (2 points, see dem_processor.py)"
seg_1305429494_0,70.9,1.96,plain,"real: DEM sample (AWS Terrain Tiles (Skadi/SRTM1, ~30m, void-filled)), mean of 2/2 points along geometry (range 70.5-71.4m)","real: mean absolute gradient over the DEM elevation profile (2 points, see dem_processor.py)"
seg_1305429495_0,70.9,0.85,plain,"real: DEM sample (AWS Terrain Tiles (Skadi/SRTM1, ~30m, void-filled)), mean of 4/4 points along geometry (range 70.2-72.1m)","real: mean absolute gradient over the DEM elevation profile (4 points, see dem_processor.py)"
seg_1305429498_0,73.9,1.15,plain,"real: DEM sample (AWS Terrain Tiles (Skadi/SRTM1, ~30m, void-filled)), mean of 14/14 points along geometry (range 71.3-76.3m)","real: mean absolute gradient over the DEM elevation profile (14 points, see dem_processor.py)"
seg_1305429498_1,71.3,0.11,plain,"real: DEM sample (AWS Terrain Tiles (Skadi/SRTM1, ~30m, void-filled)), mean of 2/2 points along geometry (range 71.2-71.3m)","real: mean absolute gradient over the DEM elevation profile (2 points, see dem_processor.py)"
seg_1305429498_2,71.5,1.42,plain,"real: DEM sample (AWS Terrain Tiles (Skadi/SRTM1, ~30m, void-filled)), mean of 2/2 points along geometry (range 71.2-71.7m)","real: mean absolute gradient over the DEM elevation profile (2 points, see dem_processor.py)"
seg_1305429498_3,71.8,2.27,plain,"real: DEM sample (AWS Terrain Tiles (Skadi/SRTM1, ~30m, void-filled)), mean of 2/2 points along geometry (range 71.7-72.0m)","real: mean absolute gradient over the DEM elevation profile (2 points, see dem_processor.py)"
seg_1305429499_0,73.3,1.05,plain,"real: DEM sample (AWS Terrain Tiles (Skadi/SRTM1, ~30m, void-filled)), mean of 36/36 points along geometry (range 68.5-77.6m)","real: mean absolute gradient over the DEM elevation profile (36 points, see dem_processor.py)"
seg_1305429500_0,71.2,1.27,plain,"real: DEM sample (AWS Terrain Tiles (Skadi/SRTM1, ~30m, void-filled)), mean of 20/20 points along geometry (range 66.7-75.4m)","real: mean absolute gradient over the DEM elevation profile (20 points, see dem_processor.py)"
seg_1305429500_1,73.1,1.12,plain,"real: DEM sample (AWS Terrain Tiles (Skadi/SRTM1, ~30m, void-filled)), mean of 41/41 points along geometry (range 68.8-78.2m)","real: mean absolute gradient over the DEM elevation profile (41 points, see dem_processor.py)"
seg_1305429502_0,71.7,0.93,plain,"real: DEM sample (AWS Terrain Tiles (Skadi/SRTM1, ~30m, void-filled)), mean of 34/34 points along geometry (range 65.6-74.0m)","real: mean absolute gradient over the DEM elevation profile (34 points, see dem_processor.py)"
seg_1305429503_0,70.9,2.07,plain,"real: DEM sample (AWS Terrain Tiles (Skadi/SRTM1, ~30m, void-filled)), mean of 2/2 points along geometry (range 70.6-71.1m)","real: mean absolute gradient over the DEM elevation profile (2 points, see dem_processor.py)"
seg_1305429504_0,71.4,0.97,plain,"real: DEM sample (AWS Terrain Tiles (Skadi/SRTM1, ~30m, void-filled)), mean of 2/2 points along geometry (range 71.1-71.6m)","real: mean absolute gradient over the DEM elevation profile (2 points, see dem_processor.py)"
seg_1305429505_0,72.0,0.46,plain,"real: DEM sample (AWS Terrain Tiles (Skadi/SRTM1, ~30m, void-filled)), mean of 3/3 points along geometry (range 71.6-72.2m)","real: mean absolute gradient over the DEM elevation profile (3 points, see dem_processor.py)"
seg_1305429506_0,71.0,2.81,plain,"real: DEM sample (AWS Terrain Tiles (Skadi/SRTM1, ~30m, void-filled)), mean of 2/2 points along geometry (range 70.0-72.0m)","real: mean absolute gradient over the DEM elevation profile (2 points, see dem_processor.py)"
seg_1305429506_1,71.4,1.39,plain,"real: DEM sample (AWS Terrain Tiles (Skadi/SRTM1, ~30m, void-filled)), mean of 17/17 points along geometry (range 67.2-75.4m)","real: mean absolute gradient over the DEM elevation profile (17 points, see dem_processor.py)"
seg_1305429624_0,69.0,0.74,plain,"real: DEM sample (AWS Terrain Tiles (Skadi/SRTM1, ~30m, void-filled)), mean of 3/3 points along geometry (range 68.2-69.6m)","real: mean absolute gradient over the DEM elevation profile (3 points, see dem_processor.py)"
seg_1305429625_0,68.1,0.37,plain,"real: DEM sample (AWS Terrain Tiles (Skadi/SRTM1, ~30m, void-filled)), mean of 2/2 points along geometry (range 68.0-68.2m)","real: mean absolute gradient over the DEM elevation profile (2 points, see dem_processor.py)"
seg_1305471302_0,74.6,4.87,plain,"real: DEM sample (AWS Terrain Tiles (Skadi/SRTM1, ~30m, void-filled)), mean of 2/2 points along geometry (range 74.3-75.0m)","real: mean absolute gradient over the DEM elevation profile (2 points, see dem_processor.py)"
seg_1305471303_0,74.4,1.21,plain,"real: DEM sample (AWS Terrain Tiles (Skadi/SRTM1, ~30m, void-filled)), mean of 2/2 points along geometry (range 74.3-74.6m)","real: mean absolute gradient over the DEM elevation profile (2 points, see dem_processor.py)"
seg_1305471307_0,74.8,1.07,plain,"real: DEM sample (AWS Terrain Tiles (Skadi/SRTM1, ~30m, void-filled)), mean of 2/2 points along geometry (range 74.6-75.1m)","real: mean absolute gradient over the DEM elevation profile (2 points, see dem_processor.py)"
seg_1305471308_0,73.2,1.14,plain,"real: DEM sample (AWS Terrain Tiles (Skadi/SRTM1, ~30m, void-filled)), mean of 21/21 points along geometry (range 69.3-75.4m)","real: mean absolute gradient over the DEM elevation profile (21 points, see dem_processor.py)"
seg_1305471309_0,74.9,2.27,plain,"real: DEM sample (AWS Terrain Tiles (Skadi/SRTM1, ~30m, void-filled)), mean of 2/2 points along geometry (range 74.4-75.3m)","real: mean absolute gradient over the DEM elevation profile (2 points, see dem_processor.py)"
seg_1305471310_0,74.0,1.27,plain,"real: DEM sample (AWS Terrain Tiles (Skadi/SRTM1, ~30m, void-filled)), mean of 9/9 points along geometry (range 71.0-75.8m)","real: mean absolute gradient over the DEM elevation profile (9 points, see dem_processor.py)"
seg_1305471310_1,73.7,1.21,plain,"real: DEM sample (AWS Terrain Tiles (Skadi/SRTM1, ~30m, void-filled)), mean of 12/12 points along geometry (range 69.3-75.8m)","real: mean absolute gradient over the DEM elevation profile (12 points, see dem_processor.py)"
seg_1305471322_0,70.9,0.82,plain,"real: DEM sample (AWS Terrain Tiles (Skadi/SRTM1, ~30m, void-filled)), mean of 2/2 points along geometry (range 70.8-71.0m)","real: mean absolute gradient over the DEM elevation profile (2 points, see dem_processor.py)"
seg_1305471323_0,70.5,1.72,plain,"real: DEM sample (AWS Terrain Tiles (Skadi/SRTM1, ~30m, void-filled)), mean of 2/2 points along geometry (range 70.3-70.7m)","real: mean absolute gradient over the DEM elevation profile (2 points, see dem_processor.py)"
seg_1305471328_0,69.7,1.56,plain,"real: DEM sample (AWS Terrain Tiles (Skadi/SRTM1, ~30m, void-filled)), mean of 2/2 points along geometry (range 69.3-70.1m)","real: mean absolute gradient over the DEM elevation profile (2 points, see dem_processor.py)"
seg_1305471329_0,72.8,1.72,plain,"real: DEM sample (AWS Terrain Tiles (Skadi/SRTM1, ~30m, void-filled)), mean of 18/18 points along geometry (range 70.1-76.3m)","real: mean absolute gradient over the DEM elevation profile (18 points, see dem_processor.py)"
seg_1305471329_1,71.4,1.26,plain,"real: DEM sample (AWS Terrain Tiles (Skadi/SRTM1, ~30m, void-filled)), mean of 7/7 points along geometry (range 68.8-74.3m)","real: mean absolute gradient over the DEM elevation profile (7 points, see dem_processor.py)"
seg_1305471329_2,70.2,1.69,plain,"real: DEM sample (AWS Terrain Tiles (Skadi/SRTM1, ~30m, void-filled)), mean of 16/16 points along geometry (range 66.1-74.7m)","real: mean absolute gradient over the DEM elevation profile (16 points, see dem_processor.py)"
seg_1305471330_0,70.4,1.01,plain,"real: DEM sample (AWS Terrain Tiles (Skadi/SRTM1, ~30m, void-filled)), mean of 14/14 points along geometry (range 68.0-75.1m)","real: mean absolute gradient over the DEM elevation profile (14 points, see dem_processor.py)"
seg_1305471330_1,71.8,1.68,plain,"real: DEM sample (AWS Terrain Tiles (Skadi/SRTM1, ~30m, void-filled)), mean of 6/6 points along geometry (range 70.2-74.5m)","real: mean absolute gradient over the DEM elevation profile (6 points, see dem_processor.py)"
seg_1305471330_2,68.2,1.66,plain,"real: DEM sample (AWS Terrain Tiles (Skadi/SRTM1, ~30m, void-filled)), mean of 12/12 points along geometry (range 66.1-71.0m)","real: mean absolute gradient over the DEM elevation profile (12 points, see dem_processor.py)"
seg_1305471331_0,69.5,1.03,plain,"real: DEM sample (AWS Terrain Tiles (Skadi/SRTM1, ~30m, void-filled)), mean of 2/2 points along geometry (range 69.3-69.7m)","real: mean absolute gradient over the DEM elevation profile (2 points, see dem_processor.py)"
seg_1305471332_0,73.7,1.72,plain,"real: DEM sample (AWS Terrain Tiles (Skadi/SRTM1, ~30m, void-filled)), mean of 2/2 points along geometry (range 73.4-73.9m)","real: mean absolute gradient over the DEM elevation profile (2 points, see dem_processor.py)"
seg_1305471333_0,70.8,1.68,plain,"real: DEM sample (AWS Terrain Tiles (Skadi/SRTM1, ~30m, void-filled)), mean of 19/19 points along geometry (range 66.5-75.6m)","real: mean absolute gradient over the DEM elevation profile (19 points, see dem_processor.py)"
seg_1305471333_1,71.4,1.43,plain,"real: DEM sample (AWS Terrain Tiles (Skadi/SRTM1, ~30m, void-filled)), mean of 7/7 points along geometry (range 68.0-74.6m)","real: mean absolute gradient over the DEM elevation profile (7 points, see dem_processor.py)"
seg_1305471333_2,72.8,1.58,plain,"real: DEM sample (AWS Terrain Tiles (Skadi/SRTM1, ~30m, void-filled)), mean of 15/15 points along geometry (range 69.7-75.8m)","real: mean absolute gradient over the DEM elevation profile (15 points, see dem_processor.py)"
seg_1305743436_0,61.4,0.63,plain,"real: DEM sample (AWS Terrain Tiles (Skadi/SRTM1, ~30m, void-filled)), mean of 11/11 points along geometry (range 59.4-63.0m)","real: mean absolute gradient over the DEM elevation profile (11 points, see dem_processor.py)"
seg_1305743436_1,62.1,1.03,plain,"real: DEM sample (AWS Terrain Tiles (Skadi/SRTM1, ~30m, void-filled)), mean of 55/55 points along geometry (range 58.2-66.4m)","real: mean absolute gradient over the DEM elevation profile (55 points, see dem_processor.py)"
seg_1305743438_0,60.9,1.28,plain,"real: DEM sample (AWS Terrain Tiles (Skadi/SRTM1, ~30m, void-filled)), mean of 4/4 points along geometry (range 60.4-62.2m)","real: mean absolute gradient over the DEM elevation profile (4 points, see dem_processor.py)"
seg_1305743473_0,60.3,0.57,plain,"real: DEM sample (AWS Terrain Tiles (Skadi/SRTM1, ~30m, void-filled)), mean of 2/2 points along geometry (range 60.0-60.5m)","real: mean absolute gradient over the DEM elevation profile (2 points, see dem_processor.py)"
seg_1305743474_0,60.2,0.54,plain,"real: DEM sample (AWS Terrain Tiles (Skadi/SRTM1, ~30m, void-filled)), mean of 2/2 points along geometry (range 60.0-60.5m)","real: mean absolute gradient over the DEM elevation profile (2 points, see dem_processor.py)"
seg_1305934835_0,71.9,0.71,plain,"real: DEM sample (AWS Terrain Tiles (Skadi/SRTM1, ~30m, void-filled)), mean of 7/7 points along geometry (range 69.6-73.6m)","real: mean absolute gradient over the DEM elevation profile (7 points, see dem_processor.py)"
seg_1305934835_1,70.6,0.87,plain,"real: DEM sample (AWS Terrain Tiles (Skadi/SRTM1, ~30m, void-filled)), mean of 5/5 points along geometry (range 69.6-72.0m)","real: mean absolute gradient over the DEM elevation profile (5 points, see dem_processor.py)"
seg_1305934836_0,70.2,1.73,plain,"real: DEM sample (AWS Terrain Tiles (Skadi/SRTM1, ~30m, void-filled)), mean of 5/5 points along geometry (range 68.4-72.0m)","real: mean absolute gradient over the DEM elevation profile (5 points, see dem_processor.py)"
seg_1305934837_0,71.6,1.33,plain,"real: DEM sample (AWS Terrain Tiles (Skadi/SRTM1, ~30m, void-filled)), mean of 9/9 points along geometry (range 68.1-74.4m)","real: mean absolute gradient over the DEM elevation profile (9 points, see dem_processor.py)"
seg_1305934838_0,70.6,2.57,plain,"real: DEM sample (AWS Terrain Tiles (Skadi/SRTM1, ~30m, void-filled)), mean of 3/3 points along geometry (range 68.0-72.0m)","real: mean absolute gradient over the DEM elevation profile (3 points, see dem_processor.py)"
seg_1305934839_0,68.7,0.85,plain,"real: DEM sample (AWS Terrain Tiles (Skadi/SRTM1, ~30m, void-filled)), mean of 3/3 points along geometry (range 68.0-69.6m)","real: mean absolute gradient over the DEM elevation profile (3 points, see dem_processor.py)"
seg_1305934840_0,68.8,2.09,plain,"real: DEM sample (AWS Terrain Tiles (Skadi/SRTM1, ~30m, void-filled)), mean of 2/2 points along geometry (range 68.0-69.6m)","real: mean absolute gradient over the DEM elevation profile (2 points, see dem_processor.py)"
seg_1305934841_0,73.9,1.04,plain,"real: DEM sample (AWS Terrain Tiles (Skadi/SRTM1, ~30m, void-filled)), mean of 15/15 points along geometry (range 71.0-76.1m)","real: mean absolute gradient over the DEM elevation profile (15 points, see dem_processor.py)"
seg_1305934841_1,72.4,0.56,plain,"real: DEM sample (AWS Terrain Tiles (Skadi/SRTM1, ~30m, void-filled)), mean of 3/3 points along geometry (range 72.0-72.7m)","real: mean absolute gradient over the DEM elevation profile (3 points, see dem_processor.py)"
seg_1305934842_0,70.8,0.95,plain,"real: DEM sample (AWS Terrain Tiles (Skadi/SRTM1, ~30m, void-filled)), mean of 3/3 points along geometry (range 70.1-71.8m)","real: mean absolute gradient over the DEM elevation profile (3 points, see dem_processor.py)"
seg_1305934842_1,73.6,1.14,plain,"real: DEM sample (AWS Terrain Tiles (Skadi/SRTM1, ~30m, void-filled)), mean of 14/14 points along geometry (range 70.1-76.0m)","real: mean absolute gradient over the DEM elevation profile (14 points, see dem_processor.py)"
seg_1306224751_0,74.4,0.86,plain,"real: DEM sample (AWS Terrain Tiles (Skadi/SRTM1, ~30m, void-filled)), mean of 30/30 points along geometry (range 70.1-78.0m)","real: mean absolute gradient over the DEM elevation profile (30 points, see dem_processor.py)"
seg_1308359404_0,60.8,1.79,plain,"real: DEM sample (AWS Terrain Tiles (Skadi/SRTM1, ~30m, void-filled)), mean of 2/2 points along geometry (range 60.4-61.2m)","real: mean absolute gradient over the DEM elevation profile (2 points, see dem_processor.py)"
seg_1308359404_1,61.4,0.81,plain,"real: DEM sample (AWS Terrain Tiles (Skadi/SRTM1, ~30m, void-filled)), mean of 10/10 points along geometry (range 59.9-62.8m)","real: mean absolute gradient over the DEM elevation profile (10 points, see dem_processor.py)"
seg_1311573088_0,88.3,5.25,plain,"real: DEM sample (AWS Terrain Tiles (Skadi/SRTM1, ~30m, void-filled)), mean of 20/20 points along geometry (range 69.1-121.3m)","real: mean absolute gradient over the DEM elevation profile (20 points, see dem_processor.py)"
seg_1311938772_0,57.3,0.29,plain,"real: DEM sample (AWS Terrain Tiles (Skadi/SRTM1, ~30m, void-filled)), mean of 4/4 points along geometry (range 57.0-57.6m)","real: mean absolute gradient over the DEM elevation profile (4 points, see dem_processor.py)"
seg_1316335231_0,51.3,0.01,plain,"real: DEM sample (AWS Terrain Tiles (Skadi/SRTM1, ~30m, void-filled)), mean of 2/2 points along geometry (range 51.3-51.3m)","real: mean absolute gradient over the DEM elevation profile (2 points, see dem_processor.py)"
seg_1316335232_0,50.9,0.37,plain,"real: DEM sample (AWS Terrain Tiles (Skadi/SRTM1, ~30m, void-filled)), mean of 2/2 points along geometry (range 50.8-51.0m)","real: mean absolute gradient over the DEM elevation profile (2 points, see dem_processor.py)"
seg_1316335233_0,50.0,0.23,plain,"real: DEM sample (AWS Terrain Tiles (Skadi/SRTM1, ~30m, void-filled)), mean of 2/2 points along geometry (range 49.9-50.1m)","real: mean absolute gradient over the DEM elevation profile (2 points, see dem_processor.py)"
seg_1316335234_0,50.8,0.75,plain,"real: DEM sample (AWS Terrain Tiles (Skadi/SRTM1, ~30m, void-filled)), mean of 2/2 points along geometry (range 50.4-51.2m)","real: mean absolute gradient over the DEM elevation profile (2 points, see dem_processor.py)"
seg_1316335235_0,51.9,1.89,plain,"real: DEM sample (AWS Terrain Tiles (Skadi/SRTM1, ~30m, void-filled)), mean of 11/11 points along geometry (range 49.1-55.3m)","real: mean absolute gradient over the DEM elevation profile (11 points, see dem_processor.py)"
seg_1316335236_0,52.7,0.77,plain,"real: DEM sample (AWS Terrain Tiles (Skadi/SRTM1, ~30m, void-filled)), mean of 10/10 points along geometry (range 50.8-56.2m)","real: mean absolute gradient over the DEM elevation profile (10 points, see dem_processor.py)"
seg_1316335236_1,53.2,1.59,plain,"real: DEM sample (AWS Terrain Tiles (Skadi/SRTM1, ~30m, void-filled)), mean of 9/9 points along geometry (range 50.2-55.5m)","real: mean absolute gradient over the DEM elevation profile (9 points, see dem_processor.py)"
seg_1316335236_2,53.3,0.98,plain,"real: DEM sample (AWS Terrain Tiles (Skadi/SRTM1, ~30m, void-filled)), mean of 3/3 points along geometry (range 51.8-54.3m)","real: mean absolute gradient over the DEM elevation profile (3 points, see dem_processor.py)"
seg_1316335709_0,60.2,0.59,plain,"real: DEM sample (AWS Terrain Tiles (Skadi/SRTM1, ~30m, void-filled)), mean of 3/3 points along geometry (range 59.6-60.7m)","real: mean absolute gradient over the DEM elevation profile (3 points, see dem_processor.py)"
seg_1316335715_0,60.7,0.28,plain,"real: DEM sample (AWS Terrain Tiles (Skadi/SRTM1, ~30m, void-filled)), mean of 3/3 points along geometry (range 60.4-61.0m)","real: mean absolute gradient over the DEM elevation profile (3 points, see dem_processor.py)"
seg_1316335719_0,54.7,0.74,plain,"real: DEM sample (AWS Terrain Tiles (Skadi/SRTM1, ~30m, void-filled)), mean of 3/3 points along geometry (range 54.0-56.1m)","real: mean absolute gradient over the DEM elevation profile (3 points, see dem_processor.py)"
seg_1316335720_0,55.0,0.58,plain,"real: DEM sample (AWS Terrain Tiles (Skadi/SRTM1, ~30m, void-filled)), mean of 3/3 points along geometry (range 54.4-55.9m)","real: mean absolute gradient over the DEM elevation profile (3 points, see dem_processor.py)"
seg_1316336548_0,63.8,0.25,plain,"real: DEM sample (AWS Terrain Tiles (Skadi/SRTM1, ~30m, void-filled)), mean of 2/2 points along geometry (range 63.6-63.9m)","real: mean absolute gradient over the DEM elevation profile (2 points, see dem_processor.py)"
seg_1316336549_0,63.5,0.51,plain,"real: DEM sample (AWS Terrain Tiles (Skadi/SRTM1, ~30m, void-filled)), mean of 2/2 points along geometry (range 63.3-63.8m)","real: mean absolute gradient over the DEM elevation profile (2 points, see dem_processor.py)"
seg_1316336550_0,65.2,0.34,plain,"real: DEM sample (AWS Terrain Tiles (Skadi/SRTM1, ~30m, void-filled)), mean of 2/2 points along geometry (range 65.1-65.3m)","real: mean absolute gradient over the DEM elevation profile (2 points, see dem_processor.py)"
seg_1316336551_0,63.4,1.47,plain,"real: DEM sample (AWS Terrain Tiles (Skadi/SRTM1, ~30m, void-filled)), mean of 11/11 points along geometry (range 60.0-65.3m)","real: mean absolute gradient over the DEM elevation profile (11 points, see dem_processor.py)"
seg_1316336552_0,61.9,2.12,plain,"real: DEM sample (AWS Terrain Tiles (Skadi/SRTM1, ~30m, void-filled)), mean of 6/6 points along geometry (range 60.2-64.2m)","real: mean absolute gradient over the DEM elevation profile (6 points, see dem_processor.py)"
seg_1316336552_1,60.2,0.04,plain,"real: DEM sample (AWS Terrain Tiles (Skadi/SRTM1, ~30m, void-filled)), mean of 2/2 points along geometry (range 60.2-60.2m)","real: mean absolute gradient over the DEM elevation profile (2 points, see dem_processor.py)"
seg_1316337181_0,69.9,0.58,plain,"real: DEM sample (AWS Terrain Tiles (Skadi/SRTM1, ~30m, void-filled)), mean of 3/3 points along geometry (range 69.7-70.1m)","real: mean absolute gradient over the DEM elevation profile (3 points, see dem_processor.py)"
seg_1316337181_1,70.1,1.14,plain,"real: DEM sample (AWS Terrain Tiles (Skadi/SRTM1, ~30m, void-filled)), mean of 4/4 points along geometry (range 69.1-70.9m)","real: mean absolute gradient over the DEM elevation profile (4 points, see dem_processor.py)"
seg_1316337182_0,68.6,1.3,plain,"real: DEM sample (AWS Terrain Tiles (Skadi/SRTM1, ~30m, void-filled)), mean of 3/3 points along geometry (range 67.6-69.1m)","real: mean absolute gradient over the DEM elevation profile (3 points, see dem_processor.py)"
seg_1316337183_0,73.0,1.9,plain,"real: DEM sample (AWS Terrain Tiles (Skadi/SRTM1, ~30m, void-filled)), mean of 5/5 points along geometry (range 71.7-74.0m)","real: mean absolute gradient over the DEM elevation profile (5 points, see dem_processor.py)"
seg_1316337184_0,70.5,4.65,plain,"real: DEM sample (AWS Terrain Tiles (Skadi/SRTM1, ~30m, void-filled)), mean of 2/2 points along geometry (range 69.0-72.0m)","real: mean absolute gradient over the DEM elevation profile (2 points, see dem_processor.py)"
seg_1316339675_0,60.5,1.43,plain,"real: DEM sample (AWS Terrain Tiles (Skadi/SRTM1, ~30m, void-filled)), mean of 3/3 points along geometry (range 59.0-61.5m)","real: mean absolute gradient over the DEM elevation profile (3 points, see dem_processor.py)"
seg_1316339676_0,60.5,0.99,plain,"real: DEM sample (AWS Terrain Tiles (Skadi/SRTM1, ~30m, void-filled)), mean of 3/3 points along geometry (range 59.2-61.3m)","real: mean absolute gradient over the DEM elevation profile (3 points, see dem_processor.py)"
seg_1316339677_0,61.1,0.29,plain,"real: DEM sample (AWS Terrain Tiles (Skadi/SRTM1, ~30m, void-filled)), mean of 2/2 points along geometry (range 61.0-61.3m)","real: mean absolute gradient over the DEM elevation profile (2 points, see dem_processor.py)"
seg_1316339678_0,60.9,0.23,plain,"real: DEM sample (AWS Terrain Tiles (Skadi/SRTM1, ~30m, void-filled)), mean of 2/2 points along geometry (range 60.7-61.0m)","real: mean absolute gradient over the DEM elevation profile (2 points, see dem_processor.py)"
seg_1316339679_0,61.1,1.46,plain,"real: DEM sample (AWS Terrain Tiles (Skadi/SRTM1, ~30m, void-filled)), mean of 2/2 points along geometry (range 60.7-61.4m)","real: mean absolute gradient over the DEM elevation profile (2 points, see dem_processor.py)"
seg_1316339680_0,61.0,1.08,plain,"real: DEM sample (AWS Terrain Tiles (Skadi/SRTM1, ~30m, void-filled)), mean of 2/2 points along geometry (range 60.7-61.2m)","real: mean absolute gradient over the DEM elevation profile (2 points, see dem_processor.py)"
seg_1316340877_0,62.4,0.93,plain,"real: DEM sample (AWS Terrain Tiles (Skadi/SRTM1, ~30m, void-filled)), mean of 2/2 points along geometry (range 62.4-62.5m)","real: mean absolute gradient over the DEM elevation profile (2 points, see dem_processor.py)"
seg_1316340878_0,58.8,2.41,plain,"real: DEM sample (AWS Terrain Tiles (Skadi/SRTM1, ~30m, void-filled)), mean of 3/3 points along geometry (range 57.9-60.6m)","real: mean absolute gradient over the DEM elevation profile (3 points, see dem_processor.py)"
seg_1316340879_0,55.0,0.02,plain,"real: DEM sample (AWS Terrain Tiles (Skadi/SRTM1, ~30m, void-filled)), mean of 2/2 points along geometry (range 55.0-55.0m)","real: mean absolute gradient over the DEM elevation profile (2 points, see dem_processor.py)"
seg_1316342007_0,55.9,1.23,plain,"real: DEM sample (AWS Terrain Tiles (Skadi/SRTM1, ~30m, void-filled)), mean of 2/2 points along geometry (range 55.8-56.1m)","real: mean absolute gradient over the DEM elevation profile (2 points, see dem_processor.py)"
seg_1316342008_0,55.6,0.94,plain,"real: DEM sample (AWS Terrain Tiles (Skadi/SRTM1, ~30m, void-filled)), mean of 2/2 points along geometry (range 55.4-55.7m)","real: mean absolute gradient over the DEM elevation profile (2 points, see dem_processor.py)"
seg_1316342009_0,57.3,1.51,plain,"real: DEM sample (AWS Terrain Tiles (Skadi/SRTM1, ~30m, void-filled)), mean of 2/2 points along geometry (range 57.2-57.5m)","real: mean absolute gradient over the DEM elevation profile (2 points, see dem_processor.py)"
seg_1316342010_0,57.4,1.87,plain,"real: DEM sample (AWS Terrain Tiles (Skadi/SRTM1, ~30m, void-filled)), mean of 2/2 points along geometry (range 57.2-57.5m)","real: mean absolute gradient over the DEM elevation profile (2 points, see dem_processor.py)"
seg_1316342011_0,55.8,1.17,plain,"real: DEM sample (AWS Terrain Tiles (Skadi/SRTM1, ~30m, void-filled)), mean of 12/12 points along geometry (range 53.9-57.5m)","real: mean absolute gradient over the DEM elevation profile (12 points, see dem_processor.py)"
seg_1316342012_0,57.7,0.94,plain,"real: DEM sample (AWS Terrain Tiles (Skadi/SRTM1, ~30m, void-filled)), mean of 2/2 points along geometry (range 57.5-57.9m)","real: mean absolute gradient over the DEM elevation profile (2 points, see dem_processor.py)"
seg_1316342012_1,57.5,0.12,plain,"real: DEM sample (AWS Terrain Tiles (Skadi/SRTM1, ~30m, void-filled)), mean of 2/2 points along geometry (range 57.5-57.6m)","real: mean absolute gradient over the DEM elevation profile (2 points, see dem_processor.py)"
seg_1316342012_2,55.6,1.46,plain,"real: DEM sample (AWS Terrain Tiles (Skadi/SRTM1, ~30m, void-filled)), mean of 7/7 points along geometry (range 54.0-57.6m)","real: mean absolute gradient over the DEM elevation profile (7 points, see dem_processor.py)"
seg_1316342871_0,55.1,0.16,plain,"real: DEM sample (AWS Terrain Tiles (Skadi/SRTM1, ~30m, void-filled)), mean of 2/2 points along geometry (range 55.0-55.1m)","real: mean absolute gradient over the DEM elevation profile (2 points, see dem_processor.py)"
seg_1316342872_0,55.5,0.32,plain,"real: DEM sample (AWS Terrain Tiles (Skadi/SRTM1, ~30m, void-filled)), mean of 2/2 points along geometry (range 55.4-55.5m)","real: mean absolute gradient over the DEM elevation profile (2 points, see dem_processor.py)"
seg_1316342873_0,55.5,1.0,plain,"real: DEM sample (AWS Terrain Tiles (Skadi/SRTM1, ~30m, void-filled)), mean of 2/2 points along geometry (range 55.3-55.6m)","real: mean absolute gradient over the DEM elevation profile (2 points, see dem_processor.py)"
seg_1316342874_0,55.7,1.06,plain,"real: DEM sample (AWS Terrain Tiles (Skadi/SRTM1, ~30m, void-filled)), mean of 2/2 points along geometry (range 55.5-56.0m)","real: mean absolute gradient over the DEM elevation profile (2 points, see dem_processor.py)"
seg_1316343251_0,54.4,1.99,plain,"real: DEM sample (AWS Terrain Tiles (Skadi/SRTM1, ~30m, void-filled)), mean of 2/2 points along geometry (range 54.0-54.7m)","real: mean absolute gradient over the DEM elevation profile (2 points, see dem_processor.py)"
seg_1316343252_0,54.4,1.57,plain,"real: DEM sample (AWS Terrain Tiles (Skadi/SRTM1, ~30m, void-filled)), mean of 2/2 points along geometry (range 54.2-54.6m)","real: mean absolute gradient over the DEM elevation profile (2 points, see dem_processor.py)"
seg_1316343253_0,56.0,0.0,plain,"real: DEM sample (AWS Terrain Tiles (Skadi/SRTM1, ~30m, void-filled)), mean of 2/2 points along geometry (range 56.0-56.0m)","real: mean absolute gradient over the DEM elevation profile (2 points, see dem_processor.py)"
seg_1316343254_0,56.0,0.0,plain,"real: DEM sample (AWS Terrain Tiles (Skadi/SRTM1, ~30m, void-filled)), mean of 2/2 points along geometry (range 56.0-56.0m)","real: mean absolute gradient over the DEM elevation profile (2 points, see dem_processor.py)"
seg_1316344080_0,60.0,0.7,plain,"real: DEM sample (AWS Terrain Tiles (Skadi/SRTM1, ~30m, void-filled)), mean of 2/2 points along geometry (range 59.9-60.1m)","real: mean absolute gradient over the DEM elevation profile (2 points, see dem_processor.py)"
seg_1316345597_0,56.3,1.8,plain,"real: DEM sample (AWS Terrain Tiles (Skadi/SRTM1, ~30m, void-filled)), mean of 2/2 points along geometry (range 56.1-56.6m)","real: mean absolute gradient over the DEM elevation profile (2 points, see dem_processor.py)"
seg_1316345598_0,56.4,1.66,plain,"real: DEM sample (AWS Terrain Tiles (Skadi/SRTM1, ~30m, void-filled)), mean of 2/2 points along geometry (range 56.0-56.8m)","real: mean absolute gradient over the DEM elevation profile (2 points, see dem_processor.py)"
seg_1316345599_0,52.4,2.44,plain,"real: DEM sample (AWS Terrain Tiles (Skadi/SRTM1, ~30m, void-filled)), mean of 2/2 points along geometry (range 51.9-52.9m)","real: mean absolute gradient over the DEM elevation profile (2 points, see dem_processor.py)"
seg_1316345600_0,52.5,2.18,plain,"real: DEM sample (AWS Terrain Tiles (Skadi/SRTM1, ~30m, void-filled)), mean of 2/2 points along geometry (range 52.1-52.9m)","real: mean absolute gradient over the DEM elevation profile (2 points, see dem_processor.py)"
seg_1316345602_0,55.7,0.9,plain,"real: DEM sample (AWS Terrain Tiles (Skadi/SRTM1, ~30m, void-filled)), mean of 5/5 points along geometry (range 55.1-56.4m)","real: mean absolute gradient over the DEM elevation profile (5 points, see dem_processor.py)"
seg_1316345603_0,56.1,0.96,plain,"real: DEM sample (AWS Terrain Tiles (Skadi/SRTM1, ~30m, void-filled)), mean of 7/7 points along geometry (range 55.1-56.9m)","real: mean absolute gradient over the DEM elevation profile (7 points, see dem_processor.py)"
seg_1316345604_0,57.1,3.41,plain,"real: DEM sample (AWS Terrain Tiles (Skadi/SRTM1, ~30m, void-filled)), mean of 2/2 points along geometry (range 56.5-57.6m)","real: mean absolute gradient over the DEM elevation profile (2 points, see dem_processor.py)"
seg_1316345605_0,57.2,3.81,plain,"real: DEM sample (AWS Terrain Tiles (Skadi/SRTM1, ~30m, void-filled)), mean of 2/2 points along geometry (range 56.7-57.8m)","real: mean absolute gradient over the DEM elevation profile (2 points, see dem_processor.py)"
seg_1316345913_0,58.7,0.81,plain,"real: DEM sample (AWS Terrain Tiles (Skadi/SRTM1, ~30m, void-filled)), mean of 7/7 points along geometry (range 57.4-59.0m)","real: mean absolute gradient over the DEM elevation profile (7 points, see dem_processor.py)"
seg_1316345913_1,58.7,1.13,plain,"real: DEM sample (AWS Terrain Tiles (Skadi/SRTM1, ~30m, void-filled)), mean of 2/2 points along geometry (range 58.7-58.8m)","real: mean absolute gradient over the DEM elevation profile (2 points, see dem_processor.py)"
seg_1316345914_0,58.1,3.72,plain,"real: DEM sample (AWS Terrain Tiles (Skadi/SRTM1, ~30m, void-filled)), mean of 2/2 points along geometry (range 57.9-58.3m)","real: mean absolute gradient over the DEM elevation profile (2 points, see dem_processor.py)"
seg_1316345914_1,58.3,1.25,plain,"real: DEM sample (AWS Terrain Tiles (Skadi/SRTM1, ~30m, void-filled)), mean of 4/4 points along geometry (range 57.0-59.0m)","real: mean absolute gradient over the DEM elevation profile (4 points, see dem_processor.py)"
seg_1316345916_0,58.9,1.51,plain,"real: DEM sample (AWS Terrain Tiles (Skadi/SRTM1, ~30m, void-filled)), mean of 2/2 points along geometry (range 58.4-59.4m)","real: mean absolute gradient over the DEM elevation profile (2 points, see dem_processor.py)"
seg_1316345917_0,58.6,0.5,plain,"real: DEM sample (AWS Terrain Tiles (Skadi/SRTM1, ~30m, void-filled)), mean of 2/2 points along geometry (range 58.5-58.8m)","real: mean absolute gradient over the DEM elevation profile (2 points, see dem_processor.py)"
seg_1316345918_0,60.9,2.1,plain,"real: DEM sample (AWS Terrain Tiles (Skadi/SRTM1, ~30m, void-filled)), mean of 9/9 points along geometry (range 60.0-61.5m)","real: mean absolute gradient over the DEM elevation profile (9 points, see dem_processor.py)"
seg_1316346102_0,60.1,0.31,plain,"real: DEM sample (AWS Terrain Tiles (Skadi/SRTM1, ~30m, void-filled)), mean of 2/2 points along geometry (range 60.0-60.2m)","real: mean absolute gradient over the DEM elevation profile (2 points, see dem_processor.py)"
seg_1316346103_0,61.3,1.41,plain,"real: DEM sample (AWS Terrain Tiles (Skadi/SRTM1, ~30m, void-filled)), mean of 2/2 points along geometry (range 60.9-61.6m)","real: mean absolute gradient over the DEM elevation profile (2 points, see dem_processor.py)"
seg_1316346957_0,61.2,1.76,plain,"real: DEM sample (AWS Terrain Tiles (Skadi/SRTM1, ~30m, void-filled)), mean of 2/2 points along geometry (range 60.8-61.7m)","real: mean absolute gradient over the DEM elevation profile (2 points, see dem_processor.py)"
seg_1316346958_0,61.6,2.39,plain,"real: DEM sample (AWS Terrain Tiles (Skadi/SRTM1, ~30m, void-filled)), mean of 2/2 points along geometry (range 60.9-62.3m)","real: mean absolute gradient over the DEM elevation profile (2 points, see dem_processor.py)"
seg_1316346959_0,55.9,0.01,plain,"real: DEM sample (AWS Terrain Tiles (Skadi/SRTM1, ~30m, void-filled)), mean of 2/2 points along geometry (range 55.9-55.9m)","real: mean absolute gradient over the DEM elevation profile (2 points, see dem_processor.py)"
seg_1316346960_0,55.7,0.04,plain,"real: DEM sample (AWS Terrain Tiles (Skadi/SRTM1, ~30m, void-filled)), mean of 2/2 points along geometry (range 55.7-55.7m)","real: mean absolute gradient over the DEM elevation profile (2 points, see dem_processor.py)"
seg_1316346961_0,53.2,1.36,plain,"real: DEM sample (AWS Terrain Tiles (Skadi/SRTM1, ~30m, void-filled)), mean of 2/2 points along geometry (range 53.1-53.3m)","real: mean absolute gradient over the DEM elevation profile (2 points, see dem_processor.py)"
seg_1316346962_0,53.5,1.34,plain,"real: DEM sample (AWS Terrain Tiles (Skadi/SRTM1, ~30m, void-filled)), mean of 2/2 points along geometry (range 53.4-53.6m)","real: mean absolute gradient over the DEM elevation profile (2 points, see dem_processor.py)"
seg_1316348115_0,51.6,1.35,plain,"real: DEM sample (AWS Terrain Tiles (Skadi/SRTM1, ~30m, void-filled)), mean of 4/4 points along geometry (range 50.3-53.0m)","real: mean absolute gradient over the DEM elevation profile (4 points, see dem_processor.py)"
seg_1316348116_0,51.4,0.84,plain,"real: DEM sample (AWS Terrain Tiles (Skadi/SRTM1, ~30m, void-filled)), mean of 6/6 points along geometry (range 50.1-53.1m)","real: mean absolute gradient over the DEM elevation profile (6 points, see dem_processor.py)"
seg_1327825224_0,63.6,0.48,plain,"real: DEM sample (AWS Terrain Tiles (Skadi/SRTM1, ~30m, void-filled)), mean of 5/5 points along geometry (range 62.8-64.5m)","real: mean absolute gradient over the DEM elevation profile (5 points, see dem_processor.py)"
seg_1327825224_1,62.4,1.13,plain,"real: DEM sample (AWS Terrain Tiles (Skadi/SRTM1, ~30m, void-filled)), mean of 77/77 points along geometry (range 57.7-66.4m)","real: mean absolute gradient over the DEM elevation profile (77 points, see dem_processor.py)"
seg_1327825225_0,57.0,1.86,plain,"real: DEM sample (AWS Terrain Tiles (Skadi/SRTM1, ~30m, void-filled)), mean of 2/2 points along geometry (range 56.1-58.0m)","real: mean absolute gradient over the DEM elevation profile (2 points, see dem_processor.py)"
seg_1329018517_0,63.9,5.31,plain,"real: DEM sample (AWS Terrain Tiles (Skadi/SRTM1, ~30m, void-filled)), mean of 2/2 points along geometry (range 62.4-65.3m)","real: mean absolute gradient over the DEM elevation profile (2 points, see dem_processor.py)"
seg_1329018518_0,65.5,1.71,plain,"real: DEM sample (AWS Terrain Tiles (Skadi/SRTM1, ~30m, void-filled)), mean of 8/8 points along geometry (range 62.3-67.2m)","real: mean absolute gradient over the DEM elevation profile (8 points, see dem_processor.py)"
seg_1329018519_0,63.4,3.91,plain,"real: DEM sample (AWS Terrain Tiles (Skadi/SRTM1, ~30m, void-filled)), mean of 2/2 points along geometry (range 62.3-64.6m)","real: mean absolute gradient over the DEM elevation profile (2 points, see dem_processor.py)"
seg_1336405748_0,54.6,2.55,plain,"real: DEM sample (AWS Terrain Tiles (Skadi/SRTM1, ~30m, void-filled)), mean of 5/5 points along geometry (range 54.2-55.3m)","real: mean absolute gradient over the DEM elevation profile (5 points, see dem_processor.py)"
seg_1336570549_0,61.9,1.71,plain,"real: DEM sample (AWS Terrain Tiles (Skadi/SRTM1, ~30m, void-filled)), mean of 11/11 points along geometry (range 58.3-65.0m)","real: mean absolute gradient over the DEM elevation profile (11 points, see dem_processor.py)"
seg_1341827548_0,71.8,1.34,plain,"real: DEM sample (AWS Terrain Tiles (Skadi/SRTM1, ~30m, void-filled)), mean of 3/3 points along geometry (range 70.6-73.1m)","real: mean absolute gradient over the DEM elevation profile (3 points, see dem_processor.py)"
seg_1341827549_0,72.3,1.02,plain,"real: DEM sample (AWS Terrain Tiles (Skadi/SRTM1, ~30m, void-filled)), mean of 7/7 points along geometry (range 69.6-74.0m)","real: mean absolute gradient over the DEM elevation profile (7 points, see dem_processor.py)"
seg_1343462011_0,53.8,0.51,plain,"real: DEM sample (AWS Terrain Tiles (Skadi/SRTM1, ~30m, void-filled)), mean of 5/5 points along geometry (range 53.6-54.1m)","real: mean absolute gradient over the DEM elevation profile (5 points, see dem_processor.py)"
seg_1343462011_1,53.7,0.72,plain,"real: DEM sample (AWS Terrain Tiles (Skadi/SRTM1, ~30m, void-filled)), mean of 3/3 points along geometry (range 53.7-53.7m)","real: mean absolute gradient over the DEM elevation profile (3 points, see dem_processor.py)"
seg_1343462011_2,54.9,0.53,plain,"real: DEM sample (AWS Terrain Tiles (Skadi/SRTM1, ~30m, void-filled)), mean of 7/7 points along geometry (range 53.7-56.0m)","real: mean absolute gradient over the DEM elevation profile (7 points, see dem_processor.py)"
seg_1343462012_0,54.1,0.34,plain,"real: DEM sample (AWS Terrain Tiles (Skadi/SRTM1, ~30m, void-filled)), mean of 2/2 points along geometry (range 54.0-54.1m)","real: mean absolute gradient over the DEM elevation profile (2 points, see dem_processor.py)"
seg_1343462013_0,54.0,0.0,plain,"real: DEM sample (AWS Terrain Tiles (Skadi/SRTM1, ~30m, void-filled)), mean of 2/2 points along geometry (range 54.0-54.0m)","real: mean absolute gradient over the DEM elevation profile (2 points, see dem_processor.py)"
seg_1343462014_0,54.9,0.81,plain,"real: DEM sample (AWS Terrain Tiles (Skadi/SRTM1, ~30m, void-filled)), mean of 6/6 points along geometry (range 53.7-55.7m)","real: mean absolute gradient over the DEM elevation profile (6 points, see dem_processor.py)"
seg_1343462015_0,53.9,0.66,plain,"real: DEM sample (AWS Terrain Tiles (Skadi/SRTM1, ~30m, void-filled)), mean of 2/2 points along geometry (range 53.7-54.0m)","real: mean absolute gradient over the DEM elevation profile (2 points, see dem_processor.py)"
seg_1343462016_0,54.1,0.25,plain,"real: DEM sample (AWS Terrain Tiles (Skadi/SRTM1, ~30m, void-filled)), mean of 2/2 points along geometry (range 54.1-54.1m)","real: mean absolute gradient over the DEM elevation profile (2 points, see dem_processor.py)"
seg_1343462017_0,56.5,1.76,plain,"real: DEM sample (AWS Terrain Tiles (Skadi/SRTM1, ~30m, void-filled)), mean of 5/5 points along geometry (range 54.1-57.9m)","real: mean absolute gradient over the DEM elevation profile (5 points, see dem_processor.py)"
seg_1346657509_0,64.4,0.36,plain,"real: DEM sample (AWS Terrain Tiles (Skadi/SRTM1, ~30m, void-filled)), mean of 2/2 points along geometry (range 64.2-64.6m)","real: mean absolute gradient over the DEM elevation profile (2 points, see dem_processor.py)"
seg_1347399310_0,61.5,1.16,plain,"real: DEM sample (AWS Terrain Tiles (Skadi/SRTM1, ~30m, void-filled)), mean of 21/21 points along geometry (range 59.0-66.4m)","real: mean absolute gradient over the DEM elevation profile (21 points, see dem_processor.py)"
seg_1347399310_1,60.4,0.81,plain,"real: DEM sample (AWS Terrain Tiles (Skadi/SRTM1, ~30m, void-filled)), mean of 20/20 points along geometry (range 56.1-63.4m)","real: mean absolute gradient over the DEM elevation profile (20 points, see dem_processor.py)"
seg_1347689928_0,2149.2,6.25,mountain,"real: DEM sample (AWS Terrain Tiles (Skadi/SRTM1, ~30m, void-filled)), mean of 6/6 points along geometry (range 2140.7-2157.6m)","real: mean absolute gradient over the DEM elevation profile (6 points, see dem_processor.py)"
seg_1347689930_0,2128.5,7.09,mountain,"real: DEM sample (AWS Terrain Tiles (Skadi/SRTM1, ~30m, void-filled)), mean of 19/19 points along geometry (range 2116.1-2140.7m)","real: mean absolute gradient over the DEM elevation profile (19 points, see dem_processor.py)"
seg_1348282534_0,72.4,0.9,plain,"real: DEM sample (AWS Terrain Tiles (Skadi/SRTM1, ~30m, void-filled)), mean of 15/15 points along geometry (range 70.3-73.6m)","real: mean absolute gradient over the DEM elevation profile (15 points, see dem_processor.py)"
seg_1352373152_0,55.3,1.67,plain,"real: DEM sample (AWS Terrain Tiles (Skadi/SRTM1, ~30m, void-filled)), mean of 3/3 points along geometry (range 54.4-57.0m)","real: mean absolute gradient over the DEM elevation profile (3 points, see dem_processor.py)"
seg_1352373153_0,54.0,1.21,plain,"real: DEM sample (AWS Terrain Tiles (Skadi/SRTM1, ~30m, void-filled)), mean of 7/7 points along geometry (range 53.7-54.7m)","real: mean absolute gradient over the DEM elevation profile (7 points, see dem_processor.py)"
seg_1352373154_0,55.2,0.97,plain,"real: DEM sample (AWS Terrain Tiles (Skadi/SRTM1, ~30m, void-filled)), mean of 34/34 points along geometry (range 53.2-57.3m)","real: mean absolute gradient over the DEM elevation profile (34 points, see dem_processor.py)"
seg_1352373154_1,54.7,1.5,plain,"real: DEM sample (AWS Terrain Tiles (Skadi/SRTM1, ~30m, void-filled)), mean of 26/26 points along geometry (range 51.7-57.0m)","real: mean absolute gradient over the DEM elevation profile (26 points, see dem_processor.py)"
seg_1352373155_0,55.5,2.76,plain,"real: DEM sample (AWS Terrain Tiles (Skadi/SRTM1, ~30m, void-filled)), mean of 2/2 points along geometry (range 55.2-55.7m)","real: mean absolute gradient over the DEM elevation profile (2 points, see dem_processor.py)"
seg_1352942191_0,1523.3,1.3,mountain,"real: DEM sample (AWS Terrain Tiles (Skadi/SRTM1, ~30m, void-filled)), mean of 2/2 points along geometry (range 1522.5-1524.2m)","real: mean absolute gradient over the DEM elevation profile (2 points, see dem_processor.py)"
seg_1352942192_0,1523.8,24.48,mountain,"real: DEM sample (AWS Terrain Tiles (Skadi/SRTM1, ~30m, void-filled)), mean of 2/2 points along geometry (range 1522.5-1525.2m)","real: mean absolute gradient over the DEM elevation profile (2 points, see dem_processor.py)"
seg_1353673326_0,1736.9,8.39,mountain,"real: DEM sample (AWS Terrain Tiles (Skadi/SRTM1, ~30m, void-filled)), mean of 38/38 points along geometry (range 1724.3-1758.9m)","real: mean absolute gradient over the DEM elevation profile (38 points, see dem_processor.py)"
seg_1358138912_0,58.9,0.68,plain,"real: DEM sample (AWS Terrain Tiles (Skadi/SRTM1, ~30m, void-filled)), mean of 2/2 points along geometry (range 58.5-59.4m)","real: mean absolute gradient over the DEM elevation profile (2 points, see dem_processor.py)"
seg_1358138913_0,60.1,1.03,plain,"real: DEM sample (AWS Terrain Tiles (Skadi/SRTM1, ~30m, void-filled)), mean of 22/22 points along geometry (range 55.8-64.9m)","real: mean absolute gradient over the DEM elevation profile (22 points, see dem_processor.py)"
seg_1359005970_0,61.0,0.4,plain,"real: DEM sample (AWS Terrain Tiles (Skadi/SRTM1, ~30m, void-filled)), mean of 16/16 points along geometry (range 59.7-62.4m)","real: mean absolute gradient over the DEM elevation profile (16 points, see dem_processor.py)"
seg_1359627235_0,71.4,1.04,plain,"real: DEM sample (AWS Terrain Tiles (Skadi/SRTM1, ~30m, void-filled)), mean of 18/18 points along geometry (range 69.0-74.9m)","real: mean absolute gradient over the DEM elevation profile (18 points, see dem_processor.py)"
seg_1359627236_0,73.1,1.15,plain,"real: DEM sample (AWS Terrain Tiles (Skadi/SRTM1, ~30m, void-filled)), mean of 50/50 points along geometry (range 68.8-78.0m)","real: mean absolute gradient over the DEM elevation profile (50 points, see dem_processor.py)"
seg_1359627237_0,71.9,1.15,plain,"real: DEM sample (AWS Terrain Tiles (Skadi/SRTM1, ~30m, void-filled)), mean of 13/13 points along geometry (range 69.2-74.0m)","real: mean absolute gradient over the DEM elevation profile (13 points, see dem_processor.py)"
seg_1359627238_0,70.2,0.96,plain,"real: DEM sample (AWS Terrain Tiles (Skadi/SRTM1, ~30m, void-filled)), mean of 19/19 points along geometry (range 67.6-73.3m)","real: mean absolute gradient over the DEM elevation profile (19 points, see dem_processor.py)"
seg_1359705145_0,74.7,0.81,plain,"real: DEM sample (AWS Terrain Tiles (Skadi/SRTM1, ~30m, void-filled)), mean of 22/22 points along geometry (range 73.0-76.2m)","real: mean absolute gradient over the DEM elevation profile (22 points, see dem_processor.py)"
seg_1361022881_0,65.3,1.04,plain,"real: DEM sample (AWS Terrain Tiles (Skadi/SRTM1, ~30m, void-filled)), mean of 11/11 points along geometry (range 62.1-66.9m)","real: mean absolute gradient over the DEM elevation profile (11 points, see dem_processor.py)"
seg_1361022882_0,67.4,0.67,plain,"real: DEM sample (AWS Terrain Tiles (Skadi/SRTM1, ~30m, void-filled)), mean of 22/22 points along geometry (range 64.4-70.8m)","real: mean absolute gradient over the DEM elevation profile (22 points, see dem_processor.py)"
seg_1361022883_0,58.8,1.46,plain,"real: DEM sample (AWS Terrain Tiles (Skadi/SRTM1, ~30m, void-filled)), mean of 37/37 points along geometry (range 54.5-62.9m)","real: mean absolute gradient over the DEM elevation profile (37 points, see dem_processor.py)"
seg_1361022884_0,56.6,1.04,plain,"real: DEM sample (AWS Terrain Tiles (Skadi/SRTM1, ~30m, void-filled)), mean of 7/7 points along geometry (range 55.2-58.1m)","real: mean absolute gradient over the DEM elevation profile (7 points, see dem_processor.py)"
seg_1361022885_0,57.6,1.3,plain,"real: DEM sample (AWS Terrain Tiles (Skadi/SRTM1, ~30m, void-filled)), mean of 15/15 points along geometry (range 55.2-64.0m)","real: mean absolute gradient over the DEM elevation profile (15 points, see dem_processor.py)"
seg_1367623063_0,1680.9,14.67,mountain,"real: DEM sample (AWS Terrain Tiles (Skadi/SRTM1, ~30m, void-filled)), mean of 131/131 points along geometry (range 1576.0-1752.1m)","real: mean absolute gradient over the DEM elevation profile (131 points, see dem_processor.py)"
seg_1368046924_0,72.5,0.87,plain,"real: DEM sample (AWS Terrain Tiles (Skadi/SRTM1, ~30m, void-filled)), mean of 18/18 points along geometry (range 68.7-77.5m)","real: mean absolute gradient over the DEM elevation profile (18 points, see dem_processor.py)"
seg_1375556218_0,1752.8,6.94,mountain,"real: DEM sample (AWS Terrain Tiles (Skadi/SRTM1, ~30m, void-filled)), mean of 159/159 points along geometry (range 1661.7-1875.1m)","real: mean absolute gradient over the DEM elevation profile (159 points, see dem_processor.py)"
seg_1378319573_0,1454.3,10.42,hill,"real: DEM sample (AWS Terrain Tiles (Skadi/SRTM1, ~30m, void-filled)), mean of 2/2 points along geometry (range 1448.7-1459.9m)","real: mean absolute gradient over the DEM elevation profile (2 points, see dem_processor.py)"
seg_1378319574_0,1449.7,2.02,hill,"real: DEM sample (AWS Terrain Tiles (Skadi/SRTM1, ~30m, void-filled)), mean of 2/2 points along geometry (range 1448.7-1450.6m)","real: mean absolute gradient over the DEM elevation profile (2 points, see dem_processor.py)"
seg_1379983543_0,74.0,0.57,plain,"real: DEM sample (AWS Terrain Tiles (Skadi/SRTM1, ~30m, void-filled)), mean of 5/5 points along geometry (range 73.1-75.0m)","real: mean absolute gradient over the DEM elevation profile (5 points, see dem_processor.py)"
seg_1379983544_0,75.2,1.76,plain,"real: DEM sample (AWS Terrain Tiles (Skadi/SRTM1, ~30m, void-filled)), mean of 6/6 points along geometry (range 73.1-77.7m)","real: mean absolute gradient over the DEM elevation profile (6 points, see dem_processor.py)"
seg_1379983545_0,74.9,0.74,plain,"real: DEM sample (AWS Terrain Tiles (Skadi/SRTM1, ~30m, void-filled)), mean of 9/9 points along geometry (range 73.3-75.9m)","real: mean absolute gradient over the DEM elevation profile (9 points, see dem_processor.py)"
seg_1379983546_0,74.0,0.86,plain,"real: DEM sample (AWS Terrain Tiles (Skadi/SRTM1, ~30m, void-filled)), mean of 2/2 points along geometry (range 73.4-74.6m)","real: mean absolute gradient over the DEM elevation profile (2 points, see dem_processor.py)"
seg_1379983547_0,72.3,1.09,plain,"real: DEM sample (AWS Terrain Tiles (Skadi/SRTM1, ~30m, void-filled)), mean of 7/7 points along geometry (range 70.1-74.1m)","real: mean absolute gradient over the DEM elevation profile (7 points, see dem_processor.py)"
seg_1379983548_0,71.4,2.71,plain,"real: DEM sample (AWS Terrain Tiles (Skadi/SRTM1, ~30m, void-filled)), mean of 30/30 points along geometry (range 68.0-78.3m)","real: mean absolute gradient over the DEM elevation profile (30 points, see dem_processor.py)"
seg_1379983549_0,74.5,1.07,plain,"real: DEM sample (AWS Terrain Tiles (Skadi/SRTM1, ~30m, void-filled)), mean of 10/10 points along geometry (range 72.5-76.9m)","real: mean absolute gradient over the DEM elevation profile (10 points, see dem_processor.py)"
seg_1380271172_0,70.8,1.97,plain,"real: DEM sample (AWS Terrain Tiles (Skadi/SRTM1, ~30m, void-filled)), mean of 4/4 points along geometry (range 67.5-75.0m)","real: mean absolute gradient over the DEM elevation profile (4 points, see dem_processor.py)"
seg_1380271172_1,69.4,1.82,plain,"real: DEM sample (AWS Terrain Tiles (Skadi/SRTM1, ~30m, void-filled)), mean of 12/12 points along geometry (range 64.7-73.4m)","real: mean absolute gradient over the DEM elevation profile (12 points, see dem_processor.py)"
seg_1380271401_0,71.7,1.42,plain,"real: DEM sample (AWS Terrain Tiles (Skadi/SRTM1, ~30m, void-filled)), mean of 6/6 points along geometry (range 67.5-77.4m)","real: mean absolute gradient over the DEM elevation profile (6 points, see dem_processor.py)"
seg_1380272947_0,73.8,0.54,plain,"real: DEM sample (AWS Terrain Tiles (Skadi/SRTM1, ~30m, void-filled)), mean of 3/3 points along geometry (range 72.7-74.3m)","real: mean absolute gradient over the DEM elevation profile (3 points, see dem_processor.py)"
seg_1380272948_0,72.3,1.69,plain,"real: DEM sample (AWS Terrain Tiles (Skadi/SRTM1, ~30m, void-filled)), mean of 6/6 points along geometry (range 67.8-74.3m)","real: mean absolute gradient over the DEM elevation profile (6 points, see dem_processor.py)"
seg_1380272949_0,69.3,1.65,plain,"real: DEM sample (AWS Terrain Tiles (Skadi/SRTM1, ~30m, void-filled)), mean of 4/4 points along geometry (range 66.9-71.3m)","real: mean absolute gradient over the DEM elevation profile (4 points, see dem_processor.py)"
seg_1380272950_0,68.1,3.01,plain,"real: DEM sample (AWS Terrain Tiles (Skadi/SRTM1, ~30m, void-filled)), mean of 6/6 points along geometry (range 66.0-71.1m)","real: mean absolute gradient over the DEM elevation profile (6 points, see dem_processor.py)"
seg_1380272951_0,70.0,1.63,plain,"real: DEM sample (AWS Terrain Tiles (Skadi/SRTM1, ~30m, void-filled)), mean of 4/4 points along geometry (range 68.5-72.4m)","real: mean absolute gradient over the DEM elevation profile (4 points, see dem_processor.py)"
seg_1380273688_0,71.8,1.26,plain,"real: DEM sample (AWS Terrain Tiles (Skadi/SRTM1, ~30m, void-filled)), mean of 4/4 points along geometry (range 69.8-74.0m)","real: mean absolute gradient over the DEM elevation profile (4 points, see dem_processor.py)"
seg_1380273689_0,74.1,0.71,plain,"real: DEM sample (AWS Terrain Tiles (Skadi/SRTM1, ~30m, void-filled)), mean of 4/4 points along geometry (range 73.4-74.8m)","real: mean absolute gradient over the DEM elevation profile (4 points, see dem_processor.py)"
seg_1380273690_0,70.3,1.86,plain,"real: DEM sample (AWS Terrain Tiles (Skadi/SRTM1, ~30m, void-filled)), mean of 4/4 points along geometry (range 67.7-73.4m)","real: mean absolute gradient over the DEM elevation profile (4 points, see dem_processor.py)"
seg_1380273691_0,72.0,1.81,plain,"real: DEM sample (AWS Terrain Tiles (Skadi/SRTM1, ~30m, void-filled)), mean of 13/13 points along geometry (range 68.0-74.0m)","real: mean absolute gradient over the DEM elevation profile (13 points, see dem_processor.py)"
seg_1380273692_0,72.8,0.54,plain,"real: DEM sample (AWS Terrain Tiles (Skadi/SRTM1, ~30m, void-filled)), mean of 3/3 points along geometry (range 71.7-73.4m)","real: mean absolute gradient over the DEM elevation profile (3 points, see dem_processor.py)"
seg_1380274091_0,71.5,1.59,plain,"real: DEM sample (AWS Terrain Tiles (Skadi/SRTM1, ~30m, void-filled)), mean of 5/5 points along geometry (range 70.1-73.8m)","real: mean absolute gradient over the DEM elevation profile (5 points, see dem_processor.py)"
seg_1380294240_0,69.9,1.52,plain,"real: DEM sample (AWS Terrain Tiles (Skadi/SRTM1, ~30m, void-filled)), mean of 13/13 points along geometry (range 66.5-74.8m)","real: mean absolute gradient over the DEM elevation profile (13 points, see dem_processor.py)"
seg_1380295076_0,73.5,1.99,plain,"real: DEM sample (AWS Terrain Tiles (Skadi/SRTM1, ~30m, void-filled)), mean of 21/21 points along geometry (range 70.5-77.2m)","real: mean absolute gradient over the DEM elevation profile (21 points, see dem_processor.py)"
seg_1380295076_1,74.6,1.75,plain,"real: DEM sample (AWS Terrain Tiles (Skadi/SRTM1, ~30m, void-filled)), mean of 66/66 points along geometry (range 69.2-78.5m)","real: mean absolute gradient over the DEM elevation profile (66 points, see dem_processor.py)"
seg_1380297889_0,70.9,1.72,plain,"real: DEM sample (AWS Terrain Tiles (Skadi/SRTM1, ~30m, void-filled)), mean of 25/25 points along geometry (range 64.1-78.6m)","real: mean absolute gradient over the DEM elevation profile (25 points, see dem_processor.py)"
seg_1380300120_0,74.2,0.92,plain,"real: DEM sample (AWS Terrain Tiles (Skadi/SRTM1, ~30m, void-filled)), mean of 4/4 points along geometry (range 73.3-75.0m)","real: mean absolute gradient over the DEM elevation profile (4 points, see dem_processor.py)"
seg_1380300120_1,73.6,0.93,plain,"real: DEM sample (AWS Terrain Tiles (Skadi/SRTM1, ~30m, void-filled)), mean of 7/7 points along geometry (range 70.9-75.0m)","real: mean absolute gradient over the DEM elevation profile (7 points, see dem_processor.py)"
seg_1380300120_2,73.6,1.43,plain,"real: DEM sample (AWS Terrain Tiles (Skadi/SRTM1, ~30m, void-filled)), mean of 6/6 points along geometry (range 70.4-76.0m)","real: mean absolute gradient over the DEM elevation profile (6 points, see dem_processor.py)"
seg_1381156912_0,75.9,1.63,plain,"real: DEM sample (AWS Terrain Tiles (Skadi/SRTM1, ~30m, void-filled)), mean of 19/19 points along geometry (range 70.6-79.0m)","real: mean absolute gradient over the DEM elevation profile (19 points, see dem_processor.py)"
seg_1381156915_0,75.4,2.45,plain,"real: DEM sample (AWS Terrain Tiles (Skadi/SRTM1, ~30m, void-filled)), mean of 42/42 points along geometry (range 69.4-79.3m)","real: mean absolute gradient over the DEM elevation profile (42 points, see dem_processor.py)"
seg_1381156915_1,74.5,1.73,plain,"real: DEM sample (AWS Terrain Tiles (Skadi/SRTM1, ~30m, void-filled)), mean of 15/15 points along geometry (range 71.9-77.1m)","real: mean absolute gradient over the DEM elevation profile (15 points, see dem_processor.py)"
seg_1381156915_2,75.9,2.61,plain,"real: DEM sample (AWS Terrain Tiles (Skadi/SRTM1, ~30m, void-filled)), mean of 5/5 points along geometry (range 73.9-77.3m)","real: mean absolute gradient over the DEM elevation profile (5 points, see dem_processor.py)"
seg_1381159416_0,74.2,2.67,plain,"real: DEM sample (AWS Terrain Tiles (Skadi/SRTM1, ~30m, void-filled)), mean of 8/8 points along geometry (range 70.1-78.7m)","real: mean absolute gradient over the DEM elevation profile (8 points, see dem_processor.py)"
seg_1381159416_1,76.7,1.88,plain,"real: DEM sample (AWS Terrain Tiles (Skadi/SRTM1, ~30m, void-filled)), mean of 18/18 points along geometry (range 70.6-80.2m)","real: mean absolute gradient over the DEM elevation profile (18 points, see dem_processor.py)"
seg_1381159416_2,75.4,1.64,plain,"real: DEM sample (AWS Terrain Tiles (Skadi/SRTM1, ~30m, void-filled)), mean of 58/58 points along geometry (range 70.1-78.8m)","real: mean absolute gradient over the DEM elevation profile (58 points, see dem_processor.py)"
seg_1381166429_0,74.9,1.27,plain,"real: DEM sample (AWS Terrain Tiles (Skadi/SRTM1, ~30m, void-filled)), mean of 5/5 points along geometry (range 73.3-77.0m)","real: mean absolute gradient over the DEM elevation profile (5 points, see dem_processor.py)"
seg_1382286754_0,77.7,1.55,plain,"real: DEM sample (AWS Terrain Tiles (Skadi/SRTM1, ~30m, void-filled)), mean of 27/27 points along geometry (range 73.1-82.5m)","real: mean absolute gradient over the DEM elevation profile (27 points, see dem_processor.py)"
seg_1382286754_1,75.2,1.94,plain,"real: DEM sample (AWS Terrain Tiles (Skadi/SRTM1, ~30m, void-filled)), mean of 19/19 points along geometry (range 70.9-78.9m)","real: mean absolute gradient over the DEM elevation profile (19 points, see dem_processor.py)"
seg_1382288142_0,75.3,1.59,plain,"real: DEM sample (AWS Terrain Tiles (Skadi/SRTM1, ~30m, void-filled)), mean of 17/17 points along geometry (range 73.8-77.8m)","real: mean absolute gradient over the DEM elevation profile (17 points, see dem_processor.py)"
seg_1382288142_1,76.7,3.09,plain,"real: DEM sample (AWS Terrain Tiles (Skadi/SRTM1, ~30m, void-filled)), mean of 10/10 points along geometry (range 75.0-79.4m)","real: mean absolute gradient over the DEM elevation profile (10 points, see dem_processor.py)"
seg_1382288421_0,75.5,1.62,plain,"real: DEM sample (AWS Terrain Tiles (Skadi/SRTM1, ~30m, void-filled)), mean of 33/33 points along geometry (range 71.4-77.3m)","real: mean absolute gradient over the DEM elevation profile (33 points, see dem_processor.py)"
seg_1382288838_0,78.3,4.22,plain,"real: DEM sample (AWS Terrain Tiles (Skadi/SRTM1, ~30m, void-filled)), mean of 6/6 points along geometry (range 75.4-81.0m)","real: mean absolute gradient over the DEM elevation profile (6 points, see dem_processor.py)"
seg_1382288838_1,74.8,1.53,plain,"real: DEM sample (AWS Terrain Tiles (Skadi/SRTM1, ~30m, void-filled)), mean of 4/4 points along geometry (range 74.1-75.4m)","real: mean absolute gradient over the DEM elevation profile (4 points, see dem_processor.py)"
seg_1382296771_0,74.1,1.29,plain,"real: DEM sample (AWS Terrain Tiles (Skadi/SRTM1, ~30m, void-filled)), mean of 15/15 points along geometry (range 71.3-76.1m)","real: mean absolute gradient over the DEM elevation profile (15 points, see dem_processor.py)"
seg_1382296771_1,73.7,1.74,plain,"real: DEM sample (AWS Terrain Tiles (Skadi/SRTM1, ~30m, void-filled)), mean of 25/25 points along geometry (range 70.8-77.3m)","real: mean absolute gradient over the DEM elevation profile (25 points, see dem_processor.py)"
seg_1382297540_0,69.0,1.29,plain,"real: DEM sample (AWS Terrain Tiles (Skadi/SRTM1, ~30m, void-filled)), mean of 5/5 points along geometry (range 68.0-71.3m)","real: mean absolute gradient over the DEM elevation profile (5 points, see dem_processor.py)"
seg_1382298449_0,73.9,1.99,plain,"real: DEM sample (AWS Terrain Tiles (Skadi/SRTM1, ~30m, void-filled)), mean of 21/21 points along geometry (range 71.3-76.4m)","real: mean absolute gradient over the DEM elevation profile (21 points, see dem_processor.py)"
seg_1382298449_1,75.4,1.49,plain,"real: DEM sample (AWS Terrain Tiles (Skadi/SRTM1, ~30m, void-filled)), mean of 79/79 points along geometry (range 70.6-79.8m)","real: mean absolute gradient over the DEM elevation profile (79 points, see dem_processor.py)"
seg_1382302574_0,73.6,3.17,plain,"real: DEM sample (AWS Terrain Tiles (Skadi/SRTM1, ~30m, void-filled)), mean of 33/33 points along geometry (range 69.6-79.6m)","real: mean absolute gradient over the DEM elevation profile (33 points, see dem_processor.py)"
seg_1382302580_0,70.2,2.18,plain,"real: DEM sample (AWS Terrain Tiles (Skadi/SRTM1, ~30m, void-filled)), mean of 15/15 points along geometry (range 65.8-72.6m)","real: mean absolute gradient over the DEM elevation profile (15 points, see dem_processor.py)"
seg_1382303565_0,72.7,1.73,plain,"real: DEM sample (AWS Terrain Tiles (Skadi/SRTM1, ~30m, void-filled)), mean of 52/52 points along geometry (range 67.1-79.6m)","real: mean absolute gradient over the DEM elevation profile (52 points, see dem_processor.py)"
seg_1382309832_0,73.3,2.14,plain,"real: DEM sample (AWS Terrain Tiles (Skadi/SRTM1, ~30m, void-filled)), mean of 101/101 points along geometry (range 67.3-78.0m)","real: mean absolute gradient over the DEM elevation profile (101 points, see dem_processor.py)"
seg_1388441903_0,52.5,1.56,plain,"real: DEM sample (AWS Terrain Tiles (Skadi/SRTM1, ~30m, void-filled)), mean of 2/2 points along geometry (range 51.9-53.1m)","real: mean absolute gradient over the DEM elevation profile (2 points, see dem_processor.py)"
seg_1388441904_0,53.2,0.47,plain,"real: DEM sample (AWS Terrain Tiles (Skadi/SRTM1, ~30m, void-filled)), mean of 7/7 points along geometry (range 52.8-53.7m)","real: mean absolute gradient over the DEM elevation profile (7 points, see dem_processor.py)"
seg_1389996751_0,62.4,0.99,plain,"real: DEM sample (AWS Terrain Tiles (Skadi/SRTM1, ~30m, void-filled)), mean of 2/2 points along geometry (range 62.3-62.6m)","real: mean absolute gradient over the DEM elevation profile (2 points, see dem_processor.py)"
seg_1391116405_0,56.8,3.11,plain,"real: DEM sample (AWS Terrain Tiles (Skadi/SRTM1, ~30m, void-filled)), mean of 3/3 points along geometry (range 56.2-57.8m)","real: mean absolute gradient over the DEM elevation profile (3 points, see dem_processor.py)"
seg_1391116406_0,56.6,2.92,plain,"real: DEM sample (AWS Terrain Tiles (Skadi/SRTM1, ~30m, void-filled)), mean of 3/3 points along geometry (range 56.0-57.5m)","real: mean absolute gradient over the DEM elevation profile (3 points, see dem_processor.py)"
seg_1391116407_0,57.8,2.71,plain,"real: DEM sample (AWS Terrain Tiles (Skadi/SRTM1, ~30m, void-filled)), mean of 2/2 points along geometry (range 57.5-58.1m)","real: mean absolute gradient over the DEM elevation profile (2 points, see dem_processor.py)"
seg_1391116408_0,58.7,0.04,plain,"real: DEM sample (AWS Terrain Tiles (Skadi/SRTM1, ~30m, void-filled)), mean of 2/2 points along geometry (range 58.7-58.7m)","real: mean absolute gradient over the DEM elevation profile (2 points, see dem_processor.py)"
seg_1392332258_0,54.4,2.24,plain,"real: DEM sample (AWS Terrain Tiles (Skadi/SRTM1, ~30m, void-filled)), mean of 2/2 points along geometry (range 54.1-54.7m)","real: mean absolute gradient over the DEM elevation profile (2 points, see dem_processor.py)"
seg_1394466734_0,70.2,2.22,plain,"real: DEM sample (AWS Terrain Tiles (Skadi/SRTM1, ~30m, void-filled)), mean of 4/4 points along geometry (range 69.8-70.5m)","real: mean absolute gradient over the DEM elevation profile (4 points, see dem_processor.py)"
seg_1394495906_0,53.6,1.29,plain,"real: DEM sample (AWS Terrain Tiles (Skadi/SRTM1, ~30m, void-filled)), mean of 6/6 points along geometry (range 51.3-56.5m)","real: mean absolute gradient over the DEM elevation profile (6 points, see dem_processor.py)"
seg_1411376127_0,54.1,3.58,plain,"real: DEM sample (AWS Terrain Tiles (Skadi/SRTM1, ~30m, void-filled)), mean of 7/7 points along geometry (range 53.7-54.9m)","real: mean absolute gradient over the DEM elevation profile (7 points, see dem_processor.py)"
seg_1411376127_1,55.3,5.07,plain,"real: DEM sample (AWS Terrain Tiles (Skadi/SRTM1, ~30m, void-filled)), mean of 3/3 points along geometry (range 54.9-55.6m)","real: mean absolute gradient over the DEM elevation profile (3 points, see dem_processor.py)"
seg_1411376127_2,55.6,2.36,plain,"real: DEM sample (AWS Terrain Tiles (Skadi/SRTM1, ~30m, void-filled)), mean of 5/5 points along geometry (range 55.4-55.8m)","real: mean absolute gradient over the DEM elevation profile (5 points, see dem_processor.py)"
seg_1411376127_3,54.6,4.91,plain,"real: DEM sample (AWS Terrain Tiles (Skadi/SRTM1, ~30m, void-filled)), mean of 6/6 points along geometry (range 53.9-55.4m)","real: mean absolute gradient over the DEM elevation profile (6 points, see dem_processor.py)"
seg_1411376127_4,53.8,2.03,plain,"real: DEM sample (AWS Terrain Tiles (Skadi/SRTM1, ~30m, void-filled)), mean of 3/3 points along geometry (range 53.7-53.9m)","real: mean absolute gradient over the DEM elevation profile (3 points, see dem_processor.py)"
seg_1411376128_0,55.5,4.02,plain,"real: DEM sample (AWS Terrain Tiles (Skadi/SRTM1, ~30m, void-filled)), mean of 2/2 points along geometry (range 54.9-56.2m)","real: mean absolute gradient over the DEM elevation profile (2 points, see dem_processor.py)"
seg_1411376129_0,55.9,1.97,plain,"real: DEM sample (AWS Terrain Tiles (Skadi/SRTM1, ~30m, void-filled)), mean of 2/2 points along geometry (range 55.6-56.2m)","real: mean absolute gradient over the DEM elevation profile (2 points, see dem_processor.py)"
seg_1411376130_0,56.3,1.07,plain,"real: DEM sample (AWS Terrain Tiles (Skadi/SRTM1, ~30m, void-filled)), mean of 4/4 points along geometry (range 55.7-57.2m)","real: mean absolute gradient over the DEM elevation profile (4 points, see dem_processor.py)"
seg_1425558155_0,52.8,0.42,plain,"real: DEM sample (AWS Terrain Tiles (Skadi/SRTM1, ~30m, void-filled)), mean of 2/2 points along geometry (range 52.7-52.8m)","real: mean absolute gradient over the DEM elevation profile (2 points, see dem_processor.py)"
seg_1478892440_0,51.2,0.96,plain,"real: DEM sample (AWS Terrain Tiles (Skadi/SRTM1, ~30m, void-filled)), mean of 104/104 points along geometry (range 44.0-62.7m)","real: mean absolute gradient over the DEM elevation profile (104 points, see dem_processor.py)"
seg_1479443834_0,74.3,1.23,plain,"real: DEM sample (AWS Terrain Tiles (Skadi/SRTM1, ~30m, void-filled)), mean of 77/77 points along geometry (range 70.0-78.6m)","real: mean absolute gradient over the DEM elevation profile (77 points, see dem_processor.py)"
seg_1480025226_0,80.2,1.14,plain,"real: DEM sample (AWS Terrain Tiles (Skadi/SRTM1, ~30m, void-filled)), mean of 2/2 points along geometry (range 80.1-80.3m)","real: mean absolute gradient over the DEM elevation profile (2 points, see dem_processor.py)"
seg_1480025227_0,80.4,0.62,plain,"real: DEM sample (AWS Terrain Tiles (Skadi/SRTM1, ~30m, void-filled)), mean of 2/2 points along geometry (range 80.3-80.4m)","real: mean absolute gradient over the DEM elevation profile (2 points, see dem_processor.py)"
seg_1493628810_0,2940.8,4.8,mountain,"real: DEM sample (AWS Terrain Tiles (Skadi/SRTM1, ~30m, void-filled)), mean of 36/36 points along geometry (range 2934.4-2949.6m)","real: mean absolute gradient over the DEM elevation profile (36 points, see dem_processor.py)"
seg_1500143088_0,56.7,2.1,plain,"real: DEM sample (AWS Terrain Tiles (Skadi/SRTM1, ~30m, void-filled)), mean of 6/6 points along geometry (range 53.7-58.2m)","real: mean absolute gradient over the DEM elevation profile (6 points, see dem_processor.py)"
seg_1518464886_0,60.7,1.49,plain,"real: DEM sample (AWS Terrain Tiles (Skadi/SRTM1, ~30m, void-filled)), mean of 156/156 points along geometry (range 57.4-65.6m)","real: mean absolute gradient over the DEM elevation profile (156 points, see dem_processor.py)"
seg_1518464886_1,61.2,1.47,plain,"real: DEM sample (AWS Terrain Tiles (Skadi/SRTM1, ~30m, void-filled)), mean of 43/43 points along geometry (range 58.9-65.5m)","real: mean absolute gradient over the DEM elevation profile (43 points, see dem_processor.py)"
seg_1532950625_0,75.7,0.89,plain,"real: DEM sample (AWS Terrain Tiles (Skadi/SRTM1, ~30m, void-filled)), mean of 6/6 points along geometry (range 74.0-76.9m)","real: mean absolute gradient over the DEM elevation profile (6 points, see dem_processor.py)"
seg_1532950625_1,76.9,0.23,plain,"real: DEM sample (AWS Terrain Tiles (Skadi/SRTM1, ~30m, void-filled)), mean of 2/2 points along geometry (range 76.9-76.9m)","real: mean absolute gradient over the DEM elevation profile (2 points, see dem_processor.py)"
seg_1532950625_2,75.7,2.06,plain,"real: DEM sample (AWS Terrain Tiles (Skadi/SRTM1, ~30m, void-filled)), mean of 4/4 points along geometry (range 72.1-77.0m)","real: mean absolute gradient over the DEM elevation profile (4 points, see dem_processor.py)"
seg_1532950625_3,72.4,1.37,plain,"real: DEM sample (AWS Terrain Tiles (Skadi/SRTM1, ~30m, void-filled)), mean of 2/2 points along geometry (range 72.1-72.8m)","real: mean absolute gradient over the DEM elevation profile (2 points, see dem_processor.py)"
seg_1532950625_4,74.4,1.16,plain,"real: DEM sample (AWS Terrain Tiles (Skadi/SRTM1, ~30m, void-filled)), mean of 3/3 points along geometry (range 72.8-75.9m)","real: mean absolute gradient over the DEM elevation profile (3 points, see dem_processor.py)"
seg_1532950625_5,75.7,2.07,plain,"real: DEM sample (AWS Terrain Tiles (Skadi/SRTM1, ~30m, void-filled)), mean of 3/3 points along geometry (range 74.4-77.0m)","real: mean absolute gradient over the DEM elevation profile (3 points, see dem_processor.py)"
seg_1532950625_6,74.5,1.1,plain,"real: DEM sample (AWS Terrain Tiles (Skadi/SRTM1, ~30m, void-filled)), mean of 5/5 points along geometry (range 73.7-75.5m)","real: mean absolute gradient over the DEM elevation profile (5 points, see dem_processor.py)"
seg_1532950625_7,72.5,1.72,plain,"real: DEM sample (AWS Terrain Tiles (Skadi/SRTM1, ~30m, void-filled)), mean of 3/3 points along geometry (range 71.6-74.1m)","real: mean absolute gradient over the DEM elevation profile (3 points, see dem_processor.py)"
seg_1532950625_8,72.1,1.17,plain,"real: DEM sample (AWS Terrain Tiles (Skadi/SRTM1, ~30m, void-filled)), mean of 3/3 points along geometry (range 71.9-72.4m)","real: mean absolute gradient over the DEM elevation profile (3 points, see dem_processor.py)"
seg_1532950626_0,72.5,1.94,plain,"real: DEM sample (AWS Terrain Tiles (Skadi/SRTM1, ~30m, void-filled)), mean of 3/3 points along geometry (range 71.3-74.1m)","real: mean absolute gradient over the DEM elevation profile (3 points, see dem_processor.py)"
seg_1532950626_1,74.4,0.95,plain,"real: DEM sample (AWS Terrain Tiles (Skadi/SRTM1, ~30m, void-filled)), mean of 5/5 points along geometry (range 73.7-75.3m)","real: mean absolute gradient over the DEM elevation profile (5 points, see dem_processor.py)"
seg_1532950626_2,75.0,0.94,plain,"real: DEM sample (AWS Terrain Tiles (Skadi/SRTM1, ~30m, void-filled)), mean of 4/4 points along geometry (range 74.2-75.9m)","real: mean absolute gradient over the DEM elevation profile (4 points, see dem_processor.py)"
seg_1532950626_3,74.4,1.16,plain,"real: DEM sample (AWS Terrain Tiles (Skadi/SRTM1, ~30m, void-filled)), mean of 3/3 points along geometry (range 72.8-75.9m)","real: mean absolute gradient over the DEM elevation profile (3 points, see dem_processor.py)"
seg_1532950626_4,72.3,1.89,plain,"real: DEM sample (AWS Terrain Tiles (Skadi/SRTM1, ~30m, void-filled)), mean of 2/2 points along geometry (range 71.9-72.8m)","real: mean absolute gradient over the DEM elevation profile (2 points, see dem_processor.py)"
seg_1532950626_5,74.8,2.06,plain,"real: DEM sample (AWS Terrain Tiles (Skadi/SRTM1, ~30m, void-filled)), mean of 5/5 points along geometry (range 71.9-76.8m)","real: mean absolute gradient over the DEM elevation profile (5 points, see dem_processor.py)"
seg_1532950626_6,76.7,0.22,plain,"real: DEM sample (AWS Terrain Tiles (Skadi/SRTM1, ~30m, void-filled)), mean of 3/3 points along geometry (range 76.7-76.7m)","real: mean absolute gradient over the DEM elevation profile (3 points, see dem_processor.py)"
seg_1532950626_7,75.6,1.15,plain,"real: DEM sample (AWS Terrain Tiles (Skadi/SRTM1, ~30m, void-filled)), mean of 6/6 points along geometry (range 73.6-76.7m)","real: mean absolute gradient over the DEM elevation profile (6 points, see dem_processor.py)"
seg_1532950627_0,73.0,1.73,plain,"real: DEM sample (AWS Terrain Tiles (Skadi/SRTM1, ~30m, void-filled)), mean of 8/8 points along geometry (range 71.9-74.9m)","real: mean absolute gradient over the DEM elevation profile (8 points, see dem_processor.py)"
seg_1532950628_0,73.0,2.56,plain,"real: DEM sample (AWS Terrain Tiles (Skadi/SRTM1, ~30m, void-filled)), mean of 2/2 points along geometry (range 72.5-73.6m)","real: mean absolute gradient over the DEM elevation profile (2 points, see dem_processor.py)"
seg_1532950628_1,73.2,1.12,plain,"real: DEM sample (AWS Terrain Tiles (Skadi/SRTM1, ~30m, void-filled)), mean of 57/57 points along geometry (range 69.0-76.5m)","real: mean absolute gradient over the DEM elevation profile (57 points, see dem_processor.py)"
seg_1532950629_0,69.0,2.3,plain,"real: DEM sample (AWS Terrain Tiles (Skadi/SRTM1, ~30m, void-filled)), mean of 2/2 points along geometry (range 67.6-70.3m)","real: mean absolute gradient over the DEM elevation profile (2 points, see dem_processor.py)"
seg_1532952890_0,72.0,2.95,plain,"real: DEM sample (AWS Terrain Tiles (Skadi/SRTM1, ~30m, void-filled)), mean of 3/3 points along geometry (range 71.9-72.1m)","real: mean absolute gradient over the DEM elevation profile (3 points, see dem_processor.py)"
seg_1532952891_0,72.8,1.78,plain,"real: DEM sample (AWS Terrain Tiles (Skadi/SRTM1, ~30m, void-filled)), mean of 3/3 points along geometry (range 72.7-72.8m)","real: mean absolute gradient over the DEM elevation profile (3 points, see dem_processor.py)"
seg_1532952892_0,76.8,4.59,plain,"real: DEM sample (AWS Terrain Tiles (Skadi/SRTM1, ~30m, void-filled)), mean of 2/2 points along geometry (range 76.7-76.9m)","real: mean absolute gradient over the DEM elevation profile (2 points, see dem_processor.py)"
seg_1532952893_0,76.8,4.11,plain,"real: DEM sample (AWS Terrain Tiles (Skadi/SRTM1, ~30m, void-filled)), mean of 2/2 points along geometry (range 76.7-76.9m)","real: mean absolute gradient over the DEM elevation profile (2 points, see dem_processor.py)"
seg_1532952894_0,72.6,2.51,plain,"real: DEM sample (AWS Terrain Tiles (Skadi/SRTM1, ~30m, void-filled)), mean of 2/2 points along geometry (range 72.5-72.7m)","real: mean absolute gradient over the DEM elevation profile (2 points, see dem_processor.py)"
seg_1532952895_0,75.9,0.87,plain,"real: DEM sample (AWS Terrain Tiles (Skadi/SRTM1, ~30m, void-filled)), mean of 2/2 points along geometry (range 75.9-75.9m)","real: mean absolute gradient over the DEM elevation profile (2 points, see dem_processor.py)"
seg_1532952896_0,74.3,1.94,plain,"real: DEM sample (AWS Terrain Tiles (Skadi/SRTM1, ~30m, void-filled)), mean of 2/2 points along geometry (range 74.2-74.4m)","real: mean absolute gradient over the DEM elevation profile (2 points, see dem_processor.py)"
seg_1532952897_0,74.1,0.1,plain,"real: DEM sample (AWS Terrain Tiles (Skadi/SRTM1, ~30m, void-filled)), mean of 2/2 points along geometry (range 74.1-74.1m)","real: mean absolute gradient over the DEM elevation profile (2 points, see dem_processor.py)"
seg_1533509407_0,60.3,0.1,plain,"real: DEM sample (AWS Terrain Tiles (Skadi/SRTM1, ~30m, void-filled)), mean of 2/2 points along geometry (range 60.3-60.3m)","real: mean absolute gradient over the DEM elevation profile (2 points, see dem_processor.py)"
seg_1533509407_1,57.9,1.72,plain,"real: DEM sample (AWS Terrain Tiles (Skadi/SRTM1, ~30m, void-filled)), mean of 4/4 points along geometry (range 55.6-60.3m)","real: mean absolute gradient over the DEM elevation profile (4 points, see dem_processor.py)"
seg_1533572618_0,62.5,1.44,plain,"real: DEM sample (AWS Terrain Tiles (Skadi/SRTM1, ~30m, void-filled)), mean of 2/2 points along geometry (range 62.0-63.0m)","real: mean absolute gradient over the DEM elevation profile (2 points, see dem_processor.py)"
seg_1533572619_0,77.7,1.04,plain,"real: DEM sample (AWS Terrain Tiles (Skadi/SRTM1, ~30m, void-filled)), mean of 233/233 points along geometry (range 60.0-91.8m)","real: mean absolute gradient over the DEM elevation profile (233 points, see dem_processor.py)"
seg_1533576823_0,55.9,0.42,plain,"real: DEM sample (AWS Terrain Tiles (Skadi/SRTM1, ~30m, void-filled)), mean of 2/2 points along geometry (range 55.7-56.0m)","real: mean absolute gradient over the DEM elevation profile (2 points, see dem_processor.py)"
seg_1533576824_0,57.9,0.63,plain,"real: DEM sample (AWS Terrain Tiles (Skadi/SRTM1, ~30m, void-filled)), mean of 10/10 points along geometry (range 55.7-60.1m)","real: mean absolute gradient over the DEM elevation profile (10 points, see dem_processor.py)"
seg_1533995078_0,76.6,0.9,plain,"real: DEM sample (AWS Terrain Tiles (Skadi/SRTM1, ~30m, void-filled)), mean of 42/42 points along geometry (range 71.2-79.9m)","real: mean absolute gradient over the DEM elevation profile (42 points, see dem_processor.py)"
seg_1533995079_0,73.5,1.28,plain,"real: DEM sample (AWS Terrain Tiles (Skadi/SRTM1, ~30m, void-filled)), mean of 2/2 points along geometry (range 73.0-74.0m)","real: mean absolute gradient over the DEM elevation profile (2 points, see dem_processor.py)"
seg_1533995081_0,71.8,1.35,plain,"real: DEM sample (AWS Terrain Tiles (Skadi/SRTM1, ~30m, void-filled)), mean of 2/2 points along geometry (range 71.2-72.3m)","real: mean absolute gradient over the DEM elevation profile (2 points, see dem_processor.py)"
seg_1533995082_0,79.7,1.44,plain,"real: DEM sample (AWS Terrain Tiles (Skadi/SRTM1, ~30m, void-filled)), mean of 60/60 points along geometry (range 73.0-83.9m)","real: mean absolute gradient over the DEM elevation profile (60 points, see dem_processor.py)"
seg_1534178488_0,71.6,1.08,plain,"real: DEM sample (AWS Terrain Tiles (Skadi/SRTM1, ~30m, void-filled)), mean of 5/5 points along geometry (range 71.2-72.0m)","real: mean absolute gradient over the DEM elevation profile (5 points, see dem_processor.py)"
seg_1537208035_0,59.9,0.09,plain,"real: DEM sample (AWS Terrain Tiles (Skadi/SRTM1, ~30m, void-filled)), mean of 2/2 points along geometry (range 59.8-59.9m)","real: mean absolute gradient over the DEM elevation profile (2 points, see dem_processor.py)"
seg_1537208036_0,59.3,1.67,plain,"real: DEM sample (AWS Terrain Tiles (Skadi/SRTM1, ~30m, void-filled)), mean of 2/2 points along geometry (range 58.7-59.8m)","real: mean absolute gradient over the DEM elevation profile (2 points, see dem_processor.py)"
seg_1537208037_0,59.9,2.07,plain,"real: DEM sample (AWS Terrain Tiles (Skadi/SRTM1, ~30m, void-filled)), mean of 2/2 points along geometry (range 59.1-60.6m)","real: mean absolute gradient over the DEM elevation profile (2 points, see dem_processor.py)"
seg_1537208038_0,60.6,1.08,plain,"real: DEM sample (AWS Terrain Tiles (Skadi/SRTM1, ~30m, void-filled)), mean of 3/3 points along geometry (range 60.2-60.9m)","real: mean absolute gradient over the DEM elevation profile (3 points, see dem_processor.py)"
seg_1537208039_0,58.5,3.37,plain,"real: DEM sample (AWS Terrain Tiles (Skadi/SRTM1, ~30m, void-filled)), mean of 3/3 points along geometry (range 58.1-59.0m)","real: mean absolute gradient over the DEM elevation profile (3 points, see dem_processor.py)"
seg_1537208040_0,58.4,3.15,plain,"real: DEM sample (AWS Terrain Tiles (Skadi/SRTM1, ~30m, void-filled)), mean of 3/3 points along geometry (range 58.1-58.8m)","real: mean absolute gradient over the DEM elevation profile (3 points, see dem_processor.py)"
seg_1537208041_0,59.4,4.24,plain,"real: DEM sample (AWS Terrain Tiles (Skadi/SRTM1, ~30m, void-filled)), mean of 2/2 points along geometry (range 59.0-59.8m)","real: mean absolute gradient over the DEM elevation profile (2 points, see dem_processor.py)"
seg_1537208042_0,60.3,4.24,plain,"real: DEM sample (AWS Terrain Tiles (Skadi/SRTM1, ~30m, void-filled)), mean of 3/3 points along geometry (range 59.8-60.8m)","real: mean absolute gradient over the DEM elevation profile (3 points, see dem_processor.py)"
seg_1537208043_0,60.5,1.09,plain,"real: DEM sample (AWS Terrain Tiles (Skadi/SRTM1, ~30m, void-filled)), mean of 2/2 points along geometry (range 60.3-60.8m)","real: mean absolute gradient over the DEM elevation profile (2 points, see dem_processor.py)"
seg_1537208044_0,58.7,1.36,plain,"real: DEM sample (AWS Terrain Tiles (Skadi/SRTM1, ~30m, void-filled)), mean of 7/7 points along geometry (range 57.7-60.3m)","real: mean absolute gradient over the DEM elevation profile (7 points, see dem_processor.py)"
seg_1537208045_0,58.9,0.61,plain,"real: DEM sample (AWS Terrain Tiles (Skadi/SRTM1, ~30m, void-filled)), mean of 5/5 points along geometry (range 58.4-60.3m)","real: mean absolute gradient over the DEM elevation profile (5 points, see dem_processor.py)"
seg_1540881234_0,56.3,1.04,plain,"real: DEM sample (AWS Terrain Tiles (Skadi/SRTM1, ~30m, void-filled)), mean of 37/37 points along geometry (range 53.5-60.1m)","real: mean absolute gradient over the DEM elevation profile (37 points, see dem_processor.py)"
